{"fights":[{"id":1,"start_time":491046,"end_time":739482,"boss":2329,"name":"Wrathion","size":20,"difficulty":5,"kill":true,"partial":3,"bossPercentage":0,"fightPercentage":0,"lastPhaseForPercentageDisplay":1,"maps":[1580]},{"id":2,"start_time":774619,"end_time":972563,"boss":0,"name":"Amahtet"},{"id":3,"start_time":996947,"end_time":1006013,"boss":0,"originalBoss":2327,"name":"Maut"},{"id":4,"start_time":1061881,"end_time":1231398,"boss":2327,"name":"Maut","size":20,"difficulty":5,"kill":true,"partial":3,"bossPercentage":0,"fightPercentage":0,"lastPhaseForPercentageDisplay":1,"maps":[1581]},{"id":5,"start_time":1273617,"end_time":1413738,"boss":0,"name":"Hepthys"},{"id":6,"start_time":1476880,"end_time":1528261,"boss":0,"name":"Umbral Gatekeeper"},{"id":7,"start_time":1539312,"end_time":1900373,"boss":0,"name":"Jesh'ra"},{"id":8,"start_time":1915509,"end_time":1956680,"boss":0,"name":"Deresh of the Nothingness"},{"id":9,"start_time":2012572,"end_time":2047123,"boss":0,"name":"Unknown"},{"id":10,"start_time":2235760,"end_time":2644314,"boss":2337,"name":"Carapace of N'Zoth","size":20,"difficulty":5,"kill":false,"partial":3,"bossPercentage":1459,"fightPercentage":1459,"lastPhaseForPercentageDisplay":2,"maps":[1597,1582,1597]},{"id":11,"start_time":2644452,"end_time":2645875,"boss":0,"originalBoss":2337,"name":"Carapace of N'Zoth"},{"id":12,"start_time":2736230,"end_time":3161170,"boss":2337,"name":"Carapace of N'Zoth","size":20,"difficulty":5,"kill":false,"partial":3,"bossPercentage":110,"fightPercentage":110,"lastPhaseForPercentageDisplay":3,"maps":[1597]},{"id":13,"start_time":3161230,"end_time":3161230,"boss":0,"name":"Grodrak"},{"id":14,"start_time":3252360,"end_time":3657983,"boss":2337,"name":"Carapace of N'Zoth","size":20,"difficulty":5,"kill":false,"partial":3,"bossPercentage":232,"fightPercentage":232,"lastPhaseForPercentageDisplay":3,"maps":[1597]},{"id":15,"start_time":3830373,"end_time":4052568,"boss":2337,"name":"Carapace of N'Zoth","size":20,"difficulty":5,"kill":false,"partial":3,"bossPercentage":5839,"fightPercentage":5839,"lastPhaseForPercentageDisplay":3,"maps":[1597]},{"id":16,"start_time":4149320,"end_time":4514875,"boss":2337,"name":"Carapace of N'Zoth","size":20,"difficulty":5,"kill":true,"partial":3,"bossPercentage":0,"fightPercentage":0,"lastPhaseForPercentageDisplay":3,"maps":[1597]},{"id":17,"start_time":5142741,"end_time":5317779,"boss":2344,"name":"N'Zoth the Corruptor","size":20,"difficulty":5,"kill":false,"partial":3,"bossPercentage":9848,"fightPercentage":9848,"lastPhaseForPercentageDisplay":1,"maps":[1597]},{"id":18,"start_time":5433717,"end_time":6083750,"boss":2344,"name":"N'Zoth the Corruptor","size":20,"difficulty":5,"kill":false,"partial":3,"bossPercentage":1458,"fightPercentage":1458,"lastPhaseForPercentageDisplay":2,"maps":[1597,1582,1597]},{"id":19,"start_time":6203028,"end_time":6800114,"boss":2344,"name":"N'Zoth the Corruptor","size":20,"difficulty":5,"kill":false,"partial":3,"bossPercentage":3066,"fightPercentage":3066,"lastPhaseForPercentageDisplay":2,"maps":[1597,1582]},{"id":20,"start_time":6919046,"end_time":7598991,"boss":2344,"name":"N'Zoth the Corruptor","size":20,"difficulty":5,"kill":true,"partial":3,"bossPercentage":205,"fightPercentage":205,"lastPhaseForPercentageDisplay":2,"maps":[1597,1582,1597]},{"id":21,"start_time":7598991,"end_time":7602520,"boss":0,"name":"N'Zoth the Corruptor"},{"id":22,"start_time":7717415,"end_time":7771706,"boss":0,"name":"Aqir Crusher"},{"id":23,"start_time":7902595,"end_time":7907545,"boss":0,"originalBoss":2333,"name":"The Hivemind"},{"id":24,"start_time":7960783,"end_time":8117236,"boss":2333,"name":"The Hivemind","size":20,"difficulty":5,"kill":true,"partial":3,"bossPercentage":0,"fightPercentage":0,"lastPhaseForPercentageDisplay":0,"maps":[1590]},{"id":25,"start_time":8397720,"end_time":8606950,"boss":2281,"name":"Lady Jaina Proudmoore","size":20,"difficulty":5,"kill":true,"partial":3,"bossPercentage":430,"fightPercentage":430,"lastPhaseForPercentageDisplay":2,"maps":[1364]},{"id":26,"start_time":8606950,"end_time":8620578,"boss":0,"name":"Lady Jaina Proudmoore"}],"lang":"en","friendlies":[{"name":"Zertidk","id":13,"guid":176243836,"type":"DeathKnight","server":"Area52","icon":"DeathKnight-Blood","fights":[{"id":1},{"id":2},{"id":3},{"id":4},{"id":5},{"id":6},{"id":7},{"id":8},{"id":10},{"id":11},{"id":12},{"id":13},{"id":14},{"id":15},{"id":16},{"id":17},{"id":18},{"id":19},{"id":20},{"id":21}]},{"name":"Grodrak","id":16,"guid":162194989,"type":"Warlock","server":"Area52","icon":"Warlock","fights":[{"id":1},{"id":2},{"id":3},{"id":4},{"id":5},{"id":6},{"id":7},{"id":8},{"id":10},{"id":11},{"id":12},{"id":14},{"id":15},{"id":16},{"id":17},{"id":18},{"id":19},{"id":20},{"id":21},{"id":22},{"id":23},{"id":24},{"id":25},{"id":26}]},{"name":"Snakhunter","id":104,"guid":165973100,"type":"Hunter","server":"Area52","icon":"Hunter-BeastMastery","fights":[{"id":5},{"id":6},{"id":7},{"id":8},{"id":9},{"id":10},{"id":11},{"id":12},{"id":13},{"id":14},{"id":15},{"id":16},{"id":17},{"id":18},{"id":19},{"id":20},{"id":21},{"id":22},{"id":23},{"id":24},{"id":25},{"id":26}]},{"name":"Lunareste","id":30,"guid":127311908,"type":"Rogue","server":"Area52","icon":"Rogue-Assassination","fights":[{"id":1},{"id":2},{"id":3},{"id":4},{"id":5},{"id":6},{"id":7},{"id":8},{"id":9},{"id":10},{"id":11},{"id":12},{"id":14},{"id":15},{"id":16},{"id":17},{"id":18},{"id":19},{"id":20},{"id":21},{"id":22},{"id":23},{"id":24},{"id":25},{"id":26}]},{"name":"Kromii","id":14,"guid":170998523,"type":"Mage","server":"Area52","icon":"Mage","fights":[{"id":1},{"id":2},{"id":3},{"id":4},{"id":5},{"id":6},{"id":7},{"id":8},{"id":9},{"id":10},{"id":11},{"id":12},{"id":13},{"id":14},{"id":15},{"id":16},{"id":17},{"id":18},{"id":19},{"id":20},{"id":21},{"id":22},{"id":23},{"id":24},{"id":25},{"id":26}]},{"name":"Deathlyzer","id":5,"guid":172116185,"type":"Warlock","server":"Area52","icon":"Warlock-Affliction","fights":[{"id":1},{"id":2},{"id":3},{"id":4},{"id":5},{"id":6},{"id":7},{"id":10},{"id":11},{"id":12},{"id":13},{"id":14},{"id":15},{"id":16},{"id":17},{"id":18},{"id":19},{"id":20},{"id":21},{"id":22},{"id":23},{"id":24},{"id":25},{"id":26}]},{"name":"Brullseye","id":9,"guid":175040653,"type":"Hunter","server":"Area52","icon":"Hunter-BeastMastery","fights":[{"id":1},{"id":2},{"id":3},{"id":4},{"id":5},{"id":6},{"id":7},{"id":8},{"id":9},{"id":10},{"id":11},{"id":12},{"id":14},{"id":15},{"id":16},{"id":17},{"id":18},{"id":19},{"id":20},{"id":21},{"id":22},{"id":23},{"id":24},{"id":25},{"id":26}]},{"name":"Chi-Ji","id":142,"guid":100868,"type":"Pet","icon":"abilities/inv_pet_cranegod","fights":[{"id":10,"instances":1}]},{"name":"Holypewpewz","id":8,"guid":176509537,"type":"Mage","server":"Area52","icon":"Mage-Fire","fights":[{"id":1},{"id":2},{"id":3},{"id":4},{"id":5},{"id":6},{"id":7},{"id":8},{"id":10},{"id":11},{"id":12},{"id":13},{"id":14},{"id":15},{"id":16},{"id":17},{"id":18},{"id":19},{"id":20},{"id":21},{"id":22},{"id":23},{"id":24},{"id":25},{"id":26}]},{"name":"Bendle","id":6,"guid":178938373,"type":"Druid","server":"Area52","icon":"Druid-Balance","fights":[{"id":1},{"id":2},{"id":3},{"id":4},{"id":5},{"id":6},{"id":7},{"id":8},{"id":9},{"id":10},{"id":11},{"id":12},{"id":13},{"id":14},{"id":15},{"id":16},{"id":17},{"id":18},{"id":19},{"id":20},{"id":21},{"id":22},{"id":23},{"id":24}]},{"name":"Itsamebobby","id":11,"guid":178920330,"type":"DemonHunter","server":"Area52","icon":"DemonHunter-Havoc","fights":[{"id":1},{"id":2},{"id":3},{"id":4},{"id":5},{"id":6},{"id":7},{"id":8},{"id":9},{"id":10},{"id":11},{"id":12},{"id":13},{"id":14},{"id":15},{"id":16},{"id":17},{"id":18},{"id":19},{"id":20},{"id":21},{"id":23},{"id":24},{"id":25},{"id":26}]},{"name":"Senreth","id":190,"guid":179534700,"type":"Hunter","server":"Area52","icon":"Hunter-BeastMastery","fights":[{"id":23},{"id":24},{"id":25},{"id":26}]},{"name":"Snakman","id":1,"guid":165756537,"type":"Shaman","server":"Area52","icon":"Shaman-Elemental","fights":[{"id":1},{"id":2},{"id":3},{"id":4},{"id":5}]},{"name":"Ccake","id":17,"guid":175619687,"type":"Monk","server":"Area52","icon":"Monk-Windwalker","fights":[{"id":1},{"id":2},{"id":3},{"id":4},{"id":5},{"id":6},{"id":7},{"id":8},{"id":9},{"id":10},{"id":11},{"id":12},{"id":13},{"id":14},{"id":15},{"id":16},{"id":17},{"id":18},{"id":19},{"id":20},{"id":21},{"id":22},{"id":23},{"id":24},{"id":25},{"id":26}]},{"name":"Anommo","id":12,"guid":184244580,"type":"Monk","server":"Area52","icon":"Monk","fights":[{"id":1},{"id":2},{"id":3},{"id":4},{"id":5},{"id":6},{"id":7},{"id":8},{"id":9},{"id":10},{"id":11},{"id":12},{"id":13},{"id":14},{"id":15},{"id":16},{"id":17},{"id":18},{"id":19},{"id":20},{"id":21},{"id":22},{"id":23},{"id":24},{"id":25},{"id":26}]},{"name":"Lynthiaqt","id":4,"guid":167849575,"type":"Priest","server":"Area52","icon":"Priest-Holy","fights":[{"id":1},{"id":2},{"id":3},{"id":4},{"id":5},{"id":6},{"id":7},{"id":8},{"id":10},{"id":11},{"id":12},{"id":13},{"id":14},{"id":15},{"id":16},{"id":23},{"id":24},{"id":25},{"id":26}]},{"name":"Eidnam","id":24,"guid":182079735,"type":"Paladin","server":"Area52","icon":"Paladin","fights":[{"id":1},{"id":2},{"id":3},{"id":4},{"id":5},{"id":6},{"id":7},{"id":8},{"id":10},{"id":11},{"id":12},{"id":14},{"id":17},{"id":18},{"id":19},{"id":20},{"id":21},{"id":23},{"id":24},{"id":25},{"id":26}]},{"name":"Darkleria","id":204,"guid":203532823,"type":"Warlock","server":"Area52","icon":"Warlock-Affliction","fights":[{"id":25},{"id":26}]},{"name":"Cloudburst","id":15,"guid":171322735,"type":"Shaman","server":"Area52","icon":"Shaman-Restoration","fights":[{"id":1},{"id":2},{"id":3},{"id":4},{"id":5},{"id":6},{"id":7},{"id":8},{"id":9},{"id":10},{"id":11},{"id":12},{"id":14},{"id":15},{"id":16},{"id":17},{"id":18},{"id":19},{"id":20},{"id":21}]},{"name":"Harth","id":3,"guid":171224524,"type":"Monk","server":"Area52","icon":"Monk-Mistweaver","fights":[{"id":1},{"id":2},{"id":3},{"id":4},{"id":5},{"id":6},{"id":7},{"id":8},{"id":9},{"id":10},{"id":11},{"id":12},{"id":13},{"id":14},{"id":15},{"id":16},{"id":17},{"id":18},{"id":19},{"id":20},{"id":21},{"id":22},{"id":23},{"id":24},{"id":25},{"id":26}]},{"name":"Kaynruxpins","id":146,"guid":175040535,"type":"DemonHunter","server":"Area52","icon":"DemonHunter-Havoc","fights":[{"id":15},{"id":16},{"id":17},{"id":18},{"id":19},{"id":20},{"id":21}]},{"name":"Zertibrew","id":189,"guid":183441137,"type":"Monk","server":"Area52","icon":"Monk-Brewmaster","fights":[{"id":23},{"id":24},{"id":25},{"id":26}]},{"name":"Clozet","id":7,"guid":196331365,"type":"Warlock","server":"Kil'jaeden","icon":"Warlock","fights":[{"id":1},{"id":2},{"id":3},{"id":4},{"id":5},{"id":6},{"id":7},{"id":8},{"id":10},{"id":11},{"id":12},{"id":14},{"id":15},{"id":16},{"id":17},{"id":18},{"id":19},{"id":20},{"id":21},{"id":22},{"id":23},{"id":24},{"id":25},{"id":26}]},{"name":"Thing From Beyond","id":67,"guid":161895,"type":"NPC","icon":"custom-icon-ability_deathwing_assualtaspects","fights":[{"id":4,"instances":12},{"id":25,"instances":20}]},{"name":"Juanted","id":2,"guid":172380986,"type":"Warrior","server":"Area52","icon":"Warrior-Fury","fights":[{"id":1},{"id":2},{"id":3},{"id":4},{"id":5},{"id":6},{"id":7},{"id":8},{"id":10},{"id":11},{"id":12},{"id":13},{"id":14},{"id":15},{"id":16},{"id":17},{"id":18},{"id":19},{"id":20},{"id":21},{"id":22},{"id":23},{"id":24},{"id":25},{"id":26}]},{"name":"Marrennmage","id":10,"guid":177110745,"type":"Mage","server":"Area52","icon":"Mage-Fire","fights":[{"id":1},{"id":2},{"id":3},{"id":4},{"id":5},{"id":6},{"id":7},{"id":8},{"id":10},{"id":11},{"id":12},{"id":13},{"id":14},{"id":15},{"id":16},{"id":17},{"id":18},{"id":19},{"id":20},{"id":21},{"id":22},{"id":23},{"id":24},{"id":25},{"id":26}]},{"name":"Decayedstorm","id":28,"guid":179763253,"type":"DeathKnight","server":"Area52","icon":"DeathKnight-Blood","fights":[{"id":1},{"id":2},{"id":3},{"id":4},{"id":5},{"id":6},{"id":7},{"id":8},{"id":10},{"id":11},{"id":12},{"id":14},{"id":15},{"id":16},{"id":17},{"id":18},{"id":19},{"id":20},{"id":21},{"id":22},{"id":23},{"id":24},{"id":25},{"id":26}]}],"enemies":[{"name":"Aqir Heartpiercer","id":128,"guid":162305,"type":"NPC","icon":"custom-icon-inv_misc_organ_01","fights":[{"id":7,"instances":4,"groups":2}]},{"name":"Frozen Ballista","id":216,"guid":149441,"type":"NPC","icon":"NPC","fights":[{"id":25,"instances":1,"groups":2}]},{"name":"Nightmare Antigen","id":137,"guid":157452,"type":"NPC","icon":"custom-icon-sha_spell_fire_ragnaros_supernova_nightmare","excludeFromReplayUnitFrames":true,"fights":[{"id":10,"instances":111,"groups":5},{"id":12,"instances":108,"groups":5},{"id":14,"instances":108,"groups":4},{"id":15,"instances":44,"groups":2},{"id":16,"instances":99,"groups":3}]},{"name":"Psychophage","id":162,"guid":163947,"type":"NPC","icon":"custom-icon-spell_shadow_brainwash","excludeFromReplayUnitFrames":true,"fights":[{"id":17,"instances":12,"groups":3},{"id":18,"instances":24,"groups":5},{"id":19,"instances":24,"groups":6},{"id":20,"instances":24,"groups":7}]},{"name":"Umbral Gatekeeper","id":106,"guid":163708,"type":"NPC","icon":"NPC","fights":[{"id":6,"instances":2,"groups":1}]},{"name":"Thrashing Tentacle","id":143,"guid":162159,"type":"NPC","icon":"custom-icon-ability_golemthunderclap","fights":[{"id":10,"instances":1,"groups":1},{"id":12,"instances":3,"groups":2},{"id":14,"instances":1,"groups":1}]},{"name":"Deathwing","id":172,"guid":160665,"type":"NPC","icon":"custom-icon-spell_fire_felflamering_red","fights":[{"id":17,"instances":1,"groups":4},{"id":18,"instances":1,"groups":4},{"id":19,"instances":1,"groups":4},{"id":20,"instances":1,"groups":4}]},{"name":"Willing Sacrifice","id":86,"guid":162647,"type":"NPC","icon":"custom-icon-ability_warlock_everlastingaffliction","fights":[{"id":2,"instances":1}]},{"name":"Kul Tiran Marine","id":214,"guid":148120,"type":"NPC","icon":"custom-icon-ability_vehicle_liquidpyrite","fights":[{"id":25,"instances":2,"groups":1}]},{"name":"Occult Shadowmender","id":89,"guid":159425,"type":"NPC","icon":"custom-icon-spell_shadow_painspike","fights":[{"id":2,"instances":2,"groups":2},{"id":7,"instances":5,"groups":3}]},{"name":"N'Zoth the Corruptor","id":176,"guid":162480,"type":"NPC","icon":"custom-icon-spell_priest_void-blast","fights":[{"id":18,"instances":1,"groups":4},{"id":19,"instances":1,"groups":4},{"id":20,"instances":1,"groups":4}]},{"name":"Mycelial Cyst","id":140,"guid":157461,"type":"NPC","icon":"custom-icon-spell_shadow_bloodboil","excludeFromReplayUnitFrames":true,"fights":[{"id":10,"instances":64,"groups":2},{"id":12,"instances":71,"groups":4},{"id":14,"instances":70,"groups":3},{"id":15,"instances":45,"groups":1},{"id":16,"instances":67,"groups":2}]},{"name":"Aqir Drone","id":129,"guid":162306,"type":"NPC","icon":"NPC","fights":[{"id":7,"instances":10,"groups":2}]},{"name":"Aqir Venomweaver","id":186,"guid":161229,"type":"NPC","icon":"custom-icon-spell_nature_corrosivebreath","fights":[{"id":22,"instances":2,"groups":1}]},{"name":"Ice Block","id":223,"guid":148522,"type":"NPC","icon":"custom-icon-spell_frost_ring-of-frost","fights":[{"id":25,"instances":77,"groups":2},{"id":26,"instances":77,"groups":1}]},{"name":"Aqir Shadowcrafter","id":94,"guid":161416,"type":"NPC","icon":"custom-icon-spell_shadow_shadowbolt","fights":[{"id":2,"instances":4,"groups":1}]},{"name":"Fury of N'Zoth","id":134,"guid":157439,"type":"Boss","icon":"custom-icon-spell_priest_void-blast","fights":[{"id":10,"instances":1,"groups":2},{"id":12,"instances":1,"groups":1},{"id":14,"instances":1,"groups":1},{"id":15,"instances":1,"groups":1},{"id":16,"instances":1,"groups":1}]},{"name":"Kul Tiran Marine","id":221,"guid":146753,"type":"NPC","icon":"custom-icon-ability_vehicle_liquidpyrite","fights":[{"id":25,"instances":2,"groups":1}]},{"name":"Eye of the Depths","id":114,"guid":159510,"type":"NPC","icon":"custom-icon-spell_shadow_shadowfury","fights":[{"id":7,"instances":3}]},{"name":"Dark Manifestation","id":100,"guid":156650,"type":"NPC","icon":"NPC","fights":[{"id":4,"instances":3,"groups":2}]},{"name":"Monstrous Behemoth","id":91,"guid":159303,"type":"NPC","icon":"custom-icon-ability_warlock_everlastingaffliction","fights":[{"id":2,"instances":1,"groups":1},{"id":5,"instances":2,"groups":1},{"id":6,"instances":1,"groups":2},{"id":7,"instances":4,"groups":3}]},{"name":"Wrathion","id":37,"guid":156818,"type":"Boss","icon":"custom-icon-ability_deathwing_cataclysm","fights":[{"id":1,"instances":1,"groups":2}]},{"name":"Deresh of the Nothingness","id":130,"guid":159768,"type":"NPC","icon":"custom-icon-ability_ironmaidens_convulsiveshadows","fights":[{"id":7,"instances":1},{"id":8,"instances":1}]},{"name":"Gaze of Madness","id":138,"guid":157442,"type":"NPC","icon":"custom-icon-inv_elemental_primal_shadow","fights":[{"id":10,"instances":2,"groups":1},{"id":12,"instances":2,"groups":1},{"id":14,"instances":2,"groups":1},{"id":15,"instances":2,"groups":1},{"id":16,"instances":2,"groups":1}]},{"name":"Ka'zir","id":193,"guid":157253,"type":"Boss","icon":"custom-icon-ability_pet_baneling","fights":[{"id":23,"instances":1},{"id":24,"instances":1}]},{"name":"Aqir Skitterer","id":125,"guid":161217,"type":"NPC","icon":"custom-icon-ability_fixated_state_red","fights":[{"id":7,"instances":37,"groups":2},{"id":8,"instances":25,"groups":1},{"id":22,"instances":25,"groups":1}]},{"name":"Cloudburst","id":15,"guid":171322735,"type":"Shaman","server":"Area52","icon":"Shaman-Restoration","fights":[{"id":13}]},{"name":"Jesh'ra","id":113,"guid":159764,"type":"NPC","icon":"custom-icon-ability_rogue_envelopingshadows","fights":[{"id":7,"instances":1}]},{"name":"Icebound Image","id":226,"guid":149535,"type":"NPC","icon":"NPC","fights":[{"id":25,"instances":5,"groups":1}]},{"name":"Aqir Darter","id":200,"guid":157256,"type":"NPC","icon":"custom-icon-ability_vehicle_sonicshockwave","fights":[{"id":24,"instances":6,"groups":2}]},{"name":"Mindgate","id":167,"guid":158374,"type":"NPC","icon":"custom-icon-ability_kaztik_dominatemind","fights":[{"id":17,"instances":1},{"id":18,"instances":2},{"id":19,"instances":2},{"id":20,"instances":2}]},{"name":"Dying Voidspawn","id":109,"guid":163712,"type":"NPC","icon":"custom-icon-ability_fixated_state_red","fights":[{"id":6,"instances":12,"groups":1}]},{"name":"Aqir Crusher","id":187,"guid":161218,"type":"NPC","icon":"custom-icon-inv_misc_volatileearth","fights":[{"id":22,"instances":2,"groups":1}]},{"name":"Exposed Synapse","id":168,"guid":159578,"type":"NPC","icon":"custom-icon-spell_nature_focusedmind","fights":[{"id":17,"instances":20,"groups":2},{"id":18,"instances":40,"groups":4},{"id":19,"instances":40,"groups":4},{"id":20,"instances":40,"groups":4}]},{"name":"Tek'ris","id":191,"guid":157254,"type":"Boss","icon":"custom-icon-ability_priest_voidentropy","fights":[{"id":23,"instances":1},{"id":24,"instances":1}]},{"name":"Crackling Shard","id":73,"guid":158327,"type":"NPC","icon":"custom-icon-ability_rhyolith_volcano","fights":[{"id":1,"instances":30,"groups":1}]},{"name":"Maut","id":97,"guid":156523,"type":"Boss","icon":"custom-icon-inv_misc_archstone_01","fights":[{"id":3,"instances":1},{"id":4,"instances":1}]},{"name":"Aqir Swarmer","id":127,"guid":162664,"type":"NPC","icon":"custom-icon-ability_fixated_state_red","fights":[{"id":7,"instances":20,"groups":2}]},{"name":"Acidic Aqir","id":199,"guid":159173,"type":"NPC","icon":"custom-icon-ability_creature_poison_06","fights":[{"id":24,"instances":3}]},{"name":"Thought Harvester","id":179,"guid":162933,"type":"NPC","icon":"custom-icon-spell_shadow_brainwash","fights":[{"id":18,"instances":8,"groups":4},{"id":19,"instances":6,"groups":4},{"id":20,"instances":8,"groups":6}]},{"name":"Aqir Swarmkeeper","id":126,"guid":162303,"type":"NPC","icon":"custom-icon-inv_inscription_pigment_bug07","fights":[{"id":7,"instances":2,"groups":1}]},{"name":"Grodrak","id":16,"guid":162194989,"type":"Warlock","server":"Area52","icon":"Warlock","fights":[{"id":13}]},{"name":"Amahtet","id":83,"guid":159320,"type":"NPC","icon":"custom-icon-inv_misc_archstone_01","fights":[{"id":2,"instances":1}]},{"name":"Lunareste","id":30,"guid":127311908,"type":"Rogue","server":"Area52","icon":"Rogue-Assassination","fights":[{"id":13}]},{"name":"Psychus","id":169,"guid":158376,"type":"NPC","icon":"custom-icon-ability_creature_disease_05","fights":[{"id":17,"instances":1,"groups":2},{"id":18,"instances":2,"groups":3},{"id":19,"instances":2,"groups":2},{"id":20,"instances":2,"groups":3}]},{"name":"Sylvanas Windrunner","id":178,"guid":160671,"type":"NPC","icon":"custom-icon-ability_theblackarrow","fights":[{"id":18,"instances":1,"groups":3},{"id":19,"instances":1,"groups":3},{"id":20,"instances":1,"groups":3}]},{"name":"Ossirat","id":82,"guid":161746,"type":"NPC","icon":"custom-icon-inv_misc_archstone_01","fights":[{"id":5,"instances":1}]},{"name":"Spike Tentacle","id":159,"guid":160249,"type":"NPC","icon":"custom-icon-spell_shadow_painspike","fights":[{"id":17,"instances":19,"groups":3},{"id":18,"instances":32,"groups":6},{"id":19,"instances":32,"groups":6},{"id":20,"instances":32,"groups":5}]},{"name":"Basher Tentacle","id":160,"guid":158367,"type":"NPC","icon":"custom-icon-spell_priest_voidtendrils","fights":[{"id":17,"instances":7,"groups":4},{"id":18,"instances":12,"groups":8},{"id":19,"instances":12,"groups":8},{"id":20,"instances":12,"groups":8}]},{"name":"Psychophage","id":171,"guid":163836,"type":"NPC","icon":"custom-icon-spell_shadow_brainwash","excludeFromReplayUnitFrames":true,"fights":[{"id":17,"instances":18,"groups":1},{"id":18,"instances":34,"groups":2},{"id":19,"instances":34,"groups":2},{"id":20,"instances":34,"groups":2}]},{"name":"N'Zoth the Corruptor","id":157,"guid":158041,"type":"Boss","icon":"custom-icon-spell_shadow_painandsuffering","fights":[{"id":17,"instances":1,"groups":1},{"id":18,"instances":1,"groups":2},{"id":19,"instances":1,"groups":1},{"id":20,"instances":1,"groups":1},{"id":21,"instances":1,"groups":1}]},{"name":"Demented Knife-Twister","id":116,"guid":159417,"type":"NPC","icon":"custom-icon-ability_rogue_shadowyduel","fights":[{"id":7,"instances":6,"groups":5}]},{"name":"Lady Jaina Proudmoore","id":213,"guid":146409,"type":"Boss","icon":"custom-icon-spell_frost_frostbolt02","fights":[{"id":25,"instances":1,"groups":2},{"id":26,"instances":1,"groups":1}]},{"name":"Acidic Aqir","id":198,"guid":161019,"type":"NPC","icon":"custom-icon-ability_creature_poison_06","fights":[{"id":24,"instances":24,"groups":3}]},{"name":"Maddened Conscript","id":90,"guid":159305,"type":"NPC","icon":"custom-icon-ability_racial_bloodrage","fights":[{"id":2,"instances":1,"groups":1},{"id":5,"instances":2,"groups":1},{"id":6,"instances":2,"groups":2},{"id":7,"instances":8,"groups":4}]},{"name":"Horrific Hemorrhage","id":136,"guid":157486,"type":"NPC","icon":"custom-icon-ability_druid_ironfur","fights":[{"id":10,"instances":16,"groups":2},{"id":12,"instances":16,"groups":2},{"id":14,"instances":16,"groups":2},{"id":15,"instances":8,"groups":1},{"id":16,"instances":16,"groups":2}]},{"name":"Khateph","id":81,"guid":159321,"type":"NPC","icon":"custom-icon-inv_misc_archstone_01","fights":[{"id":2,"instances":1,"groups":2}]},{"name":"Corrupted Neuron","id":173,"guid":162331,"type":"NPC","icon":"NPC","fights":[{"id":17,"instances":14,"groups":1},{"id":18,"instances":27,"groups":2},{"id":19,"instances":27,"groups":2},{"id":20,"instances":30,"groups":2}]},{"name":"Corruptor Tentacle","id":158,"guid":158375,"type":"NPC","icon":"custom-icon-spell_yorsahj_bloodboil_purple","fights":[{"id":17,"instances":7,"groups":5},{"id":18,"instances":12,"groups":7},{"id":19,"instances":12,"groups":7},{"id":20,"instances":12,"groups":6}]},{"name":"Zealous Adherent","id":117,"guid":159308,"type":"NPC","icon":"custom-icon-ability_ironmaidens_convulsiveshadows","fights":[{"id":7,"instances":9,"groups":4}]},{"name":"Hepthys","id":80,"guid":161745,"type":"NPC","icon":"custom-icon-inv_misc_archstone_01","fights":[{"id":5,"instances":1}]},{"name":"Void Fanatic","id":84,"guid":160183,"type":"NPC","icon":"NPC","fights":[{"id":2,"instances":5,"groups":1},{"id":7,"instances":16,"groups":5}]},{"name":"Aqir Scarab","id":95,"guid":159405,"type":"NPC","icon":"NPC","fights":[{"id":2,"instances":37,"groups":1}]},{"name":"Shath'Yar Scribe","id":101,"guid":163690,"type":"NPC","icon":"custom-icon-ability_ironmaidens_convulsiveshadows","fights":[{"id":5,"instances":2}]},{"name":"Onyx Scarab","id":85,"guid":161834,"type":"NPC","icon":"NPC","fights":[{"id":2,"instances":6,"groups":4},{"id":5,"instances":2,"groups":2}]},{"name":"Voidspawn Annihilator","id":183,"guid":163612,"type":"Boss","icon":"custom-icon-inv_elemental_primal_shadow","fights":[{"id":18,"instances":1},{"id":19,"instances":1},{"id":20,"instances":1}]},{"name":"Ashwalker Assassin","id":76,"guid":160291,"type":"NPC","icon":"custom-icon-ability_stealth","fights":[{"id":1,"instances":4,"groups":1}]},{"name":"Aqir Drone","id":197,"guid":157255,"type":"NPC","icon":"custom-icon-ability_fixated_state_red","fights":[{"id":24,"instances":20,"groups":2}]},{"name":"Synthesis Growth","id":139,"guid":157475,"type":"NPC","icon":"custom-icon-spell_necro_necroticsmash","fights":[{"id":10,"instances":16,"groups":2},{"id":12,"instances":16,"groups":1},{"id":14,"instances":16,"groups":2},{"id":15,"instances":16,"groups":2},{"id":16,"instances":16,"groups":2}]},{"name":"Void Initiate","id":93,"guid":160182,"type":"NPC","icon":"custom-icon-ability_ironmaidens_convulsiveshadows","fights":[{"id":5,"instances":31,"groups":4},{"id":7,"instances":16,"groups":4}]},{"name":"Umbral Seer","id":124,"guid":159219,"type":"NPC","icon":"custom-icon-spell_shadow_painspike","fights":[{"id":7,"instances":5,"groups":3}]}],"friendlyPets":[{"name":"Zepsy","id":102,"guid":44578867,"type":"Pet","icon":"abilities/spell_warlock_summonimpoutland","petOwner":16,"fights":[{"id":5,"instances":1},{"id":6,"instances":1},{"id":7,"instances":1},{"id":8,"instances":1},{"id":10,"instances":1},{"id":12,"instances":1},{"id":14,"instances":1},{"id":15,"instances":1},{"id":16,"instances":1},{"id":17,"instances":1},{"id":18,"instances":1},{"id":19,"instances":1},{"id":20,"instances":1},{"id":23,"instances":1},{"id":24,"instances":1}]},{"name":"Twisted Appendage","id":74,"guid":162764,"type":"Pet","icon":"abilities/achievement_boss_yoggsaron_01","petOwner":17,"fights":[{"id":1,"instances":1},{"id":2,"instances":2},{"id":4,"instances":6},{"id":5,"instances":1},{"id":7,"instances":2},{"id":15,"instances":1},{"id":24,"instances":1}]},{"name":"Guardian of Azeroth","id":38,"guid":152396,"type":"Pet","icon":"abilities/inv_glowing-azerite-geode","petOwner":2,"fights":[{"id":1,"instances":2},{"id":2,"instances":1},{"id":4,"instances":1},{"id":5,"instances":1},{"id":7,"instances":1},{"id":10,"instances":2},{"id":12,"instances":2},{"id":14,"instances":2},{"id":15,"instances":1},{"id":16,"instances":2}]},{"name":"Karfip","id":18,"guid":46524517,"type":"Pet","icon":"abilities/spell_shadow_summonimp","petOwner":7,"fights":[{"id":1,"instances":1},{"id":25,"instances":1},{"id":26,"instances":1}]},{"name":"Fire Spirit","id":166,"guid":69791,"type":"Pet","icon":"abilities/inv_summerfest_firespirit","petOwner":17,"fights":[{"id":17,"instances":2},{"id":18,"instances":10},{"id":19,"instances":8},{"id":20,"instances":10}]},{"name":"Guardian of Azeroth","id":47,"guid":152396,"type":"Pet","icon":"abilities/inv_glowing-azerite-geode","petOwner":5,"fights":[{"id":1,"instances":2},{"id":2,"instances":1},{"id":4,"instances":1},{"id":5,"instances":1},{"id":7,"instances":1},{"id":10,"instances":1},{"id":12,"instances":2},{"id":14,"instances":2},{"id":15,"instances":1},{"id":16,"instances":2},{"id":18,"instances":2},{"id":19,"instances":3},{"id":20,"instances":2},{"id":24,"instances":1},{"id":25,"instances":2},{"id":26,"instances":2}]},{"name":"Demonic Gateway","id":69,"guid":59262,"type":"Pet","icon":"custom-icon-trade_engineering","petOwner":7,"fights":[{"id":1,"instances":1},{"id":10,"instances":2},{"id":12,"instances":2},{"id":14,"instances":2},{"id":16,"instances":2},{"id":18,"instances":2},{"id":19,"instances":2},{"id":20,"instances":3}]},{"name":"Darkglare","id":57,"guid":103673,"type":"Pet","icon":"abilities/inv_beholderwarlock","petOwner":7,"fights":[{"id":1,"instances":2},{"id":25,"instances":1}]},{"name":"Darkglare","id":58,"guid":103673,"type":"Pet","icon":"abilities/inv_beholderwarlock","petOwner":5,"fights":[{"id":1,"instances":2},{"id":2,"instances":1},{"id":4,"instances":1},{"id":5,"instances":1},{"id":7,"instances":1},{"id":10,"instances":1},{"id":12,"instances":2},{"id":14,"instances":1},{"id":15,"instances":1},{"id":16,"instances":2},{"id":18,"instances":2},{"id":19,"instances":3},{"id":20,"instances":2},{"id":24,"instances":1},{"id":25,"instances":2}]},{"name":"Unknown","id":34,"guid":47770258,"type":"Pet","icon":"abilities/spell_shadow_summonimp","petOwner":5,"fights":[{"id":1,"instances":1},{"id":2,"instances":1},{"id":3,"instances":1},{"id":4,"instances":1},{"id":5,"instances":1},{"id":7,"instances":1},{"id":10,"instances":1},{"id":12,"instances":1},{"id":14,"instances":1},{"id":15,"instances":1},{"id":16,"instances":1},{"id":24,"instances":1},{"id":25,"instances":1},{"id":26,"instances":1}]},{"name":"Fizsillin","id":99,"guid":59081199,"type":"Pet","icon":"abilities/spell_warlock_summonimpoutland","petOwner":7,"fights":[{"id":4,"instances":1},{"id":5,"instances":1},{"id":6,"instances":1},{"id":7,"instances":1},{"id":8,"instances":1},{"id":10,"instances":1},{"id":12,"instances":1},{"id":14,"instances":1},{"id":15,"instances":1},{"id":16,"instances":1},{"id":24,"instances":1}]},{"name":"Chi-Ji","id":68,"guid":100868,"type":"Pet","icon":"abilities/inv_pet_cranegod","petOwner":3,"fights":[{"id":1,"instances":1},{"id":2,"instances":1},{"id":4,"instances":1},{"id":5,"instances":1},{"id":7,"instances":1},{"id":10,"instances":1},{"id":12,"instances":2},{"id":14,"instances":2},{"id":15,"instances":2},{"id":16,"instances":2},{"id":17,"instances":1},{"id":18,"instances":3},{"id":19,"instances":3},{"id":20,"instances":4},{"id":22,"instances":1},{"id":24,"instances":1},{"id":25,"instances":1}]},{"name":"Demonic Gateway","id":71,"guid":59262,"type":"Pet","icon":"custom-icon-trade_engineering","petOwner":16,"fights":[{"id":1,"instances":1},{"id":12,"instances":1},{"id":14,"instances":1},{"id":16,"instances":1}]},{"name":"Unknown","id":194,"guid":49578396,"type":"Pet","icon":"abilities/ability_hunter_beastcall","petOwner":190,"fights":[{"id":24,"instances":1},{"id":25,"instances":1},{"id":26,"instances":1}]},{"name":"Xuen","id":63,"guid":63508,"type":"Pet","icon":"abilities/ability_monk_prideofthetiger","petOwner":17,"fights":[{"id":1,"instances":5},{"id":2,"instances":1},{"id":4,"instances":1},{"id":5,"instances":2},{"id":7,"instances":5},{"id":10,"instances":5},{"id":12,"instances":5},{"id":14,"instances":4},{"id":15,"instances":2},{"id":16,"instances":4},{"id":17,"instances":1},{"id":18,"instances":6},{"id":19,"instances":4},{"id":20,"instances":7},{"id":24,"instances":3},{"id":25,"instances":2}]},{"name":"Unknown","id":105,"guid":47550981,"type":"Pet","icon":"abilities/ability_hunter_beastcall","petOwner":104,"fights":[{"id":7,"instances":1},{"id":8,"instances":1},{"id":9,"instances":1},{"id":10,"instances":1},{"id":12,"instances":1},{"id":14,"instances":1},{"id":15,"instances":1},{"id":16,"instances":1},{"id":17,"instances":1},{"id":18,"instances":1},{"id":19,"instances":1},{"id":20,"instances":1},{"id":21,"instances":1},{"id":22,"instances":1},{"id":23,"instances":1},{"id":24,"instances":1},{"id":25,"instances":1},{"id":26,"instances":1}]},{"name":"Spirit Link Totem","id":79,"guid":53006,"type":"Pet","icon":"abilities/spell_shaman_spiritlink","petOwner":15,"fights":[{"id":1,"instances":1},{"id":2,"instances":1},{"id":4,"instances":1},{"id":5,"instances":1},{"id":7,"instances":1},{"id":10,"instances":1},{"id":12,"instances":1},{"id":14,"instances":1},{"id":16,"instances":1},{"id":18,"instances":2},{"id":19,"instances":2},{"id":20,"instances":3}]},{"name":"Xuen","id":77,"guid":63508,"type":"Pet","icon":"abilities/ability_monk_prideofthetiger","petOwner":12,"fights":[{"id":1,"instances":1},{"id":2,"instances":1},{"id":4,"instances":1},{"id":5,"instances":1},{"id":7,"instances":1},{"id":24,"instances":2},{"id":25,"instances":1}]},{"name":"Water Elemental","id":212,"guid":47423653,"type":"Pet","icon":"abilities/spell_frost_summonwaterelemental_2","petOwner":14,"fights":[{"id":25,"instances":1},{"id":26,"instances":1}]},{"name":"Capacitor Totem","id":87,"guid":61245,"type":"Pet","icon":"abilities/spell_nature_brilliance","petOwner":15,"fights":[{"id":2,"instances":2},{"id":7,"instances":2},{"id":17,"instances":1},{"id":18,"instances":1},{"id":19,"instances":1},{"id":20,"instances":3}]},{"name":"Earth Spirit","id":165,"guid":69792,"type":"Pet","icon":"abilities/inv_elemental_primal_earth","petOwner":17,"fights":[{"id":17,"instances":2},{"id":18,"instances":10},{"id":19,"instances":8},{"id":20,"instances":10}]},{"name":"Guardian of Azeroth","id":49,"guid":152396,"type":"Pet","icon":"abilities/inv_glowing-azerite-geode","petOwner":11,"fights":[{"id":1,"instances":2},{"id":2,"instances":1},{"id":4,"instances":1},{"id":7,"instances":1},{"id":10,"instances":2},{"id":12,"instances":1},{"id":14,"instances":2},{"id":15,"instances":2},{"id":16,"instances":2}]},{"name":"Demonic Gateway","id":65,"guid":59271,"type":"Pet","icon":"custom-icon-trade_engineering","petOwner":5,"fights":[{"id":1,"instances":1},{"id":12,"instances":2},{"id":14,"instances":1},{"id":16,"instances":1},{"id":18,"instances":2}]},{"name":"Bloodworm","id":52,"guid":99773,"type":"Pet","icon":"abilities/spell_shadow_soulleech","petOwner":13,"fights":[{"id":1,"instances":13},{"id":2,"instances":10},{"id":4,"instances":12},{"id":5,"instances":6},{"id":6,"instances":2},{"id":7,"instances":20},{"id":8,"instances":2},{"id":10,"instances":24},{"id":12,"instances":31},{"id":14,"instances":27},{"id":15,"instances":16},{"id":16,"instances":29},{"id":17,"instances":12},{"id":18,"instances":43},{"id":19,"instances":43},{"id":20,"instances":47},{"id":21,"instances":47}]},{"name":"Infernal","id":103,"guid":89,"type":"Pet","icon":"abilities/spell_shadow_summoninfernal","petOwner":16,"fights":[{"id":5,"instances":1},{"id":6,"instances":3},{"id":7,"instances":9},{"id":10,"instances":6},{"id":12,"instances":11},{"id":13,"instances":11},{"id":14,"instances":10},{"id":15,"instances":5},{"id":16,"instances":7},{"id":17,"instances":4},{"id":18,"instances":14},{"id":19,"instances":11},{"id":20,"instances":18},{"id":24,"instances":8}]},{"name":"Snakzy","id":123,"guid":50214085,"type":"Pet","icon":"custom-icon-ability_hunter_sickem","petOwner":104,"fights":[{"id":7,"instances":1},{"id":8,"instances":1},{"id":9,"instances":1},{"id":10,"instances":1},{"id":12,"instances":1},{"id":14,"instances":1},{"id":15,"instances":1},{"id":16,"instances":1},{"id":17,"instances":1},{"id":18,"instances":1},{"id":19,"instances":1},{"id":20,"instances":1},{"id":21,"instances":1},{"id":22,"instances":1},{"id":24,"instances":1},{"id":25,"instances":1},{"id":26,"instances":1}]},{"name":"Healing Tide Totem","id":61,"guid":59764,"type":"Pet","icon":"abilities/ability_shaman_healingtide","petOwner":15,"fights":[{"id":1,"instances":3},{"id":2,"instances":6},{"id":4,"instances":5},{"id":5,"instances":3},{"id":7,"instances":7},{"id":8,"instances":2},{"id":10,"instances":6},{"id":12,"instances":10},{"id":14,"instances":9},{"id":15,"instances":6},{"id":16,"instances":8},{"id":17,"instances":2},{"id":18,"instances":11},{"id":19,"instances":12},{"id":20,"instances":15}]},{"name":"Rune Weapon","id":51,"guid":27893,"type":"Pet","icon":"abilities/inv_sword_07","petOwner":13,"fights":[{"id":1,"instances":1},{"id":2,"instances":1},{"id":4,"instances":1},{"id":5,"instances":1},{"id":7,"instances":3},{"id":10,"instances":1},{"id":12,"instances":2},{"id":14,"instances":2},{"id":16,"instances":1},{"id":18,"instances":2},{"id":19,"instances":2},{"id":20,"instances":4}]},{"name":"Unknown","id":36,"guid":49618896,"type":"Pet","icon":"abilities/ability_hunter_beastsoothe","petOwner":9,"fights":[{"id":1,"instances":1},{"id":2,"instances":1},{"id":3,"instances":1},{"id":4,"instances":1},{"id":5,"instances":1},{"id":6,"instances":1},{"id":7,"instances":1},{"id":8,"instances":1},{"id":9,"instances":1},{"id":10,"instances":1},{"id":12,"instances":1},{"id":14,"instances":1},{"id":15,"instances":1},{"id":16,"instances":1},{"id":17,"instances":1},{"id":18,"instances":1},{"id":19,"instances":1},{"id":20,"instances":1},{"id":21,"instances":1},{"id":22,"instances":1},{"id":23,"instances":1},{"id":24,"instances":1},{"id":25,"instances":1},{"id":26,"instances":1}]},{"name":"Earthbind Totem","id":88,"guid":2630,"type":"Pet","icon":"abilities/spell_nature_strengthofearthtotem02","petOwner":15,"fights":[{"id":2,"instances":1},{"id":19,"instances":2},{"id":20,"instances":4}]},{"name":"Earth Spirit","id":44,"guid":69792,"type":"Pet","icon":"abilities/inv_elemental_primal_earth","petOwner":12,"fights":[{"id":1,"instances":4},{"id":2,"instances":2},{"id":4,"instances":3},{"id":5,"instances":1},{"id":6,"instances":2},{"id":7,"instances":5},{"id":24,"instances":3},{"id":25,"instances":3}]},{"name":"Thing From Beyond","id":227,"guid":161895,"type":"Pet","icon":"custom-icon-ability_deathwing_assualtaspects","petOwner":14,"fights":[{"id":25,"instances":1}]},{"name":"Guardian of Azeroth","id":55,"guid":152396,"type":"Pet","icon":"abilities/inv_glowing-azerite-geode","petOwner":16,"fights":[{"id":1,"instances":2},{"id":4,"instances":1},{"id":25,"instances":2},{"id":26,"instances":2}]},{"name":"Darkglare","id":220,"guid":103673,"type":"Pet","icon":"abilities/inv_beholderwarlock","petOwner":204,"fights":[{"id":25,"instances":2}]},{"name":"Bloodworm","id":56,"guid":99773,"type":"Pet","icon":"abilities/spell_shadow_soulleech","petOwner":28,"fights":[{"id":1,"instances":16},{"id":2,"instances":13},{"id":4,"instances":15},{"id":5,"instances":11},{"id":6,"instances":4},{"id":7,"instances":27},{"id":8,"instances":3},{"id":10,"instances":26},{"id":12,"instances":31},{"id":14,"instances":34},{"id":15,"instances":20},{"id":16,"instances":28},{"id":17,"instances":11},{"id":18,"instances":45},{"id":19,"instances":45},{"id":20,"instances":50},{"id":21,"instances":49},{"id":22,"instances":6},{"id":24,"instances":11},{"id":25,"instances":8},{"id":26,"instances":1}]},{"name":"Spirit Beast","id":195,"guid":49578501,"type":"Pet","icon":"custom-icon-ability_hunter_sickem","petOwner":190,"fights":[{"id":24,"instances":1},{"id":25,"instances":1},{"id":26,"instances":1}]},{"name":"Porutalljr","id":35,"guid":48572342,"type":"Pet","icon":"custom-icon-ability_hunter_sickem","petOwner":9,"fights":[{"id":1,"instances":1},{"id":2,"instances":1},{"id":3,"instances":1},{"id":4,"instances":1},{"id":5,"instances":1},{"id":6,"instances":1},{"id":7,"instances":1},{"id":8,"instances":1},{"id":9,"instances":1},{"id":10,"instances":1},{"id":12,"instances":1},{"id":14,"instances":1},{"id":15,"instances":1},{"id":16,"instances":1},{"id":17,"instances":1},{"id":18,"instances":1},{"id":19,"instances":1},{"id":20,"instances":1},{"id":21,"instances":1},{"id":22,"instances":1},{"id":23,"instances":1},{"id":24,"instances":1},{"id":25,"instances":1},{"id":26,"instances":1}]},{"name":"Guardian of Azeroth","id":148,"guid":152396,"type":"Pet","icon":"abilities/inv_glowing-azerite-geode","petOwner":146,"fights":[{"id":15,"instances":1},{"id":16,"instances":2},{"id":18,"instances":2}]},{"name":"Darkglare","id":54,"guid":103673,"type":"Pet","icon":"abilities/inv_beholderwarlock","petOwner":16,"fights":[{"id":1,"instances":2},{"id":4,"instances":1},{"id":25,"instances":2}]},{"name":"Guardian of Azeroth","id":50,"guid":152396,"type":"Pet","icon":"abilities/inv_glowing-azerite-geode","petOwner":1,"fights":[{"id":1,"instances":2},{"id":4,"instances":1}]},{"name":"Guardian of Azeroth","id":219,"guid":152396,"type":"Pet","icon":"abilities/inv_glowing-azerite-geode","petOwner":204,"fights":[{"id":25,"instances":2},{"id":26,"instances":2}]},{"name":"Primal Fire Elemental","id":40,"guid":61029,"type":"Pet","icon":"abilities/spell_fire_elemental_totem","petOwner":1,"fights":[{"id":1,"instances":2},{"id":4,"instances":2}]},{"name":"Demonic Gateway","id":72,"guid":59271,"type":"Pet","icon":"custom-icon-trade_engineering","petOwner":16,"fights":[{"id":1,"instances":1},{"id":12,"instances":1},{"id":14,"instances":1},{"id":16,"instances":1}]},{"name":"Fire Spirit","id":46,"guid":69791,"type":"Pet","icon":"abilities/inv_summerfest_firespirit","petOwner":12,"fights":[{"id":1,"instances":4},{"id":2,"instances":2},{"id":4,"instances":3},{"id":5,"instances":1},{"id":6,"instances":2},{"id":7,"instances":5},{"id":24,"instances":3},{"id":25,"instances":3}]},{"name":"Demonic Gateway","id":70,"guid":59271,"type":"Pet","icon":"custom-icon-trade_engineering","petOwner":7,"fights":[{"id":1,"instances":1},{"id":10,"instances":2},{"id":12,"instances":2},{"id":14,"instances":2},{"id":16,"instances":2},{"id":18,"instances":2},{"id":19,"instances":2},{"id":20,"instances":3}]},{"name":"Infernal","id":98,"guid":89,"type":"Pet","icon":"abilities/spell_shadow_summoninfernal","petOwner":7,"fights":[{"id":4,"instances":5},{"id":5,"instances":2},{"id":7,"instances":5},{"id":8,"instances":2},{"id":10,"instances":7},{"id":12,"instances":8},{"id":14,"instances":7},{"id":15,"instances":5},{"id":16,"instances":9},{"id":17,"instances":3},{"id":18,"instances":16},{"id":19,"instances":11},{"id":20,"instances":19},{"id":24,"instances":6}]},{"name":"Piptai","id":33,"guid":44578865,"type":"Pet","icon":"abilities/spell_shadow_summonimp","petOwner":16,"fights":[{"id":1,"instances":1},{"id":2,"instances":1},{"id":3,"instances":1},{"id":4,"instances":1},{"id":25,"instances":1},{"id":26,"instances":1}]},{"name":"Guardian of Azeroth","id":53,"guid":152396,"type":"Pet","icon":"abilities/inv_glowing-azerite-geode","petOwner":7,"fights":[{"id":1,"instances":2},{"id":25,"instances":1}]},{"name":"Morrogg","id":156,"guid":59081435,"type":"Pet","icon":"abilities/warlock_summon_-beholder","petOwner":7,"fights":[{"id":17,"instances":1},{"id":18,"instances":1},{"id":19,"instances":1},{"id":20,"instances":1},{"id":21,"instances":1},{"id":22,"instances":1},{"id":23,"instances":1}]},{"name":"Earthen Wall Totem","id":96,"guid":100943,"type":"Pet","icon":"abilities/spell_nature_stoneskintotem","petOwner":15,"fights":[{"id":2,"instances":1},{"id":4,"instances":3},{"id":7,"instances":3},{"id":10,"instances":1},{"id":12,"instances":5},{"id":14,"instances":4},{"id":15,"instances":1},{"id":16,"instances":5},{"id":17,"instances":1},{"id":18,"instances":5},{"id":19,"instances":7},{"id":20,"instances":8}]},{"name":"Bizuri","id":211,"guid":61973891,"type":"Pet","icon":"abilities/spell_shadow_summonimp","petOwner":204,"fights":[{"id":25,"instances":1},{"id":26,"instances":1}]},{"name":"Rune Weapon","id":78,"guid":27893,"type":"Pet","icon":"abilities/inv_sword_07","petOwner":28,"fights":[{"id":1,"instances":1},{"id":2,"instances":1},{"id":4,"instances":1},{"id":5,"instances":1},{"id":7,"instances":1},{"id":10,"instances":2},{"id":12,"instances":2},{"id":14,"instances":1},{"id":16,"instances":1},{"id":17,"instances":1},{"id":18,"instances":3},{"id":19,"instances":3},{"id":20,"instances":4},{"id":22,"instances":1},{"id":24,"instances":1}]},{"name":"Demonic Gateway","id":64,"guid":59262,"type":"Pet","icon":"custom-icon-trade_engineering","petOwner":5,"fights":[{"id":1,"instances":1},{"id":12,"instances":2},{"id":14,"instances":1},{"id":16,"instances":1},{"id":18,"instances":2}]},{"name":"Chi-Ji","id":163,"guid":100868,"type":"Pet","icon":"abilities/inv_pet_cranegod","petOwner":12,"fights":[{"id":17,"instances":1},{"id":18,"instances":3},{"id":19,"instances":3},{"id":20,"instances":4}]}],"enemyPets":[],"phases":[{"boss":2337,"phases":["Stage One: Exterior Carapace","Stage Two: Subcutaneous Tunnel","Stage Three: Locus of Infinite Truths"]},{"boss":2327,"phases":["Obsidian Destroyer","Obsidian Statue"]},{"boss":2281,"phases":["Stage One: Burning Seas","Intermission: Howling Winds","Stage Two: Frozen Wrath","Intermission: Flash Freeze","Stage Three: Daughter of the Sea"]},{"boss":2344,"phases":["Stage One: Writhing Onslaught","Stage Two: Convergence"]},{"boss":2329,"phases":["The Black Emperor","Smoke and Mirrors"]}],"logVersion":16,"gameVersion":1,"title":"M Reclear","owner":"Snoopy484","start":1600217592090,"end":1600226226552,"zone":24,"exportedCharacters":[{"id":50447536,"name":"Anommo","server":"Area 52","region":"US"},{"id":43550320,"name":"Bendle","server":"Area 52","region":"US"},{"id":40692520,"name":"Brullseye","server":"Area 52","region":"US"},{"id":50868016,"name":"Ccake","server":"Area 52","region":"US"},{"id":39445136,"name":"Cloudburst","server":"Area 52","region":"US"},{"id":44109629,"name":"Clozet","server":"Kil'jaeden","region":"US"},{"id":39256710,"name":"Deathlyzer","server":"Area 52","region":"US"},{"id":44859102,"name":"Decayedstorm","server":"Area 52","region":"US"},{"id":38280892,"name":"Eidnam","server":"Area 52","region":"US"},{"id":32056279,"name":"Grodrak","server":"Area 52","region":"US"},{"id":49340718,"name":"Harth","server":"Area 52","region":"US"},{"id":41388214,"name":"Holypewpewz","server":"Area 52","region":"US"},{"id":26740136,"name":"Itsamebobby","server":"Area 52","region":"US"},{"id":10162226,"name":"Juanted","server":"Area 52","region":"US"},{"id":40681775,"name":"Kaynruxpins","server":"Area 52","region":"US"},{"id":38387787,"name":"Kromii","server":"Area 52","region":"US"},{"id":61111,"name":"Lunareste","server":"Area 52","region":"US"},{"id":37059383,"name":"Lynthiaqt","server":"Area 52","region":"US"},{"id":41822683,"name":"Marrennmage","server":"Area 52","region":"US"},{"id":44418737,"name":"Senreth","server":"Area 52","region":"US"},{"id":35416221,"name":"Snakhunter","server":"Area 52","region":"US"},{"id":34533474,"name":"Snakman","server":"Area 52","region":"US"},{"id":49831862,"name":"Zertibrew","server":"Area 52","region":"US"},{"id":41245777,"name":"Zertidk","server":"Area 52","region":"US"}]}