{"fights":[{"id":1,"start_time":447969,"end_time":521238,"boss":2329,"name":"Wrathion","size":20,"difficulty":3,"kill":true,"partial":3,"bossPercentage":0,"fightPercentage":0,"lastPhaseForPercentageDisplay":1,"maps":[1580]},{"id":2,"start_time":551378,"end_time":553724,"boss":0,"name":"Lioníze"},{"id":3,"start_time":690586,"end_time":865503,"boss":2329,"name":"Wrathion","size":20,"difficulty":5,"kill":false,"partial":3,"bossPercentage":4990,"fightPercentage":4990,"lastPhaseForPercentageDisplay":1,"maps":[1580]},{"id":4,"start_time":1076859,"end_time":1415825,"boss":2329,"name":"Wrathion","size":20,"difficulty":5,"kill":true,"partial":3,"bossPercentage":0,"fightPercentage":0,"lastPhaseForPercentageDisplay":1,"maps":[1580]},{"id":5,"start_time":1419957,"end_time":1419957,"boss":0,"name":"Unknown"},{"id":6,"start_time":1460998,"end_time":1490360,"boss":0,"name":"Monstrous Behemoth"},{"id":7,"start_time":1501827,"end_time":1537193,"boss":0,"name":"Maddened Conscript"},{"id":8,"start_time":1575969,"end_time":1665842,"boss":0,"name":"Anubisath Sentinel"},{"id":9,"start_time":1926689,"end_time":2108640,"boss":2334,"name":"Prophet Skitra","size":20,"difficulty":5,"kill":true,"partial":3,"bossPercentage":0,"fightPercentage":0,"lastPhaseForPercentageDisplay":0,"maps":[1581]},{"id":10,"start_time":2190820,"end_time":2227185,"boss":0,"name":"Monstrous Behemoth"},{"id":11,"start_time":2263830,"end_time":2324617,"boss":0,"name":"Hepthys"},{"id":12,"start_time":2352174,"end_time":2448738,"boss":0,"name":"Aqir Shadowcrafter"},{"id":13,"start_time":2481142,"end_time":2490700,"boss":0,"originalBoss":2327,"name":"Maut"},{"id":14,"start_time":2664160,"end_time":2890591,"boss":2327,"name":"Maut","size":20,"difficulty":5,"kill":true,"partial":3,"bossPercentage":0,"fightPercentage":0,"lastPhaseForPercentageDisplay":1,"maps":[1581]},{"id":15,"start_time":2985264,"end_time":3018070,"boss":0,"name":"Maddened Conscript"},{"id":16,"start_time":3030405,"end_time":3068248,"boss":0,"name":"Gryth'ax the Executioner"},{"id":17,"start_time":3120252,"end_time":3199171,"boss":0,"name":"Umbral Gatekeeper"},{"id":18,"start_time":3258641,"end_time":3381096,"boss":0,"name":"Jesh'ra"},{"id":19,"start_time":3393373,"end_time":3524640,"boss":0,"name":"Monstrous Behemoth"},{"id":20,"start_time":3537342,"end_time":3568079,"boss":0,"name":"Aqir Swarmkeeper"},{"id":21,"start_time":3580517,"end_time":3668861,"boss":0,"name":"Deresh of the Nothingness"},{"id":22,"start_time":3679173,"end_time":3743953,"boss":0,"name":"Aqir Crusher"},{"id":23,"start_time":3752403,"end_time":3757279,"boss":0,"originalBoss":2333,"name":"The Hivemind"},{"id":24,"start_time":3905171,"end_time":4107284,"boss":2333,"name":"The Hivemind","size":20,"difficulty":5,"kill":false,"partial":3,"bossPercentage":3950,"fightPercentage":3950,"lastPhaseForPercentageDisplay":0,"maps":[1590]},{"id":25,"start_time":4205849,"end_time":4479465,"boss":2333,"name":"The Hivemind","size":20,"difficulty":5,"kill":false,"partial":3,"bossPercentage":1085,"fightPercentage":1085,"lastPhaseForPercentageDisplay":0,"maps":[1590]},{"id":26,"start_time":4594288,"end_time":4871926,"boss":2333,"name":"The Hivemind","size":20,"difficulty":5,"kill":true,"partial":3,"bossPercentage":0,"fightPercentage":0,"lastPhaseForPercentageDisplay":0,"maps":[1590]},{"id":27,"start_time":4881099,"end_time":4881099,"boss":0,"name":"Unknown"},{"id":28,"start_time":4936505,"end_time":4941877,"boss":0,"name":"Demented Knife-Twister"},{"id":29,"start_time":4961995,"end_time":5012173,"boss":0,"name":"Demented Knife-Twister"},{"id":30,"start_time":5028156,"end_time":5066852,"boss":0,"name":"Monstrous Behemoth"},{"id":31,"start_time":5078058,"end_time":5125073,"boss":0,"name":"Occult Shadowmender"},{"id":32,"start_time":5226049,"end_time":5262525,"boss":0,"name":"Queen Azshara"},{"id":33,"start_time":5361860,"end_time":5367428,"boss":0,"name":"Queen Azshara"},{"id":34,"start_time":5378532,"end_time":5394443,"boss":0,"name":"Queen Azshara"},{"id":35,"start_time":5599860,"end_time":5611949,"boss":0,"name":"Queen Azshara"},{"id":36,"start_time":5735090,"end_time":5737335,"boss":0,"name":"Queen Azshara"},{"id":37,"start_time":5778001,"end_time":5835041,"boss":2328,"name":"Dark Inquisitor Xanesh","size":20,"difficulty":5,"kill":false,"partial":3,"bossPercentage":7631,"fightPercentage":7631,"lastPhaseForPercentageDisplay":0,"maps":[1592]},{"id":38,"start_time":5881341,"end_time":5884547,"boss":0,"name":"Queen Azshara"},{"id":39,"start_time":5912927,"end_time":5983402,"boss":2328,"name":"Dark Inquisitor Xanesh","size":20,"difficulty":5,"kill":false,"partial":3,"bossPercentage":7637,"fightPercentage":7637,"lastPhaseForPercentageDisplay":0,"maps":[1592]},{"id":40,"start_time":6040259,"end_time":6040759,"boss":0,"name":"Queen Azshara"},{"id":41,"start_time":6070046,"end_time":6122969,"boss":2328,"name":"Dark Inquisitor Xanesh","size":20,"difficulty":5,"kill":false,"partial":3,"bossPercentage":7546,"fightPercentage":7546,"lastPhaseForPercentageDisplay":0,"maps":[1592]},{"id":42,"start_time":6162735,"end_time":6163057,"boss":0,"name":"Queen Azshara"},{"id":43,"start_time":6184355,"end_time":6185805,"boss":0,"name":"Queen Azshara"},{"id":44,"start_time":6206931,"end_time":6208058,"boss":0,"name":"Queen Azshara"},{"id":45,"start_time":6232186,"end_time":6352652,"boss":2328,"name":"Dark Inquisitor Xanesh","size":20,"difficulty":5,"kill":false,"partial":3,"bossPercentage":6328,"fightPercentage":6328,"lastPhaseForPercentageDisplay":0,"maps":[1592]},{"id":46,"start_time":6382782,"end_time":6382782,"boss":0,"name":"Queen Azshara"},{"id":47,"start_time":6406708,"end_time":6406708,"boss":0,"name":"Queen Azshara"},{"id":48,"start_time":6432478,"end_time":6485035,"boss":2328,"name":"Dark Inquisitor Xanesh","size":20,"difficulty":5,"kill":false,"partial":3,"bossPercentage":7695,"fightPercentage":7695,"lastPhaseForPercentageDisplay":0,"maps":[1592]},{"id":49,"start_time":6542138,"end_time":6570115,"boss":0,"name":"Queen Azshara"},{"id":50,"start_time":6574813,"end_time":6717239,"boss":2328,"name":"Dark Inquisitor Xanesh","size":20,"difficulty":5,"kill":false,"partial":3,"bossPercentage":5275,"fightPercentage":5275,"lastPhaseForPercentageDisplay":0,"maps":[1592]},{"id":51,"start_time":6771305,"end_time":6771305,"boss":0,"name":"Queen Azshara"},{"id":52,"start_time":6799854,"end_time":6820595,"boss":0,"name":"Queen Azshara"},{"id":53,"start_time":6833924,"end_time":6833924,"boss":0,"name":"Queen Azshara"},{"id":54,"start_time":6851546,"end_time":6899190,"boss":2328,"name":"Dark Inquisitor Xanesh","size":20,"difficulty":5,"kill":false,"partial":3,"bossPercentage":7612,"fightPercentage":7612,"lastPhaseForPercentageDisplay":0,"maps":[1592]},{"id":55,"start_time":6989199,"end_time":6990275,"boss":0,"name":"Queen Azshara"},{"id":56,"start_time":7030957,"end_time":7083480,"boss":2328,"name":"Dark Inquisitor Xanesh","size":20,"difficulty":5,"kill":false,"partial":3,"bossPercentage":7512,"fightPercentage":7512,"lastPhaseForPercentageDisplay":0,"maps":[1592]},{"id":57,"start_time":7134647,"end_time":7208805,"boss":0,"name":"Queen Azshara"},{"id":58,"start_time":7220113,"end_time":7365325,"boss":2328,"name":"Dark Inquisitor Xanesh","size":20,"difficulty":5,"kill":false,"partial":3,"bossPercentage":5191,"fightPercentage":5191,"lastPhaseForPercentageDisplay":0,"maps":[1592]},{"id":59,"start_time":7457601,"end_time":7457623,"boss":0,"name":"Queen Azshara"},{"id":60,"start_time":7476327,"end_time":7480054,"boss":0,"name":"Queen Azshara"},{"id":61,"start_time":7500939,"end_time":7522097,"boss":0,"name":"Queen Azshara"},{"id":62,"start_time":7541661,"end_time":7588279,"boss":2328,"name":"Dark Inquisitor Xanesh","size":20,"difficulty":5,"kill":false,"partial":3,"bossPercentage":7713,"fightPercentage":7713,"lastPhaseForPercentageDisplay":0,"maps":[1592]},{"id":63,"start_time":7636175,"end_time":7639074,"boss":0,"name":"Queen Azshara"},{"id":64,"start_time":7649442,"end_time":7649442,"boss":0,"name":"Queen Azshara"},{"id":65,"start_time":7675971,"end_time":7688657,"boss":0,"name":"Queen Azshara"},{"id":66,"start_time":7710486,"end_time":7746791,"boss":2328,"name":"Dark Inquisitor Xanesh","size":20,"difficulty":5,"kill":false,"partial":3,"bossPercentage":8353,"fightPercentage":8353,"lastPhaseForPercentageDisplay":0,"maps":[1592]},{"id":67,"start_time":7784708,"end_time":7785360,"boss":0,"name":"Queen Azshara"},{"id":68,"start_time":7848043,"end_time":7848368,"boss":0,"name":"Queen Azshara"},{"id":69,"start_time":7893867,"end_time":7946620,"boss":2328,"name":"Dark Inquisitor Xanesh","size":20,"difficulty":5,"kill":false,"partial":3,"bossPercentage":7585,"fightPercentage":7585,"lastPhaseForPercentageDisplay":0,"maps":[1592]},{"id":70,"start_time":8331207,"end_time":8366690,"boss":2328,"name":"Dark Inquisitor Xanesh","size":20,"difficulty":5,"kill":false,"partial":3,"bossPercentage":9898,"fightPercentage":9898,"lastPhaseForPercentageDisplay":0,"maps":[1592,1593]},{"id":71,"start_time":8489521,"end_time":8516558,"boss":2328,"name":"Dark Inquisitor Xanesh","size":20,"difficulty":5,"kill":false,"partial":3,"bossPercentage":9774,"fightPercentage":9774,"lastPhaseForPercentageDisplay":0,"maps":[1592]},{"id":72,"start_time":8602312,"end_time":8602312,"boss":0,"name":"Queen Azshara"},{"id":73,"start_time":8736632,"end_time":8757110,"boss":0,"name":"Queen Azshara"},{"id":74,"start_time":8791213,"end_time":8791213,"boss":0,"name":"Queen Azshara"},{"id":75,"start_time":8859640,"end_time":8868428,"boss":0,"name":"Queen Azshara"},{"id":76,"start_time":8892230,"end_time":8892230,"boss":0,"name":"Queen Azshara"},{"id":77,"start_time":8916600,"end_time":8977185,"boss":2328,"name":"Dark Inquisitor Xanesh","size":20,"difficulty":5,"kill":false,"partial":3,"bossPercentage":7648,"fightPercentage":7648,"lastPhaseForPercentageDisplay":0,"maps":[1592]},{"id":78,"start_time":9044197,"end_time":9060369,"boss":0,"name":"Queen Azshara"},{"id":79,"start_time":9074494,"end_time":9123641,"boss":2328,"name":"Dark Inquisitor Xanesh","size":20,"difficulty":5,"kill":false,"partial":3,"bossPercentage":7592,"fightPercentage":7592,"lastPhaseForPercentageDisplay":0,"maps":[1592]},{"id":80,"start_time":9153797,"end_time":9153797,"boss":0,"name":"Queen Azshara"},{"id":81,"start_time":9192904,"end_time":9198614,"boss":0,"name":"Queen Azshara"},{"id":82,"start_time":9214271,"end_time":9214271,"boss":0,"name":"Queen Azshara"},{"id":83,"start_time":9239929,"end_time":9240619,"boss":0,"name":"Queen Azshara"},{"id":84,"start_time":9311035,"end_time":9361106,"boss":2328,"name":"Dark Inquisitor Xanesh","size":20,"difficulty":5,"kill":false,"partial":3,"bossPercentage":7613,"fightPercentage":7613,"lastPhaseForPercentageDisplay":0,"maps":[1592]},{"id":85,"start_time":9390763,"end_time":9390763,"boss":0,"name":"Queen Azshara"},{"id":86,"start_time":9405048,"end_time":9405048,"boss":0,"name":"Queen Azshara"},{"id":87,"start_time":9437931,"end_time":9437931,"boss":0,"name":"Queen Azshara"},{"id":88,"start_time":9453278,"end_time":9453691,"boss":0,"name":"Queen Azshara"},{"id":89,"start_time":9472855,"end_time":9482190,"boss":0,"name":"Queen Azshara"},{"id":90,"start_time":9496895,"end_time":9628349,"boss":2328,"name":"Dark Inquisitor Xanesh","size":20,"difficulty":5,"kill":false,"partial":3,"bossPercentage":5964,"fightPercentage":5964,"lastPhaseForPercentageDisplay":0,"maps":[1592]},{"id":91,"start_time":9721434,"end_time":9722020,"boss":0,"name":"Queen Azshara"},{"id":92,"start_time":9738980,"end_time":9900220,"boss":2328,"name":"Dark Inquisitor Xanesh","size":20,"difficulty":5,"kill":false,"partial":3,"bossPercentage":5371,"fightPercentage":5371,"lastPhaseForPercentageDisplay":0,"maps":[1592]},{"id":93,"start_time":9929714,"end_time":9935401,"boss":0,"name":"Queen Azshara"},{"id":94,"start_time":9949068,"end_time":9951976,"boss":0,"name":"Queen Azshara"},{"id":95,"start_time":10000994,"end_time":10062579,"boss":2328,"name":"Dark Inquisitor Xanesh","size":20,"difficulty":5,"kill":false,"partial":3,"bossPercentage":7433,"fightPercentage":7433,"lastPhaseForPercentageDisplay":0,"maps":[1592]},{"id":96,"start_time":10094443,"end_time":10094443,"boss":0,"name":"Queen Azshara"},{"id":97,"start_time":10235900,"end_time":10236552,"boss":0,"name":"Queen Azshara"},{"id":98,"start_time":10273316,"end_time":10334198,"boss":2328,"name":"Dark Inquisitor Xanesh","size":20,"difficulty":5,"kill":false,"partial":3,"bossPercentage":7402,"fightPercentage":7402,"lastPhaseForPercentageDisplay":0,"maps":[1592]},{"id":99,"start_time":10363420,"end_time":10371778,"boss":0,"name":"Queen Azshara"},{"id":100,"start_time":10414755,"end_time":10417374,"boss":0,"name":"Queen Azshara"},{"id":101,"start_time":10428703,"end_time":10436235,"boss":0,"name":"Queen Azshara"},{"id":102,"start_time":10448300,"end_time":10496271,"boss":2328,"name":"Dark Inquisitor Xanesh","size":20,"difficulty":5,"kill":false,"partial":3,"bossPercentage":7609,"fightPercentage":7609,"lastPhaseForPercentageDisplay":0,"maps":[1592]},{"id":103,"start_time":10533434,"end_time":10533434,"boss":0,"name":"Queen Azshara"},{"id":104,"start_time":10563624,"end_time":10582090,"boss":0,"name":"Queen Azshara"},{"id":105,"start_time":10637753,"end_time":10685199,"boss":2328,"name":"Dark Inquisitor Xanesh","size":20,"difficulty":5,"kill":false,"partial":3,"bossPercentage":7559,"fightPercentage":7559,"lastPhaseForPercentageDisplay":0,"maps":[1592]},{"id":106,"start_time":10763715,"end_time":10764281,"boss":0,"name":"Queen Azshara"},{"id":107,"start_time":10800072,"end_time":11112239,"boss":2328,"name":"Dark Inquisitor Xanesh","size":20,"difficulty":5,"kill":true,"partial":3,"bossPercentage":0,"fightPercentage":0,"lastPhaseForPercentageDisplay":0,"maps":[1592]},{"id":108,"start_time":11171304,"end_time":11317656,"boss":0,"name":"Vexiona"},{"id":109,"start_time":11328230,"end_time":11343973,"boss":0,"originalBoss":2336,"name":"Vexiona"},{"id":110,"start_time":11657391,"end_time":11740045,"boss":2336,"name":"Vexiona","size":20,"difficulty":5,"kill":false,"partial":3,"bossPercentage":7248,"fightPercentage":7248,"lastPhaseForPercentageDisplay":1,"maps":[1593]},{"id":111,"start_time":11813590,"end_time":12153169,"boss":2336,"name":"Vexiona","size":20,"difficulty":5,"kill":false,"partial":3,"bossPercentage":2877,"fightPercentage":2877,"lastPhaseForPercentageDisplay":1,"maps":[1593]},{"id":112,"start_time":12234675,"end_time":12603036,"boss":2336,"name":"Vexiona","size":20,"difficulty":5,"kill":true,"partial":3,"bossPercentage":0,"fightPercentage":0,"lastPhaseForPercentageDisplay":1,"maps":[1593]},{"id":113,"start_time":12651120,"end_time":12946880,"boss":0,"name":"Sanguimar"},{"id":114,"start_time":13276220,"end_time":13509958,"boss":2335,"name":"Shad'har the Insatiable","size":20,"difficulty":5,"kill":false,"partial":3,"bossPercentage":1356,"fightPercentage":1356,"lastPhaseForPercentageDisplay":3,"maps":[1594]},{"id":115,"start_time":13595947,"end_time":13798010,"boss":2335,"name":"Shad'har the Insatiable","size":20,"difficulty":5,"kill":false,"partial":3,"bossPercentage":2560,"fightPercentage":2560,"lastPhaseForPercentageDisplay":3,"maps":[1594]},{"id":116,"start_time":13876258,"end_time":14135478,"boss":2335,"name":"Shad'har the Insatiable","size":20,"difficulty":5,"kill":false,"partial":3,"bossPercentage":689,"fightPercentage":689,"lastPhaseForPercentageDisplay":3,"maps":[1594]},{"id":117,"start_time":14377613,"end_time":14620860,"boss":2335,"name":"Shad'har the Insatiable","size":20,"difficulty":5,"kill":true,"partial":3,"bossPercentage":0,"fightPercentage":0,"lastPhaseForPercentageDisplay":3,"maps":[1594]},{"id":118,"start_time":14624840,"end_time":14624840,"boss":0,"name":"Unknown"},{"id":119,"start_time":14660344,"end_time":14786100,"boss":0,"name":"Drest'agath"},{"id":120,"start_time":14819510,"end_time":14822680,"boss":0,"name":"Living Blood"},{"id":121,"start_time":15412975,"end_time":15857481,"boss":2343,"name":"Drest'agath","size":20,"difficulty":5,"kill":false,"partial":3,"bossPercentage":2900,"fightPercentage":2900,"lastPhaseForPercentageDisplay":0,"maps":[1595]},{"id":122,"start_time":15994778,"end_time":16602670,"boss":2343,"name":"Drest'agath","size":20,"difficulty":5,"kill":true,"partial":3,"bossPercentage":0,"fightPercentage":0,"lastPhaseForPercentageDisplay":0,"maps":[1595]},{"id":123,"start_time":16643581,"end_time":16758121,"boss":0,"name":"Corrosive Digester"},{"id":124,"start_time":18033593,"end_time":18315840,"boss":2345,"name":"Il'gynoth, Corruption Reborn","size":20,"difficulty":5,"kill":false,"partial":3,"bossPercentage":9877,"fightPercentage":9877,"lastPhaseForPercentageDisplay":0,"maps":[1596]},{"id":125,"start_time":18445328,"end_time":18475720,"boss":2345,"name":"Il'gynoth, Corruption Reborn","size":20,"difficulty":5,"kill":false,"partial":3,"bossPercentage":9939,"fightPercentage":9939,"lastPhaseForPercentageDisplay":0,"maps":[1596]},{"id":126,"start_time":18575262,"end_time":18725992,"boss":2345,"name":"Il'gynoth, Corruption Reborn","size":20,"difficulty":5,"kill":false,"partial":3,"bossPercentage":9794,"fightPercentage":9794,"lastPhaseForPercentageDisplay":0,"maps":[1596]},{"id":127,"start_time":18861993,"end_time":19245176,"boss":2345,"name":"Il'gynoth, Corruption Reborn","size":20,"difficulty":5,"kill":false,"partial":3,"bossPercentage":2237,"fightPercentage":2237,"lastPhaseForPercentageDisplay":0,"maps":[1596]},{"id":128,"start_time":19402008,"end_time":19812273,"boss":2345,"name":"Il'gynoth, Corruption Reborn","size":20,"difficulty":5,"kill":false,"partial":3,"bossPercentage":879,"fightPercentage":879,"lastPhaseForPercentageDisplay":0,"maps":[1596]},{"id":129,"start_time":19996493,"end_time":20588000,"boss":2345,"name":"Il'gynoth, Corruption Reborn","size":20,"difficulty":5,"kill":false,"partial":3,"bossPercentage":858,"fightPercentage":858,"lastPhaseForPercentageDisplay":0,"maps":[1596]},{"id":130,"start_time":20697985,"end_time":21289291,"boss":2345,"name":"Il'gynoth, Corruption Reborn","size":20,"difficulty":5,"kill":true,"partial":3,"bossPercentage":9999,"fightPercentage":9999,"lastPhaseForPercentageDisplay":0,"maps":[1596]}],"lang":"en","friendlies":[{"name":"Grodruid","id":3,"guid":168345355,"type":"Druid","server":"Ragnaros","fights":[{"id":1},{"id":3},{"id":4},{"id":5},{"id":6},{"id":7},{"id":8},{"id":9},{"id":10},{"id":11},{"id":12},{"id":13},{"id":14},{"id":15},{"id":16},{"id":17},{"id":18},{"id":19},{"id":20},{"id":21},{"id":22},{"id":23},{"id":24},{"id":25},{"id":26},{"id":27},{"id":28},{"id":29},{"id":31},{"id":32},{"id":33},{"id":34},{"id":36},{"id":37},{"id":38},{"id":39},{"id":40},{"id":41},{"id":42},{"id":43},{"id":44},{"id":45},{"id":46},{"id":47},{"id":48},{"id":49},{"id":50},{"id":51},{"id":52},{"id":53},{"id":54},{"id":55},{"id":56},{"id":57},{"id":58},{"id":59},{"id":61},{"id":62},{"id":63},{"id":64},{"id":65},{"id":66},{"id":67},{"id":69},{"id":71},{"id":73},{"id":75},{"id":77},{"id":78},{"id":79},{"id":80},{"id":81},{"id":84},{"id":85},{"id":86},{"id":89},{"id":90},{"id":91},{"id":92},{"id":93},{"id":94},{"id":95},{"id":96},{"id":98},{"id":99},{"id":101},{"id":102},{"id":103},{"id":104},{"id":105},{"id":106},{"id":107},{"id":108},{"id":109},{"id":110},{"id":111},{"id":112},{"id":113},{"id":114},{"id":115},{"id":116},{"id":117},{"id":118},{"id":119},{"id":121},{"id":122},{"id":123},{"id":124},{"id":125},{"id":126},{"id":127},{"id":128},{"id":129},{"id":130}]},{"name":"Seruh","id":4,"guid":169684262,"type":"Paladin","server":"Ragnaros","fights":[{"id":34},{"id":35},{"id":36},{"id":37},{"id":38},{"id":39},{"id":40},{"id":41},{"id":42},{"id":43},{"id":45},{"id":47},{"id":48},{"id":49},{"id":50},{"id":51},{"id":54},{"id":55},{"id":56},{"id":57},{"id":58},{"id":59},{"id":60},{"id":61},{"id":62},{"id":63},{"id":64},{"id":66},{"id":68},{"id":69},{"id":77},{"id":78},{"id":79},{"id":80},{"id":81},{"id":82},{"id":83},{"id":84},{"id":85},{"id":89},{"id":90},{"id":91},{"id":92},{"id":93},{"id":94},{"id":95},{"id":96},{"id":98},{"id":99},{"id":100},{"id":101},{"id":102},{"id":104},{"id":105},{"id":107},{"id":108},{"id":109},{"id":110},{"id":111},{"id":112},{"id":113},{"id":114},{"id":115},{"id":116},{"id":117},{"id":118},{"id":119},{"id":121},{"id":122},{"id":123}]},{"name":"Gløøms","id":135,"guid":130434817,"type":"Warlock","server":"Ragnaros","fights":[{"id":19},{"id":20},{"id":21},{"id":22},{"id":23},{"id":24},{"id":25},{"id":26},{"id":27},{"id":29},{"id":30},{"id":31},{"id":34},{"id":36},{"id":37},{"id":38},{"id":39},{"id":40},{"id":41},{"id":42},{"id":43},{"id":45},{"id":46},{"id":48},{"id":49},{"id":50},{"id":52},{"id":54},{"id":56},{"id":57},{"id":58},{"id":59},{"id":60},{"id":62},{"id":63},{"id":64},{"id":66},{"id":67},{"id":69},{"id":71},{"id":72},{"id":77},{"id":78},{"id":79},{"id":81},{"id":82},{"id":84},{"id":86},{"id":89},{"id":90},{"id":91},{"id":92},{"id":93},{"id":94},{"id":95},{"id":96},{"id":98},{"id":99},{"id":101},{"id":102},{"id":103},{"id":105},{"id":106},{"id":107},{"id":108},{"id":109},{"id":110},{"id":111},{"id":112},{"id":113},{"id":114},{"id":115},{"id":116},{"id":117},{"id":118},{"id":119},{"id":121},{"id":122},{"id":123},{"id":124},{"id":125},{"id":126},{"id":127},{"id":128},{"id":129},{"id":130}]},{"name":"Ichigatsu","id":10,"guid":178951570,"type":"DemonHunter","server":"Ragnaros","fights":[{"id":1},{"id":2},{"id":3},{"id":4},{"id":5},{"id":6},{"id":7},{"id":8},{"id":9},{"id":10},{"id":11},{"id":12},{"id":13},{"id":14},{"id":15},{"id":16},{"id":17},{"id":18},{"id":19},{"id":20},{"id":21},{"id":22},{"id":23},{"id":24},{"id":25},{"id":26},{"id":29},{"id":30},{"id":31},{"id":32},{"id":33},{"id":34},{"id":35},{"id":36},{"id":37},{"id":38},{"id":39},{"id":41},{"id":44},{"id":45},{"id":47},{"id":48},{"id":49},{"id":50},{"id":52},{"id":54},{"id":55},{"id":56},{"id":57},{"id":58},{"id":60},{"id":61},{"id":62},{"id":65},{"id":66},{"id":69},{"id":72},{"id":73},{"id":75},{"id":77},{"id":78},{"id":79},{"id":81},{"id":82},{"id":84},{"id":85},{"id":86},{"id":90},{"id":92},{"id":93},{"id":94},{"id":95},{"id":97},{"id":98},{"id":99},{"id":100},{"id":101},{"id":102},{"id":104},{"id":105},{"id":107},{"id":108},{"id":109},{"id":110},{"id":111},{"id":112},{"id":113},{"id":114},{"id":115},{"id":116},{"id":117},{"id":118},{"id":119},{"id":121},{"id":122},{"id":123},{"id":124},{"id":125},{"id":126},{"id":127},{"id":128},{"id":129},{"id":130}]},{"name":"Iblast","id":12,"guid":179080614,"type":"Mage","server":"Ragnaros","fights":[{"id":1},{"id":3},{"id":4},{"id":5},{"id":6},{"id":7},{"id":8},{"id":9},{"id":10},{"id":11},{"id":12},{"id":13},{"id":14},{"id":15},{"id":16},{"id":17},{"id":18},{"id":19},{"id":20},{"id":21},{"id":22},{"id":23},{"id":24},{"id":25},{"id":26},{"id":27},{"id":28},{"id":29},{"id":30},{"id":31},{"id":32},{"id":33},{"id":35},{"id":37},{"id":38},{"id":39},{"id":40},{"id":41},{"id":42},{"id":43},{"id":44},{"id":45},{"id":46},{"id":48},{"id":49},{"id":50},{"id":51},{"id":53},{"id":54},{"id":56},{"id":57},{"id":58},{"id":61},{"id":62},{"id":63},{"id":65},{"id":66},{"id":67},{"id":69},{"id":73},{"id":76},{"id":77},{"id":78},{"id":79},{"id":80},{"id":81},{"id":84},{"id":85},{"id":86},{"id":87},{"id":89},{"id":90},{"id":91},{"id":92},{"id":93},{"id":94},{"id":95},{"id":98},{"id":99},{"id":101},{"id":102},{"id":104},{"id":105},{"id":107},{"id":108},{"id":109},{"id":110},{"id":111},{"id":112},{"id":113},{"id":114},{"id":115},{"id":116},{"id":117},{"id":118},{"id":119},{"id":120},{"id":124},{"id":125},{"id":126},{"id":127},{"id":128},{"id":129},{"id":130}]},{"name":"Zòmboy","id":280,"guid":126268048,"type":"Mage","server":"Ragnaros","fights":[{"id":121},{"id":122},{"id":123},{"id":124},{"id":125},{"id":126},{"id":127},{"id":128},{"id":129},{"id":130}]},{"name":"Kinaesthetic","id":33,"guid":157608428,"type":"Priest","server":"Ragnaros","fights":[{"id":1},{"id":3},{"id":4},{"id":5},{"id":6},{"id":7},{"id":8},{"id":9},{"id":10},{"id":11},{"id":12},{"id":13},{"id":14},{"id":15},{"id":16},{"id":17},{"id":18},{"id":19},{"id":20},{"id":21},{"id":22},{"id":23},{"id":24},{"id":25},{"id":26},{"id":27},{"id":29},{"id":30},{"id":31},{"id":34},{"id":37},{"id":38},{"id":39},{"id":40},{"id":41},{"id":45},{"id":47},{"id":48},{"id":49},{"id":50},{"id":51},{"id":54},{"id":56},{"id":57},{"id":58},{"id":62},{"id":63},{"id":64},{"id":66},{"id":68},{"id":69},{"id":71},{"id":73},{"id":77},{"id":78},{"id":79},{"id":81},{"id":82},{"id":84},{"id":86},{"id":88},{"id":90},{"id":91},{"id":92},{"id":94},{"id":95},{"id":96},{"id":98},{"id":100},{"id":101},{"id":102},{"id":103},{"id":104},{"id":105},{"id":106},{"id":107},{"id":108},{"id":109},{"id":110},{"id":111},{"id":112},{"id":113},{"id":114},{"id":115},{"id":116},{"id":117},{"id":118},{"id":119},{"id":121},{"id":122},{"id":123},{"id":124},{"id":125},{"id":126},{"id":127},{"id":128},{"id":129},{"id":130}]},{"name":"Azeroth","id":6,"guid":162138460,"type":"Warlock","server":"Ragnaros","fights":[{"id":1},{"id":3},{"id":4},{"id":6},{"id":7},{"id":8},{"id":9},{"id":10},{"id":11},{"id":13},{"id":14},{"id":15},{"id":16},{"id":17},{"id":18},{"id":19},{"id":20},{"id":21},{"id":22},{"id":23},{"id":24},{"id":25},{"id":26},{"id":27},{"id":29},{"id":31},{"id":32},{"id":34},{"id":35},{"id":36},{"id":37},{"id":38},{"id":39},{"id":40},{"id":41},{"id":42},{"id":44},{"id":45},{"id":46},{"id":48},{"id":49},{"id":50},{"id":52},{"id":54},{"id":55},{"id":56},{"id":57},{"id":58},{"id":59},{"id":60},{"id":61},{"id":62},{"id":63},{"id":64},{"id":65},{"id":66},{"id":67},{"id":69},{"id":71},{"id":76},{"id":77},{"id":78},{"id":79},{"id":80},{"id":84},{"id":89},{"id":90},{"id":92},{"id":93},{"id":94},{"id":95},{"id":96},{"id":98},{"id":99},{"id":100},{"id":101},{"id":102},{"id":103},{"id":104},{"id":105},{"id":107},{"id":108},{"id":109},{"id":110},{"id":111},{"id":112},{"id":113},{"id":114},{"id":115},{"id":116},{"id":117},{"id":118},{"id":119},{"id":121},{"id":122},{"id":123},{"id":124},{"id":125},{"id":126},{"id":127},{"id":128},{"id":129},{"id":130}]},{"name":"Fechok","id":96,"guid":141953539,"type":"DeathKnight","server":"Ragnaros","fights":[{"id":9},{"id":10},{"id":11},{"id":12}]},{"name":"Zissar","id":98,"guid":164820549,"type":"Monk","server":"Ragnaros","fights":[{"id":9},{"id":18},{"id":19},{"id":20},{"id":21},{"id":22},{"id":23},{"id":24},{"id":25},{"id":26},{"id":27},{"id":29},{"id":30},{"id":31}]},{"name":"Adminis","id":17,"guid":172962401,"type":"Druid","server":"Ragnaros","fights":[{"id":1},{"id":3},{"id":4},{"id":6},{"id":7},{"id":8},{"id":9},{"id":10},{"id":11},{"id":14},{"id":15},{"id":16},{"id":17},{"id":18},{"id":19},{"id":77},{"id":79},{"id":84},{"id":85},{"id":86},{"id":90},{"id":92},{"id":93},{"id":95},{"id":96},{"id":98},{"id":99},{"id":102},{"id":105},{"id":107},{"id":108},{"id":109},{"id":110},{"id":111},{"id":112},{"id":113}]},{"name":"Fénrus","id":2,"guid":81213742,"type":"Shaman","server":"Ragnaros","fights":[{"id":1},{"id":3},{"id":4},{"id":5},{"id":6},{"id":7},{"id":8},{"id":9},{"id":10},{"id":11},{"id":13},{"id":14},{"id":15},{"id":16},{"id":17},{"id":18},{"id":19},{"id":20},{"id":21},{"id":22},{"id":23},{"id":24},{"id":25},{"id":26},{"id":27},{"id":29},{"id":30},{"id":31},{"id":37},{"id":38},{"id":39},{"id":40},{"id":41},{"id":44},{"id":45},{"id":48},{"id":49},{"id":50},{"id":51},{"id":53},{"id":54},{"id":55},{"id":56},{"id":57},{"id":58},{"id":60},{"id":61},{"id":62},{"id":65},{"id":66},{"id":67},{"id":69},{"id":71},{"id":74},{"id":75},{"id":77},{"id":78},{"id":79},{"id":82},{"id":84},{"id":86},{"id":89},{"id":90},{"id":91},{"id":92},{"id":93},{"id":95},{"id":96},{"id":98},{"id":99},{"id":101},{"id":102},{"id":104},{"id":105},{"id":106},{"id":107},{"id":108},{"id":109},{"id":110},{"id":111},{"id":112},{"id":113},{"id":114},{"id":115},{"id":116},{"id":117},{"id":118},{"id":119},{"id":121},{"id":122},{"id":123},{"id":124},{"id":125},{"id":126},{"id":127},{"id":128},{"id":129},{"id":130}]},{"name":"Nozomî","id":94,"guid":142355024,"type":"Rogue","server":"Ragnaros","fights":[{"id":9},{"id":10},{"id":11},{"id":12},{"id":13},{"id":14},{"id":15},{"id":16},{"id":17},{"id":18},{"id":19},{"id":20},{"id":21},{"id":22},{"id":23},{"id":24},{"id":25},{"id":26},{"id":27},{"id":29},{"id":30},{"id":31},{"id":37},{"id":38},{"id":39},{"id":41},{"id":42},{"id":43},{"id":45},{"id":46},{"id":47},{"id":48},{"id":49},{"id":50},{"id":52},{"id":53},{"id":54},{"id":55},{"id":56},{"id":57},{"id":58},{"id":60},{"id":61},{"id":62},{"id":63},{"id":64},{"id":65},{"id":66},{"id":69},{"id":70},{"id":71},{"id":77},{"id":78},{"id":79},{"id":81},{"id":82},{"id":84},{"id":85},{"id":86},{"id":89},{"id":90},{"id":91},{"id":92},{"id":93},{"id":95},{"id":98},{"id":99},{"id":100},{"id":101},{"id":102},{"id":105},{"id":107},{"id":108},{"id":109},{"id":110},{"id":111},{"id":112},{"id":113},{"id":114},{"id":115},{"id":116},{"id":117},{"id":118},{"id":119},{"id":124},{"id":125},{"id":126},{"id":127},{"id":128},{"id":129},{"id":130}]},{"name":"Chryskayn","id":1,"guid":168842333,"type":"Paladin","server":"Ragnaros","fights":[{"id":1},{"id":3},{"id":4},{"id":6},{"id":7},{"id":8},{"id":9},{"id":10},{"id":11},{"id":12},{"id":13},{"id":14},{"id":15},{"id":16},{"id":17},{"id":18},{"id":19},{"id":20},{"id":21},{"id":22},{"id":23},{"id":24},{"id":25},{"id":26},{"id":29},{"id":30},{"id":31},{"id":33},{"id":37},{"id":39},{"id":41},{"id":42},{"id":43},{"id":45},{"id":48},{"id":49},{"id":50},{"id":54},{"id":55},{"id":56},{"id":57},{"id":58},{"id":59},{"id":60},{"id":61},{"id":62},{"id":66},{"id":69},{"id":70},{"id":71},{"id":77},{"id":79},{"id":81},{"id":82},{"id":84},{"id":86},{"id":89},{"id":90},{"id":92},{"id":93},{"id":95},{"id":96},{"id":98},{"id":99},{"id":101},{"id":102},{"id":103},{"id":104},{"id":105},{"id":107},{"id":108},{"id":109},{"id":110},{"id":111},{"id":112},{"id":113},{"id":114},{"id":115},{"id":116},{"id":117},{"id":118},{"id":119},{"id":121},{"id":122},{"id":123},{"id":124},{"id":125},{"id":126},{"id":127},{"id":128},{"id":129},{"id":130}]},{"name":"Wizza","id":16,"guid":179324881,"type":"Warrior","server":"Ragnaros","fights":[{"id":1},{"id":3},{"id":4},{"id":6},{"id":7},{"id":8},{"id":9},{"id":10},{"id":13},{"id":14},{"id":15},{"id":16},{"id":17},{"id":18},{"id":19},{"id":20},{"id":21},{"id":22},{"id":23},{"id":24},{"id":25},{"id":26},{"id":27},{"id":29},{"id":30},{"id":31},{"id":37},{"id":39},{"id":41},{"id":42},{"id":45},{"id":48},{"id":49},{"id":50},{"id":51},{"id":54},{"id":56},{"id":57},{"id":58},{"id":61},{"id":62},{"id":63},{"id":66},{"id":68},{"id":69},{"id":72},{"id":73},{"id":75},{"id":77},{"id":79},{"id":82},{"id":84},{"id":85},{"id":87},{"id":89},{"id":90},{"id":92},{"id":93},{"id":95},{"id":98},{"id":99},{"id":102},{"id":105},{"id":107},{"id":108},{"id":109},{"id":110},{"id":111},{"id":112},{"id":113},{"id":114},{"id":115},{"id":116},{"id":117},{"id":119},{"id":121},{"id":122},{"id":123},{"id":124},{"id":125},{"id":126},{"id":127},{"id":128},{"id":129},{"id":130}]},{"name":"Envyusxd","id":9,"guid":174974026,"type":"Warlock","server":"Ragnaros","fights":[{"id":1},{"id":3},{"id":4},{"id":6},{"id":7},{"id":8},{"id":9},{"id":10},{"id":11},{"id":12},{"id":13},{"id":14},{"id":15},{"id":16},{"id":17},{"id":18},{"id":19},{"id":20},{"id":21},{"id":22},{"id":23},{"id":24},{"id":25},{"id":26},{"id":27},{"id":29},{"id":35},{"id":37},{"id":38},{"id":39},{"id":40},{"id":41},{"id":42},{"id":43},{"id":45},{"id":46},{"id":47},{"id":48},{"id":49},{"id":50},{"id":51},{"id":54},{"id":56},{"id":57},{"id":58},{"id":59},{"id":61},{"id":62},{"id":63},{"id":64},{"id":66},{"id":69},{"id":72},{"id":73},{"id":77},{"id":79},{"id":80},{"id":81},{"id":82},{"id":83},{"id":84},{"id":85},{"id":86},{"id":90},{"id":92},{"id":93},{"id":94},{"id":95},{"id":96},{"id":98},{"id":99},{"id":100},{"id":101},{"id":102},{"id":104},{"id":105},{"id":107},{"id":108},{"id":109},{"id":110},{"id":111},{"id":112},{"id":113},{"id":114},{"id":115},{"id":116},{"id":117},{"id":118},{"id":119},{"id":121},{"id":122},{"id":123},{"id":124},{"id":125},{"id":126},{"id":127},{"id":128},{"id":129},{"id":130}]},{"name":"Vacaquita","id":14,"guid":139154520,"type":"Druid","server":"Ragnaros","fights":[{"id":1},{"id":3},{"id":4},{"id":5},{"id":6},{"id":7},{"id":8},{"id":9},{"id":10},{"id":11},{"id":12},{"id":13},{"id":14},{"id":15},{"id":16},{"id":17},{"id":18},{"id":19},{"id":20},{"id":21},{"id":22},{"id":23},{"id":24},{"id":25},{"id":26},{"id":27},{"id":29},{"id":30},{"id":31},{"id":32},{"id":33},{"id":34},{"id":37},{"id":38},{"id":39},{"id":40},{"id":41},{"id":42},{"id":43},{"id":45},{"id":46},{"id":47},{"id":48},{"id":49},{"id":50},{"id":51},{"id":52},{"id":54},{"id":56},{"id":57},{"id":58},{"id":59},{"id":61},{"id":62},{"id":63},{"id":64},{"id":65},{"id":66},{"id":67},{"id":69},{"id":72},{"id":73},{"id":75},{"id":77},{"id":78},{"id":79},{"id":80},{"id":81},{"id":84},{"id":85},{"id":86},{"id":90},{"id":91},{"id":92},{"id":93},{"id":94},{"id":95},{"id":96},{"id":98},{"id":99},{"id":101},{"id":102},{"id":103},{"id":104},{"id":105},{"id":107},{"id":108},{"id":109},{"id":110},{"id":111},{"id":112},{"id":113},{"id":114},{"id":115},{"id":116},{"id":117},{"id":118},{"id":119},{"id":121},{"id":122},{"id":123},{"id":124},{"id":125},{"id":126},{"id":127},{"id":128},{"id":129},{"id":130}]},{"name":"Ray","id":13,"guid":179132658,"type":"Hunter","server":"Ragnaros","fights":[{"id":1},{"id":3},{"id":4},{"id":6},{"id":7},{"id":8},{"id":9},{"id":10},{"id":11},{"id":12},{"id":13},{"id":14},{"id":15},{"id":16},{"id":17},{"id":18},{"id":19},{"id":20},{"id":21},{"id":22},{"id":23},{"id":24},{"id":25},{"id":26},{"id":27},{"id":29},{"id":30},{"id":31},{"id":37},{"id":38},{"id":39},{"id":41},{"id":42},{"id":43},{"id":45},{"id":46},{"id":47},{"id":48},{"id":49},{"id":50},{"id":51},{"id":54},{"id":56},{"id":57},{"id":58},{"id":61},{"id":62},{"id":63},{"id":64},{"id":66},{"id":68},{"id":69},{"id":77},{"id":78},{"id":79},{"id":81},{"id":84},{"id":85},{"id":90},{"id":91},{"id":92},{"id":93},{"id":94},{"id":95},{"id":98},{"id":99},{"id":101},{"id":102},{"id":104},{"id":105},{"id":107},{"id":108},{"id":109},{"id":110},{"id":111},{"id":112},{"id":113},{"id":114},{"id":115},{"id":116},{"id":117},{"id":118},{"id":119},{"id":121},{"id":122},{"id":123},{"id":124},{"id":125},{"id":126},{"id":127},{"id":128},{"id":129},{"id":130}]},{"name":"Faffi","id":119,"guid":171595587,"type":"Monk","server":"Ragnaros","fights":[{"id":14},{"id":15},{"id":16},{"id":17},{"id":18},{"id":19},{"id":20},{"id":21},{"id":22},{"id":23},{"id":24},{"id":25},{"id":26},{"id":27},{"id":29},{"id":30},{"id":31},{"id":32},{"id":37},{"id":39},{"id":40},{"id":41},{"id":45},{"id":48},{"id":49},{"id":50},{"id":51},{"id":52},{"id":54},{"id":56},{"id":57},{"id":58},{"id":60},{"id":61},{"id":62},{"id":66},{"id":67},{"id":68},{"id":69},{"id":77},{"id":79},{"id":84},{"id":89},{"id":90},{"id":92},{"id":93},{"id":94},{"id":95},{"id":96},{"id":98},{"id":99},{"id":100},{"id":101},{"id":102},{"id":105},{"id":107},{"id":108},{"id":109},{"id":110},{"id":111},{"id":112},{"id":113},{"id":114},{"id":115},{"id":116},{"id":117},{"id":118},{"id":119},{"id":121},{"id":122},{"id":123},{"id":124},{"id":125},{"id":126},{"id":127},{"id":128},{"id":129},{"id":130}]},{"name":"Zuzû","id":32,"guid":139229607,"type":"Druid","server":"Ragnaros","fights":[{"id":1},{"id":2},{"id":3},{"id":4},{"id":5},{"id":6},{"id":7},{"id":8},{"id":9},{"id":10},{"id":11},{"id":12},{"id":13},{"id":14},{"id":15},{"id":16},{"id":17},{"id":18},{"id":19},{"id":20},{"id":21},{"id":22},{"id":23},{"id":24},{"id":25},{"id":26},{"id":27},{"id":30},{"id":31}]},{"name":"Nøir","id":18,"guid":170440909,"type":"Hunter","server":"Ragnaros","fights":[{"id":1},{"id":3},{"id":4},{"id":6},{"id":7},{"id":8},{"id":114},{"id":115},{"id":116},{"id":117},{"id":119},{"id":121},{"id":122},{"id":123},{"id":124},{"id":125},{"id":126},{"id":127},{"id":128},{"id":129},{"id":130}]},{"name":"Hakaî","id":5,"guid":171531521,"type":"Mage","server":"Ragnaros","fights":[{"id":1},{"id":3},{"id":4},{"id":5},{"id":6},{"id":7},{"id":8},{"id":9},{"id":10},{"id":11},{"id":12},{"id":13},{"id":14},{"id":15},{"id":16},{"id":17},{"id":18},{"id":19},{"id":20},{"id":21},{"id":22},{"id":23},{"id":24},{"id":25},{"id":26},{"id":27},{"id":29},{"id":30},{"id":31},{"id":32},{"id":33},{"id":34},{"id":36},{"id":37},{"id":38},{"id":39},{"id":40},{"id":41},{"id":42},{"id":44},{"id":45},{"id":46},{"id":48},{"id":49},{"id":50},{"id":51},{"id":52},{"id":53},{"id":54},{"id":56},{"id":57},{"id":58},{"id":59},{"id":60},{"id":61},{"id":62},{"id":63},{"id":64},{"id":65},{"id":66},{"id":67},{"id":68},{"id":69},{"id":72},{"id":73},{"id":74},{"id":75},{"id":76},{"id":77},{"id":78},{"id":79},{"id":81},{"id":82},{"id":83},{"id":84},{"id":85},{"id":86},{"id":87},{"id":89},{"id":90},{"id":91},{"id":92},{"id":93},{"id":94},{"id":95},{"id":96},{"id":121},{"id":122},{"id":123},{"id":124},{"id":125},{"id":126},{"id":127},{"id":128},{"id":129},{"id":130}]},{"name":"Sneakywicked","id":11,"guid":155005461,"type":"Rogue","server":"Ragnaros","fights":[{"id":1},{"id":2},{"id":3},{"id":4},{"id":5},{"id":6},{"id":98},{"id":101},{"id":102},{"id":104},{"id":105},{"id":107},{"id":108},{"id":109},{"id":110},{"id":111},{"id":112},{"id":113},{"id":114},{"id":115},{"id":116},{"id":117},{"id":118},{"id":119},{"id":121},{"id":122},{"id":123}]},{"name":"Dagarooth","id":15,"guid":139431192,"type":"Druid","server":"Ragnaros","fights":[{"id":1},{"id":2},{"id":3},{"id":4},{"id":5},{"id":6},{"id":7},{"id":8},{"id":9},{"id":10},{"id":11},{"id":12},{"id":13},{"id":14},{"id":15},{"id":16},{"id":17},{"id":18},{"id":19},{"id":22},{"id":23},{"id":24},{"id":25},{"id":26},{"id":27},{"id":28},{"id":29},{"id":30},{"id":31},{"id":34},{"id":37},{"id":38},{"id":39},{"id":41},{"id":45},{"id":47},{"id":48},{"id":49},{"id":50},{"id":54},{"id":55},{"id":56},{"id":57},{"id":58},{"id":59},{"id":60},{"id":61},{"id":62},{"id":66},{"id":68},{"id":69},{"id":73},{"id":75},{"id":77},{"id":78},{"id":79},{"id":80},{"id":81},{"id":82},{"id":83},{"id":84},{"id":85},{"id":86},{"id":89},{"id":90},{"id":91},{"id":92},{"id":93},{"id":94},{"id":95},{"id":96},{"id":98},{"id":99},{"id":100},{"id":101},{"id":102},{"id":103},{"id":104},{"id":105},{"id":106},{"id":107},{"id":108},{"id":109},{"id":110},{"id":111},{"id":112},{"id":113},{"id":114},{"id":115},{"id":116},{"id":117},{"id":118},{"id":119},{"id":121},{"id":122},{"id":123},{"id":124},{"id":125},{"id":126},{"id":127},{"id":128},{"id":129},{"id":130}]},{"name":"Kezza","id":8,"guid":155068333,"type":"Warrior","server":"Ragnaros","fights":[{"id":9},{"id":10},{"id":11},{"id":12},{"id":13}]},{"name":"Lukdh","id":7,"guid":156907021,"type":"DemonHunter","server":"Ragnaros","fights":[{"id":1},{"id":3},{"id":4},{"id":5},{"id":6},{"id":7},{"id":8},{"id":9},{"id":10},{"id":11},{"id":12},{"id":13},{"id":14},{"id":15},{"id":16},{"id":17},{"id":18},{"id":19},{"id":20},{"id":21},{"id":22},{"id":23},{"id":24},{"id":25},{"id":26},{"id":27},{"id":29},{"id":34},{"id":37},{"id":38},{"id":39},{"id":41},{"id":45},{"id":48},{"id":49},{"id":50},{"id":54},{"id":56},{"id":57},{"id":58},{"id":60},{"id":61},{"id":62},{"id":63},{"id":65},{"id":66},{"id":69},{"id":77},{"id":78},{"id":79},{"id":84},{"id":90},{"id":92},{"id":93},{"id":95},{"id":98},{"id":99},{"id":101},{"id":102},{"id":103},{"id":104},{"id":105},{"id":107},{"id":108},{"id":109},{"id":110},{"id":111},{"id":112},{"id":113},{"id":114},{"id":115},{"id":116},{"id":117},{"id":118},{"id":119},{"id":120},{"id":121},{"id":122},{"id":123},{"id":124},{"id":125},{"id":126},{"id":127},{"id":128},{"id":129},{"id":130}]},{"name":"Quemanchados","id":34,"guid":178865944,"type":"Druid","server":"Ragnaros","fights":[{"id":1},{"id":2},{"id":3},{"id":4},{"id":5},{"id":6},{"id":7},{"id":8},{"id":12},{"id":13},{"id":14},{"id":15},{"id":16},{"id":17}]},{"name":"Feisman","id":22,"guid":130637953,"type":"Monk","server":"Ragnaros","fights":[{"id":1},{"id":3},{"id":4},{"id":5},{"id":6},{"id":7},{"id":8},{"id":14},{"id":15},{"id":16},{"id":17},{"id":18},{"id":19},{"id":20},{"id":21},{"id":22},{"id":23},{"id":24},{"id":25},{"id":26},{"id":27},{"id":29},{"id":30},{"id":31},{"id":34},{"id":35},{"id":36},{"id":37},{"id":38},{"id":39},{"id":40},{"id":41},{"id":42},{"id":43},{"id":45},{"id":47},{"id":48},{"id":49},{"id":50},{"id":51},{"id":52},{"id":54},{"id":55},{"id":56},{"id":57},{"id":58},{"id":59},{"id":60},{"id":61},{"id":62},{"id":63},{"id":64},{"id":66},{"id":68},{"id":69}]},{"name":"Oso","id":164,"guid":174564027,"type":"Druid","server":"Ragnaros","fights":[{"id":31},{"id":32},{"id":33},{"id":34},{"id":35},{"id":36},{"id":37},{"id":38},{"id":39},{"id":40},{"id":41},{"id":42},{"id":43},{"id":44},{"id":45},{"id":46},{"id":47},{"id":48},{"id":49},{"id":50},{"id":51},{"id":52},{"id":54},{"id":56},{"id":57},{"id":58},{"id":59},{"id":61},{"id":62},{"id":63},{"id":64},{"id":65},{"id":66},{"id":67},{"id":69},{"id":73},{"id":75},{"id":77},{"id":78},{"id":79},{"id":80},{"id":81},{"id":84},{"id":85},{"id":86},{"id":90},{"id":91},{"id":92},{"id":93},{"id":94},{"id":95},{"id":96},{"id":98},{"id":99},{"id":100},{"id":101},{"id":102},{"id":103},{"id":104},{"id":105},{"id":107},{"id":108},{"id":109},{"id":110},{"id":111},{"id":112},{"id":113},{"id":114},{"id":115},{"id":116},{"id":117},{"id":118},{"id":119},{"id":121},{"id":122},{"id":123},{"id":124},{"id":125},{"id":126},{"id":127},{"id":128},{"id":129},{"id":130}]}],"enemies":[{"name":"Il'gynoth","id":295,"guid":158328,"type":"Boss","abilityIcon":"inv_eyeofnzothpet","fights":[{"id":124,"instances":1,"groups":2},{"id":125,"instances":1,"groups":1},{"id":126,"instances":1,"groups":2},{"id":127,"instances":1,"groups":3},{"id":128,"instances":1,"groups":3},{"id":129,"instances":1,"groups":5},{"id":130,"instances":1,"groups":4}]},{"name":"Queen Azshara","id":165,"guid":156579,"type":"NPC","abilityIcon":"ability_warlock_eradication","fights":[{"id":32,"instances":1},{"id":33,"instances":1},{"id":34,"instances":1},{"id":35,"instances":1},{"id":36,"instances":1},{"id":37,"instances":1},{"id":38,"instances":1},{"id":39,"instances":1},{"id":40,"instances":1},{"id":41,"instances":1},{"id":42,"instances":1},{"id":43,"instances":1},{"id":44,"instances":1},{"id":45,"instances":1},{"id":46,"instances":1},{"id":47,"instances":1},{"id":48,"instances":1},{"id":49,"instances":1},{"id":50,"instances":1},{"id":51,"instances":1},{"id":52,"instances":1},{"id":53,"instances":1},{"id":54,"instances":1},{"id":55,"instances":1},{"id":56,"instances":1},{"id":57,"instances":1},{"id":58,"instances":1},{"id":59,"instances":1},{"id":60,"instances":1},{"id":61,"instances":1},{"id":62,"instances":1},{"id":63,"instances":1},{"id":64,"instances":1},{"id":65,"instances":1},{"id":66,"instances":1},{"id":67,"instances":1},{"id":68,"instances":1},{"id":69,"instances":1},{"id":70,"instances":1},{"id":71,"instances":1},{"id":72,"instances":1},{"id":73,"instances":1},{"id":74,"instances":1},{"id":75,"instances":1},{"id":76,"instances":1},{"id":77,"instances":1},{"id":78,"instances":1},{"id":79,"instances":1},{"id":80,"instances":1},{"id":81,"instances":1},{"id":82,"instances":1},{"id":83,"instances":1},{"id":84,"instances":1},{"id":85,"instances":1},{"id":86,"instances":1},{"id":87,"instances":1},{"id":88,"instances":1},{"id":89,"instances":1},{"id":90,"instances":1},{"id":91,"instances":1},{"id":92,"instances":1},{"id":93,"instances":1},{"id":94,"instances":1},{"id":95,"instances":1},{"id":96,"instances":1},{"id":97,"instances":1},{"id":98,"instances":1},{"id":99,"instances":1},{"id":100,"instances":1},{"id":101,"instances":1},{"id":102,"instances":1},{"id":103,"instances":1},{"id":104,"instances":1},{"id":105,"instances":1},{"id":106,"instances":1},{"id":107,"instances":1}]},{"name":"Occult Shadowmender","id":85,"guid":159425,"type":"NPC","abilityIcon":"spell_shadow_painspike","fights":[{"id":6,"instances":1},{"id":7,"instances":2},{"id":17,"instances":1},{"id":19,"instances":2},{"id":30,"instances":1},{"id":31,"instances":1}]},{"name":"Cultist Sycophant","id":162,"guid":161251,"type":"NPC","abilityIcon":"ability_ironmaidens_sanguinestrikes","fights":[{"id":30,"instances":4,"groups":1},{"id":31,"instances":4,"groups":1}]},{"name":"Crushing Tendril","id":258,"guid":161312,"type":"NPC","abilityIcon":"achievement_boss_yoggsaron_01","fights":[{"id":113,"instances":2,"groups":1},{"id":119,"instances":3,"groups":2}]},{"name":"Corrosive Digester","id":129,"guid":162828,"type":"NPC","abilityIcon":"inv_misc_food_legion_gooslime_multi","fights":[{"id":113,"instances":1,"groups":1},{"id":119,"instances":1,"groups":1},{"id":120,"instances":1,"groups":1},{"id":123,"instances":7,"groups":1}]},{"name":"Image of Absolution","id":110,"guid":160904,"type":"NPC","abilityIcon":"inv_enchant_dustillusion","fights":[{"id":9,"instances":21,"groups":2}]},{"name":"Organ of Corruption","id":297,"guid":158343,"type":"NPC","abilityIcon":"inv_misc_organ_06","fights":[{"id":124,"instances":5},{"id":126,"instances":3},{"id":127,"instances":5},{"id":128,"instances":5},{"id":129,"instances":6},{"id":130,"instances":6}]},{"name":"Void Ascendant","id":239,"guid":162719,"type":"NPC","abilityIcon":"spell_priest_voidsear","fights":[{"id":108,"instances":2}]},{"name":"Gnashing Terror","id":260,"guid":161334,"type":"NPC","abilityIcon":"ability_creature_poison_02","fights":[{"id":113,"instances":1,"groups":1},{"id":119,"instances":4,"groups":2}]},{"name":"Sinister Soulcarver","id":240,"guid":162717,"type":"NPC","abilityIcon":"ability_theblackarrow","fights":[{"id":108,"instances":4,"groups":2}]},{"name":"Ossirat","id":58,"guid":161746,"type":"NPC","abilityIcon":"inv_weapon_hand_08","fights":[{"id":11,"instances":1,"groups":2}]},{"name":"Umbral Seer","id":112,"guid":159219,"type":"NPC","abilityIcon":"spell_priest_divinestar_shadow2","fights":[{"id":10,"instances":1,"groups":1},{"id":19,"instances":2,"groups":1},{"id":113,"instances":2,"groups":1}]},{"name":"Eye of Drest'agath","id":282,"guid":157612,"type":"NPC","abilityIcon":"spell_shadow_siphonmana","fights":[{"id":121,"instances":10,"groups":4},{"id":122,"instances":15,"groups":4}]},{"name":"Awakened Terror","id":180,"guid":162432,"type":"NPC","abilityIcon":"spell_shadow_psychicscream","fights":[{"id":37,"instances":2,"groups":1},{"id":39,"instances":3,"groups":1},{"id":41,"instances":4,"groups":1},{"id":45,"instances":3,"groups":1},{"id":48,"instances":2,"groups":1},{"id":50,"instances":5,"groups":2},{"id":54,"instances":2,"groups":1},{"id":56,"instances":2,"groups":1},{"id":58,"instances":5,"groups":2},{"id":62,"instances":2,"groups":1},{"id":69,"instances":2,"groups":1},{"id":77,"instances":3,"groups":1},{"id":79,"instances":2,"groups":1},{"id":84,"instances":2,"groups":1},{"id":90,"instances":3,"groups":1},{"id":92,"instances":5,"groups":2},{"id":95,"instances":3,"groups":1},{"id":98,"instances":3,"groups":1},{"id":102,"instances":2,"groups":1},{"id":105,"instances":2,"groups":1},{"id":107,"instances":9,"groups":3}]},{"name":"Aqir Drone","id":153,"guid":157255,"type":"NPC","abilityIcon":"ability_fixated_state_red","fights":[{"id":24,"instances":30,"groups":2},{"id":25,"instances":40,"groups":4},{"id":26,"instances":40,"groups":4}]},{"name":"Anubisath Sentinel","id":91,"guid":162534,"type":"NPC","abilityIcon":"ability_warrior_trauma","fights":[{"id":8,"instances":1}]},{"name":"Anubisath Sentinel","id":93,"guid":162508,"type":"NPC","abilityIcon":"spell_shadow_shadowbolt","fights":[{"id":8,"instances":1}]},{"name":"Lioníze","id":66,"guid":146258851,"type":"Unknown","server":"Ragnaros","fights":[{"id":2}]},{"name":"Void Initiate","id":84,"guid":160182,"type":"NPC","abilityIcon":"ability_ironmaidens_convulsiveshadows","fights":[{"id":7,"instances":2,"groups":1},{"id":10,"instances":7,"groups":1},{"id":15,"instances":22,"groups":1},{"id":17,"instances":5,"groups":1},{"id":18,"instances":9,"groups":1},{"id":19,"instances":2,"groups":1},{"id":113,"instances":2,"groups":1}]},{"name":"Dying Voidspawn","id":125,"guid":163712,"type":"NPC","abilityIcon":"ability_fixated_state_red","fights":[{"id":17,"instances":21,"groups":1}]},{"name":"Aqir Skitterer","id":139,"guid":161217,"type":"NPC","abilityIcon":"ability_fixated_state_red","fights":[{"id":20,"instances":7,"groups":1},{"id":21,"instances":10,"groups":2},{"id":22,"instances":32,"groups":1}]},{"name":"Iron-Willed Enforcer","id":244,"guid":157451,"type":"NPC","abilityIcon":"ability_smash","fights":[{"id":110,"instances":2,"groups":1},{"id":111,"instances":5,"groups":4},{"id":112,"instances":4,"groups":3}]},{"name":"Deresh of the Nothingness","id":145,"guid":159768,"type":"NPC","abilityIcon":"spell_priest_voidtendrils","fights":[{"id":21,"instances":1}]},{"name":"Acidic Aqir","id":155,"guid":159173,"type":"NPC","abilityIcon":"ability_creature_poison_06","fights":[{"id":24,"instances":3},{"id":25,"instances":5},{"id":26,"instances":5}]},{"name":"Aqir Venomweaver","id":146,"guid":161229,"type":"NPC","abilityIcon":"spell_nature_corrosivebreath","fights":[{"id":22,"instances":2,"groups":1}]},{"name":"Maddened Conscript","id":87,"guid":159305,"type":"NPC","abilityIcon":"ability_racial_bloodrage","fights":[{"id":6,"instances":1,"groups":1},{"id":7,"instances":2,"groups":1},{"id":15,"instances":2,"groups":1},{"id":17,"instances":3,"groups":1},{"id":18,"instances":2,"groups":1},{"id":19,"instances":2,"groups":2},{"id":30,"instances":1,"groups":1},{"id":31,"instances":1,"groups":1}]},{"name":"Eye of the Depths","id":134,"guid":159510,"type":"NPC","abilityIcon":"spell_priest_divinestar_shadow2","fights":[{"id":19,"instances":1},{"id":21,"instances":1},{"id":113,"instances":1}]},{"name":"Clotted Corruption","id":299,"guid":163678,"type":"NPC","abilityIcon":"inv_misc_food_legion_gooslime_multi","fights":[{"id":124,"instances":2,"groups":2},{"id":126,"instances":1,"groups":1},{"id":127,"instances":2,"groups":2},{"id":128,"instances":1,"groups":2},{"id":129,"instances":2,"groups":3},{"id":130,"instances":2,"groups":3}]},{"name":"Coagulated Monstrosity","id":261,"guid":161836,"type":"NPC","fights":[{"id":113,"instances":3,"groups":1},{"id":119,"instances":3,"groups":1}]},{"name":"Aqir Drone","id":143,"guid":162306,"type":"NPC","fights":[{"id":21,"instances":10,"groups":2}]},{"name":"Prophet Skitra","id":106,"guid":157620,"type":"NPC","fights":[{"id":9,"instances":1,"groups":2}]},{"name":"Spellbound Ritualist","id":248,"guid":157450,"type":"NPC","abilityIcon":"spell_shadow_shadowbolt","fights":[{"id":110,"instances":2},{"id":111,"instances":4},{"id":112,"instances":3}]},{"name":"Fanatical Cultist","id":245,"guid":157447,"type":"NPC","fights":[{"id":110,"instances":6,"groups":1},{"id":111,"instances":11,"groups":5},{"id":112,"instances":8,"groups":4}]},{"name":"Aqir Swarmer","id":141,"guid":162664,"type":"NPC","abilityIcon":"ability_fixated_state_red","fights":[{"id":20,"instances":5,"groups":1},{"id":21,"instances":6,"groups":1}]},{"name":"Leeching Parasite","id":263,"guid":159309,"type":"NPC","abilityIcon":"trade_engineering","fights":[{"id":113,"instances":6,"groups":2}]},{"name":"Fanatical Cultist","id":236,"guid":162715,"type":"NPC","fights":[{"id":108,"instances":21,"groups":3}]},{"name":"Vexiona","id":238,"guid":157354,"type":"Boss","abilityIcon":"ability_priest_voidentropy","fights":[{"id":108,"instances":1,"groups":3},{"id":109,"instances":1,"groups":1},{"id":110,"instances":1,"groups":1},{"id":111,"instances":1,"groups":1},{"id":112,"instances":1,"groups":1}]},{"name":"Engorged Maggot","id":257,"guid":161833,"type":"NPC","fights":[{"id":113,"instances":8,"groups":1},{"id":119,"instances":16,"groups":2}]},{"name":"Aqir Shadowcrafter","id":114,"guid":161416,"type":"NPC","abilityIcon":"spell_shadow_shadowbolt","fights":[{"id":12,"instances":4,"groups":1}]},{"name":"Aqir Darter","id":156,"guid":157256,"type":"NPC","abilityIcon":"ability_vehicle_sonicshockwave","fights":[{"id":24,"instances":9,"groups":3},{"id":25,"instances":12,"groups":4},{"id":26,"instances":12,"groups":4}]},{"name":"Maut","id":118,"guid":156523,"type":"Boss","abilityIcon":"inv_misc_archstone_01","fights":[{"id":13,"instances":1},{"id":14,"instances":1}]},{"name":"Demented Knife-Twister","id":132,"guid":159417,"type":"NPC","abilityIcon":"ability_rogue_shadowyduel","fights":[{"id":18,"instances":2,"groups":1},{"id":19,"instances":2,"groups":1},{"id":28,"instances":2,"groups":1},{"id":29,"instances":2,"groups":1}]},{"name":"Maw of Drest'agath","id":287,"guid":157613,"type":"NPC","abilityIcon":"ability_creature_poison_02","fights":[{"id":121,"instances":9,"groups":3},{"id":122,"instances":13,"groups":3}]},{"name":"Onyx Scarab","id":113,"guid":161834,"type":"NPC","fights":[{"id":11,"instances":1}]},{"name":"Cursed Blood","id":296,"guid":161522,"type":"NPC","abilityIcon":"warlock_pvp_cursefragility","fights":[{"id":124,"instances":1,"groups":7},{"id":125,"instances":1,"groups":1},{"id":126,"instances":1,"groups":4},{"id":127,"instances":1,"groups":9},{"id":128,"instances":1,"groups":11},{"id":129,"instances":1,"groups":14},{"id":130,"instances":1,"groups":13}]},{"name":"Crackling Shard","id":79,"guid":158327,"type":"NPC","abilityIcon":"ability_rhyolith_volcano","fights":[{"id":3,"instances":5,"groups":1},{"id":4,"instances":27,"groups":1}]},{"name":"Sinister Soulcarver","id":251,"guid":157449,"type":"NPC","abilityIcon":"ability_theblackarrow","fights":[{"id":111,"instances":4,"groups":3},{"id":112,"instances":3,"groups":2}]},{"name":"Anubisath Sentinel","id":90,"guid":162417,"type":"NPC","abilityIcon":"spell_nature_thunderclap","fights":[{"id":8,"instances":1}]},{"name":"Aqir Scarab","id":115,"guid":159405,"type":"NPC","fights":[{"id":12,"instances":32,"groups":1}]},{"name":"Tek'ris","id":149,"guid":157254,"type":"Boss","abilityIcon":"ability_priest_voidentropy","fights":[{"id":23,"instances":1},{"id":24,"instances":1},{"id":25,"instances":1},{"id":26,"instances":1}]},{"name":"Dark Ritualist","id":161,"guid":161286,"type":"NPC","abilityIcon":"spell_priest_divinestar_shadow2","fights":[{"id":30,"instances":1},{"id":31,"instances":1}]},{"name":"Hepthys","id":56,"guid":161745,"type":"NPC","abilityIcon":"inv_misc_archstone_01","fights":[{"id":11,"instances":1}]},{"name":"Aqir Crusher","id":147,"guid":161218,"type":"NPC","abilityIcon":"inv_misc_volatileearth","fights":[{"id":22,"instances":2,"groups":1}]},{"name":"Spiked Tentacle","id":127,"guid":159416,"type":"NPC","abilityIcon":"achievement_boss_yoggsaron_01","fights":[{"id":113,"instances":3,"groups":1}]},{"name":"Gryth'ax the Executioner","id":122,"guid":159224,"type":"NPC","abilityIcon":"spell_shadow_painspike","fights":[{"id":16,"instances":1}]},{"name":"Prophet Skitra","id":100,"guid":157238,"type":"Boss","abilityIcon":"inv_misc_shadowegg","fights":[{"id":9,"instances":1}]},{"name":"Living Miasma","id":269,"guid":157229,"type":"NPC","abilityIcon":"ability_priest_voidentropy","fights":[{"id":114,"instances":14,"groups":3},{"id":115,"instances":11,"groups":2},{"id":116,"instances":15,"groups":2},{"id":117,"instances":15,"groups":3}]},{"name":"Sanguimar","id":264,"guid":159767,"type":"NPC","abilityIcon":"ability_deathwing_bloodcorruption_earth","fights":[{"id":113,"instances":1}]},{"name":"Blood of Ny'alotha","id":300,"guid":159514,"type":"NPC","abilityIcon":"ability_warrior_bloodnova","fights":[{"id":124,"instances":11,"groups":1},{"id":126,"instances":3,"groups":1},{"id":127,"instances":22,"groups":1},{"id":128,"instances":28,"groups":1},{"id":129,"instances":59,"groups":1},{"id":130,"instances":59,"groups":1}]},{"name":"Zealous Adherent","id":133,"guid":159308,"type":"NPC","abilityIcon":"ability_ironmaidens_convulsiveshadows","fights":[{"id":18,"instances":3,"groups":1},{"id":19,"instances":3,"groups":2}]},{"name":"Shath'Yar Scribe","id":88,"guid":163690,"type":"NPC","abilityIcon":"inv_enchant_voidsphere","fights":[{"id":7,"instances":3,"groups":1},{"id":10,"instances":3,"groups":1},{"id":16,"instances":2,"groups":1}]},{"name":"Spellbound Ritualist","id":128,"guid":162716,"type":"NPC","abilityIcon":"trade_engineering","fights":[{"id":108,"instances":5,"groups":3}]},{"name":"Acidic Aqir","id":154,"guid":161019,"type":"NPC","abilityIcon":"ability_creature_poison_06","fights":[{"id":24,"instances":32,"groups":4},{"id":25,"instances":40,"groups":5},{"id":26,"instances":40,"groups":5}]},{"name":"Umbral Gatekeeper","id":123,"guid":163708,"type":"NPC","abilityIcon":"spell_priest_void-blast","fights":[{"id":17,"instances":2,"groups":1}]},{"name":"Aqir Heartpiercer","id":142,"guid":162305,"type":"NPC","abilityIcon":"inv_misc_organ_01","fights":[{"id":21,"instances":4,"groups":1}]},{"name":"Ashwalker Assassin","id":81,"guid":160291,"type":"NPC","abilityIcon":"ability_stealth","fights":[{"id":3,"instances":4,"groups":1},{"id":4,"instances":4,"groups":1}]},{"name":"Flayed Soul","id":175,"guid":157005,"type":"NPC","abilityIcon":"ability_demonhunter_soulcleave2","fights":[{"id":37,"instances":8,"groups":1},{"id":39,"instances":8,"groups":1},{"id":41,"instances":8,"groups":1},{"id":45,"instances":16,"groups":2},{"id":48,"instances":8,"groups":1},{"id":50,"instances":16,"groups":2},{"id":54,"instances":8,"groups":1},{"id":56,"instances":8,"groups":1},{"id":58,"instances":24,"groups":3},{"id":62,"instances":8,"groups":1},{"id":69,"instances":8,"groups":1},{"id":77,"instances":8,"groups":1},{"id":79,"instances":8,"groups":1},{"id":84,"instances":8,"groups":1},{"id":90,"instances":16,"groups":2},{"id":92,"instances":24,"groups":3},{"id":95,"instances":8,"groups":1},{"id":98,"instances":8,"groups":1},{"id":102,"instances":8,"groups":1},{"id":105,"instances":8,"groups":1},{"id":107,"instances":40,"groups":5}]},{"name":"Dark Inquisitor Xanesh","id":126,"guid":156575,"type":"Boss","abilityIcon":"inv_gauntlets_09","fights":[{"id":37,"instances":1},{"id":39,"instances":1},{"id":41,"instances":1},{"id":45,"instances":1},{"id":48,"instances":1},{"id":50,"instances":1},{"id":54,"instances":1},{"id":56,"instances":1},{"id":58,"instances":1},{"id":62,"instances":1},{"id":66,"instances":1},{"id":69,"instances":1},{"id":70,"instances":1},{"id":71,"instances":1},{"id":77,"instances":1},{"id":79,"instances":1},{"id":84,"instances":1},{"id":90,"instances":1},{"id":92,"instances":1},{"id":95,"instances":1},{"id":98,"instances":1},{"id":102,"instances":1},{"id":105,"instances":1},{"id":107,"instances":1}]},{"name":"Wrathion","id":38,"guid":156818,"type":"Boss","abilityIcon":"ability_deathwing_cataclysm","fights":[{"id":1,"instances":1,"groups":1},{"id":3,"instances":1,"groups":1},{"id":4,"instances":1,"groups":2}]},{"name":"Balcoin","id":68,"guid":166935560,"type":"Druid","server":"Ragnaros","fights":[{"id":2}]},{"name":"Kuyên","id":63,"guid":164503295,"type":"Druid","server":"Ragnaros","fights":[{"id":2}]},{"name":"Shadow of Vexiona","id":254,"guid":162308,"type":"NPC","abilityIcon":"ability_rogue_envelopingshadows","fights":[{"id":111,"instances":1,"groups":1},{"id":112,"instances":1,"groups":5}]},{"name":"Ka'zir","id":148,"guid":157253,"type":"Boss","abilityIcon":"ability_pet_baneling","fights":[{"id":23,"instances":1},{"id":24,"instances":1},{"id":25,"instances":1},{"id":26,"instances":1}]},{"name":"Void Horror","id":259,"guid":161335,"type":"NPC","abilityIcon":"spell_shadow_siphonmana","fights":[{"id":113,"instances":2,"groups":1},{"id":119,"instances":5,"groups":2}]},{"name":"Dark Manifestation","id":120,"guid":156650,"type":"NPC","fights":[{"id":14,"instances":5,"groups":2}]},{"name":"Void Fanatic","id":89,"guid":160183,"type":"NPC","fights":[{"id":7,"instances":1,"groups":1},{"id":10,"instances":2,"groups":1},{"id":18,"instances":12,"groups":1},{"id":19,"instances":2,"groups":1}]},{"name":"Jesh'ra","id":130,"guid":159764,"type":"NPC","abilityIcon":"ability_rogue_envelopingshadows","fights":[{"id":18,"instances":1}]},{"name":"Iron-Willed Enforcer","id":237,"guid":162718,"type":"NPC","abilityIcon":"ability_smash","fights":[{"id":108,"instances":4,"groups":2}]},{"name":"Void Ascendant","id":241,"guid":157467,"type":"NPC","abilityIcon":"spell_priest_voidsear","fights":[{"id":108,"instances":1},{"id":109,"instances":1},{"id":110,"instances":1},{"id":111,"instances":3},{"id":112,"instances":3}]},{"name":"Drest'agath","id":279,"guid":157602,"type":"Boss","abilityIcon":"spell_shaman_earthquake","fights":[{"id":119,"instances":1},{"id":121,"instances":1},{"id":122,"instances":1}]},{"name":"Gibbering Ooze","id":256,"guid":161835,"type":"NPC","fights":[{"id":113,"instances":3,"groups":2},{"id":119,"instances":5,"groups":2},{"id":123,"instances":3,"groups":2}]},{"name":"Anubisath Sentinel","id":92,"guid":161571,"type":"NPC","abilityIcon":"ability_warrior_savageblow","fights":[{"id":8,"instances":1}]},{"name":"Living Blood","id":255,"guid":159312,"type":"NPC","abilityIcon":"ability_deathwing_bloodcorruption_earth","fights":[{"id":113,"instances":23,"groups":5},{"id":119,"instances":7,"groups":2},{"id":120,"instances":4,"groups":1},{"id":123,"instances":4,"groups":1}]},{"name":"Aqir Swarmkeeper","id":138,"guid":162303,"type":"NPC","abilityIcon":"inv_inscription_pigment_bug07","fights":[{"id":20,"instances":1},{"id":21,"instances":1}]},{"name":"Tentacle of Drest'agath","id":286,"guid":157614,"type":"NPC","abilityIcon":"ability_earthen_pillar","fights":[{"id":121,"instances":9,"groups":5},{"id":122,"instances":12,"groups":5}]},{"name":"Monstrous Behemoth","id":86,"guid":159303,"type":"NPC","abilityIcon":"spell_shadow_grimward","fights":[{"id":6,"instances":1},{"id":10,"instances":2},{"id":17,"instances":1},{"id":18,"instances":1},{"id":19,"instances":1},{"id":30,"instances":1},{"id":113,"instances":1}]},{"name":"Shad'har the Insatiable","id":266,"guid":157231,"type":"Boss","abilityIcon":"ability_warlock_everlastingaffliction","fights":[{"id":114,"instances":1},{"id":115,"instances":1},{"id":116,"instances":1},{"id":117,"instances":1}]},{"name":"Ämaterassü","id":62,"guid":164452683,"type":"Unknown","server":"Ragnaros","fights":[{"id":2}]},{"name":"Shredded Psyche","id":104,"guid":158781,"type":"NPC","abilityIcon":"spell_shadow_painandsuffering","fights":[{"id":9,"instances":3}]}],"friendlyPets":[{"name":"Guardian of Azeroth","id":267,"guid":152396,"type":"Pet","petOwner":135,"fights":[{"id":114,"instances":2},{"id":115,"instances":1},{"id":116,"instances":1},{"id":117,"instances":2},{"id":119,"instances":1}]},{"name":"Demonic Gateway","id":76,"guid":59271,"type":"Pet","petOwner":6,"fights":[{"id":3,"instances":1},{"id":4,"instances":2},{"id":52,"instances":1},{"id":57,"instances":2},{"id":59,"instances":1},{"id":107,"instances":1},{"id":111,"instances":2},{"id":112,"instances":2},{"id":117,"instances":1},{"id":122,"instances":2},{"id":124,"instances":1},{"id":130,"instances":1}]},{"name":"Rune Weapon","id":101,"guid":27893,"type":"Pet","petOwner":96,"fights":[{"id":9,"instances":2},{"id":10,"instances":1},{"id":12,"instances":1}]},{"name":"Demonic Gateway","id":75,"guid":59262,"type":"Pet","petOwner":6,"fights":[{"id":3,"instances":1},{"id":4,"instances":2},{"id":52,"instances":1},{"id":57,"instances":2},{"id":59,"instances":1},{"id":107,"instances":1},{"id":111,"instances":2},{"id":112,"instances":1},{"id":117,"instances":1},{"id":122,"instances":2},{"id":124,"instances":1},{"id":130,"instances":1}]},{"name":"Bulvinkel","id":73,"guid":49481765,"type":"Pet","petOwner":13,"fights":[{"id":3,"instances":1},{"id":4,"instances":1},{"id":6,"instances":1},{"id":7,"instances":1},{"id":8,"instances":1},{"id":9,"instances":1},{"id":10,"instances":1},{"id":11,"instances":1},{"id":12,"instances":1},{"id":13,"instances":1},{"id":14,"instances":1},{"id":15,"instances":1},{"id":16,"instances":1},{"id":17,"instances":1},{"id":18,"instances":1},{"id":19,"instances":1},{"id":20,"instances":1},{"id":21,"instances":1},{"id":22,"instances":1},{"id":23,"instances":1},{"id":24,"instances":1},{"id":25,"instances":1},{"id":26,"instances":1},{"id":27,"instances":1},{"id":29,"instances":1},{"id":30,"instances":1},{"id":37,"instances":1},{"id":39,"instances":1},{"id":41,"instances":1},{"id":45,"instances":1},{"id":46,"instances":1},{"id":48,"instances":1},{"id":50,"instances":1},{"id":54,"instances":1},{"id":56,"instances":1},{"id":58,"instances":1},{"id":62,"instances":1},{"id":66,"instances":1},{"id":69,"instances":1},{"id":77,"instances":1},{"id":79,"instances":1},{"id":84,"instances":1},{"id":92,"instances":1},{"id":95,"instances":1},{"id":98,"instances":1},{"id":102,"instances":1},{"id":105,"instances":1},{"id":107,"instances":1},{"id":108,"instances":1},{"id":109,"instances":1},{"id":110,"instances":1},{"id":111,"instances":1},{"id":112,"instances":1},{"id":113,"instances":1},{"id":114,"instances":1},{"id":115,"instances":1},{"id":116,"instances":1},{"id":117,"instances":1},{"id":118,"instances":1},{"id":119,"instances":1},{"id":121,"instances":1},{"id":122,"instances":1},{"id":124,"instances":1},{"id":126,"instances":1},{"id":127,"instances":1},{"id":128,"instances":1},{"id":129,"instances":1},{"id":130,"instances":1}]},{"name":"Earthen Wall Totem","id":48,"guid":100943,"type":"Pet","petOwner":2,"fights":[{"id":1,"instances":1},{"id":3,"instances":2},{"id":4,"instances":4},{"id":9,"instances":3},{"id":14,"instances":4},{"id":18,"instances":1},{"id":19,"instances":1},{"id":21,"instances":2},{"id":24,"instances":3},{"id":25,"instances":5},{"id":26,"instances":5},{"id":31,"instances":1},{"id":114,"instances":4},{"id":115,"instances":4},{"id":116,"instances":4},{"id":117,"instances":4},{"id":119,"instances":2},{"id":122,"instances":9},{"id":123,"instances":1}]},{"name":"Black Ox Statue","id":136,"guid":61146,"type":"Pet","petOwner":98,"fights":[{"id":19,"instances":1}]},{"name":"Twisted Appendage","id":283,"guid":162764,"type":"Pet","petOwner":164,"fights":[{"id":121,"instances":12},{"id":122,"instances":10},{"id":124,"instances":6},{"id":126,"instances":1},{"id":127,"instances":5},{"id":128,"instances":12},{"id":129,"instances":13},{"id":130,"instances":9}]},{"name":"Infernal","id":45,"guid":89,"type":"Pet","petOwner":9,"fights":[{"id":1,"instances":3},{"id":3,"instances":4},{"id":4,"instances":9},{"id":6,"instances":1},{"id":7,"instances":1},{"id":9,"instances":5},{"id":11,"instances":3},{"id":12,"instances":1},{"id":14,"instances":6},{"id":15,"instances":1},{"id":17,"instances":2},{"id":18,"instances":3},{"id":19,"instances":2},{"id":20,"instances":1},{"id":22,"instances":2},{"id":24,"instances":3},{"id":25,"instances":6},{"id":26,"instances":9},{"id":37,"instances":2},{"id":39,"instances":1},{"id":41,"instances":2},{"id":45,"instances":1},{"id":48,"instances":1},{"id":50,"instances":5},{"id":54,"instances":2},{"id":56,"instances":5},{"id":58,"instances":3},{"id":62,"instances":2},{"id":66,"instances":1},{"id":69,"instances":2},{"id":77,"instances":1},{"id":79,"instances":3},{"id":84,"instances":1},{"id":90,"instances":1},{"id":92,"instances":6},{"id":95,"instances":2},{"id":98,"instances":1},{"id":102,"instances":1},{"id":105,"instances":2},{"id":107,"instances":5},{"id":108,"instances":6},{"id":110,"instances":3},{"id":111,"instances":7},{"id":112,"instances":6},{"id":113,"instances":8},{"id":114,"instances":9},{"id":115,"instances":3},{"id":116,"instances":6},{"id":117,"instances":5},{"id":119,"instances":4},{"id":121,"instances":7},{"id":122,"instances":15},{"id":123,"instances":1},{"id":124,"instances":8},{"id":126,"instances":5},{"id":127,"instances":10},{"id":128,"instances":8},{"id":129,"instances":12},{"id":130,"instances":16}]},{"name":"Healing Tide Totem","id":51,"guid":59764,"type":"Pet","petOwner":2,"fights":[{"id":1,"instances":2},{"id":3,"instances":2},{"id":4,"instances":8},{"id":7,"instances":2},{"id":8,"instances":1},{"id":9,"instances":5},{"id":14,"instances":8},{"id":16,"instances":2},{"id":17,"instances":1},{"id":18,"instances":3},{"id":19,"instances":3},{"id":21,"instances":2},{"id":22,"instances":3},{"id":24,"instances":4},{"id":25,"instances":5},{"id":26,"instances":6},{"id":29,"instances":1},{"id":31,"instances":2},{"id":114,"instances":4},{"id":115,"instances":3},{"id":116,"instances":6},{"id":117,"instances":6},{"id":119,"instances":4},{"id":121,"instances":10},{"id":122,"instances":13},{"id":123,"instances":1}]},{"name":"Wiksy","id":137,"guid":34898633,"type":"Pet","petOwner":135,"fights":[{"id":19,"instances":1},{"id":20,"instances":1},{"id":21,"instances":1},{"id":22,"instances":1},{"id":23,"instances":1},{"id":24,"instances":1},{"id":25,"instances":1},{"id":26,"instances":1},{"id":30,"instances":1},{"id":31,"instances":1},{"id":37,"instances":1},{"id":39,"instances":1},{"id":41,"instances":1},{"id":45,"instances":1},{"id":48,"instances":1},{"id":50,"instances":1},{"id":54,"instances":1},{"id":56,"instances":1},{"id":58,"instances":1},{"id":62,"instances":1},{"id":66,"instances":1},{"id":69,"instances":1},{"id":77,"instances":1},{"id":79,"instances":1},{"id":84,"instances":1},{"id":90,"instances":1},{"id":92,"instances":1},{"id":95,"instances":1},{"id":98,"instances":1},{"id":102,"instances":1},{"id":105,"instances":1},{"id":107,"instances":1},{"id":108,"instances":1},{"id":109,"instances":1},{"id":110,"instances":1},{"id":111,"instances":1},{"id":112,"instances":1},{"id":113,"instances":1},{"id":114,"instances":1},{"id":115,"instances":1},{"id":116,"instances":1},{"id":117,"instances":1},{"id":119,"instances":1},{"id":121,"instances":1},{"id":122,"instances":1},{"id":123,"instances":1},{"id":126,"instances":1}]},{"name":"Bloodworm","id":103,"guid":99773,"type":"Pet","petOwner":96,"fights":[{"id":9,"instances":10},{"id":10,"instances":4},{"id":11,"instances":7},{"id":12,"instances":9}]},{"name":"Twisted Appendage","id":109,"guid":162764,"type":"Pet","petOwner":98,"fights":[{"id":9,"instances":4}]},{"name":"Twisted Appendage","id":107,"guid":162764,"type":"Pet","petOwner":94,"fights":[{"id":9,"instances":5},{"id":10,"instances":1},{"id":11,"instances":1},{"id":14,"instances":4},{"id":16,"instances":3},{"id":17,"instances":1},{"id":18,"instances":5},{"id":19,"instances":1},{"id":22,"instances":2},{"id":24,"instances":1},{"id":25,"instances":5},{"id":26,"instances":6},{"id":29,"instances":3},{"id":31,"instances":1},{"id":37,"instances":1},{"id":39,"instances":1},{"id":45,"instances":1},{"id":48,"instances":1},{"id":50,"instances":5},{"id":56,"instances":1},{"id":58,"instances":5},{"id":66,"instances":1},{"id":69,"instances":1},{"id":77,"instances":1},{"id":84,"instances":1},{"id":90,"instances":1},{"id":92,"instances":2},{"id":95,"instances":1},{"id":98,"instances":2},{"id":102,"instances":2},{"id":105,"instances":2},{"id":107,"instances":6},{"id":108,"instances":1},{"id":109,"instances":1},{"id":110,"instances":2},{"id":111,"instances":4},{"id":112,"instances":6},{"id":113,"instances":5},{"id":114,"instances":4},{"id":115,"instances":2},{"id":116,"instances":8},{"id":117,"instances":2},{"id":124,"instances":3},{"id":126,"instances":2},{"id":127,"instances":9},{"id":128,"instances":10},{"id":129,"instances":14},{"id":130,"instances":12}]},{"name":"Greater Fire Elemental","id":173,"guid":95061,"type":"Pet","petOwner":2,"fights":[{"id":37,"instances":1},{"id":39,"instances":1},{"id":41,"instances":1},{"id":45,"instances":1},{"id":48,"instances":1},{"id":50,"instances":1},{"id":54,"instances":1},{"id":56,"instances":1},{"id":58,"instances":1},{"id":62,"instances":1},{"id":66,"instances":1},{"id":69,"instances":1},{"id":71,"instances":1},{"id":77,"instances":1},{"id":79,"instances":1},{"id":84,"instances":1},{"id":90,"instances":1},{"id":92,"instances":1},{"id":95,"instances":1},{"id":98,"instances":1},{"id":102,"instances":1},{"id":105,"instances":1},{"id":107,"instances":3},{"id":108,"instances":1},{"id":124,"instances":2},{"id":126,"instances":1},{"id":127,"instances":3},{"id":128,"instances":3},{"id":129,"instances":4},{"id":130,"instances":4}]},{"name":"Twisted Appendage","id":77,"guid":162764,"type":"Pet","petOwner":34,"fights":[{"id":3,"instances":1},{"id":14,"instances":5},{"id":17,"instances":2}]},{"name":"Carrion Bird","id":23,"guid":49440726,"type":"Pet","petOwner":13,"fights":[{"id":1,"instances":1}]},{"name":"Desgracia","id":19,"guid":47245843,"type":"Pet","petOwner":18,"fights":[{"id":1,"instances":1},{"id":3,"instances":1},{"id":4,"instances":1},{"id":5,"instances":1},{"id":6,"instances":1},{"id":7,"instances":1},{"id":8,"instances":1},{"id":114,"instances":1},{"id":115,"instances":1},{"id":116,"instances":1},{"id":117,"instances":1},{"id":119,"instances":1},{"id":121,"instances":1},{"id":122,"instances":1},{"id":123,"instances":1},{"id":124,"instances":1},{"id":126,"instances":1},{"id":127,"instances":1},{"id":128,"instances":1},{"id":129,"instances":1},{"id":130,"instances":1}]},{"name":"Twisted Appendage","id":250,"guid":162764,"type":"Pet","petOwner":7,"fights":[{"id":111,"instances":4},{"id":112,"instances":7},{"id":113,"instances":7},{"id":121,"instances":4},{"id":122,"instances":9},{"id":123,"instances":2}]},{"name":"Twisted Appendage","id":108,"guid":162764,"type":"Pet","petOwner":3,"fights":[{"id":9,"instances":2},{"id":10,"instances":1},{"id":12,"instances":3},{"id":110,"instances":4},{"id":111,"instances":6},{"id":112,"instances":9},{"id":121,"instances":9}]},{"name":"Gzaadrom","id":293,"guid":35845152,"type":"Pet","petOwner":135,"fights":[{"id":124,"instances":1},{"id":127,"instances":1},{"id":128,"instances":1},{"id":129,"instances":1},{"id":130,"instances":1}]},{"name":"Demonic Gateway","id":158,"guid":59262,"type":"Pet","petOwner":135,"fights":[{"id":124,"instances":1},{"id":129,"instances":1},{"id":130,"instances":2}]},{"name":"Lightspawn","id":74,"guid":128140,"type":"Pet","petOwner":33,"fights":[{"id":3,"instances":1},{"id":4,"instances":2},{"id":9,"instances":1},{"id":12,"instances":1},{"id":14,"instances":2},{"id":15,"instances":1},{"id":24,"instances":1},{"id":25,"instances":1},{"id":26,"instances":1},{"id":30,"instances":1},{"id":45,"instances":1},{"id":50,"instances":1},{"id":58,"instances":1},{"id":90,"instances":1},{"id":92,"instances":1},{"id":107,"instances":2},{"id":108,"instances":1},{"id":110,"instances":1},{"id":111,"instances":1},{"id":112,"instances":2},{"id":113,"instances":1},{"id":114,"instances":1},{"id":115,"instances":1},{"id":116,"instances":2},{"id":117,"instances":2},{"id":121,"instances":2},{"id":122,"instances":3},{"id":124,"instances":1},{"id":126,"instances":1},{"id":127,"instances":1},{"id":128,"instances":2},{"id":129,"instances":3},{"id":130,"instances":3}]},{"name":"Primal Fire Elemental","id":242,"guid":61029,"type":"Pet","petOwner":2,"fights":[{"id":110,"instances":1},{"id":111,"instances":2},{"id":112,"instances":3},{"id":113,"instances":2}]},{"name":"Belyap","id":27,"guid":48557092,"type":"Pet","petOwner":9,"fights":[{"id":1,"instances":1},{"id":3,"instances":1},{"id":4,"instances":1},{"id":6,"instances":1},{"id":7,"instances":1},{"id":8,"instances":1},{"id":9,"instances":1},{"id":11,"instances":1},{"id":12,"instances":1},{"id":13,"instances":1},{"id":14,"instances":1},{"id":15,"instances":1},{"id":16,"instances":1},{"id":17,"instances":1},{"id":18,"instances":1},{"id":19,"instances":1},{"id":20,"instances":1},{"id":21,"instances":1},{"id":22,"instances":1},{"id":23,"instances":1},{"id":24,"instances":1},{"id":25,"instances":1},{"id":26,"instances":1},{"id":110,"instances":1},{"id":111,"instances":1},{"id":112,"instances":1},{"id":113,"instances":1},{"id":114,"instances":1},{"id":115,"instances":1},{"id":116,"instances":1},{"id":117,"instances":1},{"id":119,"instances":1},{"id":121,"instances":1},{"id":122,"instances":1},{"id":123,"instances":1},{"id":124,"instances":1},{"id":126,"instances":1},{"id":127,"instances":1},{"id":128,"instances":1},{"id":129,"instances":1},{"id":130,"instances":1}]},{"name":"Spirit Link Totem","id":55,"guid":53006,"type":"Pet","petOwner":2,"fights":[{"id":1,"instances":1},{"id":3,"instances":1},{"id":4,"instances":2},{"id":9,"instances":1},{"id":14,"instances":1},{"id":19,"instances":1},{"id":21,"instances":1},{"id":25,"instances":1},{"id":26,"instances":1},{"id":31,"instances":1},{"id":114,"instances":1},{"id":115,"instances":1},{"id":116,"instances":1},{"id":117,"instances":1},{"id":119,"instances":1},{"id":121,"instances":2},{"id":122,"instances":3},{"id":123,"instances":1}]},{"name":"Twisted Appendage","id":270,"guid":162764,"type":"Pet","petOwner":15,"fights":[{"id":114,"instances":2},{"id":115,"instances":3},{"id":116,"instances":2},{"id":117,"instances":6},{"id":119,"instances":1},{"id":121,"instances":8},{"id":122,"instances":7},{"id":123,"instances":1},{"id":126,"instances":3},{"id":127,"instances":5},{"id":128,"instances":7},{"id":129,"instances":14},{"id":130,"instances":12}]},{"name":"Twisted Appendage","id":306,"guid":162764,"type":"Pet","petOwner":10,"fights":[{"id":130,"instances":7}]},{"name":"Kreedhun","id":169,"guid":48557087,"type":"Pet","petOwner":9,"fights":[{"id":37,"instances":1},{"id":39,"instances":1},{"id":41,"instances":1},{"id":45,"instances":1},{"id":48,"instances":1},{"id":50,"instances":1},{"id":54,"instances":1},{"id":56,"instances":1},{"id":58,"instances":1},{"id":62,"instances":1},{"id":66,"instances":1},{"id":69,"instances":1},{"id":77,"instances":1},{"id":79,"instances":1},{"id":84,"instances":1},{"id":90,"instances":1},{"id":92,"instances":1},{"id":95,"instances":1},{"id":98,"instances":1},{"id":102,"instances":1},{"id":105,"instances":1},{"id":107,"instances":1},{"id":108,"instances":1},{"id":109,"instances":1}]},{"name":"Twisted Appendage","id":52,"guid":162764,"type":"Pet","petOwner":12,"fights":[{"id":1,"instances":4},{"id":3,"instances":1},{"id":4,"instances":3},{"id":7,"instances":1},{"id":9,"instances":5},{"id":11,"instances":1},{"id":12,"instances":1},{"id":14,"instances":5},{"id":16,"instances":1},{"id":17,"instances":1},{"id":18,"instances":3},{"id":19,"instances":6},{"id":20,"instances":1},{"id":21,"instances":1},{"id":24,"instances":2},{"id":25,"instances":8},{"id":26,"instances":3},{"id":28,"instances":1},{"id":29,"instances":1},{"id":31,"instances":1},{"id":37,"instances":1},{"id":39,"instances":1},{"id":41,"instances":1},{"id":45,"instances":3},{"id":48,"instances":5},{"id":50,"instances":4},{"id":54,"instances":2},{"id":58,"instances":1},{"id":62,"instances":1},{"id":69,"instances":1},{"id":79,"instances":2},{"id":84,"instances":2},{"id":90,"instances":4},{"id":92,"instances":2},{"id":95,"instances":1},{"id":98,"instances":2},{"id":102,"instances":1},{"id":105,"instances":1},{"id":107,"instances":5},{"id":108,"instances":3},{"id":110,"instances":2},{"id":111,"instances":5},{"id":112,"instances":6},{"id":113,"instances":5},{"id":114,"instances":6},{"id":115,"instances":7},{"id":116,"instances":3},{"id":117,"instances":6},{"id":119,"instances":2},{"id":124,"instances":5},{"id":126,"instances":3},{"id":127,"instances":6},{"id":128,"instances":6},{"id":129,"instances":10},{"id":130,"instances":13}]},{"name":"Lazgup","id":21,"guid":44587826,"type":"Pet","petOwner":6,"fights":[{"id":1,"instances":1},{"id":3,"instances":1},{"id":4,"instances":1},{"id":6,"instances":1},{"id":7,"instances":1},{"id":8,"instances":1},{"id":9,"instances":1},{"id":14,"instances":1},{"id":15,"instances":1},{"id":16,"instances":1},{"id":17,"instances":1},{"id":18,"instances":1},{"id":19,"instances":1},{"id":20,"instances":1},{"id":21,"instances":1},{"id":22,"instances":1},{"id":23,"instances":1},{"id":24,"instances":1},{"id":25,"instances":1},{"id":26,"instances":1},{"id":31,"instances":1},{"id":41,"instances":1},{"id":54,"instances":1},{"id":66,"instances":1},{"id":71,"instances":1},{"id":111,"instances":1},{"id":112,"instances":1},{"id":113,"instances":1},{"id":115,"instances":1},{"id":116,"instances":1},{"id":117,"instances":1},{"id":119,"instances":1},{"id":121,"instances":1},{"id":122,"instances":1},{"id":124,"instances":1}]},{"name":"Guardian of Azeroth","id":172,"guid":152396,"type":"Pet","petOwner":2,"fights":[{"id":37,"instances":1},{"id":39,"instances":1},{"id":41,"instances":1},{"id":45,"instances":1},{"id":48,"instances":1},{"id":50,"instances":1},{"id":54,"instances":1},{"id":56,"instances":1},{"id":58,"instances":1},{"id":62,"instances":1},{"id":66,"instances":1},{"id":69,"instances":1},{"id":71,"instances":1},{"id":77,"instances":1},{"id":79,"instances":1},{"id":84,"instances":1},{"id":90,"instances":1},{"id":92,"instances":1},{"id":95,"instances":1},{"id":98,"instances":1},{"id":102,"instances":1},{"id":105,"instances":1},{"id":107,"instances":2},{"id":108,"instances":1},{"id":110,"instances":1},{"id":111,"instances":2},{"id":112,"instances":2},{"id":113,"instances":2},{"id":124,"instances":2},{"id":126,"instances":1},{"id":127,"instances":3},{"id":128,"instances":3},{"id":129,"instances":4},{"id":130,"instances":4}]},{"name":"Jade Serpent Statue","id":281,"guid":60849,"type":"Pet","petOwner":119,"fights":[{"id":121,"instances":4},{"id":122,"instances":1},{"id":123,"instances":1},{"id":124,"instances":1},{"id":126,"instances":1},{"id":127,"instances":1},{"id":128,"instances":1},{"id":129,"instances":1},{"id":130,"instances":1}]},{"name":"Infernal","id":43,"guid":89,"type":"Pet","petOwner":6,"fights":[{"id":1,"instances":3},{"id":3,"instances":3},{"id":4,"instances":8},{"id":7,"instances":2},{"id":9,"instances":6},{"id":14,"instances":8},{"id":17,"instances":1},{"id":18,"instances":2},{"id":20,"instances":1},{"id":24,"instances":5},{"id":25,"instances":8},{"id":26,"instances":13},{"id":37,"instances":1},{"id":39,"instances":1},{"id":41,"instances":2},{"id":45,"instances":3},{"id":48,"instances":1},{"id":50,"instances":6},{"id":54,"instances":1},{"id":56,"instances":2},{"id":58,"instances":3},{"id":62,"instances":1},{"id":66,"instances":1},{"id":69,"instances":1},{"id":71,"instances":3},{"id":77,"instances":1},{"id":79,"instances":1},{"id":84,"instances":2},{"id":90,"instances":3},{"id":92,"instances":4},{"id":95,"instances":2},{"id":98,"instances":2},{"id":102,"instances":2},{"id":105,"instances":2},{"id":107,"instances":10},{"id":108,"instances":2},{"id":110,"instances":3},{"id":111,"instances":10},{"id":112,"instances":9},{"id":113,"instances":3},{"id":114,"instances":4},{"id":115,"instances":2},{"id":116,"instances":2},{"id":117,"instances":2},{"id":121,"instances":6},{"id":122,"instances":13},{"id":124,"instances":10},{"id":126,"instances":5},{"id":127,"instances":9},{"id":128,"instances":13},{"id":129,"instances":14},{"id":130,"instances":13}]},{"name":"Demonic Gateway","id":274,"guid":59262,"type":"Pet","petOwner":9,"fights":[{"id":118,"instances":1},{"id":125,"instances":1}]},{"name":"Catastrofe","id":20,"guid":49502264,"type":"Pet","petOwner":18,"fights":[{"id":1,"instances":1},{"id":3,"instances":1},{"id":4,"instances":1},{"id":5,"instances":1},{"id":6,"instances":1},{"id":7,"instances":1},{"id":8,"instances":1},{"id":114,"instances":1},{"id":115,"instances":1},{"id":116,"instances":1},{"id":117,"instances":1},{"id":119,"instances":1},{"id":121,"instances":1},{"id":122,"instances":1},{"id":123,"instances":1},{"id":124,"instances":1},{"id":126,"instances":1},{"id":127,"instances":1},{"id":128,"instances":1},{"id":129,"instances":1},{"id":130,"instances":1}]},{"name":"Demonic Gateway","id":159,"guid":59271,"type":"Pet","petOwner":135,"fights":[{"id":124,"instances":1},{"id":129,"instances":1},{"id":130,"instances":2}]},{"name":"Absorb-o-Tron","id":272,"guid":143985,"type":"Pet","petOwner":135,"fights":[{"id":114,"instances":1},{"id":115,"instances":2},{"id":116,"instances":3},{"id":117,"instances":5}]},{"name":"Healing Stream Totem","id":285,"guid":3527,"type":"Pet","petOwner":2,"fights":[{"id":121,"instances":14}]},{"name":"Guardian of Azeroth","id":40,"guid":152396,"type":"Pet","petOwner":16,"fights":[{"id":1,"instances":1},{"id":3,"instances":1},{"id":4,"instances":2},{"id":6,"instances":1},{"id":9,"instances":2},{"id":14,"instances":2},{"id":15,"instances":1},{"id":37,"instances":1},{"id":39,"instances":1},{"id":41,"instances":1},{"id":45,"instances":1},{"id":48,"instances":1},{"id":50,"instances":1},{"id":54,"instances":1},{"id":56,"instances":1},{"id":58,"instances":1},{"id":62,"instances":1},{"id":66,"instances":1},{"id":69,"instances":1},{"id":77,"instances":1},{"id":79,"instances":1},{"id":84,"instances":1},{"id":90,"instances":1},{"id":92,"instances":1},{"id":95,"instances":1},{"id":98,"instances":1},{"id":102,"instances":1},{"id":105,"instances":1},{"id":107,"instances":2},{"id":108,"instances":1},{"id":110,"instances":1},{"id":111,"instances":2},{"id":112,"instances":2},{"id":113,"instances":1},{"id":114,"instances":2},{"id":115,"instances":1},{"id":116,"instances":2},{"id":117,"instances":2},{"id":124,"instances":2},{"id":126,"instances":1},{"id":127,"instances":2},{"id":128,"instances":2},{"id":129,"instances":4},{"id":130,"instances":4}]},{"name":"Capacitor Totem","id":82,"guid":61245,"type":"Pet","petOwner":2,"fights":[{"id":4,"instances":1},{"id":7,"instances":1},{"id":15,"instances":1},{"id":18,"instances":1},{"id":19,"instances":1},{"id":22,"instances":1},{"id":25,"instances":1},{"id":30,"instances":1},{"id":110,"instances":1},{"id":111,"instances":2},{"id":112,"instances":1},{"id":113,"instances":1},{"id":124,"instances":1},{"id":127,"instances":1},{"id":128,"instances":1},{"id":129,"instances":4},{"id":130,"instances":2}]},{"name":"Primal Earth Elemental","id":265,"guid":61056,"type":"Pet","petOwner":2,"fights":[{"id":113,"instances":1}]},{"name":"Twisted Appendage","id":54,"guid":162764,"type":"Pet","petOwner":2,"fights":[{"id":1,"instances":2},{"id":4,"instances":1},{"id":17,"instances":1},{"id":18,"instances":2},{"id":21,"instances":1},{"id":25,"instances":2},{"id":29,"instances":2},{"id":37,"instances":3},{"id":41,"instances":1},{"id":45,"instances":1},{"id":50,"instances":2},{"id":54,"instances":2},{"id":58,"instances":3},{"id":79,"instances":2},{"id":84,"instances":1},{"id":90,"instances":3},{"id":92,"instances":4},{"id":95,"instances":2},{"id":107,"instances":12},{"id":110,"instances":2},{"id":111,"instances":8},{"id":112,"instances":6},{"id":113,"instances":4},{"id":114,"instances":1},{"id":115,"instances":2},{"id":117,"instances":1},{"id":121,"instances":4},{"id":122,"instances":1},{"id":124,"instances":5},{"id":126,"instances":4},{"id":127,"instances":8},{"id":128,"instances":6},{"id":129,"instances":8},{"id":130,"instances":6}]},{"name":"Demonic Gateway","id":275,"guid":59271,"type":"Pet","petOwner":9,"fights":[{"id":118,"instances":1},{"id":125,"instances":1}]},{"name":"Wizza","id":24,"guid":49440737,"type":"Pet","petOwner":13,"fights":[{"id":1,"instances":1},{"id":3,"instances":1},{"id":4,"instances":1},{"id":5,"instances":1},{"id":6,"instances":1},{"id":7,"instances":1},{"id":8,"instances":1},{"id":9,"instances":1},{"id":10,"instances":1},{"id":11,"instances":1},{"id":12,"instances":1},{"id":13,"instances":1},{"id":14,"instances":1},{"id":15,"instances":1},{"id":16,"instances":1},{"id":17,"instances":1},{"id":18,"instances":1},{"id":19,"instances":1},{"id":20,"instances":1},{"id":21,"instances":1},{"id":22,"instances":1},{"id":23,"instances":1},{"id":24,"instances":1},{"id":25,"instances":1},{"id":26,"instances":1},{"id":29,"instances":1},{"id":30,"instances":1},{"id":37,"instances":1},{"id":39,"instances":1},{"id":41,"instances":1},{"id":45,"instances":1},{"id":48,"instances":1},{"id":50,"instances":1},{"id":54,"instances":1},{"id":56,"instances":1},{"id":58,"instances":1},{"id":62,"instances":1},{"id":66,"instances":1},{"id":69,"instances":1},{"id":77,"instances":1},{"id":79,"instances":1},{"id":84,"instances":1},{"id":90,"instances":1},{"id":92,"instances":1},{"id":95,"instances":1},{"id":98,"instances":1},{"id":102,"instances":1},{"id":105,"instances":1},{"id":107,"instances":1},{"id":108,"instances":1},{"id":110,"instances":1},{"id":111,"instances":1},{"id":112,"instances":1},{"id":113,"instances":1},{"id":114,"instances":1},{"id":115,"instances":1},{"id":116,"instances":1},{"id":117,"instances":1},{"id":119,"instances":1},{"id":121,"instances":1},{"id":122,"instances":1},{"id":124,"instances":1},{"id":126,"instances":1},{"id":127,"instances":1},{"id":128,"instances":1},{"id":129,"instances":1},{"id":130,"instances":1}]},{"name":"Twisted Appendage","id":303,"guid":162764,"type":"Pet","petOwner":119,"fights":[{"id":128,"instances":5},{"id":129,"instances":7},{"id":130,"instances":7}]},{"name":"Mindbender","id":144,"guid":62982,"type":"Pet","petOwner":33,"fights":[{"id":21,"instances":1},{"id":22,"instances":1}]},{"name":"Fzuulum","id":171,"guid":44635861,"type":"Pet","petOwner":6,"fights":[{"id":37,"instances":1},{"id":39,"instances":1},{"id":45,"instances":1},{"id":48,"instances":1},{"id":50,"instances":1},{"id":56,"instances":1},{"id":58,"instances":1},{"id":62,"instances":1},{"id":69,"instances":1},{"id":77,"instances":1},{"id":79,"instances":1},{"id":84,"instances":1},{"id":90,"instances":1},{"id":92,"instances":1},{"id":95,"instances":1},{"id":98,"instances":1},{"id":102,"instances":1},{"id":105,"instances":1},{"id":107,"instances":1},{"id":108,"instances":1},{"id":109,"instances":1},{"id":110,"instances":1},{"id":113,"instances":1},{"id":114,"instances":1},{"id":126,"instances":1},{"id":127,"instances":1},{"id":128,"instances":1},{"id":129,"instances":1},{"id":130,"instances":1}]},{"name":"Absorb-o-Tron","id":262,"guid":143985,"type":"Pet","petOwner":11,"fights":[{"id":113,"instances":1},{"id":119,"instances":1},{"id":123,"instances":1}]},{"name":"Twisted Appendage","id":50,"guid":162764,"type":"Pet","petOwner":11,"fights":[{"id":1,"instances":1},{"id":3,"instances":3},{"id":4,"instances":5},{"id":111,"instances":3},{"id":112,"instances":14},{"id":114,"instances":5},{"id":115,"instances":3},{"id":116,"instances":7},{"id":117,"instances":5},{"id":121,"instances":6},{"id":122,"instances":7}]},{"name":"Guardian of Azeroth","id":99,"guid":152396,"type":"Pet","petOwner":8,"fights":[{"id":9,"instances":2},{"id":11,"instances":1}]},{"name":"Guardian of Azeroth","id":47,"guid":152396,"type":"Pet","petOwner":10,"fights":[{"id":1,"instances":1},{"id":3,"instances":1},{"id":4,"instances":2},{"id":7,"instances":1},{"id":9,"instances":1},{"id":10,"instances":1},{"id":14,"instances":2},{"id":16,"instances":1},{"id":37,"instances":1},{"id":39,"instances":1},{"id":41,"instances":1},{"id":45,"instances":1},{"id":48,"instances":1},{"id":50,"instances":1},{"id":54,"instances":1},{"id":56,"instances":1},{"id":58,"instances":1},{"id":62,"instances":1},{"id":66,"instances":1},{"id":69,"instances":1},{"id":77,"instances":1},{"id":79,"instances":1},{"id":84,"instances":1},{"id":90,"instances":1},{"id":92,"instances":1},{"id":95,"instances":1},{"id":98,"instances":1},{"id":102,"instances":1},{"id":105,"instances":1},{"id":107,"instances":2},{"id":108,"instances":1},{"id":110,"instances":1},{"id":111,"instances":1},{"id":112,"instances":2},{"id":114,"instances":2},{"id":115,"instances":1},{"id":116,"instances":2},{"id":117,"instances":2}]},{"name":"Guardian of Azeroth","id":42,"guid":152396,"type":"Pet","petOwner":7,"fights":[{"id":1,"instances":1},{"id":3,"instances":1},{"id":4,"instances":2},{"id":9,"instances":1},{"id":14,"instances":2},{"id":37,"instances":1},{"id":39,"instances":1},{"id":41,"instances":1},{"id":45,"instances":1},{"id":48,"instances":1},{"id":50,"instances":1},{"id":54,"instances":1},{"id":56,"instances":1},{"id":58,"instances":1},{"id":62,"instances":1},{"id":66,"instances":1},{"id":69,"instances":1},{"id":77,"instances":1},{"id":79,"instances":1},{"id":84,"instances":1},{"id":90,"instances":1},{"id":92,"instances":1},{"id":95,"instances":1},{"id":98,"instances":1},{"id":102,"instances":1},{"id":105,"instances":1},{"id":107,"instances":2},{"id":110,"instances":1},{"id":111,"instances":2},{"id":112,"instances":2},{"id":113,"instances":1},{"id":114,"instances":2},{"id":115,"instances":1},{"id":116,"instances":2},{"id":117,"instances":2},{"id":124,"instances":2},{"id":126,"instances":1},{"id":127,"instances":3},{"id":128,"instances":2},{"id":129,"instances":4},{"id":130,"instances":3}]},{"name":"Darkglare","id":268,"guid":103673,"type":"Pet","petOwner":135,"fights":[{"id":114,"instances":2},{"id":115,"instances":1},{"id":116,"instances":1},{"id":117,"instances":2},{"id":119,"instances":1}]},{"name":"Seesaw","id":105,"guid":71951,"type":"Pet","petOwner":10,"fights":[{"id":9,"instances":1}]},{"name":"Bat","id":232,"guid":49440720,"type":"Pet","petOwner":13,"fights":[{"id":90,"instances":1}]},{"name":"Infernal","id":140,"guid":89,"type":"Pet","petOwner":135,"fights":[{"id":20,"instances":1},{"id":21,"instances":5},{"id":24,"instances":3},{"id":25,"instances":7},{"id":26,"instances":11},{"id":30,"instances":2},{"id":37,"instances":2},{"id":39,"instances":2},{"id":41,"instances":1},{"id":45,"instances":3},{"id":48,"instances":1},{"id":50,"instances":4},{"id":54,"instances":2},{"id":56,"instances":3},{"id":58,"instances":3},{"id":62,"instances":1},{"id":66,"instances":3},{"id":69,"instances":1},{"id":77,"instances":4},{"id":79,"instances":1},{"id":84,"instances":1},{"id":90,"instances":1},{"id":92,"instances":3},{"id":95,"instances":1},{"id":98,"instances":1},{"id":102,"instances":2},{"id":105,"instances":1},{"id":107,"instances":12},{"id":108,"instances":5},{"id":110,"instances":2},{"id":111,"instances":6},{"id":112,"instances":11},{"id":113,"instances":3},{"id":121,"instances":12},{"id":122,"instances":16},{"id":123,"instances":6},{"id":124,"instances":5},{"id":126,"instances":3},{"id":127,"instances":9},{"id":128,"instances":10},{"id":129,"instances":14},{"id":130,"instances":18}]}],"enemyPets":[{"name":"Explorer's League Researcher","id":69,"guid":161938,"type":"Pet","petOwner":62,"fights":[{"id":2,"instances":1}]},{"name":"Efflorescence","id":72,"guid":47649,"type":"Pet","petOwner":68,"fights":[{"id":2,"instances":1}]}],"phases":[{"boss":2336,"phases":["Stage One: Cult of the Void","Stage Two: Death from Above","Stage Three: The Void Unleashed"]},{"boss":2327,"phases":["Obsidian Destroyer","Obsidian Statue"]},{"boss":2329,"phases":["The Black Emperor","Smoke and Mirrors"]},{"boss":2335,"phases":["Shadowy Carapace","Void-Tinged Carapace","Noxious Carapace"]}],"logVersion":16,"gameVersion":1,"title":"Farm","owner":"chriskayn","start":1583280036799,"end":1583301714998,"zone":24,"exportedCharacters":[{"id":33276947,"name":"Adminis","server":"Ragnaros","region":"US"},{"id":32066308,"name":"Azeroth","server":"Ragnaros","region":"US"},{"id":36722244,"name":"Chryskayn","server":"Ragnaros","region":"US"},{"id":3632181,"name":"Dagarooth","server":"Ragnaros","region":"US"},{"id":38268158,"name":"Envyusxd","server":"Ragnaros","region":"US"},{"id":32216077,"name":"Faffi","server":"Ragnaros","region":"US"},{"id":43759909,"name":"Fechok","server":"Ragnaros","region":"US"},{"id":34823189,"name":"Feisman","server":"Ragnaros","region":"US"},{"id":18248768,"name":"Fénrus","server":"Ragnaros","region":"US"},{"id":12280242,"name":"Gløøms","server":"Ragnaros","region":"US"},{"id":37561248,"name":"Grodruid","server":"Ragnaros","region":"US"},{"id":3416911,"name":"Hakaî","server":"Ragnaros","region":"US"},{"id":43486992,"name":"Iblast","server":"Ragnaros","region":"US"},{"id":43345626,"name":"Ichigatsu","server":"Ragnaros","region":"US"},{"id":43265715,"name":"Kezza","server":"Ragnaros","region":"US"},{"id":13015726,"name":"Kinaesthetic","server":"Ragnaros","region":"US"},{"id":38308390,"name":"Lukdh","server":"Ragnaros","region":"US"},{"id":18585832,"name":"Nozomî","server":"Ragnaros","region":"US"},{"id":38066161,"name":"Nøir","server":"Ragnaros","region":"US"},{"id":87079,"name":"Oso","server":"Ragnaros","region":"US"},{"id":43980679,"name":"Quemanchados","server":"Ragnaros","region":"US"},{"id":10572222,"name":"Ray","server":"Ragnaros","region":"US"},{"id":37406045,"name":"Seruh","server":"Ragnaros","region":"US"},{"id":15136687,"name":"Sneakywicked","server":"Ragnaros","region":"US"},{"id":928543,"name":"Vacaquita","server":"Ragnaros","region":"US"},{"id":294897,"name":"Wizza","server":"Ragnaros","region":"US"},{"id":15541964,"name":"Zissar","server":"Ragnaros","region":"US"},{"id":550771,"name":"Zuzû","server":"Ragnaros","region":"US"},{"id":10415638,"name":"Zòmboy","server":"Ragnaros","region":"US"}]}