[{"timestamp":2244263,"type":"combatantinfo","pin":"0","sourceID":1,"faction":0,"specID":268,"strength":631,"agility":5807,"stamina":11460,"intellect":1613,"dodge":0,"parry":0,"block":0,"armor":2229,"critMelee":1803,"critRanged":1803,"critSpell":1803,"speed":74,"leech":0,"hasteMelee":787,"hasteRanged":787,"hasteSpell":787,"avoidance":0,"mastery":924,"versatilityDamageDone":145,"versatilityHealingDone":145,"versatilityDamageReduction":145,"talents":[{"id":196607,"icon":"ability_druid_primalprecision.jpg"},{"id":115008,"icon":"ability_monk_quitornado.jpg"},{"id":196721,"icon":"spell_brew_wheat.jpg"},{"id":116844,"icon":"spell_monk_ringofpeace.jpg"},{"id":280515,"icon":"ability_creature_cursed_04.jpg"},{"id":116847,"icon":"ability_monk_rushingjadewind.jpg"},{"id":196737,"icon":"monk_ability_avertharm.jpg"}],"pvpTalents":[{"id":196029,"icon":"ability_bossdarkvindicator_auraofcontempt.jpg"},{"id":202126,"icon":"spell_brew_dark.jpg"},{"id":202272,"icon":"inv_misc_fireink.jpg"},{"id":205147,"icon":"inv_misc_food_cooked_jadewitchbrew.jpg"}],"artifact":[{"traitID":186,"rank":375,"spellID":273464,"icon":"ability_monk_blackoutstrike.jpg","slot":0},{"traitID":461,"rank":375,"spellID":279926,"icon":"inv_smallazeritefragment.jpg","slot":0},{"traitID":85,"rank":375,"spellID":268596,"icon":"inv_jewelcrafting_argusgemcut_yellow_miscicons.jpg","slot":0},{"traitID":13,"rank":375,"spellID":263978,"icon":"inv_smallazeriteshard.jpg","slot":0},{"traitID":483,"rank":370,"spellID":280555,"icon":"inv_trinket_80_titan01b.jpg","slot":2},{"traitID":30,"rank":370,"spellID":266180,"icon":"ability_vehicle_electrocharge.jpg","slot":2},{"traitID":470,"rank":370,"spellID":280016,"icon":"ability_monk_legsweep.jpg","slot":2},{"traitID":384,"rank":370,"spellID":278571,"icon":"ability_monk_shuffle.jpg","slot":4},{"traitID":89,"rank":370,"spellID":267683,"icon":"spell_yorsahj_bloodboil_orangeoil.jpg","slot":4},{"traitID":83,"rank":370,"spellID":268437,"icon":"inv_pet_inquisitoreye.jpg","slot":4}],"gear":[{"id":163435,"itemLevel":375,"quality":3,"icon":"inv_helm_leather_warfrontshorde_b_01.jpg","bonusIDs":[5126,1562,4786]},{"id":158075,"itemLevel":379,"quality":6,"icon":"inv_heartofazeroth.jpg","bonusIDs":[4936,4929,4930]},{"id":160620,"itemLevel":370,"quality":4,"icon":"inv_leather_nazmirraid_d_01shoulder.jpg","bonusIDs":[4823,1492,4786]},{"id":0,"itemLevel":0,"quality":1,"icon":"inv_axe_02.jpg"},{"id":160619,"itemLevel":370,"quality":4,"icon":"inv_leather_nazmirraid_d_01chest.jpg","bonusIDs":[4823,1492,4786]},{"id":160622,"itemLevel":390,"quality":4,"icon":"inv_leather_nazmirraid_d_01buckle.jpg","bonusIDs":[4800,1512,4783]},{"id":160625,"itemLevel":385,"quality":4,"icon":"inv_leather_nazmirraid_d_01pant.jpg","bonusIDs":[4800,1507,4786]},{"id":160624,"itemLevel":370,"quality":4,"icon":"inv_leather_nazmirraid_d_01boot.jpg","bonusIDs":[4799,42,1492,4786]},{"id":160621,"itemLevel":375,"quality":4,"icon":"inv_leather_nazmirraid_d_01bracer.jpg","bonusIDs":[4799,1808,1497,4783],"gems":[{"id":153708,"itemLevel":120,"icon":"inv_jewelcrafting_80_specialgemcut01.jpg"}]},{"id":160618,"itemLevel":385,"quality":4,"icon":"inv_leather_nazmirraid_d_01glove.jpg","bonusIDs":[4800,1507,4786]},{"id":160647,"itemLevel":370,"quality":4,"icon":"inv_ring_80_05e.jpg","permanentEnchant":5944,"bonusIDs":[4799,1492,4786]},{"id":160645,"itemLevel":385,"quality":4,"icon":"inv_ring_80_04d.jpg","permanentEnchant":5944,"bonusIDs":[4800,1507,4786]},{"id":160653,"itemLevel":370,"quality":4,"icon":"achievement_boss_cthun.jpg","bonusIDs":[4799,1492,4786]},{"id":159125,"itemLevel":355,"quality":4,"icon":"inv_inscription_80_deck_fathoms.jpg"},{"id":160644,"itemLevel":370,"quality":4,"icon":"inv_cape_mail_nazmirraid_d_01.jpg","bonusIDs":[4799,1492,4786]},{"id":159642,"itemLevel":370,"quality":3,"icon":"inv_polearm_2h_zandalariguard_b_01.jpg","permanentEnchant":5965,"bonusIDs":[5010,1542,4786]},{"id":0,"itemLevel":0,"quality":1,"icon":"inv_axe_02.jpg"},{"id":0,"itemLevel":0,"quality":1,"icon":"inv_axe_02.jpg"}],"auras":[{"source":103,"ability":774,"icon":"spell_nature_rejuvenation.jpg"},{"source":103,"ability":33763,"icon":"inv_misc_herb_felblossom.jpg"},{"source":1,"ability":259454,"icon":"spell_misc_food.jpg"},{"source":1,"ability":251836,"icon":"inv_alchemy_80_flask01green.jpg"},{"source":108,"ability":21562,"icon":"spell_holy_wordfortitude.jpg"},{"source":109,"ability":166646,"icon":"monk_stance_whitetiger.jpg"},{"source":108,"ability":41635,"icon":"spell_holy_prayerofmendingtga.jpg"},{"source":2,"ability":166646,"icon":"monk_stance_whitetiger.jpg"},{"source":1,"ability":269407,"icon":"inv_inscription_80_vantusrune_uldir.jpg"},{"source":7,"ability":6673,"icon":"ability_warrior_battleshout.jpg"},{"source":97,"ability":203538,"icon":"spell_magic_greaterblessingofkings.jpg"},{"source":11,"ability":53563,"icon":"ability_paladin_beaconoflight.jpg"},{"source":102,"ability":1459,"icon":"spell_holy_magicalsentry.jpg"},{"source":1,"ability":280573,"icon":"inv_trinket_80_titan02c.jpg"}]},{"timestamp":2244263,"type":"combatantinfo","pin":"0","sourceID":7,"faction":0,"specID":71,"strength":6248,"agility":1010,"stamina":8345,"intellect":1097,"dodge":0,"parry":0,"block":0,"armor":3873,"critMelee":1044,"critRanged":1044,"critSpell":1044,"speed":0,"leech":0,"hasteMelee":1863,"hasteRanged":1863,"hasteSpell":1863,"avoidance":0,"mastery":767,"versatilityDamageDone":68,"versatilityHealingDone":68,"versatilityDamageReduction":68,"talents":[{"id":260643,"icon":"inv_skullsplitter.jpg"},{"id":103827,"icon":"inv_misc_horn_04.jpg"},{"id":281001,"icon":"inv_sword_48.jpg"},{"id":202163,"icon":"ability_heroicleap.jpg"},{"id":262161,"icon":"inv_warbreaker.jpg"},{"id":248621,"icon":"ability_blackhand_marked4death.jpg"},{"id":152278,"icon":"warrior_talent_icon_angermanagement.jpg"}],"pvpTalents":[{"id":196029,"icon":"ability_bossdarkvindicator_auraofcontempt.jpg"},{"id":198807,"icon":"ability_meleedamage.jpg"},{"id":236320,"icon":"warrior_skullbanner.jpg"},{"id":236273,"icon":"achievement_legionpvptier3.jpg"}],"artifact":[{"traitID":483,"rank":385,"spellID":280555,"icon":"inv_trinket_80_titan01b.jpg","slot":0},{"traitID":31,"rank":385,"spellID":266937,"icon":"ability_criticalstrike.jpg","slot":0},{"traitID":15,"rank":385,"spellID":263962,"icon":"ability_vehicle_shellshieldgenerator_green.jpg","slot":0},{"traitID":121,"rank":375,"spellID":288452,"icon":"ability_warrior_unrelentingassault.jpg","slot":2},{"traitID":30,"rank":375,"spellID":266180,"icon":"ability_vehicle_electrocharge.jpg","slot":2},{"traitID":15,"rank":375,"spellID":263962,"icon":"ability_vehicle_shellshieldgenerator_green.jpg","slot":2},{"traitID":13,"rank":375,"spellID":263978,"icon":"inv_smallazeriteshard.jpg","slot":2},{"traitID":121,"rank":375,"spellID":288452,"icon":"ability_warrior_unrelentingassault.jpg","slot":4},{"traitID":31,"rank":375,"spellID":266937,"icon":"ability_criticalstrike.jpg","slot":4},{"traitID":15,"rank":375,"spellID":263962,"icon":"ability_vehicle_shellshieldgenerator_green.jpg","slot":4},{"traitID":13,"rank":375,"spellID":263978,"icon":"inv_smallazeriteshard.jpg","slot":4}],"gear":[{"id":160634,"itemLevel":385,"quality":4,"icon":"inv_helm_plate_nazmirraid_d_01.jpg","bonusIDs":[4824,1507,4786]},{"id":158075,"itemLevel":383,"quality":6,"icon":"inv_heartofazeroth.jpg","bonusIDs":[4936,4929,4930]},{"id":157932,"itemLevel":375,"quality":3,"icon":"inv_shoulders_plate_zandalarquest_b_01.jpg","bonusIDs":[1562,5140,5382]},{"id":6795,"itemLevel":1,"quality":2,"icon":"inv_shirt_white_01.jpg"},{"id":163459,"itemLevel":375,"quality":3,"icon":"inv_plate_chest_warfrontshorde_b_01.jpg","bonusIDs":[5125,1562,5138,5383]},{"id":160638,"itemLevel":390,"quality":4,"icon":"inv_belt_plate_nazmirraid_d_01.jpg","bonusIDs":[4800,1512,4783]},{"id":160639,"itemLevel":385,"quality":4,"icon":"inv_pant_plate_nazmirraid_d_01.jpg","bonusIDs":[4800,1507,4786]},{"id":160640,"itemLevel":370,"quality":4,"icon":"inv_boot_plate_nazmirraid_d_01.jpg","bonusIDs":[4799,1492,4786]},{"id":159433,"itemLevel":360,"quality":3,"icon":"inv_bracer_plate_zandalardungeon_c_01.jpg","bonusIDs":[5005,4802,1532,4783],"gems":[{"id":154127,"itemLevel":120,"icon":"inv_jewelcrafting_80_cutgem02_yellow.jpg"}]},{"id":161077,"itemLevel":390,"quality":4,"icon":"inv_glove_plate_nazmirraid_d_01.jpg","bonusIDs":[4799,1512,4784]},{"id":160645,"itemLevel":370,"quality":4,"icon":"inv_ring_80_04d.jpg","permanentEnchant":5942,"bonusIDs":[4799,1492,4786]},{"id":160646,"itemLevel":370,"quality":4,"icon":"inv_ring_80_04e.jpg","permanentEnchant":5942,"bonusIDs":[4799,1492,4786]},{"id":159125,"itemLevel":355,"quality":4,"icon":"inv_inscription_80_deck_fathoms.jpg"},{"id":166795,"itemLevel":385,"quality":4,"icon":"inv_spiritshard_01.jpg","bonusIDs":[5479,1502,4786]},{"id":160644,"itemLevel":370,"quality":4,"icon":"inv_cape_mail_nazmirraid_d_01.jpg","bonusIDs":[4799,1808,1492,4786],"gems":[{"id":154127,"itemLevel":120,"icon":"inv_jewelcrafting_80_cutgem02_yellow.jpg"}]},{"id":160679,"itemLevel":385,"quality":4,"icon":"inv_mace_2h_capturedtitanconstruct_d_01.jpg","permanentEnchant":5965,"bonusIDs":[4800,1507,4786]},{"id":0,"itemLevel":0,"quality":1,"icon":"inv_axe_02.jpg"},{"id":69210,"itemLevel":1,"quality":4,"icon":"inv_epicguildtabard.jpg"}],"auras":[{"source":7,"ability":6673,"icon":"ability_warrior_battleshout.jpg"},{"source":7,"ability":259456,"icon":"spell_misc_food.jpg"},{"source":7,"ability":251839,"icon":"inv_alchemy_80_flask01orange.jpg"},{"source":108,"ability":21562,"icon":"spell_holy_wordfortitude.jpg"},{"source":7,"ability":269407,"icon":"inv_inscription_80_vantusrune_uldir.jpg"},{"source":109,"ability":166646,"icon":"monk_stance_whitetiger.jpg"},{"source":102,"ability":1459,"icon":"spell_holy_magicalsentry.jpg"},{"source":2,"ability":166646,"icon":"monk_stance_whitetiger.jpg"},{"source":7,"ability":280573,"icon":"inv_trinket_80_titan02c.jpg"}]},{"timestamp":2244263,"type":"combatantinfo","pin":"0","sourceID":11,"faction":0,"specID":65,"strength":1464,"agility":514,"stamina":8597,"intellect":7828,"dodge":0,"parry":0,"block":0,"armor":5918,"critMelee":2392,"critRanged":2392,"critSpell":2392,"speed":0,"leech":223,"hasteMelee":650,"hasteRanged":650,"hasteSpell":650,"avoidance":0,"mastery":353,"versatilityDamageDone":536,"versatilityHealingDone":536,"versatilityDamageReduction":536,"talents":[{"id":114158,"icon":"spell_paladin_lightshammer.jpg"},{"id":214202,"icon":"ability_paladin_longarmofthelaw.jpg"},{"id":20066,"icon":"spell_holy_prayerofhealing.jpg"},{"id":183415,"icon":"spell_holy_blessedlife.jpg"},{"id":183778,"icon":"spell_holy_divineprovidence.jpg"},{"id":216331,"icon":"ability_paladin_veneration.jpg"},{"id":156910,"icon":"ability_paladin_beaconsoflight.jpg"}],"pvpTalents":[{"id":196029,"icon":"ability_bossdarkvindicator_auraofcontempt.jpg"},{"id":216327,"icon":"spell_holy_lightsgrace.jpg"},{"id":199454,"icon":"ability_paladin_blessedhands.jpg"},{"id":199452,"icon":"spell_holy_sealofsacrifice.jpg"}],"artifact":[{"traitID":393,"rank":390,"spellID":278593,"icon":"spell_holy_healingaura.jpg","slot":0},{"traitID":89,"rank":390,"spellID":267683,"icon":"spell_yorsahj_bloodboil_orangeoil.jpg","slot":0},{"traitID":83,"rank":390,"spellID":268437,"icon":"inv_pet_inquisitoreye.jpg","slot":0},{"traitID":13,"rank":390,"spellID":263978,"icon":"inv_smallazeriteshard.jpg","slot":0},{"traitID":483,"rank":375,"spellID":280555,"icon":"inv_trinket_80_titan01b.jpg","slot":2},{"traitID":30,"rank":375,"spellID":266180,"icon":"ability_vehicle_electrocharge.jpg","slot":2},{"traitID":206,"rank":375,"spellID":274388,"icon":"spell_holy_divineshield.jpg","slot":2},{"traitID":13,"rank":375,"spellID":263978,"icon":"inv_smallazeriteshard.jpg","slot":2},{"traitID":393,"rank":390,"spellID":278593,"icon":"spell_holy_healingaura.jpg","slot":4},{"traitID":105,"rank":390,"spellID":267886,"icon":"inv_gizmo_manasyphon.jpg","slot":4},{"traitID":538,"rank":390,"spellID":287729,"icon":"spell_holy_layonhands.jpg","slot":4},{"traitID":13,"rank":390,"spellID":263978,"icon":"inv_smallazeriteshard.jpg","slot":4}],"gear":[{"id":160634,"itemLevel":390,"quality":4,"icon":"inv_helm_plate_nazmirraid_d_01.jpg","bonusIDs":[4824,1507,4786]},{"id":158075,"itemLevel":387,"quality":6,"icon":"inv_heartofazeroth.jpg","bonusIDs":[4936,4929,4930]},{"id":160641,"itemLevel":375,"quality":4,"icon":"inv_shoulder_plate_nazmirraid_d_01.jpg","bonusIDs":[4823,1492,4786]},{"id":151116,"itemLevel":1,"quality":3,"icon":"inv_shirt_06.jpg"},{"id":159448,"itemLevel":390,"quality":3,"icon":"inv_chest_plate_kultirasdungeon_c_01.jpg","bonusIDs":[5061,1557,4786]},{"id":159426,"itemLevel":380,"quality":3,"icon":"inv_belt_plate_kultirasdungeon_c_01.jpg","onUseEnchant":4223,"bonusIDs":[5010,41,1552,4783]},{"id":159456,"itemLevel":370,"quality":3,"icon":"inv_pant_plate_kultirasdungeon_c_01.jpg","bonusIDs":[5010,1542,4786]},{"id":159420,"itemLevel":390,"quality":3,"icon":"inv_boot_plate_kultirasdungeon_c_01.jpg","bonusIDs":[5010,1562,4784]},{"id":160637,"itemLevel":385,"quality":4,"icon":"inv_bracer_plate_nazmirraid_d_01.jpg","permanentEnchant":5971,"bonusIDs":[4800,1507,4786]},{"id":160635,"itemLevel":370,"quality":4,"icon":"inv_glove_plate_nazmirraid_d_01.jpg","permanentEnchant":5937,"bonusIDs":[4799,1808,1492,4786],"gems":[{"id":153709,"itemLevel":120,"icon":"inv_jewelcrafting_80_specialgemcut01.jpg"}]},{"id":160645,"itemLevel":385,"quality":4,"icon":"inv_ring_80_04d.jpg","permanentEnchant":5942,"bonusIDs":[4800,1808,1507,4786],"gems":[{"id":154126,"itemLevel":120,"icon":"inv_jewelcrafting_80_cutgem02_orange.jpg"}]},{"id":158362,"itemLevel":370,"quality":3,"icon":"inv_ring_80_01e.jpg","permanentEnchant":5942,"bonusIDs":[5010,41,1542,4786]},{"id":160656,"itemLevel":370,"quality":4,"icon":"achievement_boss_yoggsaron_01.jpg","bonusIDs":[4799,1492,4786]},{"id":159631,"itemLevel":380,"quality":3,"icon":"trade_archaeology_delicatemusicbox.jpg","bonusIDs":[5010,4802,41,1552,4786],"gems":[{"id":154126,"itemLevel":120,"icon":"inv_jewelcrafting_80_cutgem02_orange.jpg"}]},{"id":155884,"itemLevel":380,"quality":3,"icon":"inv_cape_leather_kultirasdungeon_c_01.jpg","onUseEnchant":4897,"bonusIDs":[5010,1552,4783]},{"id":160687,"itemLevel":375,"quality":4,"icon":"inv_mace_1h_nazmirraid_d_02.jpg","permanentEnchant":5965,"bonusIDs":[4799,1497,4783]},{"id":159664,"itemLevel":380,"quality":3,"icon":"inv_shield_1h_battledungeon_c_02.jpg","bonusIDs":[5010,1552,4783]},{"id":52252,"itemLevel":80,"quality":4,"icon":"inv_shirt_guildtabard_01.jpg"}],"auras":[{"source":11,"ability":259455,"icon":"spell_misc_food.jpg"},{"source":11,"ability":251837,"icon":"inv_alchemy_80_flask01purple.jpg"},{"source":5,"ability":20707,"icon":"spell_shadow_soulgem.jpg"},{"source":102,"ability":1459,"icon":"spell_holy_magicalsentry.jpg"},{"source":108,"ability":21562,"icon":"spell_holy_wordfortitude.jpg"},{"source":11,"ability":269407,"icon":"inv_inscription_80_vantusrune_uldir.jpg"},{"source":2,"ability":166646,"icon":"monk_stance_whitetiger.jpg"},{"source":7,"ability":6673,"icon":"ability_warrior_battleshout.jpg"},{"source":109,"ability":166646,"icon":"monk_stance_whitetiger.jpg"},{"source":11,"ability":280573,"icon":"inv_trinket_80_titan02c.jpg"}]},{"timestamp":2244263,"type":"combatantinfo","pin":"0","sourceID":5,"faction":0,"specID":266,"strength":554,"agility":1131,"stamina":9122,"intellect":8978,"dodge":0,"parry":0,"block":0,"armor":1097,"critMelee":903,"critRanged":903,"critSpell":903,"speed":0,"leech":0,"hasteMelee":2742,"hasteRanged":2742,"hasteSpell":2742,"avoidance":71,"mastery":942,"versatilityDamageDone":159,"versatilityHealingDone":159,"versatilityDamageReduction":159,"talents":[{"id":267211,"icon":"ability_hunter_pet_bat.jpg"},{"id":205145,"icon":"ability_warlock_impoweredimp.jpg"},{"id":219272,"icon":"spell_shadow_felarmour.jpg"},{"id":264119,"icon":"inv_argusfelstalkermount.jpg"},{"id":268358,"icon":"spell_shadow_demoniccirclesummon.jpg"},{"id":111898,"icon":"spell_shadow_summonfelguard.jpg"},{"id":267217,"icon":"inv_netherportal.jpg"}],"pvpTalents":[{"id":0,"icon":"inv_axe_02.jpg"},{"id":0,"icon":"inv_axe_02.jpg"},{"id":0,"icon":"inv_axe_02.jpg"},{"id":0,"icon":"inv_axe_02.jpg"}],"artifact":[{"traitID":483,"rank":375,"spellID":280555,"icon":"inv_trinket_80_titan01b.jpg","slot":0},{"traitID":30,"rank":375,"spellID":266180,"icon":"ability_vehicle_electrocharge.jpg","slot":0},{"traitID":14,"rank":375,"spellID":268594,"icon":"rogue_burstofspeed.jpg","slot":0},{"traitID":13,"rank":375,"spellID":263978,"icon":"inv_smallazeriteshard.jpg","slot":0},{"traitID":429,"rank":375,"spellID":287059,"icon":"spell_shadow_demonicempathy.jpg","slot":2},{"traitID":31,"rank":375,"spellID":266937,"icon":"ability_criticalstrike.jpg","slot":2},{"traitID":15,"rank":375,"spellID":263962,"icon":"ability_vehicle_shellshieldgenerator_green.jpg","slot":2},{"traitID":13,"rank":375,"spellID":263978,"icon":"inv_smallazeriteshard.jpg","slot":2},{"traitID":458,"rank":375,"spellID":279878,"icon":"inv_summondemonictyrant.jpg","slot":4},{"traitID":30,"rank":375,"spellID":266180,"icon":"ability_vehicle_electrocharge.jpg","slot":4},{"traitID":14,"rank":375,"spellID":268594,"icon":"rogue_burstofspeed.jpg","slot":4},{"traitID":13,"rank":375,"spellID":263978,"icon":"inv_smallazeriteshard.jpg","slot":4}],"gear":[{"id":160616,"itemLevel":375,"quality":4,"icon":"inv_helm_cloth_nazmirraid_d_01.jpg","bonusIDs":[4823,1492,4786]},{"id":158075,"itemLevel":385,"quality":6,"icon":"inv_heartofazeroth.jpg","bonusIDs":[4936,4929,4930]},{"id":160613,"itemLevel":375,"quality":4,"icon":"inv_shoulder_cloth_nazmirraid_d_01.jpg","bonusIDs":[4823,1492,4786]},{"id":4334,"itemLevel":1,"quality":2,"icon":"inv_shirt_08.jpg"},{"id":163280,"itemLevel":375,"quality":3,"icon":"ivn_chest_cloth_warfrontshorde_b_01.jpg","bonusIDs":[5125,1562,5138,5383]},{"id":166685,"itemLevel":390,"quality":4,"icon":"inv_belt_cloth_warfrontsforsakenmythic_d_01.jpg","bonusIDs":[5479,1507,4783]},{"id":160615,"itemLevel":385,"quality":4,"icon":"inv_pant_cloth_nazmirraid_d_01.jpg","bonusIDs":[4800,1507,4786]},{"id":163285,"itemLevel":375,"quality":3,"icon":"ivn_boot_cloth_warfrontshorde_d_01.jpg","bonusIDs":[5126,4802,1567,4783],"gems":[{"id":154127,"itemLevel":120,"icon":"inv_jewelcrafting_80_cutgem02_yellow.jpg"}]},{"id":160617,"itemLevel":385,"quality":4,"icon":"inv_bracer_cloth_nazmirraid_d_01.jpg","permanentEnchant":5971,"bonusIDs":[4799,1507,4784]},{"id":157872,"itemLevel":375,"quality":3,"icon":"inv_glove_cloth_zandalarquest_b_01.jpg","bonusIDs":[4803,1567,4783]},{"id":160645,"itemLevel":385,"quality":4,"icon":"inv_ring_80_04d.jpg","permanentEnchant":5943,"bonusIDs":[4800,1507,4786]},{"id":160647,"itemLevel":375,"quality":4,"icon":"inv_ring_80_05e.jpg","permanentEnchant":5943,"bonusIDs":[4799,40,1497,4783]},{"id":161461,"itemLevel":370,"quality":4,"icon":"ability_hunter_harass.jpg","bonusIDs":[5119,1808,1492,4786],"gems":[{"id":153709,"itemLevel":120,"icon":"inv_jewelcrafting_80_specialgemcut01.jpg"}]},{"id":161377,"itemLevel":360,"quality":4,"icon":"inv_icon_feather08a.jpg","bonusIDs":[4798,1482,4783]},{"id":160643,"itemLevel":370,"quality":4,"icon":"inv_leather_nazmirraid_d_01cape.jpg","permanentEnchant":6088,"bonusIDs":[4799,1492,4786]},{"id":160680,"itemLevel":375,"quality":4,"icon":"inv_wand_1h_nazmirraid_d_01.jpg","permanentEnchant":5963,"bonusIDs":[4799,1497,4783]},{"id":160695,"itemLevel":385,"quality":4,"icon":"inv_offhand_1h_nazmirraid_d_01.jpg","bonusIDs":[4800,1507,4786]},{"id":0,"itemLevel":0,"quality":1,"icon":"inv_axe_02.jpg"}],"auras":[{"source":7,"ability":6673,"icon":"ability_warrior_battleshout.jpg"},{"source":5,"ability":259455,"icon":"spell_misc_food.jpg"},{"source":108,"ability":21562,"icon":"spell_holy_wordfortitude.jpg"},{"source":5,"ability":251837,"icon":"inv_alchemy_80_flask01purple.jpg"},{"source":102,"ability":1459,"icon":"spell_holy_magicalsentry.jpg"},{"source":2,"ability":166646,"icon":"monk_stance_whitetiger.jpg"},{"source":109,"ability":166646,"icon":"monk_stance_whitetiger.jpg"},{"source":5,"ability":269407,"icon":"inv_inscription_80_vantusrune_uldir.jpg"},{"source":5,"ability":280573,"icon":"inv_trinket_80_titan02c.jpg"}]},{"timestamp":2244263,"type":"combatantinfo","pin":"0","sourceID":3,"faction":0,"specID":253,"strength":892,"agility":7379,"stamina":8625,"intellect":1325,"dodge":0,"parry":0,"block":0,"armor":2709,"critMelee":848,"critRanged":848,"critSpell":848,"speed":0,"leech":0,"hasteMelee":801,"hasteRanged":801,"hasteSpell":801,"avoidance":0,"mastery":1609,"versatilityDamageDone":495,"versatilityHealingDone":495,"versatilityDamageReduction":495,"talents":[{"id":273887,"icon":"ability_hunter_killcommand.jpg"},{"id":53209,"icon":"ability_hunter_chimerashot2.jpg"},{"id":270581,"icon":"ability_hunter_onewithnature.jpg"},{"id":131894,"icon":"ability_hunter_murderofcrows.jpg"},{"id":109215,"icon":"ability_hunter_posthaste.jpg"},{"id":201430,"icon":"ability_hunter_bestialdiscipline.jpg"},{"id":191384,"icon":"ability_deathwing_assualtaspects.jpg"}],"pvpTalents":[{"id":196029,"icon":"ability_bossdarkvindicator_auraofcontempt.jpg"},{"id":208652,"icon":"spell_hunter_aspectoftheironhawk.jpg"},{"id":203235,"icon":"ability_hunter_huntingparty.jpg"},{"id":205691,"icon":"hunter_pvp_direbeastbasilisk.jpg"}],"artifact":[{"traitID":366,"rank":375,"spellID":279806,"icon":"spell_nature_protectionformnature.jpg","slot":0},{"traitID":30,"rank":375,"spellID":266180,"icon":"ability_vehicle_electrocharge.jpg","slot":0},{"traitID":44,"rank":375,"spellID":268599,"icon":"inv_misc_monsterfang_02.jpg","slot":0},{"traitID":13,"rank":375,"spellID":263978,"icon":"inv_smallazeriteshard.jpg","slot":0},{"traitID":483,"rank":385,"spellID":280555,"icon":"inv_trinket_80_titan01b.jpg","slot":2},{"traitID":31,"rank":385,"spellID":266937,"icon":"ability_criticalstrike.jpg","slot":2},{"traitID":15,"rank":385,"spellID":263962,"icon":"ability_vehicle_shellshieldgenerator_green.jpg","slot":2},{"traitID":161,"rank":385,"spellID":273262,"icon":"ability_druid_ferociousbite.jpg","slot":4},{"traitID":30,"rank":385,"spellID":266180,"icon":"ability_vehicle_electrocharge.jpg","slot":4},{"traitID":85,"rank":385,"spellID":268596,"icon":"inv_jewelcrafting_argusgemcut_yellow_miscicons.jpg","slot":4}],"gear":[{"id":160630,"itemLevel":375,"quality":4,"icon":"inv_helm_mail_nazmirraid_d_01.jpg","bonusIDs":[4823,1492,4786]},{"id":158075,"itemLevel":383,"quality":6,"icon":"inv_heartofazeroth.jpg","bonusIDs":[4936,4929,4930]},{"id":160632,"itemLevel":385,"quality":4,"icon":"inv_shoulder_mail_nazmirraid_d_01.jpg","bonusIDs":[4824,1507,4786]},{"id":44694,"itemLevel":1,"quality":2,"icon":"inv_misc_bandage_08.jpg"},{"id":159362,"itemLevel":385,"quality":3,"icon":"inv_chest_mail_kultirasdungeon_c_01.jpg","bonusIDs":[5061,1557,4786]},{"id":160724,"itemLevel":370,"quality":4,"icon":"inv_belt_mail_nazmirraid_d_01.jpg","bonusIDs":[4799,1492,4786]},{"id":160631,"itemLevel":395,"quality":4,"icon":"inv_pants_mail_nazmirraid_d_01.jpg","bonusIDs":[4800,1517,4783]},{"id":162472,"itemLevel":385,"quality":4,"icon":"inv_boots_mail_nazmirraidmythic_d_01.jpg","bonusIDs":[1701]},{"id":160629,"itemLevel":390,"quality":4,"icon":"inv_bracer_mail_nazmirraid_d_01.jpg","bonusIDs":[4800,1512,4783]},{"id":160626,"itemLevel":385,"quality":4,"icon":"inv_glove_mail_nazmirraid_d_01.jpg","permanentEnchant":5932,"bonusIDs":[4800,1507,4786]},{"id":160646,"itemLevel":370,"quality":4,"icon":"inv_ring_80_04e.jpg","permanentEnchant":5945,"bonusIDs":[4799,1492,4786]},{"id":160645,"itemLevel":390,"quality":4,"icon":"inv_ring_80_04d.jpg","permanentEnchant":5942,"bonusIDs":[4800,1512,4783]},{"id":166794,"itemLevel":385,"quality":4,"icon":"inv_misc_herb_fadeleaf_petal.jpg","bonusIDs":[5479,1808,1502,4786],"gems":[{"id":154128,"itemLevel":120,"icon":"inv_jewelcrafting_80_cutgem02_blue.jpg"}]},{"id":160652,"itemLevel":385,"quality":4,"icon":"inv_misc_enggizmos_06.jpg","bonusIDs":[4800,1808,1507,4786],"gems":[{"id":153708,"itemLevel":120,"icon":"inv_jewelcrafting_80_specialgemcut01.jpg"}]},{"id":163366,"itemLevel":395,"quality":3,"icon":"inv_cape_mail_warfrontshorde_b_01.jpg","bonusIDs":[5126,1587,4784]},{"id":159130,"itemLevel":370,"quality":3,"icon":"inv_firearm_2h_vulperapirate_d_01.jpg","permanentEnchant":5957,"bonusIDs":[5008,1542,4783]},{"id":0,"itemLevel":0,"quality":1,"icon":"inv_axe_02.jpg"},{"id":0,"itemLevel":0,"quality":1,"icon":"inv_axe_02.jpg"}],"auras":[{"source":3,"ability":259454,"icon":"spell_misc_food.jpg"},{"source":7,"ability":6673,"icon":"ability_warrior_battleshout.jpg"},{"source":108,"ability":21562,"icon":"spell_holy_wordfortitude.jpg"},{"source":109,"ability":166646,"icon":"monk_stance_whitetiger.jpg"},{"source":3,"ability":251836,"icon":"inv_alchemy_80_flask01green.jpg"},{"source":102,"ability":1459,"icon":"spell_holy_magicalsentry.jpg"},{"source":3,"ability":269407,"icon":"inv_inscription_80_vantusrune_uldir.jpg"},{"source":3,"ability":270058,"icon":"creatureportrait_altarofearth_01.jpg"},{"source":3,"ability":280573,"icon":"inv_trinket_80_titan02c.jpg"}]},{"timestamp":2244263,"type":"combatantinfo","pin":"0","sourceID":4,"faction":0,"specID":270,"strength":629,"agility":1468,"stamina":8171,"intellect":7733,"dodge":0,"parry":0,"block":0,"armor":1789,"critMelee":1652,"critRanged":1652,"critSpell":1652,"speed":37,"leech":79,"hasteMelee":804,"hasteRanged":804,"hasteSpell":804,"avoidance":74,"mastery":630,"versatilityDamageDone":688,"versatilityHealingDone":688,"versatilityDamageReduction":688,"talents":[{"id":123986,"icon":"spell_arcane_arcanetorrent.jpg"},{"id":116841,"icon":"ability_monk_tigerslust.jpg"},{"id":197908,"icon":"monk_ability_cherrymanatea.jpg"},{"id":116844,"icon":"spell_monk_ringofpeace.jpg"},{"id":122783,"icon":"spell_monk_diffusemagic.jpg"},{"id":115313,"icon":"ability_monk_summonserpentstatue.jpg"},{"id":274963,"icon":"ability_monk_surgingmist.jpg"}],"pvpTalents":[{"id":208683,"icon":"ability_pvp_gladiatormedallion.jpg"},{"id":202428,"icon":"ability_monk_counteractmagic.jpg"},{"id":202577,"icon":"ability_monk_domeofmist.jpg"},{"id":0,"icon":"inv_axe_02.jpg"}],"artifact":[{"traitID":485,"rank":375,"spellID":280559,"icon":"spell_nature_groundingtotem.jpg","slot":0},{"traitID":461,"rank":375,"spellID":279926,"icon":"inv_smallazeritefragment.jpg","slot":0},{"traitID":85,"rank":375,"spellID":268596,"icon":"inv_jewelcrafting_argusgemcut_yellow_miscicons.jpg","slot":0},{"traitID":13,"rank":375,"spellID":263978,"icon":"inv_smallazeriteshard.jpg","slot":0},{"traitID":386,"rank":375,"spellID":279875,"icon":"ability_monk_essencefont.jpg","slot":2},{"traitID":102,"rank":375,"spellID":267892,"icon":"inv_misc_markoftheworldtree.jpg","slot":2},{"traitID":470,"rank":375,"spellID":280016,"icon":"ability_monk_legsweep.jpg","slot":2},{"traitID":13,"rank":375,"spellID":263978,"icon":"inv_smallazeriteshard.jpg","slot":2},{"traitID":386,"rank":375,"spellID":279875,"icon":"ability_monk_essencefont.jpg","slot":4},{"traitID":38,"rank":375,"spellID":267879,"icon":"inv_boots_cloth_08.jpg","slot":4},{"traitID":15,"rank":375,"spellID":263962,"icon":"ability_vehicle_shellshieldgenerator_green.jpg","slot":4},{"traitID":13,"rank":375,"spellID":263978,"icon":"inv_smallazeriteshard.jpg","slot":4}],"gear":[{"id":163596,"itemLevel":375,"quality":4,"icon":"inv_leather_nazmirraid_d_01helm.jpg","bonusIDs":[4823,1492,4786]},{"id":158075,"itemLevel":387,"quality":6,"icon":"inv_heartofazeroth.jpg","bonusIDs":[4936,4929,4930]},{"id":160620,"itemLevel":375,"quality":4,"icon":"inv_leather_nazmirraid_d_01shoulder.jpg","bonusIDs":[4823,1492,4786]},{"id":0,"itemLevel":0,"quality":1,"icon":"inv_axe_02.jpg"},{"id":163283,"itemLevel":375,"quality":3,"icon":"inv_leather_warfrontshorde_d_01_chest.jpg","bonusIDs":[5125,1562,5138,5383]},{"id":160622,"itemLevel":385,"quality":4,"icon":"inv_leather_nazmirraid_d_01buckle.jpg","bonusIDs":[4800,41,1507,4786]},{"id":160625,"itemLevel":385,"quality":4,"icon":"inv_leather_nazmirraid_d_01pant.jpg","bonusIDs":[4800,1507,4786]},{"id":163438,"itemLevel":370,"quality":3,"icon":"inv_leather_warfrontshorde_b_01_boot.jpg","bonusIDs":[5126,40,1562,4786]},{"id":160720,"itemLevel":370,"quality":4,"icon":"inv_leather_nazmirraid_d_01bracer.jpg","bonusIDs":[4799,1492,4786]},{"id":160618,"itemLevel":385,"quality":4,"icon":"inv_leather_nazmirraid_d_01glove.jpg","permanentEnchant":5932,"bonusIDs":[4800,1507,4786]},{"id":160645,"itemLevel":385,"quality":4,"icon":"inv_ring_80_04d.jpg","permanentEnchant":5941,"bonusIDs":[4800,1507,4786]},{"id":159458,"itemLevel":370,"quality":3,"icon":"inv_ring_80_03a.jpg","permanentEnchant":5938,"bonusIDs":[5008,1542,4783]},{"id":159127,"itemLevel":355,"quality":4,"icon":"inv_inscription_80_deck_tides.jpg"},{"id":161461,"itemLevel":370,"quality":4,"icon":"ability_hunter_harass.jpg","bonusIDs":[5119,1492,4786]},{"id":160642,"itemLevel":370,"quality":4,"icon":"inv_cape_cloth_nazmirraid_d_01.jpg","bonusIDs":[4799,1808,1492,4786],"gems":[{"id":154126,"itemLevel":120,"icon":"inv_jewelcrafting_80_cutgem02_orange.jpg"}]},{"id":160689,"itemLevel":370,"quality":4,"icon":"inv_staff_2h_nazmirraid_d_02.jpg","permanentEnchant":5965,"bonusIDs":[4799,1492,4786]},{"id":0,"itemLevel":0,"quality":1,"icon":"inv_axe_02.jpg"},{"id":160543,"itemLevel":120,"quality":3,"icon":"inv_tabard_tortollanseekers.jpg"}],"auras":[{"source":7,"ability":6673,"icon":"ability_warrior_battleshout.jpg"},{"source":4,"ability":251837,"icon":"inv_alchemy_80_flask01purple.jpg"},{"source":4,"ability":259455,"icon":"spell_misc_food.jpg"},{"source":108,"ability":21562,"icon":"spell_holy_wordfortitude.jpg"},{"source":102,"ability":1459,"icon":"spell_holy_magicalsentry.jpg"},{"source":4,"ability":269407,"icon":"inv_inscription_80_vantusrune_uldir.jpg"},{"source":2,"ability":166646,"icon":"monk_stance_whitetiger.jpg"},{"source":109,"ability":166646,"icon":"monk_stance_whitetiger.jpg"},{"source":4,"ability":280573,"icon":"inv_trinket_80_titan02c.jpg"}]},{"timestamp":2244263,"type":"combatantinfo","pin":"0","sourceID":2,"faction":0,"specID":269,"strength":631,"agility":7108,"stamina":8169,"intellect":1613,"dodge":0,"parry":0,"block":0,"armor":1799,"critMelee":1877,"critRanged":1877,"critSpell":1877,"speed":106,"leech":0,"hasteMelee":817,"hasteRanged":817,"hasteSpell":817,"avoidance":61,"mastery":773,"versatilityDamageDone":248,"versatilityHealingDone":248,"versatilityDamageReduction":248,"talents":[{"id":123986,"icon":"spell_arcane_arcanetorrent.jpg"},{"id":116841,"icon":"ability_monk_tigerslust.jpg"},{"id":261947,"icon":"inv_fistofthewhitetiger.jpg"},{"id":280195,"icon":"ability_monk_touchofkarma.jpg"},{"id":122783,"icon":"spell_monk_diffusemagic.jpg"},{"id":123904,"icon":"ability_monk_summontigerstatue.jpg"},{"id":152175,"icon":"ability_monk_hurricanestrike.jpg"}],"pvpTalents":[{"id":208683,"icon":"ability_pvp_gladiatormedallion.jpg"},{"id":287503,"icon":"ability_monk_tigerpalm.jpg"},{"id":287771,"icon":"ability_monk_expelharm.jpg"},{"id":201318,"icon":"ability_monk_fortifyingelixir.jpg"}],"artifact":[{"traitID":485,"rank":375,"spellID":280559,"icon":"spell_nature_groundingtotem.jpg","slot":0},{"traitID":461,"rank":375,"spellID":279926,"icon":"inv_smallazeritefragment.jpg","slot":0},{"traitID":85,"rank":375,"spellID":268596,"icon":"inv_jewelcrafting_argusgemcut_yellow_miscicons.jpg","slot":0},{"traitID":13,"rank":375,"spellID":263978,"icon":"inv_smallazeriteshard.jpg","slot":0},{"traitID":389,"rank":375,"spellID":279918,"icon":"monk_ability_fistoffury.jpg","slot":2},{"traitID":38,"rank":375,"spellID":267879,"icon":"inv_boots_cloth_08.jpg","slot":2},{"traitID":15,"rank":375,"spellID":263962,"icon":"ability_vehicle_shellshieldgenerator_green.jpg","slot":2},{"traitID":13,"rank":375,"spellID":263978,"icon":"inv_smallazeriteshard.jpg","slot":2},{"traitID":483,"rank":375,"spellID":280555,"icon":"inv_trinket_80_titan01b.jpg","slot":4},{"traitID":21,"rank":375,"spellID":263984,"icon":"ability_skyreach_four_wind.jpg","slot":4},{"traitID":15,"rank":375,"spellID":263962,"icon":"ability_vehicle_shellshieldgenerator_green.jpg","slot":4},{"traitID":13,"rank":375,"spellID":263978,"icon":"inv_smallazeriteshard.jpg","slot":4}],"gear":[{"id":163596,"itemLevel":375,"quality":4,"icon":"inv_leather_nazmirraid_d_01helm.jpg","bonusIDs":[4823,1492,4786]},{"id":158075,"itemLevel":387,"quality":6,"icon":"inv_heartofazeroth.jpg","bonusIDs":[4936,4929,4930]},{"id":157883,"itemLevel":375,"quality":3,"icon":"inv_shoulder_leather_zandalarquest_b_01.jpg","bonusIDs":[1562,5140,5382]},{"id":89195,"itemLevel":1,"quality":4,"icon":"inv_shirt03_epic.jpg"},{"id":160619,"itemLevel":375,"quality":4,"icon":"inv_leather_nazmirraid_d_01chest.jpg","bonusIDs":[4823,1492,4786]},{"id":160622,"itemLevel":385,"quality":4,"icon":"inv_leather_nazmirraid_d_01buckle.jpg","bonusIDs":[4800,1507,4786]},{"id":160625,"itemLevel":370,"quality":4,"icon":"inv_leather_nazmirraid_d_01pant.jpg","bonusIDs":[4799,1492,4786]},{"id":161365,"itemLevel":380,"quality":4,"icon":"inv_leather_nazmirraid_d_01boot.jpg","bonusIDs":[4798,1502,4784]},{"id":160621,"itemLevel":395,"quality":4,"icon":"inv_leather_nazmirraid_d_01bracer.jpg","bonusIDs":[4799,40,1517,4784]},{"id":160618,"itemLevel":385,"quality":4,"icon":"inv_leather_nazmirraid_d_01glove.jpg","permanentEnchant":5932,"bonusIDs":[4800,1507,4786]},{"id":160645,"itemLevel":370,"quality":4,"icon":"inv_ring_80_04d.jpg","permanentEnchant":5941,"bonusIDs":[4799,42,1492,4786]},{"id":160647,"itemLevel":370,"quality":4,"icon":"inv_ring_80_05e.jpg","permanentEnchant":5941,"bonusIDs":[4799,1492,4786]},{"id":159125,"itemLevel":355,"quality":4,"icon":"inv_inscription_80_deck_fathoms.jpg"},{"id":160652,"itemLevel":385,"quality":4,"icon":"inv_misc_enggizmos_06.jpg","bonusIDs":[4800,1507,4786]},{"id":160642,"itemLevel":370,"quality":4,"icon":"inv_cape_cloth_nazmirraid_d_01.jpg","bonusIDs":[4799,1492,4786]},{"id":160682,"itemLevel":370,"quality":4,"icon":"inv_mace_1h_raidnazmir_d_01.jpg","permanentEnchant":5962,"bonusIDs":[4799,1492,4786]},{"id":160682,"itemLevel":370,"quality":4,"icon":"inv_mace_1h_raidnazmir_d_01.jpg","permanentEnchant":5964,"bonusIDs":[4799,1492,4786]},{"id":69210,"itemLevel":1,"quality":4,"icon":"inv_epicguildtabard.jpg"}],"auras":[{"source":7,"ability":6673,"icon":"ability_warrior_battleshout.jpg"},{"source":108,"ability":21562,"icon":"spell_holy_wordfortitude.jpg"},{"source":2,"ability":251836,"icon":"inv_alchemy_80_flask01green.jpg"},{"source":2,"ability":259454,"icon":"spell_misc_food.jpg"},{"source":102,"ability":1459,"icon":"spell_holy_magicalsentry.jpg"},{"source":2,"ability":269407,"icon":"inv_inscription_80_vantusrune_uldir.jpg"},{"source":109,"ability":166646,"icon":"monk_stance_whitetiger.jpg"},{"source":2,"ability":166646,"icon":"monk_stance_whitetiger.jpg"},{"source":2,"ability":280573,"icon":"inv_trinket_80_titan02c.jpg"}]},{"timestamp":2244263,"type":"combatantinfo","pin":"0","sourceID":96,"faction":0,"specID":253,"strength":897,"agility":5962,"stamina":8695,"intellect":1321,"dodge":0,"parry":0,"block":0,"armor":2671,"critMelee":1401,"critRanged":1401,"critSpell":1401,"speed":0,"leech":0,"hasteMelee":832,"hasteRanged":832,"hasteSpell":832,"avoidance":0,"mastery":1010,"versatilityDamageDone":262,"versatilityHealingDone":262,"versatilityDamageReduction":262,"talents":[{"id":273887,"icon":"ability_hunter_killcommand.jpg"},{"id":53209,"icon":"ability_hunter_chimerashot2.jpg"},{"id":270581,"icon":"ability_hunter_onewithnature.jpg"},{"id":131894,"icon":"ability_hunter_murderofcrows.jpg"},{"id":109215,"icon":"ability_hunter_posthaste.jpg"},{"id":201430,"icon":"ability_hunter_bestialdiscipline.jpg"},{"id":191384,"icon":"ability_deathwing_assualtaspects.jpg"}],"pvpTalents":[{"id":214027,"icon":"sha_ability_rogue_sturdyrecuperate.jpg"},{"id":205691,"icon":"hunter_pvp_direbeastbasilisk.jpg"},{"id":208652,"icon":"spell_hunter_aspectoftheironhawk.jpg"},{"id":204190,"icon":"ability_hunter_invigeration.jpg"}],"artifact":[{"traitID":366,"rank":375,"spellID":279806,"icon":"spell_nature_protectionformnature.jpg","slot":0},{"traitID":21,"rank":375,"spellID":263984,"icon":"ability_skyreach_four_wind.jpg","slot":0},{"traitID":14,"rank":375,"spellID":268594,"icon":"rogue_burstofspeed.jpg","slot":0},{"traitID":13,"rank":375,"spellID":263978,"icon":"inv_smallazeriteshard.jpg","slot":0},{"traitID":483,"rank":390,"spellID":280555,"icon":"inv_trinket_80_titan01b.jpg","slot":2},{"traitID":31,"rank":390,"spellID":266937,"icon":"ability_criticalstrike.jpg","slot":2},{"traitID":15,"rank":390,"spellID":263962,"icon":"ability_vehicle_shellshieldgenerator_green.jpg","slot":2},{"traitID":13,"rank":390,"spellID":263978,"icon":"inv_smallazeriteshard.jpg","slot":2},{"traitID":483,"rank":375,"spellID":280555,"icon":"inv_trinket_80_titan01b.jpg","slot":4},{"traitID":31,"rank":375,"spellID":266937,"icon":"ability_criticalstrike.jpg","slot":4},{"traitID":15,"rank":375,"spellID":263962,"icon":"ability_vehicle_shellshieldgenerator_green.jpg","slot":4},{"traitID":13,"rank":375,"spellID":263978,"icon":"inv_smallazeriteshard.jpg","slot":4}],"gear":[{"id":157921,"itemLevel":375,"quality":3,"icon":"inv_helm_mail_zandalarquest_b_01.jpg","bonusIDs":[1562,5136,5381]},{"id":158075,"itemLevel":389,"quality":6,"icon":"inv_heartofazeroth.jpg","bonusIDs":[4936,4929,4930]},{"id":160632,"itemLevel":390,"quality":4,"icon":"inv_shoulder_mail_nazmirraid_d_01.jpg","bonusIDs":[4824,1507,4786]},{"id":151116,"itemLevel":1,"quality":3,"icon":"inv_shirt_06.jpg"},{"id":160627,"itemLevel":375,"quality":4,"icon":"inv_chest_mail_nazmirraid_d_01.jpg","bonusIDs":[4823,1492,4786]},{"id":158347,"itemLevel":370,"quality":3,"icon":"inv_belt_mail_zandalardungeon_c_01.jpg","bonusIDs":[5009,1542,4783]},{"id":160631,"itemLevel":395,"quality":4,"icon":"inv_pants_mail_nazmirraid_d_01.jpg","bonusIDs":[4800,1808,1517,4783],"gems":[{"id":154127,"itemLevel":120,"icon":"inv_jewelcrafting_80_cutgem02_yellow.jpg"}]},{"id":158308,"itemLevel":390,"quality":3,"icon":"inv_boot_mail_zandalardungeon_c_01.jpg","bonusIDs":[5009,1562,4784]},{"id":163308,"itemLevel":375,"quality":3,"icon":"inv_bracer_mail_warfrontshorde_b_01.jpg","bonusIDs":[5126,4802,1567,4783],"gems":[{"id":153708,"itemLevel":120,"icon":"inv_jewelcrafting_80_specialgemcut01.jpg"}]},{"id":160626,"itemLevel":385,"quality":4,"icon":"inv_glove_mail_nazmirraid_d_01.jpg","bonusIDs":[4800,1507,4786]},{"id":159462,"itemLevel":365,"quality":3,"icon":"inv_ring_80_06e.jpg","permanentEnchant":5940,"bonusIDs":[5009,1537,4786]},{"id":158362,"itemLevel":385,"quality":3,"icon":"inv_ring_80_01e.jpg","permanentEnchant":5940,"bonusIDs":[5010,1557,4783]},{"id":160652,"itemLevel":385,"quality":4,"icon":"inv_misc_enggizmos_06.jpg","bonusIDs":[4800,1507,4786]},{"id":161462,"itemLevel":370,"quality":4,"icon":"inv_misc_volatilefire.jpg","bonusIDs":[5119,1492,4786]},{"id":158375,"itemLevel":375,"quality":3,"icon":"inv_cape_cloth_zandalardungeon_c_01.jpg","bonusIDs":[5009,1547,4783]},{"id":159637,"itemLevel":370,"quality":3,"icon":"inv_bow_1h_battledungeon_c_01.jpg","permanentEnchant":5957,"bonusIDs":[5008,1542,4783]},{"id":0,"itemLevel":0,"quality":1,"icon":"inv_axe_02.jpg"},{"id":0,"itemLevel":0,"quality":1,"icon":"inv_axe_02.jpg"}],"auras":[{"source":108,"ability":21562,"icon":"spell_holy_wordfortitude.jpg"},{"source":7,"ability":6673,"icon":"ability_warrior_battleshout.jpg"},{"source":96,"ability":259454,"icon":"spell_misc_food.jpg"},{"source":96,"ability":269407,"icon":"inv_inscription_80_vantusrune_uldir.jpg"},{"source":102,"ability":1459,"icon":"spell_holy_magicalsentry.jpg"},{"source":96,"ability":251836,"icon":"inv_alchemy_80_flask01green.jpg"},{"source":96,"ability":280573,"icon":"inv_trinket_80_titan02c.jpg"}]},{"timestamp":2244263,"type":"combatantinfo","pin":"0","sourceID":97,"faction":0,"specID":70,"strength":7185,"agility":514,"stamina":8299,"intellect":1615,"dodge":0,"parry":0,"block":0,"armor":3840,"critMelee":982,"critRanged":982,"critSpell":982,"speed":0,"leech":0,"hasteMelee":1853,"hasteRanged":1853,"hasteSpell":1853,"avoidance":0,"mastery":664,"versatilityDamageDone":261,"versatilityHealingDone":261,"versatilityDamageReduction":261,"talents":[{"id":267610,"icon":"spell_paladin_templarsverdict.jpg"},{"id":24275,"icon":"spell_paladin_hammerofwrath.jpg"},{"id":234299,"icon":"spell_holy_fistofjustice.jpg"},{"id":255937,"icon":"inv_sword_2h_artifactashbringerfire_d_03.jpg"},{"id":230332,"icon":"ability_paladin_divinesteed.jpg"},{"id":210191,"icon":"inv_helmet_96.jpg"},{"id":231895,"icon":"ability_paladin_sanctifiedwrath.jpg"}],"pvpTalents":[{"id":214027,"icon":"sha_ability_rogue_sturdyrecuperate.jpg"},{"id":204914,"icon":"ability_paladin_conviction.jpg"},{"id":210323,"icon":"spell_holy_retributionaura.jpg"},{"id":246806,"icon":"ability_paladin_judgementred.jpg"}],"artifact":[{"traitID":483,"rank":375,"spellID":280555,"icon":"inv_trinket_80_titan01b.jpg","slot":0},{"traitID":21,"rank":375,"spellID":263984,"icon":"ability_skyreach_four_wind.jpg","slot":0},{"traitID":15,"rank":375,"spellID":263962,"icon":"ability_vehicle_shellshieldgenerator_green.jpg","slot":0},{"traitID":13,"rank":375,"spellID":263978,"icon":"inv_smallazeriteshard.jpg","slot":0},{"traitID":483,"rank":375,"spellID":280555,"icon":"inv_trinket_80_titan01b.jpg","slot":2},{"traitID":30,"rank":375,"spellID":266180,"icon":"ability_vehicle_electrocharge.jpg","slot":2},{"traitID":206,"rank":375,"spellID":274388,"icon":"spell_holy_divineshield.jpg","slot":2},{"traitID":13,"rank":375,"spellID":263978,"icon":"inv_smallazeriteshard.jpg","slot":2},{"traitID":483,"rank":375,"spellID":280555,"icon":"inv_trinket_80_titan01b.jpg","slot":4},{"traitID":459,"rank":375,"spellID":279899,"icon":"inv_ember.jpg","slot":4},{"traitID":471,"rank":375,"spellID":280017,"icon":"ability_paladin_divinesteed.jpg","slot":4},{"traitID":13,"rank":375,"spellID":263978,"icon":"inv_smallazeriteshard.jpg","slot":4}],"gear":[{"id":160634,"itemLevel":375,"quality":4,"icon":"inv_helm_plate_nazmirraid_d_01.jpg","bonusIDs":[4823,1492,4786]},{"id":158075,"itemLevel":383,"quality":6,"icon":"inv_heartofazeroth.jpg","bonusIDs":[4936,4929,4930]},{"id":160641,"itemLevel":375,"quality":4,"icon":"inv_shoulder_plate_nazmirraid_d_01.jpg","bonusIDs":[4823,1492,4786]},{"id":0,"itemLevel":0,"quality":1,"icon":"inv_axe_02.jpg"},{"id":160636,"itemLevel":375,"quality":4,"icon":"inv_chest_plate_nazmirraid_d_01.jpg","bonusIDs":[4823,1492,4786]},{"id":163461,"itemLevel":380,"quality":3,"icon":"inv_plate_belt_warfrontshorde_b_01.jpg","bonusIDs":[5126,4802,1572,4783],"gems":[{"id":154127,"itemLevel":120,"icon":"inv_jewelcrafting_80_cutgem02_yellow.jpg"}]},{"id":160639,"itemLevel":385,"quality":4,"icon":"inv_pant_plate_nazmirraid_d_01.jpg","bonusIDs":[4800,1507,4786]},{"id":163460,"itemLevel":370,"quality":3,"icon":"inv_plate_boot_warfrontshorde_b_01.jpg","bonusIDs":[5126,4802,1562,4786],"gems":[{"id":154127,"itemLevel":120,"icon":"inv_jewelcrafting_80_cutgem02_yellow.jpg"}]},{"id":160637,"itemLevel":395,"quality":4,"icon":"inv_bracer_plate_nazmirraid_d_01.jpg","bonusIDs":[4800,1517,4783]},{"id":160635,"itemLevel":375,"quality":4,"icon":"inv_glove_plate_nazmirraid_d_01.jpg","bonusIDs":[4799,1497,4783]},{"id":160646,"itemLevel":370,"quality":4,"icon":"inv_ring_80_04e.jpg","permanentEnchant":5943,"bonusIDs":[4799,1492,4786]},{"id":160645,"itemLevel":375,"quality":4,"icon":"inv_ring_80_04d.jpg","permanentEnchant":5943,"bonusIDs":[4799,1497,4783]},{"id":161463,"itemLevel":370,"quality":4,"icon":"6bf_rolling_fury.jpg","bonusIDs":[5119,1492,4786]},{"id":160655,"itemLevel":380,"quality":4,"icon":"trade_archaeology_bloodysatyrscepter.jpg","bonusIDs":[4799,1502,4783]},{"id":160643,"itemLevel":380,"quality":4,"icon":"inv_leather_nazmirraid_d_01cape.jpg","bonusIDs":[4799,1808,1502,4783],"gems":[{"id":153707,"itemLevel":120,"icon":"inv_jewelcrafting_80_specialgemcut01.jpg"}]},{"id":160679,"itemLevel":390,"quality":4,"icon":"inv_mace_2h_capturedtitanconstruct_d_01.jpg","permanentEnchant":5963,"bonusIDs":[4800,1512,4783]},{"id":0,"itemLevel":0,"quality":1,"icon":"inv_axe_02.jpg"},{"id":0,"itemLevel":0,"quality":1,"icon":"inv_axe_02.jpg"}],"auras":[{"source":7,"ability":6673,"icon":"ability_warrior_battleshout.jpg"},{"source":97,"ability":270058,"icon":"creatureportrait_altarofearth_01.jpg"},{"source":97,"ability":259456,"icon":"spell_misc_food.jpg"},{"source":97,"ability":251839,"icon":"inv_alchemy_80_flask01orange.jpg"},{"source":108,"ability":21562,"icon":"spell_holy_wordfortitude.jpg"},{"source":102,"ability":1459,"icon":"spell_holy_magicalsentry.jpg"},{"source":2,"ability":166646,"icon":"monk_stance_whitetiger.jpg"},{"source":97,"ability":267344,"icon":"ability_paladin_artofwar.jpg"},{"source":97,"ability":269407,"icon":"inv_inscription_80_vantusrune_uldir.jpg"},{"source":109,"ability":166646,"icon":"monk_stance_whitetiger.jpg"},{"source":97,"ability":280573,"icon":"inv_trinket_80_titan02c.jpg"},{"source":97,"ability":267610,"icon":"spell_paladin_templarsverdict.jpg"}]},{"timestamp":2244263,"type":"combatantinfo","pin":"0","sourceID":98,"faction":0,"specID":577,"strength":1215,"agility":7065,"stamina":8288,"intellect":1100,"dodge":0,"parry":0,"block":0,"armor":1814,"critMelee":775,"critRanged":775,"critSpell":775,"speed":0,"leech":0,"hasteMelee":1868,"hasteRanged":1868,"hasteSpell":1868,"avoidance":0,"mastery":699,"versatilityDamageDone":368,"versatilityHealingDone":368,"versatilityDamageReduction":368,"talents":[{"id":203550,"icon":"ability_bosskilrogg_deadeye.jpg"},{"id":258920,"icon":"ability_demonhunter_immolation.jpg"},{"id":258925,"icon":"inv_felbarrage.jpg"},{"id":196555,"icon":"spell_warlock_demonsoul.jpg"},{"id":206416,"icon":"ability_deathwing_bloodcorruption_death.jpg"},{"id":206477,"icon":"ability_demonhunter_chaosnova.jpg"},{"id":213410,"icon":"spell_shadow_demonform.jpg"}],"pvpTalents":[{"id":214027,"icon":"sha_ability_rogue_sturdyrecuperate.jpg"},{"id":211509,"icon":"spell_shadow_enslavedemon.jpg"},{"id":235893,"icon":"artifactability_havocdemonhunter_anguishofthedeceiver.jpg"},{"id":213480,"icon":"ability_demonhunter_brandofthehunt.jpg"}],"artifact":[{"traitID":485,"rank":375,"spellID":280559,"icon":"spell_nature_groundingtotem.jpg","slot":0},{"traitID":461,"rank":375,"spellID":279926,"icon":"inv_smallazeritefragment.jpg","slot":0},{"traitID":85,"rank":375,"spellID":268596,"icon":"inv_jewelcrafting_argusgemcut_yellow_miscicons.jpg","slot":0},{"traitID":13,"rank":375,"spellID":263978,"icon":"inv_smallazeriteshard.jpg","slot":0},{"traitID":483,"rank":375,"spellID":280555,"icon":"inv_trinket_80_titan01b.jpg","slot":2},{"traitID":30,"rank":375,"spellID":266180,"icon":"ability_vehicle_electrocharge.jpg","slot":2},{"traitID":202,"rank":375,"spellID":274344,"icon":"ability_demonhunter_shatteredsouls.jpg","slot":2},{"traitID":13,"rank":375,"spellID":263978,"icon":"inv_smallazeriteshard.jpg","slot":2},{"traitID":483,"rank":375,"spellID":280555,"icon":"inv_trinket_80_titan01b.jpg","slot":4},{"traitID":31,"rank":375,"spellID":266937,"icon":"ability_criticalstrike.jpg","slot":4},{"traitID":15,"rank":375,"spellID":263962,"icon":"ability_vehicle_shellshieldgenerator_green.jpg","slot":4},{"traitID":13,"rank":375,"spellID":263978,"icon":"inv_smallazeriteshard.jpg","slot":4}],"gear":[{"id":163596,"itemLevel":375,"quality":4,"icon":"inv_leather_nazmirraid_d_01helm.jpg","bonusIDs":[4823,1492,4786]},{"id":158075,"itemLevel":383,"quality":6,"icon":"inv_heartofazeroth.jpg","bonusIDs":[4936,4929,4930]},{"id":160620,"itemLevel":375,"quality":4,"icon":"inv_leather_nazmirraid_d_01shoulder.jpg","bonusIDs":[4823,1492,4786]},{"id":0,"itemLevel":0,"quality":1,"icon":"inv_axe_02.jpg"},{"id":160619,"itemLevel":375,"quality":4,"icon":"inv_leather_nazmirraid_d_01chest.jpg","bonusIDs":[4823,1492,4786]},{"id":160622,"itemLevel":385,"quality":4,"icon":"inv_leather_nazmirraid_d_01buckle.jpg","bonusIDs":[4800,1507,4786]},{"id":160625,"itemLevel":395,"quality":4,"icon":"inv_leather_nazmirraid_d_01pant.jpg","bonusIDs":[4800,1517,4783]},{"id":159336,"itemLevel":375,"quality":3,"icon":"inv_boot_leather_zandalardungeon_c_01.jpg","bonusIDs":[5009,1547,4783]},{"id":160720,"itemLevel":370,"quality":4,"icon":"inv_leather_nazmirraid_d_01bracer.jpg","permanentEnchant":5936,"bonusIDs":[4799,1808,1492,4786],"gems":[{"id":153708,"itemLevel":120,"icon":"inv_jewelcrafting_80_specialgemcut01.jpg"}]},{"id":160618,"itemLevel":385,"quality":4,"icon":"inv_leather_nazmirraid_d_01glove.jpg","bonusIDs":[4800,1507,4786]},{"id":160646,"itemLevel":370,"quality":4,"icon":"inv_ring_80_04e.jpg","permanentEnchant":5945,"bonusIDs":[4799,1808,1492,4786],"gems":[{"id":154128,"itemLevel":120,"icon":"inv_jewelcrafting_80_cutgem02_blue.jpg"}]},{"id":160645,"itemLevel":370,"quality":4,"icon":"inv_ring_80_04d.jpg","permanentEnchant":5945,"bonusIDs":[4799,1492,4786]},{"id":159125,"itemLevel":355,"quality":4,"icon":"inv_inscription_80_deck_fathoms.jpg"},{"id":159628,"itemLevel":370,"quality":3,"icon":"creatureportrait_cannon03.jpg","bonusIDs":[5008,1542,4783]},{"id":160642,"itemLevel":370,"quality":4,"icon":"inv_cape_cloth_nazmirraid_d_01.jpg","bonusIDs":[4799,1492,4786]},{"id":160681,"itemLevel":385,"quality":4,"icon":"inv_glaive_1h_nazmirraid_d_01.jpg","permanentEnchant":5962,"bonusIDs":[4800,1507,4786]},{"id":160681,"itemLevel":385,"quality":4,"icon":"inv_glaive_1h_nazmirraid_d_01.jpg","permanentEnchant":5963,"bonusIDs":[4800,1507,4786]},{"id":0,"itemLevel":0,"quality":1,"icon":"inv_axe_02.jpg"}],"auras":[{"source":98,"ability":259454,"icon":"spell_misc_food.jpg"},{"source":7,"ability":6673,"icon":"ability_warrior_battleshout.jpg"},{"source":108,"ability":21562,"icon":"spell_holy_wordfortitude.jpg"},{"source":102,"ability":1459,"icon":"spell_holy_magicalsentry.jpg"},{"source":98,"ability":251836,"icon":"inv_alchemy_80_flask01green.jpg"},{"source":98,"ability":269407,"icon":"inv_inscription_80_vantusrune_uldir.jpg"},{"source":2,"ability":166646,"icon":"monk_stance_whitetiger.jpg"},{"source":109,"ability":166646,"icon":"monk_stance_whitetiger.jpg"},{"source":98,"ability":280573,"icon":"inv_trinket_80_titan02c.jpg"}]},{"timestamp":2244263,"type":"combatantinfo","pin":"0","sourceID":99,"faction":0,"specID":251,"strength":6189,"agility":1215,"stamina":9153,"intellect":870,"dodge":0,"parry":0,"block":0,"armor":3852,"critMelee":1860,"critRanged":1860,"critSpell":1860,"speed":0,"leech":0,"hasteMelee":664,"hasteRanged":664,"hasteSpell":664,"avoidance":0,"mastery":1097,"versatilityDamageDone":212,"versatilityHealingDone":212,"versatilityDamageReduction":212,"talents":[{"id":281208,"icon":"spell_frost_frozencore.jpg"},{"id":207104,"icon":"boss_odunrunes_blue.jpg"},{"id":207167,"icon":"spell_frost_chillingblast.jpg"},{"id":194909,"icon":"inv_misc_permafrostshard.jpg"},{"id":207200,"icon":"achievement_zone_frostfire.jpg"},{"id":279302,"icon":"achievement_boss_sindragosa.jpg"},{"id":152279,"icon":"spell_deathknight_breathofsindragosa.jpg"}],"pvpTalents":[{"id":214027,"icon":"sha_ability_rogue_sturdyrecuperate.jpg"},{"id":287250,"icon":"ability_deathknight_remorselesswinters2.jpg"},{"id":204080,"icon":"spell_frost_frostarmor.jpg"},{"id":199642,"icon":"ability_deathknight_decomposingaura.jpg"}],"artifact":[{"traitID":483,"rank":385,"spellID":280555,"icon":"inv_trinket_80_titan01b.jpg","slot":0},{"traitID":31,"rank":385,"spellID":266937,"icon":"ability_criticalstrike.jpg","slot":0},{"traitID":15,"rank":385,"spellID":263962,"icon":"ability_vehicle_shellshieldgenerator_green.jpg","slot":0},{"traitID":483,"rank":375,"spellID":280555,"icon":"inv_trinket_80_titan01b.jpg","slot":2},{"traitID":30,"rank":375,"spellID":266180,"icon":"ability_vehicle_electrocharge.jpg","slot":2},{"traitID":201,"rank":375,"spellID":280010,"icon":"spell_shadow_antimagicshell.jpg","slot":2},{"traitID":13,"rank":375,"spellID":263978,"icon":"inv_smallazeriteshard.jpg","slot":2},{"traitID":483,"rank":375,"spellID":280555,"icon":"inv_trinket_80_titan01b.jpg","slot":4},{"traitID":31,"rank":375,"spellID":266937,"icon":"ability_criticalstrike.jpg","slot":4},{"traitID":15,"rank":375,"spellID":263962,"icon":"ability_vehicle_shellshieldgenerator_green.jpg","slot":4},{"traitID":13,"rank":375,"spellID":263978,"icon":"inv_smallazeriteshard.jpg","slot":4}],"gear":[{"id":160634,"itemLevel":385,"quality":4,"icon":"inv_helm_plate_nazmirraid_d_01.jpg","bonusIDs":[4824,1507,4786]},{"id":158075,"itemLevel":383,"quality":6,"icon":"inv_heartofazeroth.jpg","bonusIDs":[4936,4929,4930]},{"id":160641,"itemLevel":375,"quality":4,"icon":"inv_shoulder_plate_nazmirraid_d_01.jpg","bonusIDs":[4823,1492,4786]},{"id":144365,"itemLevel":1,"quality":3,"icon":"inv_shirt_09.jpg"},{"id":160636,"itemLevel":375,"quality":4,"icon":"inv_chest_plate_nazmirraid_d_01.jpg","bonusIDs":[4823,1492,4786]},{"id":160638,"itemLevel":385,"quality":4,"icon":"inv_belt_plate_nazmirraid_d_01.jpg","bonusIDs":[4800,1507,4786]},{"id":160639,"itemLevel":385,"quality":4,"icon":"inv_pant_plate_nazmirraid_d_01.jpg","bonusIDs":[4800,1808,1507,4786],"gems":[{"id":154129,"itemLevel":120,"icon":"inv_jewelcrafting_80_cutgem02_purple.jpg"}]},{"id":159444,"itemLevel":380,"quality":3,"icon":"inv_boot_plate_kultirasdungeon_c_01.jpg","bonusIDs":[5010,4802,1552,4783],"gems":[{"id":154129,"itemLevel":120,"icon":"inv_jewelcrafting_80_cutgem02_purple.jpg"}]},{"id":160637,"itemLevel":370,"quality":4,"icon":"inv_bracer_plate_nazmirraid_d_01.jpg","bonusIDs":[4799,1808,1492,4786],"gems":[{"id":154129,"itemLevel":120,"icon":"inv_jewelcrafting_80_cutgem02_purple.jpg"}]},{"id":160635,"itemLevel":370,"quality":4,"icon":"inv_glove_plate_nazmirraid_d_01.jpg","permanentEnchant":5932,"bonusIDs":[4799,1808,1492,4786],"gems":[{"id":154129,"itemLevel":120,"icon":"inv_jewelcrafting_80_cutgem02_purple.jpg"}]},{"id":160647,"itemLevel":370,"quality":4,"icon":"inv_ring_80_05e.jpg","permanentEnchant":5944,"bonusIDs":[4799,1492,4786]},{"id":160645,"itemLevel":385,"quality":4,"icon":"inv_ring_80_04d.jpg","permanentEnchant":5944,"bonusIDs":[4800,1808,1507,4786],"gems":[{"id":153707,"itemLevel":120,"icon":"inv_jewelcrafting_80_specialgemcut01.jpg"}]},{"id":160655,"itemLevel":370,"quality":4,"icon":"trade_archaeology_bloodysatyrscepter.jpg","bonusIDs":[4799,1492,4786]},{"id":159616,"itemLevel":385,"quality":3,"icon":"inv_misc_stonetablet_01.jpg","bonusIDs":[5010,1557,4784]},{"id":160644,"itemLevel":375,"quality":4,"icon":"inv_cape_mail_nazmirraid_d_01.jpg","bonusIDs":[4799,1497,4783]},{"id":160692,"itemLevel":380,"quality":4,"icon":"inv_sword_1h_nazmiraidr_d_01.jpg","permanentEnchant":3370,"bonusIDs":[4799,1502,4783]},{"id":160692,"itemLevel":375,"quality":4,"icon":"inv_sword_1h_nazmiraidr_d_01.jpg","permanentEnchant":3368,"bonusIDs":[4799,1497,4783]},{"id":46874,"itemLevel":1,"quality":3,"icon":"inv_shirt_guildtabard_01.jpg"}],"auras":[{"source":99,"ability":259456,"icon":"spell_misc_food.jpg"},{"source":7,"ability":6673,"icon":"ability_warrior_battleshout.jpg"},{"source":99,"ability":251839,"icon":"inv_alchemy_80_flask01orange.jpg"},{"source":102,"ability":1459,"icon":"spell_holy_magicalsentry.jpg"},{"source":108,"ability":21562,"icon":"spell_holy_wordfortitude.jpg"},{"source":99,"ability":281208,"icon":"spell_frost_frozencore.jpg"},{"source":99,"ability":269407,"icon":"inv_inscription_80_vantusrune_uldir.jpg"},{"source":99,"ability":281209,"icon":"spell_frost_frozencore.jpg"},{"source":99,"ability":280573,"icon":"inv_trinket_80_titan02c.jpg"}]},{"timestamp":2244263,"type":"combatantinfo","pin":"0","sourceID":102,"faction":0,"specID":64,"strength":647,"agility":1000,"stamina":8621,"intellect":8182,"dodge":0,"parry":0,"block":0,"armor":1139,"critMelee":1909,"critRanged":1909,"critSpell":1909,"speed":0,"leech":0,"hasteMelee":968,"hasteRanged":968,"hasteSpell":968,"avoidance":0,"mastery":508,"versatilityDamageDone":348,"versatilityHealingDone":348,"versatilityDamageReduction":348,"talents":[{"id":205027,"icon":"ability_mage_chilledtothebone.jpg"},{"id":212653,"icon":"spell_arcane_massdispel.jpg"},{"id":1463,"icon":"ability_mage_incantersabsorbtion.jpg"},{"id":257537,"icon":"artifactability_frostmage_ebonbolt.jpg"},{"id":235224,"icon":"ability_mage_deepfreeze.jpg"},{"id":153595,"icon":"spell_mage_cometstorm2.jpg"},{"id":199786,"icon":"ability_mage_glacialspike.jpg"}],"pvpTalents":[{"id":214027,"icon":"sha_ability_rogue_sturdyrecuperate.jpg"},{"id":198062,"icon":"spell_magearmor.jpg"},{"id":198123,"icon":"inv_misc_frostemblem_01.jpg"},{"id":198148,"icon":"spell_frost_frozenorb.jpg"}],"artifact":[{"traitID":170,"rank":385,"spellID":288164,"icon":"ability_mage_coldasice.jpg","slot":0},{"traitID":30,"rank":385,"spellID":266180,"icon":"ability_vehicle_electrocharge.jpg","slot":0},{"traitID":83,"rank":385,"spellID":268437,"icon":"inv_pet_inquisitoreye.jpg","slot":0},{"traitID":483,"rank":370,"spellID":280555,"icon":"inv_trinket_80_titan01b.jpg","slot":2},{"traitID":31,"rank":370,"spellID":266937,"icon":"ability_criticalstrike.jpg","slot":2},{"traitID":15,"rank":370,"spellID":263962,"icon":"ability_vehicle_shellshieldgenerator_green.jpg","slot":2},{"traitID":379,"rank":385,"spellID":277663,"icon":"spell_frost_frostbolt02.jpg","slot":4},{"traitID":30,"rank":385,"spellID":266180,"icon":"ability_vehicle_electrocharge.jpg","slot":4},{"traitID":14,"rank":385,"spellID":268594,"icon":"rogue_burstofspeed.jpg","slot":4}],"gear":[{"id":159236,"itemLevel":385,"quality":3,"icon":"inv_helm_cloth_zandalardungeon_c_01.jpg","bonusIDs":[5062,1557,4786]},{"id":158075,"itemLevel":377,"quality":6,"icon":"inv_heartofazeroth.jpg","bonusIDs":[4936,4929,4930]},{"id":160613,"itemLevel":370,"quality":4,"icon":"inv_shoulder_cloth_nazmirraid_d_01.jpg","bonusIDs":[4823,1492,4786]},{"id":0,"itemLevel":0,"quality":1,"icon":"inv_axe_02.jpg"},{"id":158349,"itemLevel":385,"quality":3,"icon":"inv_chest_cloth_zandalardungeon_c_01.jpg","bonusIDs":[5061,1557,4786]},{"id":160727,"itemLevel":390,"quality":4,"icon":"inv_belt_cloth_nazmirraid_d_01.jpg","bonusIDs":[4799,1512,4784]},{"id":160615,"itemLevel":390,"quality":4,"icon":"inv_pant_cloth_nazmirraid_d_01.jpg","bonusIDs":[4800,1512,4783]},{"id":158351,"itemLevel":390,"quality":3,"icon":"inv_boot_cloth_kultirasdungeon_c_01.jpg","bonusIDs":[5008,1562,4784]},{"id":159275,"itemLevel":380,"quality":3,"icon":"inv_bracer_cloth_zandalardungeon_c_01.jpg","bonusIDs":[5010,1552,4786]},{"id":160715,"itemLevel":375,"quality":4,"icon":"inv_glove_cloth_nazmirraid_d_01.jpg","bonusIDs":[4799,1497,4783]},{"id":160645,"itemLevel":385,"quality":4,"icon":"inv_ring_80_04d.jpg","permanentEnchant":5945,"bonusIDs":[4800,1507,4786]},{"id":158314,"itemLevel":370,"quality":3,"icon":"inv_ring_80_06b.jpg","permanentEnchant":5945,"bonusIDs":[5007,1542,4783]},{"id":159624,"itemLevel":355,"quality":3,"icon":"inv_misc_primitive_toy05.jpg","bonusIDs":[4779,1527,4784]},{"id":160651,"itemLevel":385,"quality":4,"icon":"spell_deathknight_bloodtap.jpg","bonusIDs":[4800,1808,1507,4786],"gems":[{"id":154128,"itemLevel":120,"icon":"inv_jewelcrafting_80_cutgem02_blue.jpg"}]},{"id":160642,"itemLevel":385,"quality":4,"icon":"inv_cape_cloth_nazmirraid_d_01.jpg","bonusIDs":[4799,1507,4784]},{"id":160680,"itemLevel":385,"quality":4,"icon":"inv_wand_1h_nazmirraid_d_01.jpg","permanentEnchant":5949,"bonusIDs":[4800,1507,4786]},{"id":160695,"itemLevel":385,"quality":4,"icon":"inv_offhand_1h_nazmirraid_d_01.jpg","bonusIDs":[4800,1507,4786]},{"id":0,"itemLevel":0,"quality":1,"icon":"inv_axe_02.jpg"}],"auras":[{"source":7,"ability":6673,"icon":"ability_warrior_battleshout.jpg"},{"source":102,"ability":259455,"icon":"spell_misc_food.jpg"},{"source":102,"ability":251837,"icon":"inv_alchemy_80_flask01purple.jpg"},{"source":108,"ability":21562,"icon":"spell_holy_wordfortitude.jpg"},{"source":102,"ability":1459,"icon":"spell_holy_magicalsentry.jpg"},{"source":102,"ability":269407,"icon":"inv_inscription_80_vantusrune_uldir.jpg"},{"source":109,"ability":166646,"icon":"monk_stance_whitetiger.jpg"},{"source":2,"ability":166646,"icon":"monk_stance_whitetiger.jpg"},{"source":102,"ability":280573,"icon":"inv_trinket_80_titan02c.jpg"}]},{"timestamp":2244263,"type":"combatantinfo","pin":"0","sourceID":104,"faction":0,"specID":262,"strength":633,"agility":1465,"stamina":8395,"intellect":9703,"dodge":0,"parry":0,"block":0,"armor":2591,"critMelee":1744,"critRanged":1744,"critSpell":1744,"speed":0,"leech":0,"hasteMelee":846,"hasteRanged":846,"hasteSpell":846,"avoidance":79,"mastery":781,"versatilityDamageDone":420,"versatilityHealingDone":420,"versatilityDamageReduction":420,"talents":[{"id":170374,"icon":"ability_earthen_pillar.jpg"},{"id":210643,"icon":"spell_nature_wrathofair_totem.jpg"},{"id":260878,"icon":"spell_hunter_lonewolf.jpg"},{"id":192249,"icon":"inv_stormelemental.jpg"},{"id":30884,"icon":"spell_nature_natureguardian.jpg"},{"id":117013,"icon":"shaman_talent_primalelementalist.jpg"},{"id":191634,"icon":"ability_thunderking_lightningwhip.jpg"}],"pvpTalents":[{"id":0,"icon":"inv_axe_02.jpg"},{"id":0,"icon":"inv_axe_02.jpg"},{"id":0,"icon":"inv_axe_02.jpg"},{"id":0,"icon":"inv_axe_02.jpg"}],"artifact":[{"traitID":222,"rank":375,"spellID":275381,"icon":"spell_fire_elemental_totem.jpg","slot":0},{"traitID":22,"rank":375,"spellID":263987,"icon":"spell_shaman_thunderstorm.jpg","slot":0},{"traitID":83,"rank":375,"spellID":268437,"icon":"inv_pet_inquisitoreye.jpg","slot":0},{"traitID":13,"rank":375,"spellID":263978,"icon":"inv_smallazeriteshard.jpg","slot":0},{"traitID":483,"rank":385,"spellID":280555,"icon":"inv_trinket_80_titan01b.jpg","slot":2},{"traitID":31,"rank":385,"spellID":266937,"icon":"ability_criticalstrike.jpg","slot":2},{"traitID":448,"rank":370,"spellID":277671,"icon":"spell_nature_lightning.jpg","slot":4},{"traitID":30,"rank":370,"spellID":266180,"icon":"ability_vehicle_electrocharge.jpg","slot":4},{"traitID":14,"rank":370,"spellID":268594,"icon":"rogue_burstofspeed.jpg","slot":4}],"gear":[{"id":161453,"itemLevel":375,"quality":4,"icon":"inv_helm_mail_warfrontshorde_c_01.jpg","bonusIDs":[5120,1492,4786]},{"id":158075,"itemLevel":360,"quality":6,"icon":"inv_heartofazeroth.jpg","bonusIDs":[4933,4936,4929]},{"id":160632,"itemLevel":385,"quality":4,"icon":"inv_shoulder_mail_nazmirraid_d_01.jpg","bonusIDs":[4824,1507,4786,5403]},{"id":18231,"itemLevel":1,"quality":2,"icon":"inv_shirt_12.jpg"},{"id":159370,"itemLevel":370,"quality":3,"icon":"inv_chest_mail_zandalardungeon_c_01.jpg","bonusIDs":[5055,1542,4786]},{"id":160633,"itemLevel":370,"quality":4,"icon":"inv_belt_mail_nazmirraid_d_01.jpg","bonusIDs":[4799,1492,4786]},{"id":159400,"itemLevel":385,"quality":3,"icon":"inv_pants_mail_kultirasdungeon_c_01.jpg","bonusIDs":[5002,1557,4784]},{"id":160628,"itemLevel":370,"quality":4,"icon":"inv_boots_mail_nazmirraid_d_01.jpg","bonusIDs":[4799,1492,4786]},{"id":160629,"itemLevel":385,"quality":4,"icon":"inv_bracer_mail_nazmirraid_d_01.jpg","bonusIDs":[4800,1808,1507,4786],"gems":[{"id":153709,"itemLevel":120,"icon":"inv_jewelcrafting_80_specialgemcut01.jpg"}]},{"id":160626,"itemLevel":385,"quality":4,"icon":"inv_glove_mail_nazmirraid_d_01.jpg","bonusIDs":[4800,40,1507,4786]},{"id":160645,"itemLevel":385,"quality":4,"icon":"inv_ring_80_04d.jpg","permanentEnchant":5938,"bonusIDs":[4800,1507,4786]},{"id":160646,"itemLevel":370,"quality":4,"icon":"inv_ring_80_04e.jpg","permanentEnchant":5938,"bonusIDs":[4799,1492,4786]},{"id":163937,"itemLevel":355,"quality":4,"icon":"inv_trinket_80_titan02b.jpg","bonusIDs":[1477,4783]},{"id":166793,"itemLevel":385,"quality":4,"icon":"inv_spiritshard_02.jpg","bonusIDs":[5479,1502,4786]},{"id":160643,"itemLevel":380,"quality":4,"icon":"inv_leather_nazmirraid_d_01cape.jpg","bonusIDs":[4799,1502,4783]},{"id":160689,"itemLevel":370,"quality":4,"icon":"inv_staff_2h_nazmirraid_d_02.jpg","permanentEnchant":5965,"bonusIDs":[4799,1492,4786]},{"id":0,"itemLevel":0,"quality":1,"icon":"inv_axe_02.jpg"},{"id":28788,"itemLevel":60,"quality":2,"icon":"inv_shirt_guildtabard_01.jpg"}],"auras":[{"source":104,"ability":259455,"icon":"spell_misc_food.jpg"},{"source":102,"ability":1459,"icon":"spell_holy_magicalsentry.jpg"},{"source":109,"ability":166646,"icon":"monk_stance_whitetiger.jpg"},{"source":2,"ability":166646,"icon":"monk_stance_whitetiger.jpg"},{"source":104,"ability":251837,"icon":"inv_alchemy_80_flask01purple.jpg"},{"source":7,"ability":6673,"icon":"ability_warrior_battleshout.jpg"},{"source":108,"ability":21562,"icon":"spell_holy_wordfortitude.jpg"},{"source":104,"ability":269407,"icon":"inv_inscription_80_vantusrune_uldir.jpg"},{"source":104,"ability":280573,"icon":"inv_trinket_80_titan02c.jpg"}]},{"timestamp":2244263,"type":"combatantinfo","pin":"0","sourceID":105,"faction":0,"specID":259,"strength":1215,"agility":6314,"stamina":8708,"intellect":1000,"dodge":0,"parry":0,"block":0,"armor":1865,"critMelee":1143,"critRanged":1143,"critSpell":1143,"speed":0,"leech":128,"hasteMelee":2135,"hasteRanged":2135,"hasteSpell":2135,"avoidance":0,"mastery":482,"versatilityDamageDone":66,"versatilityHealingDone":66,"versatilityDamageReduction":66,"talents":[{"id":193640,"icon":"inv_misc_map08.jpg"},{"id":108208,"icon":"rogue_subterfuge.jpg"},{"id":14983,"icon":"ability_rogue_vigor.jpg"},{"id":31230,"icon":"ability_rogue_cheatdeath.jpg"},{"id":196861,"icon":"inv_jewelcrafting_delicatecopperwire.jpg"},{"id":245388,"icon":"inv_weapon_shortblade_62.jpg"},{"id":255544,"icon":"rogue_paralytic_poison.jpg"}],"pvpTalents":[{"id":214027,"icon":"sha_ability_rogue_sturdyrecuperate.jpg"},{"id":197000,"icon":"ability_rogue_sprint_blue.jpg"},{"id":198128,"icon":"ability_rogue_fanofknives.jpg"},{"id":198145,"icon":"ability_rogue_systemshock.jpg"}],"artifact":[{"traitID":479,"rank":390,"spellID":280284,"icon":"inv_weapon_shortblade_06.jpg","slot":0},{"traitID":30,"rank":390,"spellID":266180,"icon":"ability_vehicle_electrocharge.jpg","slot":0},{"traitID":44,"rank":390,"spellID":268599,"icon":"inv_misc_monsterfang_02.jpg","slot":0},{"traitID":13,"rank":390,"spellID":263978,"icon":"inv_smallazeriteshard.jpg","slot":0},{"traitID":483,"rank":375,"spellID":280555,"icon":"inv_trinket_80_titan01b.jpg","slot":2},{"traitID":30,"rank":375,"spellID":266180,"icon":"ability_vehicle_electrocharge.jpg","slot":2},{"traitID":217,"rank":375,"spellID":274692,"icon":"ability_rogue_sprint.jpg","slot":2},{"traitID":13,"rank":375,"spellID":263978,"icon":"inv_smallazeriteshard.jpg","slot":2},{"traitID":479,"rank":385,"spellID":280284,"icon":"inv_weapon_shortblade_06.jpg","slot":4},{"traitID":30,"rank":385,"spellID":266180,"icon":"ability_vehicle_electrocharge.jpg","slot":4},{"traitID":44,"rank":385,"spellID":268599,"icon":"inv_misc_monsterfang_02.jpg","slot":4}],"gear":[{"id":155888,"itemLevel":390,"quality":3,"icon":"inv_helm_leather_kultirasdungeon_c_01.jpg","bonusIDs":[5062,1557,4786]},{"id":158075,"itemLevel":385,"quality":6,"icon":"inv_heartofazeroth.jpg","bonusIDs":[4936,4929,4930]},{"id":160620,"itemLevel":375,"quality":4,"icon":"inv_leather_nazmirraid_d_01shoulder.jpg","bonusIDs":[4823,1492,4786]},{"id":151116,"itemLevel":1,"quality":3,"icon":"inv_shirt_06.jpg"},{"id":159314,"itemLevel":385,"quality":3,"icon":"inv_chest_leather_kultirasdungeon_c_01.jpg","bonusIDs":[5061,1557,4786]},{"id":159301,"itemLevel":380,"quality":3,"icon":"inv_belt_leather_zandalardungeon_c_01.jpg","onUseEnchant":5967,"bonusIDs":[5010,4802,1552,4783],"gems":[{"id":154127,"itemLevel":120,"icon":"inv_jewelcrafting_80_cutgem02_yellow.jpg"}]},{"id":160625,"itemLevel":390,"quality":4,"icon":"inv_leather_nazmirraid_d_01pant.jpg","bonusIDs":[4800,1512,4783]},{"id":159336,"itemLevel":380,"quality":3,"icon":"inv_boot_leather_zandalardungeon_c_01.jpg","bonusIDs":[5010,1552,4783]},{"id":159324,"itemLevel":370,"quality":3,"icon":"inv_bracer_leather_zandalardungeon_c_01.jpg","bonusIDs":[5010,4802,41,1542,4786],"gems":[{"id":154127,"itemLevel":120,"icon":"inv_jewelcrafting_80_cutgem02_yellow.jpg"}]},{"id":160618,"itemLevel":385,"quality":4,"icon":"inv_leather_nazmirraid_d_01glove.jpg","permanentEnchant":5933,"bonusIDs":[4800,1507,4786]},{"id":160645,"itemLevel":385,"quality":4,"icon":"inv_ring_80_04d.jpg","permanentEnchant":5943,"bonusIDs":[4800,41,1507,4786]},{"id":159461,"itemLevel":380,"quality":3,"icon":"inv_ring_80_05b.jpg","permanentEnchant":5939,"bonusIDs":[5010,1552,4786]},{"id":160648,"itemLevel":370,"quality":4,"icon":"inv_misc_food_114_orcablubber.jpg","bonusIDs":[4799,1808,1492,4786],"gems":[{"id":154127,"itemLevel":120,"icon":"inv_jewelcrafting_80_cutgem02_yellow.jpg"}]},{"id":160652,"itemLevel":385,"quality":4,"icon":"inv_misc_enggizmos_06.jpg","bonusIDs":[4800,1507,4786]},{"id":163360,"itemLevel":395,"quality":3,"icon":"inv_leather_warfrontshorde_b_01_cloak.jpg","bonusIDs":[5126,1587,4784]},{"id":160683,"itemLevel":385,"quality":4,"icon":"inv_knife_1h_nazmirraid_d_02.jpg","permanentEnchant":5965,"bonusIDs":[4800,1507,4786]},{"id":160683,"itemLevel":370,"quality":4,"icon":"inv_knife_1h_nazmirraid_d_02.jpg","permanentEnchant":5963,"bonusIDs":[4799,1492,4786]},{"id":160545,"itemLevel":120,"quality":3,"icon":"inv_tabard_hordewareffort.jpg"}],"auras":[{"source":105,"ability":251836,"icon":"inv_alchemy_80_flask01green.jpg"},{"source":109,"ability":166646,"icon":"monk_stance_whitetiger.jpg"},{"source":108,"ability":21562,"icon":"spell_holy_wordfortitude.jpg"},{"source":105,"ability":269407,"icon":"inv_inscription_80_vantusrune_uldir.jpg"},{"source":105,"ability":259454,"icon":"spell_misc_food.jpg"},{"source":7,"ability":6673,"icon":"ability_warrior_battleshout.jpg"},{"source":105,"ability":280573,"icon":"inv_trinket_80_titan02c.jpg"}]},{"timestamp":2244263,"type":"combatantinfo","pin":"0","sourceID":106,"faction":0,"specID":258,"strength":854,"agility":1215,"stamina":7915,"intellect":8558,"dodge":0,"parry":0,"block":0,"armor":1066,"critMelee":1009,"critRanged":1009,"critSpell":1009,"speed":32,"leech":0,"hasteMelee":2042,"hasteRanged":2042,"hasteSpell":2042,"avoidance":0,"mastery":626,"versatilityDamageDone":298,"versatilityHealingDone":298,"versatilityDamageReduction":298,"talents":[{"id":205351,"icon":"spell_mage_presenceofmind.jpg"},{"id":64129,"icon":"spell_holy_symbolofhope.jpg"},{"id":263346,"icon":"inv_elemental_primal_shadow.jpg"},{"id":263716,"icon":"ability_priest_silence.jpg"},{"id":155271,"icon":"ability_priest_auspiciousspirits.jpg"},{"id":199849,"icon":"spell_shadow_twistedfaith.jpg"},{"id":280711,"icon":"achievement_boss_triumvirate_darknaaru.jpg"}],"pvpTalents":[{"id":214027,"icon":"sha_ability_rogue_sturdyrecuperate.jpg"},{"id":228630,"icon":"ability_priest_shadowyapparition.jpg"},{"id":280749,"icon":"inv_enchant_voidsphere.jpg"},{"id":0,"icon":"inv_axe_02.jpg"}],"artifact":[{"traitID":483,"rank":375,"spellID":280555,"icon":"inv_trinket_80_titan01b.jpg","slot":0},{"traitID":103,"rank":375,"spellID":267882,"icon":"inv_offhand_1h_pvpdraenors1_d_02.jpg","slot":0},{"traitID":87,"rank":375,"spellID":268600,"icon":"achievement_guildperk_quick-and-dead.jpg","slot":0},{"traitID":13,"rank":375,"spellID":263978,"icon":"inv_smallazeriteshard.jpg","slot":0},{"traitID":485,"rank":375,"spellID":280559,"icon":"spell_nature_groundingtotem.jpg","slot":2},{"traitID":461,"rank":375,"spellID":279926,"icon":"inv_smallazeritefragment.jpg","slot":2},{"traitID":85,"rank":375,"spellID":268596,"icon":"inv_jewelcrafting_argusgemcut_yellow_miscicons.jpg","slot":2},{"traitID":13,"rank":375,"spellID":263978,"icon":"inv_smallazeriteshard.jpg","slot":2},{"traitID":399,"rank":345,"spellID":278643,"icon":"spell_priest_power-word.jpg","slot":4},{"traitID":38,"rank":345,"spellID":267879,"icon":"inv_boots_cloth_08.jpg","slot":4},{"traitID":472,"rank":345,"spellID":280018,"icon":"spell_nature_nullifydisease.jpg","slot":4},{"traitID":13,"rank":345,"spellID":263978,"icon":"inv_smallazeriteshard.jpg","slot":4}],"gear":[{"id":160616,"itemLevel":375,"quality":4,"icon":"inv_helm_cloth_nazmirraid_d_01.jpg","bonusIDs":[4823,1492,4786]},{"id":158075,"itemLevel":383,"quality":6,"icon":"inv_heartofazeroth.jpg","bonusIDs":[4936,4929,4930]},{"id":160726,"itemLevel":375,"quality":4,"icon":"inv_shoulder_cloth_nazmirraid_d_01.jpg","bonusIDs":[4823,1492,4786]},{"id":52019,"itemLevel":1,"quality":2,"icon":"inv_misc_ribbon_01.jpg"},{"id":159268,"itemLevel":345,"quality":3,"icon":"inv_chest_cloth_kultirasdungeon_c_01.jpg","bonusIDs":[4819,1512,4786]},{"id":160727,"itemLevel":370,"quality":4,"icon":"inv_belt_cloth_nazmirraid_d_01.jpg","bonusIDs":[4799,1808,1492,4786],"gems":[{"id":154127,"itemLevel":120,"icon":"inv_jewelcrafting_80_cutgem02_yellow.jpg"}]},{"id":160615,"itemLevel":385,"quality":4,"icon":"inv_pant_cloth_nazmirraid_d_01.jpg","bonusIDs":[4800,1507,4786]},{"id":160714,"itemLevel":385,"quality":4,"icon":"inv_boot_cloth_nazmirraid_d_01.jpg","bonusIDs":[4800,1507,4786]},{"id":157877,"itemLevel":370,"quality":3,"icon":"inv_bracer_cloth_zandalarquest_b_01.jpg","bonusIDs":[4803,4802,1562,4786],"gems":[{"id":154127,"itemLevel":120,"icon":"inv_jewelcrafting_80_cutgem02_yellow.jpg"}]},{"id":162476,"itemLevel":385,"quality":4,"icon":"inv_glove_cloth_nazmirraidmythic_d_01.jpg","bonusIDs":[1704]},{"id":160646,"itemLevel":375,"quality":4,"icon":"inv_ring_80_04e.jpg","permanentEnchant":5943,"bonusIDs":[4799,1808,1497,4783],"gems":[{"id":153709,"itemLevel":120,"icon":"inv_jewelcrafting_80_specialgemcut01.jpg"}]},{"id":160645,"itemLevel":370,"quality":4,"icon":"inv_ring_80_04d.jpg","permanentEnchant":5943,"bonusIDs":[4799,1492,4786]},{"id":159620,"itemLevel":360,"quality":3,"icon":"inv_misc_food_legion_seashellc1.jpg","bonusIDs":[5002,1532,4783]},{"id":160656,"itemLevel":370,"quality":4,"icon":"achievement_boss_yoggsaron_01.jpg","bonusIDs":[4799,1492,4786]},{"id":163357,"itemLevel":375,"quality":3,"icon":"ivn_cape_cloth_warfrontshorde_d_01.jpg","bonusIDs":[5126,1567,4783]},{"id":160691,"itemLevel":370,"quality":4,"icon":"inv_knife_1h_nazmirraid_d_01.jpg","permanentEnchant":5963,"bonusIDs":[4799,1492,4786]},{"id":160695,"itemLevel":395,"quality":4,"icon":"inv_offhand_1h_nazmirraid_d_01.jpg","bonusIDs":[4800,1517,4783]},{"id":43156,"itemLevel":75,"quality":2,"icon":"inv_shirt_guildtabard_01.jpg"}],"auras":[{"source":106,"ability":259455,"icon":"spell_misc_food.jpg"},{"source":108,"ability":21562,"icon":"spell_holy_wordfortitude.jpg"},{"source":7,"ability":6673,"icon":"ability_warrior_battleshout.jpg"},{"source":106,"ability":251837,"icon":"inv_alchemy_80_flask01purple.jpg"},{"source":102,"ability":1459,"icon":"spell_holy_magicalsentry.jpg"},{"source":106,"ability":270058,"icon":"creatureportrait_altarofearth_01.jpg"},{"source":109,"ability":166646,"icon":"monk_stance_whitetiger.jpg"},{"source":106,"ability":269407,"icon":"inv_inscription_80_vantusrune_uldir.jpg"},{"source":106,"ability":280573,"icon":"inv_trinket_80_titan02c.jpg"}]},{"timestamp":2244263,"type":"combatantinfo","pin":"0","sourceID":107,"faction":0,"specID":581,"strength":1215,"agility":6069,"stamina":14973,"intellect":1100,"dodge":0,"parry":923,"block":0,"armor":3362,"critMelee":923,"critRanged":923,"critSpell":923,"speed":0,"leech":82,"hasteMelee":2104,"hasteRanged":2104,"hasteSpell":2104,"avoidance":0,"mastery":534,"versatilityDamageDone":230,"versatilityHealingDone":230,"versatilityDamageReduction":230,"talents":[{"id":207550,"icon":"spell_warlock_summonabyssal.jpg"},{"id":227174,"icon":"spell_volatilefiregreen.jpg"},{"id":227322,"icon":"spell_fire_felhellfire.jpg"},{"id":263642,"icon":"ability_creature_felsunder.jpg"},{"id":202138,"icon":"ability_demonhunter_sigilofchains.jpg"},{"id":247454,"icon":"inv_icon_shadowcouncilorb_purple.jpg"},{"id":209258,"icon":"inv_glaive_1h_artifactaldorchi_d_06.jpg"}],"pvpTalents":[{"id":196029,"icon":"ability_bossdarkvindicator_auraofcontempt.jpg"},{"id":205627,"icon":"ability_demonhunter_demonspikes.jpg"},{"id":211509,"icon":"spell_shadow_enslavedemon.jpg"},{"id":205626,"icon":"ability_demonhunter_spectank.jpg"}],"artifact":[{"traitID":221,"rank":375,"spellID":275350,"icon":"ability_demonhunter_demonspikes.jpg","slot":0},{"traitID":461,"rank":375,"spellID":279926,"icon":"inv_smallazeritefragment.jpg","slot":0},{"traitID":85,"rank":375,"spellID":268596,"icon":"inv_jewelcrafting_argusgemcut_yellow_miscicons.jpg","slot":0},{"traitID":13,"rank":375,"spellID":263978,"icon":"inv_smallazeriteshard.jpg","slot":0},{"traitID":483,"rank":375,"spellID":280555,"icon":"inv_trinket_80_titan01b.jpg","slot":2},{"traitID":43,"rank":375,"spellID":267671,"icon":"ability_skyreach_wind_wall.jpg","slot":2},{"traitID":202,"rank":375,"spellID":274344,"icon":"ability_demonhunter_shatteredsouls.jpg","slot":2},{"traitID":13,"rank":375,"spellID":263978,"icon":"inv_smallazeriteshard.jpg","slot":2},{"traitID":246,"rank":390,"spellID":288878,"icon":"warlock_curse_shadow.jpg","slot":4},{"traitID":98,"rank":390,"spellID":271536,"icon":"inv_shield_33.jpg","slot":4},{"traitID":85,"rank":390,"spellID":268596,"icon":"inv_jewelcrafting_argusgemcut_yellow_miscicons.jpg","slot":4},{"traitID":13,"rank":390,"spellID":263978,"icon":"inv_smallazeriteshard.jpg","slot":4}],"gear":[{"id":163435,"itemLevel":375,"quality":3,"icon":"inv_helm_leather_warfrontshorde_b_01.jpg","bonusIDs":[5125,1562,5136,5381]},{"id":158075,"itemLevel":393,"quality":6,"icon":"inv_heartofazeroth.jpg","bonusIDs":[4936,4929,4930]},{"id":160620,"itemLevel":375,"quality":4,"icon":"inv_leather_nazmirraid_d_01shoulder.jpg","bonusIDs":[4823,1492,4786]},{"id":0,"itemLevel":0,"quality":1,"icon":"inv_axe_02.jpg"},{"id":159314,"itemLevel":390,"quality":3,"icon":"inv_chest_leather_kultirasdungeon_c_01.jpg","bonusIDs":[5061,1557,4786]},{"id":160622,"itemLevel":390,"quality":4,"icon":"inv_leather_nazmirraid_d_01buckle.jpg","bonusIDs":[4800,1512,4783]},{"id":160625,"itemLevel":385,"quality":4,"icon":"inv_leather_nazmirraid_d_01pant.jpg","bonusIDs":[4800,1507,4786]},{"id":160624,"itemLevel":395,"quality":4,"icon":"inv_leather_nazmirraid_d_01boot.jpg","bonusIDs":[4799,41,1517,4784]},{"id":158353,"itemLevel":375,"quality":3,"icon":"inv_bracer_leather_zandalardungeon_c_01.jpg","permanentEnchant":5971,"bonusIDs":[5010,1547,4783]},{"id":159344,"itemLevel":385,"quality":3,"icon":"inv_glove_leather_zandalardungeon_c_01.jpg","bonusIDs":[5010,1557,4784]},{"id":158314,"itemLevel":380,"quality":3,"icon":"inv_ring_80_06b.jpg","permanentEnchant":5943,"bonusIDs":[5009,1552,4784]},{"id":160645,"itemLevel":385,"quality":4,"icon":"inv_ring_80_04d.jpg","permanentEnchant":5945,"bonusIDs":[4800,1507,4786]},{"id":166794,"itemLevel":385,"quality":4,"icon":"inv_misc_herb_fadeleaf_petal.jpg","bonusIDs":[5479,1808,1502,4786],"gems":[{"id":154128,"itemLevel":120,"icon":"inv_jewelcrafting_80_cutgem02_blue.jpg"}]},{"id":160652,"itemLevel":385,"quality":4,"icon":"inv_misc_enggizmos_06.jpg","bonusIDs":[4800,1507,4786]},{"id":159287,"itemLevel":375,"quality":3,"icon":"inv_cape_plate_zandalardungeon_c_01.jpg","bonusIDs":[5009,1547,4783]},{"id":160681,"itemLevel":385,"quality":4,"icon":"inv_glaive_1h_nazmirraid_d_01.jpg","permanentEnchant":5962,"bonusIDs":[4800,1507,4786]},{"id":163877,"itemLevel":370,"quality":3,"icon":"inv_glaive_1h_warfrontshorde_c_01.jpg","permanentEnchant":5963,"bonusIDs":[5126,4802,1562,4786],"gems":[{"id":153708,"itemLevel":120,"icon":"inv_jewelcrafting_80_specialgemcut01.jpg"}]},{"id":160545,"itemLevel":120,"quality":3,"icon":"inv_tabard_hordewareffort.jpg"}],"auras":[{"source":7,"ability":6673,"icon":"ability_warrior_battleshout.jpg"},{"source":107,"ability":259454,"icon":"spell_misc_food.jpg"},{"source":102,"ability":1459,"icon":"spell_holy_magicalsentry.jpg"},{"source":108,"ability":21562,"icon":"spell_holy_wordfortitude.jpg"},{"source":11,"ability":156910,"icon":"ability_paladin_beaconsoflight.jpg"},{"source":107,"ability":280573,"icon":"inv_trinket_80_titan02c.jpg"},{"source":107,"ability":251836,"icon":"inv_alchemy_80_flask01green.jpg"},{"source":107,"ability":269407,"icon":"inv_inscription_80_vantusrune_uldir.jpg"}]},{"timestamp":2244263,"type":"combatantinfo","pin":"0","sourceID":108,"faction":0,"specID":257,"strength":848,"agility":1219,"stamina":8255,"intellect":7008,"dodge":0,"parry":0,"block":0,"armor":1082,"critMelee":2132,"critRanged":2132,"critSpell":2132,"speed":409,"leech":71,"hasteMelee":627,"hasteRanged":627,"hasteSpell":627,"avoidance":0,"mastery":862,"versatilityDamageDone":300,"versatilityHealingDone":300,"versatilityDamageReduction":300,"talents":[{"id":193155,"icon":"spell_arcane_mindmastery.jpg"},{"id":121536,"icon":"ability_priest_angelicfeather.jpg"},{"id":238136,"icon":"spell_holy_summonlightwell.jpg"},{"id":200199,"icon":"spell_holy_eyeforaneye.jpg"},{"id":204883,"icon":"spell_holy_circleofrenewal.jpg"},{"id":120517,"icon":"ability_priest_halo.jpg"},{"id":265202,"icon":"ability_priest_archangel.jpg"}],"pvpTalents":[{"id":196029,"icon":"ability_bossdarkvindicator_auraofcontempt.jpg"},{"id":213602,"icon":"spell_magic_lesserinvisibilty.jpg"},{"id":289657,"icon":"spell_holy_impholyconcentration.jpg"},{"id":213610,"icon":"ability_priest_soulwarding.jpg"}],"artifact":[{"traitID":196,"rank":375,"spellID":280429,"icon":"spell_sandstorm.jpg","slot":0},{"traitID":463,"rank":375,"spellID":267889,"icon":"spell_holy_fanaticism.jpg","slot":0},{"traitID":537,"rank":375,"spellID":287717,"icon":"priest_spell_leapoffaith_a.jpg","slot":0},{"traitID":13,"rank":375,"spellID":263978,"icon":"inv_smallazeriteshard.jpg","slot":0},{"traitID":483,"rank":375,"spellID":280555,"icon":"inv_trinket_80_titan01b.jpg","slot":2},{"traitID":19,"rank":375,"spellID":267880,"icon":"inv_misc_emberweavebandage.jpg","slot":2},{"traitID":15,"rank":375,"spellID":263962,"icon":"ability_vehicle_shellshieldgenerator_green.jpg","slot":2},{"traitID":13,"rank":375,"spellID":263978,"icon":"inv_smallazeriteshard.jpg","slot":2},{"traitID":487,"rank":375,"spellID":280579,"icon":"achievement_boss_twinorcbrutes.jpg","slot":4},{"traitID":463,"rank":375,"spellID":267889,"icon":"spell_holy_fanaticism.jpg","slot":4},{"traitID":472,"rank":375,"spellID":280018,"icon":"spell_nature_nullifydisease.jpg","slot":4},{"traitID":13,"rank":375,"spellID":263978,"icon":"inv_smallazeriteshard.jpg","slot":4}],"gear":[{"id":157937,"itemLevel":375,"quality":3,"icon":"inv_helm_cloth_zandalarquest_b_01.jpg","bonusIDs":[1562,5136,5381]},{"id":158075,"itemLevel":389,"quality":6,"icon":"inv_heartofazeroth.jpg","bonusIDs":[4936,4929,4930]},{"id":160613,"itemLevel":375,"quality":4,"icon":"inv_shoulder_cloth_nazmirraid_d_01.jpg","bonusIDs":[4823,1492,4786]},{"id":89190,"itemLevel":1,"quality":3,"icon":"inv_shirt01_rare.jpg"},{"id":163280,"itemLevel":375,"quality":3,"icon":"ivn_chest_cloth_warfrontshorde_b_01.jpg","bonusIDs":[5126,1562,4786]},{"id":160727,"itemLevel":370,"quality":4,"icon":"inv_belt_cloth_nazmirraid_d_01.jpg","bonusIDs":[4799,1492,4786]},{"id":160615,"itemLevel":385,"quality":4,"icon":"inv_pant_cloth_nazmirraid_d_01.jpg","bonusIDs":[4800,42,1507,4786]},{"id":160714,"itemLevel":385,"quality":4,"icon":"inv_boot_cloth_nazmirraid_d_01.jpg","bonusIDs":[4800,42,1507,4786]},{"id":159263,"itemLevel":375,"quality":3,"icon":"inv_bracer_cloth_zandalardungeon_c_01.jpg","bonusIDs":[5009,1547,4783]},{"id":163428,"itemLevel":370,"quality":3,"icon":"ivn_glove_cloth_warfrontshorde_b_01.jpg","permanentEnchant":5932,"bonusIDs":[5126,1562,4786]},{"id":160647,"itemLevel":375,"quality":4,"icon":"inv_ring_80_05e.jpg","permanentEnchant":5944,"bonusIDs":[4799,41,1497,4783]},{"id":160645,"itemLevel":395,"quality":4,"icon":"inv_ring_80_04d.jpg","permanentEnchant":5944,"bonusIDs":[4800,1517,4783]},{"id":159620,"itemLevel":375,"quality":3,"icon":"inv_misc_food_legion_seashellc1.jpg","bonusIDs":[4780,1547,4784]},{"id":160656,"itemLevel":370,"quality":4,"icon":"achievement_boss_yoggsaron_01.jpg","bonusIDs":[4799,1808,1492,4786],"gems":[{"id":153709,"itemLevel":120,"icon":"inv_jewelcrafting_80_specialgemcut01.jpg"}]},{"id":159288,"itemLevel":365,"quality":3,"icon":"inv_cape_mail_zandalardungeon_c_01.jpg","bonusIDs":[5006,4802,1537,4783],"gems":[{"id":154126,"itemLevel":120,"icon":"inv_jewelcrafting_80_cutgem02_orange.jpg"}]},{"id":160680,"itemLevel":385,"quality":4,"icon":"inv_wand_1h_nazmirraid_d_01.jpg","permanentEnchant":5965,"bonusIDs":[4800,1507,4786]},{"id":160695,"itemLevel":385,"quality":4,"icon":"inv_offhand_1h_nazmirraid_d_01.jpg","bonusIDs":[4800,1507,4786]},{"id":5976,"itemLevel":1,"quality":2,"icon":"inv_shirt_guildtabard_01.jpg"}],"auras":[{"source":108,"ability":281744,"icon":"inv_cape_mail_zandalardungeon_c_01.jpg"},{"source":7,"ability":6673,"icon":"ability_warrior_battleshout.jpg"},{"source":108,"ability":41635,"icon":"spell_holy_prayerofmendingtga.jpg"},{"source":108,"ability":269407,"icon":"inv_inscription_80_vantusrune_uldir.jpg"},{"source":108,"ability":281739,"icon":"inv_misc_root_02.jpg"},{"source":108,"ability":259455,"icon":"spell_misc_food.jpg"},{"source":97,"ability":203539,"icon":"spell_holy_greaterblessingofwisdom.jpg"},{"source":2,"ability":166646,"icon":"monk_stance_whitetiger.jpg"},{"source":109,"ability":166646,"icon":"monk_stance_whitetiger.jpg"},{"source":108,"ability":21562,"icon":"spell_holy_wordfortitude.jpg"},{"source":108,"ability":280573,"icon":"inv_trinket_80_titan02c.jpg"},{"source":108,"ability":251837,"icon":"inv_alchemy_80_flask01purple.jpg"}]},{"timestamp":2244263,"type":"combatantinfo","pin":"0","sourceID":109,"faction":0,"specID":269,"strength":628,"agility":7027,"stamina":8170,"intellect":1615,"dodge":0,"parry":0,"block":0,"armor":1795,"critMelee":598,"critRanged":598,"critSpell":598,"speed":0,"leech":72,"hasteMelee":1859,"hasteRanged":1859,"hasteSpell":1859,"avoidance":0,"mastery":913,"versatilityDamageDone":358,"versatilityHealingDone":358,"versatilityDamageReduction":358,"talents":[{"id":123986,"icon":"spell_arcane_arcanetorrent.jpg"},{"id":115173,"icon":"ability_monk_quipunch.jpg"},{"id":261947,"icon":"inv_fistofthewhitetiger.jpg"},{"id":116844,"icon":"spell_monk_ringofpeace.jpg"},{"id":122783,"icon":"spell_monk_diffusemagic.jpg"},{"id":123904,"icon":"ability_monk_summontigerstatue.jpg"},{"id":152175,"icon":"ability_monk_hurricanestrike.jpg"}],"pvpTalents":[{"id":208683,"icon":"ability_pvp_gladiatormedallion.jpg"},{"id":287503,"icon":"ability_monk_tigerpalm.jpg"},{"id":287506,"icon":"monk_stance_whitetiger.jpg"},{"id":287771,"icon":"ability_monk_expelharm.jpg"}],"artifact":[{"traitID":479,"rank":375,"spellID":280284,"icon":"inv_weapon_shortblade_06.jpg","slot":0},{"traitID":30,"rank":375,"spellID":266180,"icon":"ability_vehicle_electrocharge.jpg","slot":0},{"traitID":85,"rank":375,"spellID":268596,"icon":"inv_jewelcrafting_argusgemcut_yellow_miscicons.jpg","slot":0},{"traitID":13,"rank":375,"spellID":263978,"icon":"inv_smallazeriteshard.jpg","slot":0},{"traitID":483,"rank":370,"spellID":280555,"icon":"inv_trinket_80_titan01b.jpg","slot":2},{"traitID":30,"rank":370,"spellID":266180,"icon":"ability_vehicle_electrocharge.jpg","slot":2},{"traitID":470,"rank":370,"spellID":280016,"icon":"ability_monk_legsweep.jpg","slot":2},{"traitID":485,"rank":370,"spellID":280559,"icon":"spell_nature_groundingtotem.jpg","slot":4},{"traitID":22,"rank":370,"spellID":263987,"icon":"spell_shaman_thunderstorm.jpg","slot":4},{"traitID":14,"rank":370,"spellID":268594,"icon":"rogue_burstofspeed.jpg","slot":4}],"gear":[{"id":155888,"itemLevel":375,"quality":3,"icon":"inv_helm_leather_kultirasdungeon_c_01.jpg","bonusIDs":[5059,1542,4786]},{"id":158075,"itemLevel":379,"quality":6,"icon":"inv_heartofazeroth.jpg","bonusIDs":[4936,4929,4930]},{"id":160620,"itemLevel":370,"quality":4,"icon":"inv_leather_nazmirraid_d_01shoulder.jpg","bonusIDs":[4823,1492,4786]},{"id":0,"itemLevel":0,"quality":1,"icon":"inv_axe_02.jpg"},{"id":160728,"itemLevel":370,"quality":4,"icon":"inv_leather_nazmirraid_d_01chest.jpg","bonusIDs":[4823,1492,4786]},{"id":160622,"itemLevel":385,"quality":4,"icon":"inv_leather_nazmirraid_d_01buckle.jpg","bonusIDs":[4800,1507,4786]},{"id":160625,"itemLevel":385,"quality":4,"icon":"inv_leather_nazmirraid_d_01pant.jpg","bonusIDs":[4800,1507,4786]},{"id":160624,"itemLevel":370,"quality":4,"icon":"inv_leather_nazmirraid_d_01boot.jpg","bonusIDs":[4799,1492,4786]},{"id":161072,"itemLevel":385,"quality":4,"icon":"inv_leather_nazmirraid_d_01bracer.jpg","bonusIDs":[4800,1507,4786]},{"id":160618,"itemLevel":385,"quality":4,"icon":"inv_leather_nazmirraid_d_01glove.jpg","permanentEnchant":5932,"bonusIDs":[4800,1507,4786]},{"id":160646,"itemLevel":370,"quality":4,"icon":"inv_ring_80_04e.jpg","permanentEnchant":5941,"bonusIDs":[4799,1808,1492,4786],"gems":[{"id":154128,"itemLevel":120,"icon":"inv_jewelcrafting_80_cutgem02_blue.jpg"}]},{"id":160647,"itemLevel":380,"quality":4,"icon":"inv_ring_80_05e.jpg","permanentEnchant":5941,"bonusIDs":[4799,41,1502,4783]},{"id":159125,"itemLevel":355,"quality":4,"icon":"inv_inscription_80_deck_fathoms.jpg"},{"id":166794,"itemLevel":395,"quality":4,"icon":"inv_misc_herb_fadeleaf_petal.jpg","bonusIDs":[5479,1512,4783]},{"id":160643,"itemLevel":385,"quality":4,"icon":"inv_leather_nazmirraid_d_01cape.jpg","bonusIDs":[4799,1507,4784]},{"id":160682,"itemLevel":385,"quality":4,"icon":"inv_mace_1h_raidnazmir_d_01.jpg","permanentEnchant":5962,"bonusIDs":[4800,1507,4786]},{"id":160682,"itemLevel":370,"quality":4,"icon":"inv_mace_1h_raidnazmir_d_01.jpg","permanentEnchant":5964,"bonusIDs":[4799,1808,1492,4786],"gems":[{"id":154128,"itemLevel":120,"icon":"inv_jewelcrafting_80_cutgem02_blue.jpg"}]},{"id":45585,"itemLevel":1,"quality":2,"icon":"inv_misc_tournaments_tabard_bloodelf.jpg"}],"auras":[{"source":109,"ability":269407,"icon":"inv_inscription_80_vantusrune_uldir.jpg"},{"source":109,"ability":259454,"icon":"spell_misc_food.jpg"},{"source":109,"ability":251836,"icon":"inv_alchemy_80_flask01green.jpg"},{"source":108,"ability":21562,"icon":"spell_holy_wordfortitude.jpg"},{"source":102,"ability":1459,"icon":"spell_holy_magicalsentry.jpg"},{"source":7,"ability":6673,"icon":"ability_warrior_battleshout.jpg"},{"source":2,"ability":166646,"icon":"monk_stance_whitetiger.jpg"},{"source":109,"ability":166646,"icon":"monk_stance_whitetiger.jpg"},{"source":109,"ability":280573,"icon":"inv_trinket_80_titan02c.jpg"}]},{"timestamp":2244263,"type":"combatantinfo","pin":"0","sourceID":110,"faction":0,"specID":253,"strength":892,"agility":5971,"stamina":8053,"intellect":1326,"dodge":0,"parry":0,"block":0,"armor":2575,"critMelee":2066,"critRanged":2066,"critSpell":2066,"speed":0,"leech":55,"hasteMelee":815,"hasteRanged":815,"hasteSpell":815,"avoidance":0,"mastery":823,"versatilityDamageDone":0,"versatilityHealingDone":0,"versatilityDamageReduction":0,"talents":[{"id":273887,"icon":"ability_hunter_killcommand.jpg"},{"id":53209,"icon":"ability_hunter_chimerashot2.jpg"},{"id":270581,"icon":"ability_hunter_onewithnature.jpg"},{"id":131894,"icon":"ability_hunter_murderofcrows.jpg"},{"id":266921,"icon":"ability_hunter_aspectoftheviper.jpg"},{"id":199530,"icon":"warrior_talent_icon_thunderstruck.jpg"},{"id":191384,"icon":"ability_deathwing_assualtaspects.jpg"}],"pvpTalents":[{"id":0,"icon":"inv_axe_02.jpg"},{"id":0,"icon":"inv_axe_02.jpg"},{"id":0,"icon":"inv_axe_02.jpg"},{"id":0,"icon":"inv_axe_02.jpg"}],"artifact":[{"traitID":483,"rank":370,"spellID":280555,"icon":"inv_trinket_80_titan01b.jpg","slot":0},{"traitID":30,"rank":370,"spellID":266180,"icon":"ability_vehicle_electrocharge.jpg","slot":0},{"traitID":203,"rank":370,"spellID":274355,"icon":"ability_hunter_pet_turtle.jpg","slot":0},{"traitID":483,"rank":370,"spellID":280555,"icon":"inv_trinket_80_titan01b.jpg","slot":2},{"traitID":31,"rank":370,"spellID":266937,"icon":"ability_criticalstrike.jpg","slot":2},{"traitID":15,"rank":370,"spellID":263962,"icon":"ability_vehicle_shellshieldgenerator_green.jpg","slot":2},{"traitID":366,"rank":375,"spellID":279806,"icon":"spell_nature_protectionformnature.jpg","slot":4},{"traitID":30,"rank":375,"spellID":266180,"icon":"ability_vehicle_electrocharge.jpg","slot":4},{"traitID":15,"rank":375,"spellID":263962,"icon":"ability_vehicle_shellshieldgenerator_green.jpg","slot":4},{"traitID":13,"rank":375,"spellID":263978,"icon":"inv_smallazeriteshard.jpg","slot":4}],"gear":[{"id":160630,"itemLevel":370,"quality":4,"icon":"inv_helm_mail_nazmirraid_d_01.jpg","bonusIDs":[4823,1492,4786]},{"id":158075,"itemLevel":375,"quality":6,"icon":"inv_heartofazeroth.jpg","bonusIDs":[4936,4929,4930]},{"id":160632,"itemLevel":370,"quality":4,"icon":"inv_shoulder_mail_nazmirraid_d_01.jpg","bonusIDs":[4823,1492,4786]},{"id":0,"itemLevel":0,"quality":1,"icon":"inv_axe_02.jpg"},{"id":161458,"itemLevel":375,"quality":4,"icon":"inv_chest_mail_warfrontshorde_b_01.jpg","bonusIDs":[5120,1492,4786]},{"id":160633,"itemLevel":370,"quality":4,"icon":"inv_belt_mail_nazmirraid_d_01.jpg","bonusIDs":[4799,1492,4786]},{"id":160631,"itemLevel":395,"quality":4,"icon":"inv_pants_mail_nazmirraid_d_01.jpg","bonusIDs":[4800,1517,4783]},{"id":163449,"itemLevel":370,"quality":3,"icon":"inv_boot_mail_warfrontshorde_b_01.jpg","bonusIDs":[5126,1562,4786]},{"id":160629,"itemLevel":385,"quality":4,"icon":"inv_bracer_mail_nazmirraid_d_01.jpg","bonusIDs":[4800,1507,4786]},{"id":160721,"itemLevel":380,"quality":4,"icon":"inv_glove_mail_nazmirraid_d_01.jpg","bonusIDs":[4799,1502,4783]},{"id":160645,"itemLevel":385,"quality":4,"icon":"inv_ring_80_04d.jpg","permanentEnchant":5939,"bonusIDs":[4800,1808,1507,4786],"gems":[{"id":154127,"itemLevel":120,"icon":"inv_jewelcrafting_80_cutgem02_yellow.jpg"}]},{"id":160647,"itemLevel":370,"quality":4,"icon":"inv_ring_80_05e.jpg","permanentEnchant":5939,"bonusIDs":[4799,1492,4786]},{"id":160652,"itemLevel":385,"quality":4,"icon":"inv_misc_enggizmos_06.jpg","bonusIDs":[4800,1507,4786]},{"id":160648,"itemLevel":375,"quality":4,"icon":"inv_misc_food_114_orcablubber.jpg","bonusIDs":[4799,1808,1497,4783],"gems":[{"id":153708,"itemLevel":120,"icon":"inv_jewelcrafting_80_specialgemcut01.jpg"}]},{"id":160644,"itemLevel":370,"quality":4,"icon":"inv_cape_mail_nazmirraid_d_01.jpg","bonusIDs":[4799,1808,41,1492,4786],"gems":[{"id":154126,"itemLevel":120,"icon":"inv_jewelcrafting_80_cutgem02_orange.jpg"}]},{"id":160678,"itemLevel":370,"quality":4,"icon":"inv_bow_1h_nazmirraid_d_01.jpg","permanentEnchant":5957,"bonusIDs":[4799,1492,4786]},{"id":0,"itemLevel":0,"quality":1,"icon":"inv_axe_02.jpg"},{"id":0,"itemLevel":0,"quality":1,"icon":"inv_axe_02.jpg"}],"auras":[{"source":110,"ability":251836,"icon":"inv_alchemy_80_flask01green.jpg"},{"source":7,"ability":6673,"icon":"ability_warrior_battleshout.jpg"},{"source":109,"ability":166646,"icon":"monk_stance_whitetiger.jpg"},{"source":108,"ability":21562,"icon":"spell_holy_wordfortitude.jpg"},{"source":102,"ability":1459,"icon":"spell_holy_magicalsentry.jpg"},{"source":2,"ability":166646,"icon":"monk_stance_whitetiger.jpg"},{"source":110,"ability":269407,"icon":"inv_inscription_80_vantusrune_uldir.jpg"},{"source":110,"ability":280573,"icon":"inv_trinket_80_titan02c.jpg"}]},{"timestamp":2244263,"type":"combatantinfo","pin":"0","sourceID":103,"faction":0,"specID":105,"strength":632,"agility":1469,"stamina":8340,"intellect":7636,"dodge":0,"parry":0,"block":0,"armor":1815,"critMelee":1059,"critRanged":1059,"critSpell":1059,"speed":0,"leech":0,"hasteMelee":1958,"hasteRanged":1958,"hasteSpell":1958,"avoidance":37,"mastery":736,"versatilityDamageDone":244,"versatilityHealingDone":244,"versatilityDamageReduction":244,"talents":[{"id":207383,"icon":"ability_druid_empoweredrejuvination.jpg"},{"id":252216,"icon":"ability_druid_dash_orange.jpg"},{"id":197491,"icon":"talentspec_druid_feral_bear.jpg"},{"id":132469,"icon":"ability_druid_typhoon.jpg"},{"id":33891,"icon":"ability_druid_improvedtreeform.jpg"},{"id":197073,"icon":"ability_druid_dreamstate.jpg"},{"id":197721,"icon":"spell_druid_wildburst.jpg"}],"pvpTalents":[{"id":196029,"icon":"ability_bossdarkvindicator_auraofcontempt.jpg"},{"id":236696,"icon":"spell_nature_thorns.jpg"},{"id":289237,"icon":"ability_druid_mastershapeshifter.jpg"},{"id":203651,"icon":"ability_druid_overgrowth.jpg"}],"artifact":[{"traitID":483,"rank":375,"spellID":280555,"icon":"inv_trinket_80_titan01b.jpg","slot":0},{"traitID":19,"rank":375,"spellID":267880,"icon":"inv_misc_emberweavebandage.jpg","slot":0},{"traitID":15,"rank":375,"spellID":263962,"icon":"ability_vehicle_shellshieldgenerator_green.jpg","slot":0},{"traitID":13,"rank":375,"spellID":263978,"icon":"inv_smallazeriteshard.jpg","slot":0},{"traitID":363,"rank":375,"spellID":278513,"icon":"inv_misc_head_dragon_green.jpg","slot":2},{"traitID":20,"rank":375,"spellID":267665,"icon":"ability_druid_replenish.jpg","slot":2},{"traitID":15,"rank":375,"spellID":263962,"icon":"ability_vehicle_shellshieldgenerator_green.jpg","slot":2},{"traitID":13,"rank":375,"spellID":263978,"icon":"inv_smallazeriteshard.jpg","slot":2},{"traitID":483,"rank":375,"spellID":280555,"icon":"inv_trinket_80_titan01b.jpg","slot":4},{"traitID":89,"rank":375,"spellID":267683,"icon":"spell_yorsahj_bloodboil_orangeoil.jpg","slot":4},{"traitID":15,"rank":375,"spellID":263962,"icon":"ability_vehicle_shellshieldgenerator_green.jpg","slot":4},{"traitID":13,"rank":375,"spellID":263978,"icon":"inv_smallazeriteshard.jpg","slot":4}],"gear":[{"id":160623,"itemLevel":375,"quality":4,"icon":"inv_leather_nazmirraid_d_01helm.jpg","bonusIDs":[4823,1492,4786]},{"id":158075,"itemLevel":385,"quality":6,"icon":"inv_heartofazeroth.jpg","bonusIDs":[4936,4929,4930]},{"id":157915,"itemLevel":375,"quality":3,"icon":"inv_shoulder_leather_zandalarquest_b_01.jpg","bonusIDs":[1562,5140,5382]},{"id":52019,"itemLevel":1,"quality":2,"icon":"inv_misc_ribbon_01.jpg"},{"id":160619,"itemLevel":375,"quality":4,"icon":"inv_leather_nazmirraid_d_01chest.jpg","bonusIDs":[4823,1492,4786]},{"id":160717,"itemLevel":390,"quality":4,"icon":"inv_leather_nazmirraid_d_01buckle.jpg","bonusIDs":[4799,1512,4784]},{"id":160625,"itemLevel":385,"quality":4,"icon":"inv_leather_nazmirraid_d_01pant.jpg","bonusIDs":[4800,1507,4786]},{"id":160729,"itemLevel":385,"quality":4,"icon":"inv_leather_nazmirraid_d_01boot.jpg","bonusIDs":[4799,1507,4784]},{"id":159308,"itemLevel":370,"quality":3,"icon":"inv_bracer_leather_kultirasdungeon_c_01.jpg","bonusIDs":[5007,1542,4783]},{"id":160618,"itemLevel":385,"quality":4,"icon":"inv_leather_nazmirraid_d_01glove.jpg","permanentEnchant":5932,"bonusIDs":[4800,1507,4786]},{"id":160645,"itemLevel":385,"quality":4,"icon":"inv_ring_80_04d.jpg","permanentEnchant":5939,"bonusIDs":[4800,1808,1507,4786],"gems":[{"id":154127,"itemLevel":120,"icon":"inv_jewelcrafting_80_cutgem02_yellow.jpg"}]},{"id":160646,"itemLevel":370,"quality":4,"icon":"inv_ring_80_04e.jpg","permanentEnchant":5939,"bonusIDs":[4799,1492,4786]},{"id":161461,"itemLevel":370,"quality":4,"icon":"ability_hunter_harass.jpg","bonusIDs":[5119,1492,4786]},{"id":160656,"itemLevel":370,"quality":4,"icon":"achievement_boss_yoggsaron_01.jpg","bonusIDs":[4799,1492,4786]},{"id":160643,"itemLevel":370,"quality":4,"icon":"inv_leather_nazmirraid_d_01cape.jpg","bonusIDs":[4799,1492,4786]},{"id":160691,"itemLevel":370,"quality":4,"icon":"inv_knife_1h_nazmirraid_d_01.jpg","permanentEnchant":5963,"bonusIDs":[4799,1808,1492,4786],"gems":[{"id":154127,"itemLevel":120,"icon":"inv_jewelcrafting_80_cutgem02_yellow.jpg"}]},{"id":160695,"itemLevel":395,"quality":4,"icon":"inv_offhand_1h_nazmirraid_d_01.jpg","bonusIDs":[4800,1517,4783]},{"id":0,"itemLevel":0,"quality":1,"icon":"inv_axe_02.jpg"}],"auras":[{"source":7,"ability":6673,"icon":"ability_warrior_battleshout.jpg"},{"source":103,"ability":259455,"icon":"spell_misc_food.jpg"},{"source":103,"ability":251837,"icon":"inv_alchemy_80_flask01purple.jpg"},{"source":108,"ability":21562,"icon":"spell_holy_wordfortitude.jpg"},{"source":102,"ability":1459,"icon":"spell_holy_magicalsentry.jpg"},{"source":2,"ability":166646,"icon":"monk_stance_whitetiger.jpg"},{"source":109,"ability":166646,"icon":"monk_stance_whitetiger.jpg"},{"source":103,"ability":269407,"icon":"inv_inscription_80_vantusrune_uldir.jpg"},{"source":103,"ability":280573,"icon":"inv_trinket_80_titan02c.jpg"}]}]