{"fights":[{"id":1,"start_time":101266,"end_time":101296,"boss":0,"name":"Nazmani Weevil"},{"id":2,"start_time":856478,"end_time":996069,"boss":0,"name":"C'Thraxxi Breaker"},{"id":3,"start_time":1015353,"end_time":1028631,"boss":0,"originalBoss":2136,"name":"Zek'voz"},{"id":4,"start_time":1319940,"end_time":1334544,"boss":0,"originalBoss":2136,"name":"Zek'voz"},{"id":5,"start_time":1675467,"end_time":2113773,"boss":2136,"name":"Zek'voz","size":20,"difficulty":5,"kill":false,"partial":3,"bossPercentage":912,"fightPercentage":912,"lastPhaseForPercentageDisplay":2},{"id":6,"start_time":2244263,"end_time":2693989,"boss":2136,"name":"Zek'voz","size":20,"difficulty":5,"kill":true,"partial":3,"bossPercentage":0,"fightPercentage":0,"lastPhaseForPercentageDisplay":2},{"id":7,"start_time":2811213,"end_time":3005986,"boss":0,"name":"Corrupted Watcher"},{"id":8,"start_time":3042566,"end_time":3202310,"boss":0,"name":"Speaker Obara"},{"id":9,"start_time":3768448,"end_time":3920037,"boss":2134,"name":"Vectis","size":20,"difficulty":5,"kill":false,"partial":3,"bossPercentage":7145,"fightPercentage":7145,"lastPhaseForPercentageDisplay":1},{"id":10,"start_time":4192723,"end_time":4364527,"boss":2134,"name":"Vectis","size":20,"difficulty":5,"kill":false,"partial":3,"bossPercentage":6500,"fightPercentage":6500,"lastPhaseForPercentageDisplay":1},{"id":11,"start_time":4522177,"end_time":4769921,"boss":2134,"name":"Vectis","size":20,"difficulty":5,"kill":false,"partial":3,"bossPercentage":5145,"fightPercentage":5145,"lastPhaseForPercentageDisplay":1},{"id":12,"start_time":4869483,"end_time":5036190,"boss":2134,"name":"Vectis","size":20,"difficulty":5,"kill":false,"partial":3,"bossPercentage":6360,"fightPercentage":6360,"lastPhaseForPercentageDisplay":1},{"id":13,"start_time":5311816,"end_time":5477229,"boss":2134,"name":"Vectis","size":20,"difficulty":5,"kill":false,"partial":3,"bossPercentage":6440,"fightPercentage":6440,"lastPhaseForPercentageDisplay":1},{"id":14,"start_time":5604231,"end_time":5734386,"boss":2134,"name":"Vectis","size":20,"difficulty":5,"kill":false,"partial":3,"bossPercentage":6838,"fightPercentage":6838,"lastPhaseForPercentageDisplay":1},{"id":15,"start_time":5831233,"end_time":5831271,"boss":0,"name":"Blight Recluse"},{"id":16,"start_time":6684299,"end_time":6783743,"boss":2134,"name":"Vectis","size":20,"difficulty":5,"kill":false,"partial":3,"bossPercentage":7427,"fightPercentage":7427,"lastPhaseForPercentageDisplay":1},{"id":17,"start_time":6945435,"end_time":7158010,"boss":2134,"name":"Vectis","size":20,"difficulty":5,"kill":false,"partial":3,"bossPercentage":4842,"fightPercentage":4842,"lastPhaseForPercentageDisplay":1},{"id":18,"start_time":7289119,"end_time":7428920,"boss":2134,"name":"Vectis","size":20,"difficulty":5,"kill":false,"partial":3,"bossPercentage":6838,"fightPercentage":6838,"lastPhaseForPercentageDisplay":1},{"id":19,"start_time":7512829,"end_time":7653591,"boss":2134,"name":"Vectis","size":20,"difficulty":5,"kill":false,"partial":3,"bossPercentage":7134,"fightPercentage":7134,"lastPhaseForPercentageDisplay":1},{"id":20,"start_time":7741420,"end_time":7956842,"boss":2134,"name":"Vectis","size":20,"difficulty":5,"kill":false,"partial":3,"bossPercentage":5074,"fightPercentage":5074,"lastPhaseForPercentageDisplay":1},{"id":21,"start_time":8602001,"end_time":8756668,"boss":2134,"name":"Vectis","size":20,"difficulty":5,"kill":false,"partial":3,"bossPercentage":6684,"fightPercentage":6684,"lastPhaseForPercentageDisplay":1},{"id":22,"start_time":8839060,"end_time":8988511,"boss":2134,"name":"Vectis","size":20,"difficulty":5,"kill":false,"partial":3,"bossPercentage":7236,"fightPercentage":7236,"lastPhaseForPercentageDisplay":1},{"id":23,"start_time":9091821,"end_time":9313137,"boss":2134,"name":"Vectis","size":20,"difficulty":5,"kill":false,"partial":3,"bossPercentage":4987,"fightPercentage":4987,"lastPhaseForPercentageDisplay":1},{"id":24,"start_time":9529475,"end_time":9698227,"boss":2134,"name":"Vectis","size":20,"difficulty":5,"kill":false,"partial":3,"bossPercentage":6639,"fightPercentage":6639,"lastPhaseForPercentageDisplay":1},{"id":25,"start_time":9832167,"end_time":9991419,"boss":2134,"name":"Vectis","size":20,"difficulty":5,"kill":false,"partial":3,"bossPercentage":6535,"fightPercentage":6535,"lastPhaseForPercentageDisplay":1},{"id":26,"start_time":10041234,"end_time":10041257,"boss":0,"name":"Nazmani Weevil"},{"id":27,"start_time":10081277,"end_time":10329078,"boss":2134,"name":"Vectis","size":20,"difficulty":5,"kill":false,"partial":3,"bossPercentage":4425,"fightPercentage":4425,"lastPhaseForPercentageDisplay":1}],"lang":"en","friendlies":[{"name":"Felout","id":107,"guid":187766224,"type":"DemonHunter","fights":[{"id":2},{"id":3},{"id":4},{"id":5},{"id":6},{"id":7},{"id":8},{"id":9},{"id":10},{"id":11},{"id":12},{"id":13},{"id":14},{"id":15},{"id":16},{"id":17},{"id":18},{"id":19},{"id":20},{"id":21},{"id":22},{"id":23},{"id":24},{"id":25},{"id":26},{"id":27}]},{"name":"Munny","id":5,"guid":184012597,"type":"Warlock","fights":[{"id":2},{"id":3},{"id":5},{"id":6},{"id":7},{"id":8},{"id":9},{"id":10},{"id":11},{"id":12},{"id":13},{"id":14},{"id":15},{"id":16},{"id":17},{"id":18},{"id":19},{"id":20},{"id":21},{"id":22},{"id":23},{"id":24},{"id":25},{"id":26},{"id":27}]},{"name":"Koßo","id":97,"guid":194747817,"type":"Paladin","fights":[{"id":2},{"id":3},{"id":4},{"id":5},{"id":6},{"id":7},{"id":8},{"id":9},{"id":10},{"id":11},{"id":12},{"id":13},{"id":14},{"id":15},{"id":16},{"id":17},{"id":18},{"id":19},{"id":20},{"id":21},{"id":22},{"id":23},{"id":24},{"id":25},{"id":26},{"id":27}]},{"name":"Carnen","id":4,"guid":187210887,"type":"Monk","fights":[{"id":2},{"id":3},{"id":4},{"id":5},{"id":6},{"id":7},{"id":8},{"id":9},{"id":10},{"id":11},{"id":12},{"id":13},{"id":14},{"id":16},{"id":17},{"id":18},{"id":19},{"id":20},{"id":21},{"id":22},{"id":23},{"id":24},{"id":25},{"id":26},{"id":27}]},{"name":"Brewnomars","id":1,"guid":190803279,"type":"Monk","fights":[{"id":2},{"id":3},{"id":4},{"id":5},{"id":6},{"id":7},{"id":8},{"id":9},{"id":10},{"id":11},{"id":12},{"id":13},{"id":14},{"id":15},{"id":16},{"id":17},{"id":18},{"id":19},{"id":20},{"id":21},{"id":22},{"id":23},{"id":24},{"id":25},{"id":26},{"id":27}]},{"name":"Dwb","id":11,"guid":114771278,"type":"Paladin","fights":[{"id":2},{"id":3},{"id":4},{"id":5},{"id":6},{"id":7},{"id":8},{"id":9},{"id":10},{"id":11},{"id":12},{"id":13},{"id":14},{"id":15},{"id":16},{"id":17},{"id":18},{"id":19},{"id":20},{"id":21},{"id":22},{"id":23},{"id":24},{"id":25},{"id":26},{"id":27}]},{"name":"Cowbouillon","id":104,"guid":182159296,"type":"Shaman","fights":[{"id":2},{"id":3},{"id":4},{"id":5},{"id":6},{"id":7},{"id":8},{"id":9},{"id":10},{"id":11},{"id":12},{"id":13},{"id":14},{"id":15},{"id":16},{"id":17},{"id":18},{"id":19},{"id":20},{"id":21},{"id":22},{"id":23},{"id":24},{"id":25},{"id":26},{"id":27}]},{"name":"Grumble","id":96,"guid":187914144,"type":"Hunter","fights":[{"id":2},{"id":3},{"id":4},{"id":5},{"id":6},{"id":7},{"id":8},{"id":9},{"id":10},{"id":11},{"id":12},{"id":13},{"id":14},{"id":16},{"id":17},{"id":18},{"id":19},{"id":20},{"id":21},{"id":22},{"id":23},{"id":24},{"id":25},{"id":26},{"id":27}]},{"name":"Zanpriest","id":106,"guid":198268645,"type":"Priest","fights":[{"id":2},{"id":3},{"id":4},{"id":5},{"id":6},{"id":7},{"id":8},{"id":9},{"id":10},{"id":11},{"id":12},{"id":13},{"id":14},{"id":15},{"id":16},{"id":17},{"id":18},{"id":19},{"id":20},{"id":21},{"id":22},{"id":23},{"id":24},{"id":25},{"id":26},{"id":27}]},{"name":"Notabandit","id":105,"guid":186082364,"type":"Rogue","fights":[{"id":2},{"id":3},{"id":5},{"id":6},{"id":7},{"id":8},{"id":9},{"id":10},{"id":11},{"id":12},{"id":13},{"id":14},{"id":15},{"id":16},{"id":17},{"id":18},{"id":19},{"id":20},{"id":21},{"id":22},{"id":23},{"id":24},{"id":25},{"id":26},{"id":27}]},{"name":"Yuengling","id":7,"guid":189159863,"type":"Warrior","fights":[{"id":1},{"id":2},{"id":3},{"id":5},{"id":6},{"id":7},{"id":8},{"id":9},{"id":10},{"id":11},{"id":12},{"id":13},{"id":14},{"id":16},{"id":17},{"id":18},{"id":19},{"id":20},{"id":21},{"id":22},{"id":23},{"id":24},{"id":25},{"id":26},{"id":27}]},{"name":"Fudgyfish","id":2,"guid":195309324,"type":"Monk","fights":[{"id":2},{"id":3},{"id":4},{"id":5},{"id":6},{"id":7},{"id":8},{"id":9},{"id":10},{"id":11},{"id":12},{"id":13},{"id":14},{"id":15},{"id":16},{"id":17},{"id":18},{"id":19},{"id":20},{"id":21},{"id":22},{"id":23},{"id":24},{"id":25},{"id":26},{"id":27}]},{"name":"Azshre","id":99,"guid":197687423,"type":"DeathKnight","fights":[{"id":2},{"id":3},{"id":5},{"id":6},{"id":7},{"id":8},{"id":9},{"id":10},{"id":11},{"id":12},{"id":13},{"id":14},{"id":15},{"id":16},{"id":17},{"id":18},{"id":19},{"id":20},{"id":21},{"id":22},{"id":23},{"id":24},{"id":25},{"id":26},{"id":27}]},{"name":"Thayat","id":103,"guid":192554226,"type":"Druid","fights":[{"id":2},{"id":3},{"id":4},{"id":5},{"id":6},{"id":7},{"id":8},{"id":9},{"id":10},{"id":11},{"id":12},{"id":13},{"id":14},{"id":15},{"id":16},{"id":17},{"id":18},{"id":19},{"id":20},{"id":21},{"id":22},{"id":23},{"id":24},{"id":25},{"id":26},{"id":27}]},{"name":"Namzaric","id":98,"guid":190513153,"type":"DemonHunter","fights":[{"id":2},{"id":3},{"id":4},{"id":5},{"id":6},{"id":7},{"id":8},{"id":9},{"id":10},{"id":11},{"id":12},{"id":13},{"id":14},{"id":15},{"id":16},{"id":17},{"id":18},{"id":19},{"id":20},{"id":21},{"id":22},{"id":23},{"id":24},{"id":25},{"id":26},{"id":27}]},{"name":"Rumbi","id":3,"guid":183826183,"type":"Hunter","fights":[{"id":2},{"id":3},{"id":5},{"id":6},{"id":7},{"id":8},{"id":9},{"id":10},{"id":11},{"id":12},{"id":13},{"id":14},{"id":15},{"id":16},{"id":17},{"id":18},{"id":19},{"id":20},{"id":21},{"id":22},{"id":23},{"id":24},{"id":25},{"id":26},{"id":27}]},{"name":"Butteryhands","id":110,"guid":185913154,"type":"Hunter","fights":[{"id":2},{"id":3},{"id":5},{"id":6},{"id":7},{"id":8},{"id":9},{"id":10},{"id":11},{"id":12},{"id":13},{"id":14},{"id":16},{"id":17},{"id":18},{"id":19},{"id":20},{"id":21},{"id":22},{"id":23},{"id":24},{"id":25},{"id":26},{"id":27}]},{"name":"Ombre","id":109,"guid":192243313,"type":"Monk","fights":[{"id":2},{"id":3},{"id":4},{"id":5},{"id":6},{"id":7},{"id":8},{"id":9},{"id":10},{"id":11},{"id":12},{"id":13},{"id":14},{"id":15},{"id":16},{"id":17},{"id":18},{"id":19},{"id":20},{"id":21},{"id":22},{"id":23},{"id":24},{"id":25},{"id":26},{"id":27}]},{"name":"Sharrq","id":102,"guid":122450542,"type":"Mage","fights":[{"id":2},{"id":3},{"id":4},{"id":5},{"id":6},{"id":7},{"id":8},{"id":9},{"id":10},{"id":11},{"id":12},{"id":13},{"id":14},{"id":15},{"id":16},{"id":17},{"id":18},{"id":19},{"id":20},{"id":21},{"id":22},{"id":23},{"id":24},{"id":25},{"id":26},{"id":27}]},{"name":"Pöxx","id":108,"guid":182898722,"type":"Priest","fights":[{"id":2},{"id":3},{"id":4},{"id":5},{"id":6},{"id":7},{"id":8},{"id":9},{"id":10},{"id":11},{"id":12},{"id":13},{"id":14},{"id":15},{"id":16},{"id":17},{"id":18},{"id":19},{"id":20},{"id":21},{"id":22},{"id":23},{"id":24},{"id":25},{"id":26},{"id":27}]}],"enemies":[{"name":"Qiraji Scarab","id":143,"guid":140591,"type":"NPC","fights":[{"id":2,"instances":9,"groups":1}]},{"name":"Faceless Voidseeker","id":145,"guid":140599,"type":"NPC","fights":[{"id":2,"instances":2,"groups":1}]},{"name":"Coagulated Blood","id":182,"guid":136507,"type":"NPC","fights":[{"id":7,"instances":13,"groups":4}]},{"name":"Warped Projection","id":172,"guid":135888,"type":"NPC","fights":[{"id":5,"instances":1},{"id":6,"instances":1}]},{"name":"Nazmani Weevil","id":9,"guid":130217,"type":"NPC","fights":[{"id":1,"instances":1},{"id":2,"instances":1},{"id":4,"instances":1},{"id":6,"instances":1},{"id":7,"instances":1},{"id":8,"instances":1},{"id":9,"instances":1},{"id":10,"instances":1},{"id":11,"instances":1},{"id":13,"instances":1},{"id":16,"instances":1},{"id":17,"instances":1},{"id":19,"instances":1},{"id":21,"instances":1},{"id":23,"instances":1},{"id":24,"instances":1},{"id":26,"instances":1}]},{"name":"Nazmani Supplicant","id":188,"guid":142149,"type":"NPC","fights":[{"id":8,"instances":13,"groups":1}]},{"name":"Projection of Yogg-Saron","id":162,"guid":135129,"type":"NPC","fights":[{"id":5,"instances":1,"groups":7},{"id":6,"instances":1,"groups":7}]},{"name":"Silithid Warrior","id":168,"guid":134503,"type":"NPC","fights":[{"id":5,"instances":12,"groups":2},{"id":6,"instances":12,"groups":2}]},{"name":"Faceless Devourer","id":183,"guid":136510,"type":"NPC","fights":[{"id":7,"instances":2}]},{"name":"Silithid Hunter-Killer","id":142,"guid":140594,"type":"NPC","fights":[{"id":2,"instances":2,"groups":1}]},{"name":"Orb of Corruption","id":174,"guid":135310,"type":"NPC","fights":[{"id":5,"instances":1}]},{"name":"Guardian of Yogg-Saron","id":179,"guid":135083,"type":"NPC","fights":[{"id":6,"instances":1}]},{"name":"Projection of C'thun","id":166,"guid":134726,"type":"NPC","fights":[{"id":5,"instances":1,"groups":7},{"id":6,"instances":1,"groups":7}]},{"name":"Void Tendril","id":147,"guid":142004,"type":"NPC","fights":[{"id":2,"instances":4,"groups":1}]},{"name":"Blight Recluse","id":117,"guid":139630,"type":"NPC","fights":[{"id":5,"instances":1},{"id":6,"instances":1},{"id":7,"instances":2},{"id":8,"instances":1},{"id":9,"instances":1},{"id":10,"instances":1},{"id":11,"instances":1},{"id":12,"instances":1},{"id":13,"instances":1},{"id":15,"instances":1},{"id":16,"instances":1},{"id":18,"instances":1},{"id":20,"instances":1},{"id":21,"instances":1},{"id":22,"instances":1},{"id":24,"instances":1},{"id":25,"instances":1},{"id":27,"instances":1}]},{"name":"Nazmani Defiler","id":189,"guid":142150,"type":"NPC","fights":[{"id":8,"instances":4,"groups":1}]},{"name":"Corrupted Watcher","id":137,"guid":136493,"type":"NPC","fights":[{"id":7,"instances":1}]},{"name":"Nerubian Voidweaver","id":167,"guid":135824,"type":"NPC","fights":[{"id":5,"instances":6,"groups":2},{"id":6,"instances":6,"groups":2}]},{"name":"Speaker Obara","id":190,"guid":142207,"type":"NPC","fights":[{"id":8,"instances":1}]},{"name":"Forgotten One","id":144,"guid":141267,"type":"NPC","fights":[{"id":2,"instances":3,"groups":1}]},{"name":"Zek'voz","id":149,"guid":134445,"type":"Boss","fights":[{"id":3,"instances":1},{"id":4,"instances":1},{"id":5,"instances":1},{"id":6,"instances":1}]},{"name":"Vectis","id":187,"guid":134442,"type":"Boss","fights":[{"id":9,"instances":1},{"id":10,"instances":1},{"id":11,"instances":1},{"id":12,"instances":1},{"id":13,"instances":1},{"id":14,"instances":1},{"id":16,"instances":1},{"id":17,"instances":1},{"id":18,"instances":1},{"id":19,"instances":1},{"id":20,"instances":1},{"id":21,"instances":1},{"id":22,"instances":1},{"id":23,"instances":1},{"id":24,"instances":1},{"id":25,"instances":1},{"id":27,"instances":1}]},{"name":"Animated Rot","id":181,"guid":136509,"type":"NPC","fights":[{"id":7,"instances":16,"groups":4}]},{"name":"Plague Amalgam","id":193,"guid":135016,"type":"NPC","fights":[{"id":9,"instances":7,"groups":1},{"id":10,"instances":7,"groups":1},{"id":11,"instances":16,"groups":2},{"id":12,"instances":6,"groups":2},{"id":13,"instances":6,"groups":1},{"id":14,"instances":18,"groups":1},{"id":16,"instances":4,"groups":1},{"id":17,"instances":7,"groups":2},{"id":18,"instances":11,"groups":1},{"id":19,"instances":16,"groups":2},{"id":20,"instances":7,"groups":4},{"id":21,"instances":7,"groups":1},{"id":22,"instances":5,"groups":1},{"id":23,"instances":7,"groups":1},{"id":24,"instances":6,"groups":1},{"id":25,"instances":6,"groups":1},{"id":27,"instances":17,"groups":2}]},{"name":"C'Thraxxi Breaker","id":148,"guid":141266,"type":"NPC","fights":[{"id":2,"instances":1}]}],"friendlyPets":[{"name":"Xuen","id":135,"guid":63508,"type":"Pet","petOwner":2,"fights":[{"id":5,"instances":3},{"id":6,"instances":4},{"id":9,"instances":1},{"id":10,"instances":1},{"id":11,"instances":1},{"id":12,"instances":1},{"id":13,"instances":1},{"id":14,"instances":1},{"id":16,"instances":1},{"id":17,"instances":2},{"id":18,"instances":1},{"id":19,"instances":1},{"id":20,"instances":1},{"id":21,"instances":1},{"id":22,"instances":1},{"id":23,"instances":2},{"id":24,"instances":1},{"id":25,"instances":1},{"id":27,"instances":2}]},{"name":"Vilefiend","id":128,"guid":135816,"type":"Pet","petOwner":5,"fights":[{"id":2,"instances":3},{"id":5,"instances":9},{"id":6,"instances":9},{"id":7,"instances":4},{"id":8,"instances":3},{"id":9,"instances":3},{"id":10,"instances":4},{"id":11,"instances":5},{"id":12,"instances":3},{"id":13,"instances":3},{"id":14,"instances":2},{"id":16,"instances":2},{"id":17,"instances":4},{"id":18,"instances":3},{"id":19,"instances":3},{"id":20,"instances":4},{"id":21,"instances":3},{"id":22,"instances":2},{"id":23,"instances":5},{"id":24,"instances":3},{"id":25,"instances":2},{"id":27,"instances":5}]},{"name":"Primal Storm Elemental","id":134,"guid":77942,"type":"Pet","petOwner":104,"fights":[{"id":5,"instances":3},{"id":6,"instances":3},{"id":7,"instances":1},{"id":8,"instances":1},{"id":9,"instances":1},{"id":10,"instances":1},{"id":11,"instances":2},{"id":12,"instances":1},{"id":13,"instances":1},{"id":14,"instances":1},{"id":16,"instances":1},{"id":17,"instances":1},{"id":18,"instances":1},{"id":19,"instances":1},{"id":20,"instances":2},{"id":21,"instances":1},{"id":22,"instances":1},{"id":23,"instances":1},{"id":24,"instances":1},{"id":25,"instances":1},{"id":27,"instances":2}]},{"name":"Wrathguard","id":176,"guid":136407,"type":"Pet","petOwner":5,"fights":[{"id":6,"instances":2},{"id":12,"instances":2},{"id":13,"instances":2},{"id":14,"instances":2},{"id":16,"instances":1},{"id":18,"instances":3},{"id":19,"instances":2},{"id":22,"instances":1},{"id":23,"instances":2},{"id":24,"instances":1},{"id":25,"instances":1},{"id":27,"instances":2}]},{"name":"Demonic Tyrant","id":163,"guid":135002,"type":"Pet","petOwner":5,"fights":[{"id":5,"instances":5},{"id":6,"instances":5},{"id":9,"instances":1},{"id":10,"instances":2},{"id":11,"instances":2},{"id":12,"instances":1},{"id":13,"instances":2},{"id":14,"instances":1},{"id":16,"instances":1},{"id":17,"instances":2},{"id":18,"instances":2},{"id":19,"instances":1},{"id":20,"instances":2},{"id":21,"instances":1},{"id":22,"instances":1},{"id":23,"instances":2},{"id":24,"instances":2},{"id":25,"instances":1},{"id":27,"instances":3}]},{"name":"Illidari Satyr","id":171,"guid":136398,"type":"Pet","petOwner":5,"fights":[{"id":5,"instances":1},{"id":6,"instances":1},{"id":9,"instances":1},{"id":10,"instances":1},{"id":11,"instances":2},{"id":14,"instances":1},{"id":16,"instances":1},{"id":17,"instances":4},{"id":20,"instances":2},{"id":22,"instances":2},{"id":23,"instances":2},{"id":24,"instances":2},{"id":27,"instances":1}]},{"name":"Wild Imp","id":127,"guid":55659,"type":"Pet","petOwner":5,"fights":[{"id":2,"instances":51},{"id":5,"instances":157},{"id":6,"instances":193},{"id":7,"instances":60},{"id":8,"instances":53},{"id":9,"instances":47},{"id":10,"instances":64},{"id":11,"instances":96},{"id":12,"instances":51},{"id":13,"instances":62},{"id":14,"instances":49},{"id":16,"instances":41},{"id":17,"instances":71},{"id":18,"instances":52},{"id":19,"instances":49},{"id":20,"instances":66},{"id":21,"instances":45},{"id":22,"instances":43},{"id":23,"instances":75},{"id":24,"instances":52},{"id":25,"instances":41},{"id":27,"instances":90}]},{"name":"Jasmine","id":118,"guid":51402356,"type":"Pet","petOwner":3,"fights":[{"id":2,"instances":1},{"id":3,"instances":1},{"id":5,"instances":1},{"id":6,"instances":1},{"id":7,"instances":1},{"id":8,"instances":1},{"id":9,"instances":1},{"id":10,"instances":1},{"id":11,"instances":1},{"id":12,"instances":1},{"id":13,"instances":1},{"id":14,"instances":1},{"id":16,"instances":1},{"id":17,"instances":1},{"id":18,"instances":1},{"id":19,"instances":1},{"id":20,"instances":1},{"id":21,"instances":1},{"id":22,"instances":1},{"id":23,"instances":1},{"id":24,"instances":1},{"id":25,"instances":1},{"id":26,"instances":1},{"id":27,"instances":1}]},{"name":"Khillikad","id":95,"guid":51458289,"type":"Pet","petOwner":5,"fights":[{"id":2,"instances":1},{"id":3,"instances":1},{"id":5,"instances":1},{"id":6,"instances":1},{"id":7,"instances":1},{"id":8,"instances":1},{"id":9,"instances":1},{"id":10,"instances":1},{"id":11,"instances":1},{"id":12,"instances":1},{"id":13,"instances":1},{"id":14,"instances":1},{"id":16,"instances":1},{"id":17,"instances":1},{"id":18,"instances":1},{"id":19,"instances":1},{"id":20,"instances":1},{"id":21,"instances":1},{"id":22,"instances":1},{"id":23,"instances":1},{"id":24,"instances":1},{"id":25,"instances":1},{"id":26,"instances":1},{"id":27,"instances":1}]},{"name":"Water Elemental","id":125,"guid":43431421,"type":"Pet","petOwner":102,"fights":[{"id":2,"instances":1},{"id":3,"instances":1},{"id":5,"instances":1},{"id":6,"instances":1},{"id":7,"instances":1},{"id":8,"instances":1},{"id":9,"instances":1},{"id":10,"instances":1},{"id":11,"instances":1},{"id":12,"instances":1},{"id":13,"instances":1},{"id":14,"instances":1},{"id":16,"instances":1},{"id":17,"instances":1},{"id":18,"instances":1},{"id":19,"instances":1},{"id":20,"instances":1},{"id":21,"instances":1},{"id":22,"instances":1},{"id":23,"instances":1},{"id":24,"instances":1},{"id":25,"instances":1},{"id":26,"instances":1},{"id":27,"instances":1}]},{"name":"Ur'zul","id":177,"guid":136402,"type":"Pet","petOwner":5,"fights":[{"id":6,"instances":3},{"id":10,"instances":1},{"id":16,"instances":1},{"id":19,"instances":1},{"id":23,"instances":1},{"id":25,"instances":1}]},{"name":"Fire Spirit","id":139,"guid":69791,"type":"Pet","petOwner":109,"fights":[{"id":2,"instances":2},{"id":5,"instances":12},{"id":6,"instances":11},{"id":7,"instances":4},{"id":8,"instances":2},{"id":9,"instances":3},{"id":10,"instances":4},{"id":11,"instances":4},{"id":12,"instances":3},{"id":13,"instances":3},{"id":14,"instances":4},{"id":16,"instances":3},{"id":17,"instances":7},{"id":18,"instances":4},{"id":19,"instances":3},{"id":20,"instances":5},{"id":21,"instances":3},{"id":22,"instances":5},{"id":23,"instances":7},{"id":24,"instances":3},{"id":25,"instances":5},{"id":27,"instances":5}]},{"name":"Shivarra","id":160,"guid":136406,"type":"Pet","petOwner":5,"fights":[{"id":5,"instances":1},{"id":9,"instances":1},{"id":10,"instances":3},{"id":11,"instances":1},{"id":12,"instances":1},{"id":13,"instances":1},{"id":14,"instances":1},{"id":16,"instances":1},{"id":17,"instances":2},{"id":18,"instances":2},{"id":21,"instances":2},{"id":22,"instances":1},{"id":24,"instances":1},{"id":25,"instances":1},{"id":27,"instances":3}]},{"name":"Nymeria","id":199,"guid":55304136,"type":"Pet","petOwner":110,"fights":[{"id":13,"instances":1},{"id":14,"instances":1},{"id":16,"instances":1},{"id":17,"instances":1},{"id":18,"instances":1},{"id":19,"instances":1},{"id":20,"instances":1},{"id":21,"instances":1},{"id":22,"instances":1},{"id":23,"instances":1},{"id":24,"instances":1},{"id":25,"instances":1},{"id":27,"instances":1}]},{"name":"Jade Serpent Statue","id":133,"guid":60849,"type":"Pet","petOwner":4,"fights":[{"id":2,"instances":2},{"id":5,"instances":1},{"id":6,"instances":1},{"id":8,"instances":3},{"id":9,"instances":1},{"id":10,"instances":1},{"id":11,"instances":1},{"id":12,"instances":1},{"id":13,"instances":1},{"id":25,"instances":2},{"id":27,"instances":1}]},{"name":"Primal Earth Elemental","id":169,"guid":61056,"type":"Pet","petOwner":104,"fights":[{"id":5,"instances":1},{"id":6,"instances":1},{"id":9,"instances":1},{"id":10,"instances":1},{"id":11,"instances":1},{"id":12,"instances":1},{"id":13,"instances":1},{"id":18,"instances":1},{"id":20,"instances":1},{"id":21,"instances":1},{"id":23,"instances":1},{"id":24,"instances":1},{"id":25,"instances":1},{"id":27,"instances":1}]},{"name":"Vicious Hellhound","id":159,"guid":136399,"type":"Pet","petOwner":5,"fights":[{"id":5,"instances":2},{"id":6,"instances":4},{"id":10,"instances":1},{"id":11,"instances":2},{"id":12,"instances":2},{"id":13,"instances":1},{"id":17,"instances":1},{"id":23,"instances":3},{"id":24,"instances":1},{"id":25,"instances":2}]},{"name":"Eye of Gul'dan","id":170,"guid":136401,"type":"Pet","petOwner":5,"fights":[{"id":5,"instances":4},{"id":13,"instances":4}]},{"name":"Earth Spirit","id":121,"guid":69792,"type":"Pet","petOwner":2,"fights":[{"id":5,"instances":11},{"id":6,"instances":12},{"id":7,"instances":3},{"id":9,"instances":4},{"id":10,"instances":5},{"id":11,"instances":3},{"id":12,"instances":4},{"id":13,"instances":4},{"id":14,"instances":3},{"id":16,"instances":4},{"id":17,"instances":6},{"id":18,"instances":3},{"id":19,"instances":4},{"id":20,"instances":4},{"id":21,"instances":4},{"id":22,"instances":4},{"id":23,"instances":8},{"id":24,"instances":4},{"id":25,"instances":4},{"id":27,"instances":7}]},{"name":"Darkhound","id":158,"guid":136408,"type":"Pet","petOwner":5,"fights":[{"id":5,"instances":3},{"id":6,"instances":4},{"id":9,"instances":1},{"id":11,"instances":2},{"id":13,"instances":1},{"id":16,"instances":1},{"id":18,"instances":1},{"id":20,"instances":3},{"id":21,"instances":2},{"id":22,"instances":1},{"id":23,"instances":1}]},{"name":"Fire Spirit","id":123,"guid":69791,"type":"Pet","petOwner":2,"fights":[{"id":5,"instances":11},{"id":6,"instances":12},{"id":7,"instances":3},{"id":9,"instances":4},{"id":10,"instances":5},{"id":11,"instances":3},{"id":12,"instances":4},{"id":13,"instances":4},{"id":14,"instances":3},{"id":16,"instances":4},{"id":17,"instances":6},{"id":18,"instances":3},{"id":19,"instances":4},{"id":20,"instances":4},{"id":21,"instances":4},{"id":22,"instances":4},{"id":23,"instances":8},{"id":24,"instances":4},{"id":25,"instances":4},{"id":27,"instances":7}]},{"name":"Earth Spirit","id":138,"guid":69792,"type":"Pet","petOwner":109,"fights":[{"id":2,"instances":2},{"id":5,"instances":12},{"id":6,"instances":11},{"id":7,"instances":4},{"id":8,"instances":2},{"id":9,"instances":3},{"id":10,"instances":4},{"id":11,"instances":4},{"id":12,"instances":3},{"id":13,"instances":3},{"id":14,"instances":4},{"id":16,"instances":3},{"id":17,"instances":7},{"id":18,"instances":4},{"id":19,"instances":3},{"id":20,"instances":5},{"id":21,"instances":3},{"id":22,"instances":5},{"id":23,"instances":7},{"id":24,"instances":3},{"id":25,"instances":5},{"id":27,"instances":5}]},{"name":"Bilescourge","id":175,"guid":136404,"type":"Pet","petOwner":5,"fights":[{"id":6,"instances":3},{"id":9,"instances":3},{"id":11,"instances":2},{"id":13,"instances":1},{"id":14,"instances":1},{"id":20,"instances":1},{"id":21,"instances":1},{"id":23,"instances":1},{"id":24,"instances":1},{"id":25,"instances":2},{"id":27,"instances":2}]},{"name":"Mushu","id":129,"guid":56167238,"type":"Pet","petOwner":110,"fights":[{"id":2,"instances":1},{"id":3,"instances":1},{"id":5,"instances":1},{"id":6,"instances":1},{"id":7,"instances":1},{"id":8,"instances":1},{"id":9,"instances":1},{"id":10,"instances":1},{"id":11,"instances":1},{"id":12,"instances":1}]},{"name":"Xuen","id":140,"guid":63508,"type":"Pet","petOwner":109,"fights":[{"id":2,"instances":1},{"id":5,"instances":4},{"id":6,"instances":4},{"id":7,"instances":2},{"id":8,"instances":1},{"id":9,"instances":1},{"id":10,"instances":1},{"id":11,"instances":1},{"id":12,"instances":1},{"id":13,"instances":1},{"id":14,"instances":1},{"id":16,"instances":1},{"id":17,"instances":2},{"id":18,"instances":1},{"id":19,"instances":1},{"id":20,"instances":2},{"id":21,"instances":1},{"id":22,"instances":2},{"id":23,"instances":2},{"id":24,"instances":1},{"id":25,"instances":2},{"id":27,"instances":2}]},{"name":"Efflorescence","id":126,"guid":47649,"type":"Pet","petOwner":103,"fights":[{"id":5,"instances":4},{"id":6,"instances":8},{"id":7,"instances":3},{"id":8,"instances":1},{"id":9,"instances":3},{"id":10,"instances":3},{"id":11,"instances":6},{"id":12,"instances":4},{"id":13,"instances":4},{"id":14,"instances":3},{"id":16,"instances":1},{"id":17,"instances":5},{"id":18,"instances":2},{"id":19,"instances":3},{"id":20,"instances":4},{"id":21,"instances":3},{"id":22,"instances":3},{"id":23,"instances":4},{"id":24,"instances":2},{"id":25,"instances":3},{"id":27,"instances":3}]},{"name":"Felguard","id":131,"guid":17252,"type":"Pet","petOwner":5,"fights":[{"id":2,"instances":1},{"id":5,"instances":4},{"id":6,"instances":4},{"id":7,"instances":2},{"id":8,"instances":1},{"id":9,"instances":2},{"id":10,"instances":2},{"id":11,"instances":2},{"id":12,"instances":1},{"id":13,"instances":2},{"id":14,"instances":1},{"id":16,"instances":1},{"id":17,"instances":2},{"id":18,"instances":1},{"id":19,"instances":1},{"id":20,"instances":2},{"id":21,"instances":1},{"id":22,"instances":1},{"id":23,"instances":2},{"id":24,"instances":2},{"id":25,"instances":1},{"id":27,"instances":2}]},{"name":"Baloo","id":100,"guid":52617460,"type":"Pet","petOwner":96,"fights":[{"id":2,"instances":1},{"id":3,"instances":1},{"id":5,"instances":1},{"id":6,"instances":1},{"id":7,"instances":1},{"id":8,"instances":1},{"id":9,"instances":1},{"id":10,"instances":1},{"id":11,"instances":1},{"id":12,"instances":1},{"id":13,"instances":1},{"id":14,"instances":1},{"id":16,"instances":1},{"id":17,"instances":1},{"id":18,"instances":1},{"id":19,"instances":1},{"id":20,"instances":1},{"id":21,"instances":1},{"id":22,"instances":1},{"id":23,"instances":1},{"id":24,"instances":1},{"id":25,"instances":1},{"id":26,"instances":1},{"id":27,"instances":1}]},{"name":"Chi-Ji","id":208,"guid":100868,"type":"Pet","petOwner":4,"fights":[{"id":23,"instances":1}]},{"name":"Spark Elemental","id":136,"guid":140789,"type":"Pet","petOwner":104,"fights":[{"id":5,"instances":3},{"id":6,"instances":3},{"id":7,"instances":1},{"id":9,"instances":1},{"id":10,"instances":1},{"id":11,"instances":2},{"id":12,"instances":1},{"id":13,"instances":1},{"id":14,"instances":1},{"id":16,"instances":1},{"id":17,"instances":1},{"id":18,"instances":1},{"id":19,"instances":1},{"id":20,"instances":2},{"id":21,"instances":1},{"id":22,"instances":1},{"id":23,"instances":1},{"id":24,"instances":1},{"id":25,"instances":1},{"id":27,"instances":2}]},{"name":"Void Terror","id":161,"guid":136403,"type":"Pet","petOwner":5,"fights":[{"id":5,"instances":3},{"id":12,"instances":2},{"id":17,"instances":1},{"id":19,"instances":1},{"id":21,"instances":1},{"id":22,"instances":1},{"id":23,"instances":2},{"id":24,"instances":1},{"id":25,"instances":1}]},{"name":"Dreadstalker","id":130,"guid":98035,"type":"Pet","petOwner":5,"fights":[{"id":2,"instances":12},{"id":5,"instances":38},{"id":6,"instances":42},{"id":7,"instances":14},{"id":8,"instances":14},{"id":9,"instances":10},{"id":10,"instances":14},{"id":11,"instances":20},{"id":12,"instances":10},{"id":13,"instances":12},{"id":14,"instances":10},{"id":16,"instances":8},{"id":17,"instances":16},{"id":18,"instances":10},{"id":19,"instances":10},{"id":20,"instances":16},{"id":21,"instances":10},{"id":22,"instances":10},{"id":23,"instances":16},{"id":24,"instances":12},{"id":25,"instances":10},{"id":27,"instances":20}]},{"name":"Shadowfiend","id":157,"guid":19668,"type":"Pet","petOwner":106,"fights":[{"id":5,"instances":3},{"id":6,"instances":2},{"id":10,"instances":1},{"id":11,"instances":1},{"id":12,"instances":1},{"id":13,"instances":1},{"id":14,"instances":1},{"id":16,"instances":1},{"id":17,"instances":1},{"id":18,"instances":1},{"id":19,"instances":1},{"id":20,"instances":1},{"id":21,"instances":1},{"id":23,"instances":1},{"id":24,"instances":1},{"id":25,"instances":1},{"id":27,"instances":1}]}],"enemyPets":[{"name":"Living Infection","id":184,"guid":141749,"type":"Pet","petOwner":108,"fights":[{"id":7,"instances":2}]},{"name":"Living Infection","id":186,"guid":141749,"type":"Pet","petOwner":103,"fights":[{"id":7,"instances":1}]}],"phases":[{"boss":2134,"phases":["Stage One: Probing Its Hosts","Stage Two: Spreading Pandemic"]},{"boss":2136,"phases":["Stage One: Chaos and Deception","Stage Two: Corruption"]}],"title":"The gang moves on to vectis","owner":"patricksroberts","start":1544748629853,"end":1544759041211,"zone":19,"exportedCharacters":[{"id":9357698,"name":"Azshre","server":"Bleeding Hollow","region":"US"},{"id":34525476,"name":"Brewnomars","server":"Bleeding Hollow","region":"US"},{"id":28022932,"name":"Butteryhands","server":"Bleeding Hollow","region":"US"},{"id":37008898,"name":"Carnen","server":"Bleeding Hollow","region":"US"},{"id":20312931,"name":"Cowbouillon","server":"Bleeding Hollow","region":"US"},{"id":364910,"name":"Dwb","server":"Bleeding Hollow","region":"US"},{"id":26916944,"name":"Felout","server":"Bleeding Hollow","region":"US"},{"id":34598835,"name":"Fudgyfish","server":"Bleeding Hollow","region":"US"},{"id":22615328,"name":"Grumble","server":"Bleeding Hollow","region":"US"},{"id":34407865,"name":"Koßo","server":"Bleeding Hollow","region":"US"},{"id":34565578,"name":"Munny","server":"Bleeding Hollow","region":"US"},{"id":31182341,"name":"Namzaric","server":"Bleeding Hollow","region":"US"},{"id":24810022,"name":"Notabandit","server":"Bleeding Hollow","region":"US"},{"id":32435298,"name":"Ombre","server":"Bleeding Hollow","region":"US"},{"id":21086445,"name":"Pöxx","server":"Bleeding Hollow","region":"US"},{"id":22217916,"name":"Rumbi","server":"Bleeding Hollow","region":"US"},{"id":188535,"name":"Sharrq","server":"Bleeding Hollow","region":"US"},{"id":32605750,"name":"Thayat","server":"Bleeding Hollow","region":"US"},{"id":24327764,"name":"Yuengling","server":"Bleeding Hollow","region":"US"},{"id":36832415,"name":"Zanpriest","server":"Bleeding Hollow","region":"US"}]}