{"fights":[{"id":1,"start_time":138214,"end_time":353747,"boss":2327,"name":"Maut","size":30,"difficulty":4,"kill":true,"partial":3,"bossPercentage":0,"fightPercentage":0,"lastPhaseForPercentageDisplay":1,"maps":[1581]}],"lang":"en","friendlies":[{"name":"Missgirl","id":17,"guid":131362414,"type":"Paladin","server":"Draenor","icon":"Paladin-Retribution","fights":[{"id":1}]},{"name":"Дурит","id":27,"guid":194355617,"type":"Druid","server":"Ясеневыйлес","icon":"Druid-Balance","fights":[{"id":1}]},{"name":"Moonhoof","id":38,"guid":8563696,"type":"Druid","server":"ShatteredHalls","icon":"Druid-Restoration","fights":[{"id":1}]},{"name":"Baliurfi","id":6,"guid":102159787,"type":"DeathKnight","server":"Ragnaros","icon":"DeathKnight-Unholy","fights":[{"id":1}]},{"name":"Finduzz","id":28,"guid":146706882,"type":"Shaman","server":"TwistingNether","icon":"Shaman-Enhancement","fights":[{"id":1}]},{"name":"Oozyhaert","id":26,"guid":128348950,"type":"DeathKnight","server":"Draenor","icon":"DeathKnight-Unholy","fights":[{"id":1}]},{"name":"Анукан","id":18,"guid":137088977,"type":"DemonHunter","server":"Галакронд","icon":"DemonHunter-Havoc","fights":[{"id":1}]},{"name":"Рюске","id":8,"guid":162403918,"type":"Monk","server":"Ревущийфьорд","icon":"Monk-Windwalker","fights":[{"id":1}]},{"name":"Qtrheal","id":4,"guid":148950381,"type":"Monk","server":"TwistingNether","icon":"Monk-Mistweaver","fights":[{"id":1}]},{"name":"Punti","id":11,"guid":159779963,"type":"Mage","server":"BurningLegion","icon":"Mage-Frost","fights":[{"id":1}]},{"name":"Кельвен","id":13,"guid":175236359,"type":"Paladin","server":"СвежевательДуш","icon":"Paladin-Retribution","fights":[{"id":1}]},{"name":"Mantouf","id":10,"guid":127104948,"type":"Hunter","server":"Draenor","icon":"Hunter-BeastMastery","fights":[{"id":1}]},{"name":"Browníng","id":33,"guid":169759258,"type":"DeathKnight","server":"Kazzak","icon":"DeathKnight-Blood","fights":[{"id":1}]},{"name":"Shimalia","id":22,"guid":141856828,"type":"DemonHunter","server":"Thrall","icon":"DemonHunter-Havoc","fights":[{"id":1}]},{"name":"Драагстер","id":3,"guid":154701130,"type":"Warrior","server":"Ревущийфьорд","icon":"Warrior-Fury","fights":[{"id":1}]},{"name":"Khamoonjah","id":20,"guid":122509066,"type":"DemonHunter","server":"Sargeras","icon":"DemonHunter-Havoc","fights":[{"id":1}]},{"name":"Склайрис","id":7,"guid":154006340,"type":"Warrior","server":"Ревущийфьорд","icon":"Warrior-Arms","fights":[{"id":1}]},{"name":"Брролем","id":12,"guid":197994181,"type":"Paladin","server":"Ясеневыйлес","icon":"Paladin-Holy","fights":[{"id":1}]},{"name":"Andryos","id":24,"guid":151787200,"type":"DeathKnight","server":"Kazzak","icon":"DeathKnight-Unholy","fights":[{"id":1}]},{"name":"Twitchthotx","id":2,"guid":151794661,"type":"Shaman","server":"TwistingNether","icon":"Shaman-Restoration","fights":[{"id":1}]},{"name":"Mendissdh","id":1,"guid":133861947,"type":"DemonHunter","server":"TwistingNether","icon":"DemonHunter-Havoc","fights":[{"id":1}]},{"name":"Pârã","id":35,"guid":181309759,"type":"Druid","server":"Archimonde","icon":"Druid-Restoration","fights":[{"id":1}]},{"name":"Beastxmaster","id":9,"guid":144733333,"type":"Hunter","server":"Thrall","icon":"Hunter-BeastMastery","fights":[{"id":1}]},{"name":"Ultamind","id":25,"guid":180611460,"type":"DemonHunter","server":"Kazzak","icon":"DemonHunter-Havoc","fights":[{"id":1}]},{"name":"Nomi","id":5,"guid":101300171,"type":"Paladin","server":"Stormscale","icon":"Paladin-Holy","fights":[{"id":1}]},{"name":"Fedre","id":32,"guid":81903525,"type":"Druid","server":"Drak'thul","icon":"Druid-Guardian","fights":[{"id":1}]},{"name":"Yacuchen","id":21,"guid":136776490,"type":"Shaman","server":"Blackrock","icon":"Shaman-Enhancement","fights":[{"id":1}]},{"name":"Ák","id":23,"guid":144745919,"type":"DemonHunter","server":"Kazzak","icon":"DemonHunter-Havoc","fights":[{"id":1}]},{"name":"Fidhel","id":16,"guid":124038219,"type":"Druid","server":"Draenor","icon":"Druid-Restoration","fights":[{"id":1}]},{"name":"Gwabra","id":19,"guid":114047683,"type":"Warlock","server":"Sargeras","icon":"Warlock-Destruction","fights":[{"id":1}]}],"enemies":[{"name":"Dark Manifestation","id":73,"guid":156650,"type":"NPC","icon":"custom-icon-warlock_curse_shadow","fights":[{"id":1,"instances":4,"groups":3}]},{"name":"Maut","id":46,"guid":156523,"type":"Boss","icon":"custom-icon-inv_misc_archstone_01","fights":[{"id":1,"instances":1}]}],"friendlyPets":[{"name":"Spirit Wolf","id":45,"guid":29264,"type":"Pet","icon":"abilities/spell_shaman_feralspirit","petOwner":28,"fights":[{"id":1,"instances":4}]},{"name":"Twisted Appendage","id":78,"guid":162764,"type":"Pet","icon":"abilities/achievement_boss_yoggsaron_01","petOwner":8,"fights":[{"id":1,"instances":2}]},{"name":"Guardian of Azeroth","id":54,"guid":152396,"type":"Pet","icon":"abilities/inv_glowing-azerite-geode","petOwner":22,"fights":[{"id":1,"instances":2}]},{"name":"Guardian of Azeroth","id":50,"guid":152396,"type":"Pet","icon":"abilities/inv_glowing-azerite-geode","petOwner":3,"fights":[{"id":1,"instances":2}]},{"name":"Guardian of Azeroth","id":49,"guid":152396,"type":"Pet","icon":"abilities/inv_glowing-azerite-geode","petOwner":11,"fights":[{"id":1,"instances":2}]},{"name":"Magus of the Dead","id":43,"guid":148797,"type":"Pet","icon":"abilities/achievement_ladydeathwhisper","petOwner":6,"fights":[{"id":1,"instances":9}]},{"name":"Twisted Appendage","id":82,"guid":162764,"type":"Pet","icon":"abilities/achievement_boss_yoggsaron_01","petOwner":7,"fights":[{"id":1,"instances":3}]},{"name":"Spirit Link Totem","id":85,"guid":53006,"type":"Pet","icon":"abilities/spell_shaman_spiritlink","petOwner":2,"fights":[{"id":1,"instances":1}]},{"name":"Bloodworm","id":67,"guid":99773,"type":"Pet","icon":"abilities/spell_shadow_soulleech","petOwner":33,"fights":[{"id":1,"instances":22}]},{"name":"Thing From Beyond","id":86,"guid":161895,"type":"Pet","icon":"custom-icon-ability_deathwing_assualtaspects","petOwner":6,"fights":[{"id":1,"instances":10}]},{"name":"Ebon Gargoyle","id":64,"guid":27829,"type":"Pet","icon":"abilities/ability_deathknight_summongargoyle","petOwner":26,"fights":[{"id":1,"instances":2}]},{"name":"Unknown","id":15,"guid":47124354,"type":"Pet","icon":"custom-icon-ability_druid_rake","petOwner":10,"fights":[{"id":1,"instances":1}]},{"name":"Twisted Appendage","id":84,"guid":162764,"type":"Pet","icon":"abilities/achievement_boss_yoggsaron_01","petOwner":19,"fights":[{"id":1,"instances":3}]},{"name":"Guardian of Azeroth","id":62,"guid":152396,"type":"Pet","icon":"abilities/inv_glowing-azerite-geode","petOwner":1,"fights":[{"id":1,"instances":2}]},{"name":"Efflorescence","id":53,"guid":47649,"type":"Pet","icon":"abilities/inv_misc_herb_talandrasrose","petOwner":38,"fights":[{"id":1,"instances":8}]},{"name":"Guardian of Azeroth","id":76,"guid":152396,"type":"Pet","icon":"abilities/inv_glowing-azerite-geode","petOwner":35,"fights":[{"id":1,"instances":1}]},{"name":"Efflorescence","id":61,"guid":47649,"type":"Pet","icon":"abilities/inv_misc_herb_talandrasrose","petOwner":16,"fights":[{"id":1,"instances":4}]},{"name":"Rune Weapon","id":65,"guid":27893,"type":"Pet","icon":"abilities/inv_sword_07","petOwner":33,"fights":[{"id":1,"instances":2}]},{"name":"Dog","id":14,"guid":47034883,"type":"Pet","icon":"custom-icon-ability_warstomp","petOwner":10,"fights":[{"id":1,"instances":1}]},{"name":"Wolf","id":36,"guid":46189910,"type":"Pet","icon":"abilities/ability_hunter_beastcall","petOwner":9,"fights":[{"id":1,"instances":1}]},{"name":"Army of the Dead","id":44,"guid":24207,"type":"Pet","icon":"abilities/artifactability_unholydeathknight_deathsembrace","petOwner":6,"fights":[{"id":1,"instances":30}]},{"name":"Efflorescence","id":41,"guid":47649,"type":"Pet","icon":"abilities/inv_misc_herb_talandrasrose","petOwner":35,"fights":[{"id":1,"instances":6}]},{"name":"Earth Spirit","id":56,"guid":69792,"type":"Pet","icon":"abilities/inv_elemental_primal_earth","petOwner":8,"fights":[{"id":1,"instances":5}]},{"name":"Tombmaw","id":34,"guid":29576756,"type":"Pet","icon":"custom-icon-spell_deathknight_thrash_ghoul","petOwner":6,"fights":[{"id":1,"instances":1}]},{"name":"Echse","id":37,"guid":46225475,"type":"Pet","icon":"custom-icon-ability_warstomp","petOwner":9,"fights":[{"id":1,"instances":1}]},{"name":"Fire Spirit","id":58,"guid":69791,"type":"Pet","icon":"abilities/inv_summerfest_firespirit","petOwner":8,"fights":[{"id":1,"instances":5}]},{"name":"Army of the Dead","id":42,"guid":24207,"type":"Pet","icon":"abilities/artifactability_unholydeathknight_deathsembrace","petOwner":24,"fights":[{"id":1,"instances":16}]},{"name":"Healing Tide Totem","id":71,"guid":59764,"type":"Pet","icon":"abilities/ability_shaman_healingtide","petOwner":2,"fights":[{"id":1,"instances":5}]},{"name":"Unknown","id":30,"guid":39272738,"type":"Pet","icon":"custom-icon-spell_deathknight_thrash_ghoul","petOwner":24,"fights":[{"id":1,"instances":1}]},{"name":"Twisted Appendage","id":80,"guid":162764,"type":"Pet","icon":"abilities/achievement_boss_yoggsaron_01","petOwner":3,"fights":[{"id":1,"instances":5}]},{"name":"Unknown","id":29,"guid":47517756,"type":"Pet","icon":"custom-icon-spell_shadow_soulleech_3","petOwner":19,"fights":[{"id":1,"instances":1}]},{"name":"Twisted Appendage","id":75,"guid":162764,"type":"Pet","icon":"abilities/achievement_boss_yoggsaron_01","petOwner":21,"fights":[{"id":1,"instances":2}]},{"name":"Guardian of Azeroth","id":47,"guid":152396,"type":"Pet","icon":"abilities/inv_glowing-azerite-geode","petOwner":21,"fights":[{"id":1,"instances":1}]},{"name":"Infernal","id":59,"guid":89,"type":"Pet","icon":"abilities/spell_shadow_summoninfernal","petOwner":19,"fights":[{"id":1,"instances":6}]},{"name":"Unknown","id":52,"guid":50931406,"type":"Pet","icon":"custom-icon-spell_frost_frostbolt","petOwner":11,"fights":[{"id":1,"instances":1}]},{"name":"Earthen Wall Totem","id":81,"guid":100943,"type":"Pet","icon":"abilities/spell_nature_stoneskintotem","petOwner":2,"fights":[{"id":1,"instances":2}]},{"name":"Unknown","id":31,"guid":47328307,"type":"Pet","icon":"custom-icon-spell_deathknight_thrash_ghoul","petOwner":26,"fights":[{"id":1,"instances":1}]},{"name":"Twisted Appendage","id":77,"guid":162764,"type":"Pet","icon":"abilities/achievement_boss_yoggsaron_01","petOwner":1,"fights":[{"id":1,"instances":2}]},{"name":"Xuen","id":74,"guid":63508,"type":"Pet","icon":"abilities/ability_monk_prideofthetiger","petOwner":8,"fights":[{"id":1,"instances":3}]},{"name":"Guardian of Azeroth","id":51,"guid":152396,"type":"Pet","icon":"abilities/inv_glowing-azerite-geode","petOwner":18,"fights":[{"id":1,"instances":2}]},{"name":"Spirit Wolf","id":63,"guid":29264,"type":"Pet","icon":"abilities/spell_shaman_feralspirit","petOwner":21,"fights":[{"id":1,"instances":2}]},{"name":"Army of the Dead","id":48,"guid":24207,"type":"Pet","icon":"abilities/artifactability_unholydeathknight_deathsembrace","petOwner":26,"fights":[{"id":1,"instances":20}]}],"enemyPets":[],"phases":[{"boss":2327,"phases":["Obsidian Destroyer","Obsidian Statue"]}],"logVersion":16,"gameVersion":1,"title":"Ny'alotha","owner":"baliurfi","start":1583569063713,"end":1583569454526,"zone":24,"exportedCharacters":[{"id":23891641,"name":"Andryos","server":"Kazzak","region":"EU"},{"id":3763326,"name":"Baliurfi","server":"Ragnaros","region":"EU"},{"id":42757465,"name":"Beastxmaster","server":"Thrall","region":"EU"},{"id":37246403,"name":"Browníng","server":"Kazzak","region":"EU"},{"id":30342734,"name":"Fedre","server":"Drak'thul","region":"EU"},{"id":36712036,"name":"Fidhel","server":"Draenor","region":"EU"},{"id":30824834,"name":"Finduzz","server":"Twisting Nether","region":"EU"},{"id":31563100,"name":"Gwabra","server":"Sargeras","region":"EU"},{"id":38313737,"name":"Khamoonjah","server":"Sargeras","region":"EU"},{"id":41674117,"name":"Mantouf","server":"Draenor","region":"EU"},{"id":23931998,"name":"Mendissdh","server":"Twisting Nether","region":"EU"},{"id":43941278,"name":"Missgirl","server":"Draenor","region":"EU"},{"id":11279217,"name":"Moonhoof","server":"Shattered Halls","region":"EU"},{"id":2372153,"name":"Nomi","server":"Stormscale","region":"EU"},{"id":41939204,"name":"Oozyhaert","server":"Draenor","region":"EU"},{"id":43625737,"name":"Punti","server":"Burning Legion","region":"EU"},{"id":42600972,"name":"Pârã","server":"Archimonde","region":"EU"},{"id":39875483,"name":"Qtrheal","server":"Twisting Nether","region":"EU"},{"id":38721888,"name":"Shimalia","server":"Thrall","region":"EU"},{"id":38696003,"name":"Twitchthotx","server":"Twisting Nether","region":"EU"},{"id":42257851,"name":"Ultamind","server":"Kazzak","region":"EU"},{"id":44061680,"name":"Yacuchen","server":"Blackrock","region":"EU"},{"id":409707,"name":"Ák","server":"Kazzak","region":"EU"},{"id":27919512,"name":"Анукан","server":"Галакронд","region":"EU"},{"id":43360659,"name":"Брролем","server":"Ясеневый лес","region":"EU"},{"id":40445624,"name":"Драагстер","server":"Ревущий фьорд","region":"EU"},{"id":42038591,"name":"Дурит","server":"Ясеневый лес","region":"EU"},{"id":31735449,"name":"Кельвен","server":"Свежеватель Душ","region":"EU"},{"id":43559317,"name":"Рюске","server":"Ревущий фьорд","region":"EU"},{"id":40110543,"name":"Склайрис","server":"Ревущий фьорд","region":"EU"}]}