{"fights":[{"id":1,"boss":0,"start_time":237220,"end_time":242088,"name":"Dusty Widow","zoneID":2296,"zoneName":"Castle Nathria","zoneDifficulty":4},{"id":2,"boss":0,"start_time":502717,"end_time":514269,"name":"Mudlump","zoneID":2296,"zoneName":"Castle Nathria","zoneDifficulty":4},{"id":3,"boss":0,"start_time":603479,"end_time":658131,"name":"Caramain","zoneID":2296,"zoneName":"Castle Nathria","zoneDifficulty":4},{"id":4,"boss":0,"start_time":728900,"end_time":767903,"name":"Moldovaak","zoneID":2296,"zoneName":"Castle Nathria","zoneDifficulty":4},{"id":5,"boss":0,"originalBoss":2398,"start_time":777980,"end_time":790208,"name":"Shriekwing","zoneID":2296,"zoneName":"Castle Nathria","zoneDifficulty":4},{"id":6,"boss":2398,"start_time":1221370,"end_time":1386876,"name":"Shriekwing","zoneID":2296,"zoneName":"Castle Nathria","zoneDifficulty":4,"size":25,"difficulty":4,"kill":false,"partial":3,"bossPercentage":6162,"fightPercentage":6162,"lastPhaseForPercentageDisplay":1,"maps":[1735]},{"id":7,"boss":2398,"start_time":1482121,"end_time":1622337,"name":"Shriekwing","zoneID":2296,"zoneName":"Castle Nathria","zoneDifficulty":4,"size":25,"difficulty":4,"kill":false,"partial":3,"bossPercentage":5634,"fightPercentage":5634,"lastPhaseForPercentageDisplay":1,"maps":[1735]},{"id":8,"boss":2398,"start_time":1740943,"end_time":2031329,"name":"Shriekwing","zoneID":2296,"zoneName":"Castle Nathria","zoneDifficulty":4,"size":25,"difficulty":4,"kill":false,"partial":3,"bossPercentage":2692,"fightPercentage":2692,"lastPhaseForPercentageDisplay":1,"maps":[1735]},{"id":9,"boss":2398,"start_time":2133792,"end_time":2521677,"name":"Shriekwing","zoneID":2296,"zoneName":"Castle Nathria","zoneDifficulty":4,"size":25,"difficulty":4,"kill":false,"partial":3,"bossPercentage":91,"fightPercentage":91,"lastPhaseForPercentageDisplay":1,"maps":[1735]},{"id":10,"boss":2398,"start_time":2619788,"end_time":2809870,"name":"Shriekwing","zoneID":2296,"zoneName":"Castle Nathria","zoneDifficulty":4,"size":26,"difficulty":4,"kill":false,"partial":3,"bossPercentage":5208,"fightPercentage":5208,"lastPhaseForPercentageDisplay":1,"maps":[1735]},{"id":11,"boss":2398,"start_time":2929320,"end_time":3207788,"name":"Shriekwing","zoneID":2296,"zoneName":"Castle Nathria","zoneDifficulty":4,"size":26,"difficulty":4,"kill":false,"partial":3,"bossPercentage":1840,"fightPercentage":1840,"lastPhaseForPercentageDisplay":1,"maps":[1735]},{"id":12,"boss":2398,"start_time":3337368,"end_time":3680669,"name":"Shriekwing","zoneID":2296,"zoneName":"Castle Nathria","zoneDifficulty":4,"size":26,"difficulty":4,"kill":true,"partial":3,"bossPercentage":0,"fightPercentage":0,"lastPhaseForPercentageDisplay":1,"maps":[1735]},{"id":13,"boss":0,"start_time":3731099,"end_time":3860155,"name":"Kennel Overseer","zoneID":2296,"zoneName":"Castle Nathria","zoneDifficulty":4},{"id":14,"boss":0,"start_time":3900154,"end_time":4031356,"name":"Nathrian Tracker","zoneID":2296,"zoneName":"Castle Nathria","zoneDifficulty":4},{"id":15,"boss":0,"start_time":4046247,"end_time":4100302,"name":"Court Enforcer","zoneID":2296,"zoneName":"Castle Nathria","zoneDifficulty":4},{"id":16,"boss":0,"start_time":4113317,"end_time":4172977,"name":"Nathrian Hawkeye","zoneID":2296,"zoneName":"Castle Nathria","zoneDifficulty":4},{"id":17,"boss":0,"start_time":4183809,"end_time":4213740,"name":"Nathrian Hawkeye","zoneID":2296,"zoneName":"Castle Nathria","zoneDifficulty":4},{"id":18,"boss":0,"start_time":4251187,"end_time":4355321,"name":"Court Enforcer","zoneID":2296,"zoneName":"Castle Nathria","zoneDifficulty":4},{"id":19,"boss":2402,"start_time":5016798,"end_time":5200619,"name":"Sun King's Salvation","zoneID":2296,"zoneName":"Castle Nathria","zoneDifficulty":4,"size":26,"difficulty":4,"kill":false,"partial":3,"bossPercentage":28,"fightPercentage":10000,"lastPhaseForPercentageDisplay":0,"maps":[1746]},{"id":20,"boss":2402,"start_time":5430335,"end_time":5727071,"name":"Sun King's Salvation","zoneID":2296,"zoneName":"Castle Nathria","zoneDifficulty":4,"size":26,"difficulty":4,"kill":false,"partial":3,"bossPercentage":1458,"fightPercentage":10000,"lastPhaseForPercentageDisplay":0,"maps":[1746]},{"id":21,"boss":2402,"start_time":5993214,"end_time":6340449,"name":"Sun King's Salvation","zoneID":2296,"zoneName":"Castle Nathria","zoneDifficulty":4,"size":26,"difficulty":4,"kill":false,"partial":3,"bossPercentage":2425,"fightPercentage":9468,"lastPhaseForPercentageDisplay":0,"maps":[1746]},{"id":22,"boss":2402,"start_time":6544854,"end_time":6916445,"name":"Sun King's Salvation","zoneID":2296,"zoneName":"Castle Nathria","zoneDifficulty":4,"size":26,"difficulty":4,"kill":false,"partial":3,"bossPercentage":2816,"fightPercentage":8980,"lastPhaseForPercentageDisplay":0,"maps":[1746]},{"id":23,"boss":2402,"start_time":7071848,"end_time":7305725,"name":"Sun King's Salvation","zoneID":2296,"zoneName":"Castle Nathria","zoneDifficulty":4,"size":26,"difficulty":4,"kill":false,"partial":3,"bossPercentage":279,"fightPercentage":10000,"lastPhaseForPercentageDisplay":0,"maps":[1746]},{"id":24,"boss":0,"start_time":8124359,"end_time":8126372,"name":"Dusty Widow","zoneID":2296,"zoneName":"Castle Nathria","zoneDifficulty":4},{"id":25,"boss":0,"start_time":8145118,"end_time":8192069,"name":"Huntsman Altimor","zoneID":2296,"zoneName":"Castle Nathria","zoneDifficulty":4},{"id":26,"boss":2418,"start_time":8620018,"end_time":8766003,"name":"Huntsman Altimor","zoneID":2296,"zoneName":"Castle Nathria","zoneDifficulty":4,"size":26,"difficulty":4,"kill":false,"partial":3,"bossPercentage":5654,"fightPercentage":5654,"lastPhaseForPercentageDisplay":2,"maps":[1735]},{"id":27,"boss":2418,"start_time":8919570,"end_time":9057343,"name":"Huntsman Altimor","zoneID":2296,"zoneName":"Castle Nathria","zoneDifficulty":4,"size":26,"difficulty":4,"kill":false,"partial":3,"bossPercentage":5782,"fightPercentage":5782,"lastPhaseForPercentageDisplay":2,"maps":[1735]},{"id":28,"boss":2418,"start_time":9310833,"end_time":9442519,"name":"Huntsman Altimor","zoneID":2296,"zoneName":"Castle Nathria","zoneDifficulty":4,"size":26,"difficulty":4,"kill":false,"partial":3,"bossPercentage":5464,"fightPercentage":5464,"lastPhaseForPercentageDisplay":2,"maps":[1735]},{"id":29,"boss":2418,"start_time":9600820,"end_time":9699258,"name":"Huntsman Altimor","zoneID":2296,"zoneName":"Castle Nathria","zoneDifficulty":4,"size":26,"difficulty":4,"kill":false,"partial":3,"bossPercentage":6456,"fightPercentage":6456,"lastPhaseForPercentageDisplay":1,"maps":[1735]},{"id":30,"boss":2418,"start_time":9889379,"end_time":10047480,"name":"Huntsman Altimor","zoneID":2296,"zoneName":"Castle Nathria","zoneDifficulty":4,"size":26,"difficulty":4,"kill":false,"partial":3,"bossPercentage":4905,"fightPercentage":4905,"lastPhaseForPercentageDisplay":2,"maps":[1735]},{"id":31,"boss":2418,"start_time":10191886,"end_time":10328224,"name":"Huntsman Altimor","zoneID":2296,"zoneName":"Castle Nathria","zoneDifficulty":4,"size":26,"difficulty":4,"kill":false,"partial":3,"bossPercentage":5432,"fightPercentage":5432,"lastPhaseForPercentageDisplay":2,"maps":[1735]},{"id":32,"boss":2418,"start_time":10543216,"end_time":10699062,"name":"Huntsman Altimor","zoneID":2296,"zoneName":"Castle Nathria","zoneDifficulty":4,"size":26,"difficulty":4,"kill":false,"partial":3,"bossPercentage":4711,"fightPercentage":4711,"lastPhaseForPercentageDisplay":2,"maps":[1735]},{"id":33,"boss":2418,"start_time":10855582,"end_time":11016576,"name":"Huntsman Altimor","zoneID":2296,"zoneName":"Castle Nathria","zoneDifficulty":4,"size":26,"difficulty":4,"kill":false,"partial":3,"bossPercentage":4322,"fightPercentage":4322,"lastPhaseForPercentageDisplay":2,"maps":[1735]}],"lang":"en","friendlies":[{"name":"Ragrek","id":10,"guid":203883444,"type":"DeathKnight","server":"BleedingHollow","icon":"DeathKnight-Unholy","fights":[{"id":2},{"id":3},{"id":4},{"id":5},{"id":6},{"id":7},{"id":8},{"id":9},{"id":10},{"id":11},{"id":12},{"id":13},{"id":14},{"id":15},{"id":16},{"id":17},{"id":18},{"id":19},{"id":20},{"id":21},{"id":22},{"id":23},{"id":25},{"id":26},{"id":27},{"id":28},{"id":29},{"id":30},{"id":31},{"id":32},{"id":33}]},{"name":"Änníe","id":8,"guid":215066272,"type":"Priest","server":"Area52","icon":"Priest","fights":[{"id":2},{"id":3},{"id":4},{"id":5},{"id":6},{"id":7},{"id":8},{"id":9},{"id":10},{"id":11},{"id":12},{"id":13},{"id":14},{"id":15},{"id":16},{"id":17},{"id":18},{"id":19},{"id":20},{"id":21},{"id":22},{"id":23},{"id":25},{"id":26},{"id":27},{"id":28},{"id":29},{"id":30},{"id":31},{"id":32},{"id":33}]},{"name":"Qunah","id":9,"guid":182623618,"type":"Hunter","server":"Area52","icon":"Hunter-Marksmanship","fights":[{"id":2},{"id":3},{"id":4},{"id":5},{"id":6},{"id":7},{"id":8},{"id":9},{"id":10},{"id":11},{"id":12},{"id":13},{"id":14},{"id":15},{"id":16},{"id":17},{"id":18},{"id":19},{"id":20},{"id":21},{"id":22},{"id":23},{"id":25},{"id":26},{"id":27},{"id":28},{"id":29},{"id":30},{"id":31},{"id":32},{"id":33}]},{"name":"Enhanzzed","id":7,"guid":217695128,"type":"Shaman","server":"Area52","icon":"Shaman-Restoration","fights":[{"id":2},{"id":3},{"id":4},{"id":5},{"id":6},{"id":7},{"id":8},{"id":9},{"id":10},{"id":11},{"id":12},{"id":13},{"id":14},{"id":15},{"id":16},{"id":17},{"id":18},{"id":19},{"id":20},{"id":21},{"id":22},{"id":23},{"id":24},{"id":25},{"id":26},{"id":27},{"id":28},{"id":29},{"id":30},{"id":31},{"id":32},{"id":33}]},{"name":"Soul Pedestal","id":155,"guid":173382,"type":"NPC","icon":"NPC","fights":[{"id":19,"instances":4,"groups":2},{"id":23,"instances":4,"groups":5}]},{"name":"Kael'thas Sunstrider","id":152,"guid":165759,"type":"Boss","icon":"custom-icon-sha_spell_warlock_demonsoul_nightmare","lockBossFrame":true,"fights":[{"id":19,"instances":1,"groups":2},{"id":20,"instances":1,"groups":2},{"id":21,"instances":1,"groups":2},{"id":22,"instances":1,"groups":2},{"id":23,"instances":1,"groups":1}]},{"name":"Trikolas","id":21,"guid":177670809,"type":"Druid","server":"Area52","icon":"Druid-Restoration","fights":[{"id":2},{"id":3},{"id":4},{"id":5},{"id":6},{"id":7},{"id":8},{"id":9},{"id":10},{"id":11},{"id":12},{"id":13},{"id":14},{"id":15},{"id":16},{"id":17},{"id":18},{"id":19},{"id":20},{"id":21},{"id":22},{"id":23},{"id":25},{"id":26},{"id":27},{"id":28},{"id":29},{"id":30},{"id":31},{"id":32},{"id":33}]},{"name":"Treiyo","id":22,"guid":175910728,"type":"Shaman","server":"Area52","icon":"Shaman-Elemental","fights":[{"id":2},{"id":3},{"id":4},{"id":5},{"id":6},{"id":7},{"id":8},{"id":9},{"id":10},{"id":11},{"id":12},{"id":13},{"id":14},{"id":15},{"id":16},{"id":17},{"id":18},{"id":19},{"id":20},{"id":21},{"id":22},{"id":23},{"id":25},{"id":26},{"id":27},{"id":28},{"id":29},{"id":30},{"id":31},{"id":32},{"id":33}]},{"name":"Abeshadow","id":16,"guid":214366325,"type":"Priest","server":"Area52","icon":"Priest-Shadow","fights":[{"id":2},{"id":3},{"id":4},{"id":5},{"id":6},{"id":7},{"id":8},{"id":9},{"id":10},{"id":11},{"id":12},{"id":13},{"id":14},{"id":15},{"id":16},{"id":17},{"id":18},{"id":19},{"id":20},{"id":21},{"id":22},{"id":23},{"id":26},{"id":27},{"id":28},{"id":29},{"id":30},{"id":31},{"id":32},{"id":33}]},{"name":"Ripped Soul","id":185,"guid":171577,"type":"NPC","icon":"custom-icon-ability_argus_soulburst","fights":[{"id":30,"instances":2},{"id":32,"instances":2},{"id":33,"instances":2}]},{"name":"Essence Font","id":154,"guid":165778,"type":"NPC","icon":"custom-icon-inv_mechagnome_powercell_broken","fights":[{"id":19,"instances":7,"groups":2},{"id":20,"instances":9,"groups":3},{"id":21,"instances":14,"groups":4},{"id":22,"instances":15,"groups":4},{"id":23,"instances":8,"groups":3}]},{"name":"Zeell","id":15,"guid":179643721,"type":"DemonHunter","server":"Area52","icon":"DemonHunter-Vengeance","fights":[{"id":2},{"id":3},{"id":4},{"id":5},{"id":6},{"id":7},{"id":8},{"id":9},{"id":10},{"id":11},{"id":12},{"id":13},{"id":14},{"id":15},{"id":16},{"id":17},{"id":18},{"id":19},{"id":20},{"id":21},{"id":22},{"id":23},{"id":24},{"id":25},{"id":26},{"id":27},{"id":28},{"id":29},{"id":30},{"id":31},{"id":32},{"id":33}]},{"name":"Forma","id":30,"guid":174185613,"type":"Paladin","server":"Area52","icon":"Paladin-Protection","fights":[{"id":2},{"id":3},{"id":4},{"id":5},{"id":6},{"id":7},{"id":8},{"id":9},{"id":10},{"id":11},{"id":12},{"id":13},{"id":14},{"id":15},{"id":16},{"id":17},{"id":18},{"id":19},{"id":20},{"id":21},{"id":22},{"id":23},{"id":24},{"id":25},{"id":26},{"id":27},{"id":28},{"id":29},{"id":30},{"id":31},{"id":32},{"id":33}]},{"name":"Gerzerk","id":17,"guid":214508614,"type":"Rogue","server":"Area52","icon":"Rogue","fights":[{"id":2},{"id":3},{"id":4},{"id":5},{"id":6},{"id":7},{"id":8},{"id":9},{"id":10},{"id":11},{"id":12},{"id":13},{"id":14},{"id":15},{"id":16},{"id":17},{"id":18},{"id":19},{"id":20},{"id":21},{"id":22},{"id":23},{"id":25},{"id":26},{"id":27},{"id":28},{"id":29},{"id":30},{"id":31},{"id":32},{"id":33}]},{"name":"Pattiicakes","id":20,"guid":177670876,"type":"Paladin","server":"Area52","icon":"Paladin-Holy","fights":[{"id":1},{"id":2},{"id":3},{"id":4},{"id":5},{"id":6},{"id":7},{"id":8},{"id":9},{"id":10},{"id":11},{"id":12},{"id":13},{"id":14},{"id":15},{"id":16},{"id":17},{"id":18},{"id":19},{"id":20},{"id":21},{"id":22},{"id":23},{"id":25},{"id":26},{"id":27},{"id":28},{"id":29},{"id":30},{"id":31},{"id":32},{"id":33}]},{"name":"Mindkillerr","id":1,"guid":181694409,"type":"Priest","server":"Area52","icon":"Priest-Shadow","fights":[{"id":3},{"id":4},{"id":5},{"id":6},{"id":7},{"id":8},{"id":9},{"id":10},{"id":11},{"id":12},{"id":13},{"id":14},{"id":15},{"id":16},{"id":17},{"id":18},{"id":19},{"id":20},{"id":21},{"id":22},{"id":23},{"id":25},{"id":26},{"id":27},{"id":28},{"id":29},{"id":30},{"id":31},{"id":32},{"id":33}]},{"name":"Mattyblasts","id":13,"guid":216049060,"type":"Mage","server":"Area52","icon":"Mage","fights":[{"id":1},{"id":2},{"id":3},{"id":4},{"id":5},{"id":6},{"id":7},{"id":8},{"id":9},{"id":10},{"id":11},{"id":12},{"id":13},{"id":14},{"id":15},{"id":16},{"id":17},{"id":18},{"id":19},{"id":20},{"id":21},{"id":22},{"id":23},{"id":25},{"id":26},{"id":27},{"id":28},{"id":29},{"id":30},{"id":31},{"id":32},{"id":33}]},{"name":"Wruffx","id":5,"guid":177517640,"type":"Priest","server":"Area52","icon":"Priest-Shadow","fights":[{"id":2},{"id":3},{"id":4},{"id":5},{"id":6},{"id":7},{"id":8},{"id":9},{"id":10},{"id":11},{"id":12},{"id":13},{"id":14},{"id":15},{"id":16},{"id":17},{"id":18},{"id":19},{"id":20},{"id":21},{"id":22},{"id":23},{"id":25},{"id":26},{"id":27},{"id":28},{"id":29},{"id":30},{"id":31},{"id":32},{"id":33}]},{"name":"Golijov","id":11,"guid":216636498,"type":"Priest","server":"Area52","icon":"Priest-Shadow","fights":[{"id":2},{"id":3},{"id":4},{"id":5},{"id":6},{"id":7},{"id":8},{"id":9},{"id":10},{"id":11},{"id":12},{"id":13},{"id":14},{"id":15},{"id":16},{"id":17},{"id":18},{"id":19},{"id":20},{"id":21},{"id":22},{"id":23},{"id":25},{"id":26},{"id":27},{"id":28},{"id":29},{"id":30},{"id":31},{"id":32},{"id":33}]},{"name":"Xhillicake","id":27,"guid":170049126,"type":"Mage","server":"Area52","icon":"Mage-Frost","fights":[{"id":2},{"id":3},{"id":4},{"id":5},{"id":6},{"id":7},{"id":8},{"id":9},{"id":10},{"id":11},{"id":12},{"id":13},{"id":14},{"id":15},{"id":16},{"id":17},{"id":18},{"id":19},{"id":20},{"id":21},{"id":22},{"id":23},{"id":25},{"id":26},{"id":27},{"id":28},{"id":29},{"id":30},{"id":31},{"id":32},{"id":33}]},{"name":"Maytide","id":6,"guid":211959750,"type":"Shaman","server":"Area52","icon":"Shaman-Restoration","fights":[{"id":1},{"id":2},{"id":3},{"id":4},{"id":5},{"id":6},{"id":7},{"id":8},{"id":9},{"id":10},{"id":11},{"id":12},{"id":13},{"id":14},{"id":15},{"id":16},{"id":17},{"id":18},{"id":19},{"id":20},{"id":21},{"id":22},{"id":23},{"id":24},{"id":25},{"id":26},{"id":27},{"id":28},{"id":29},{"id":30},{"id":31},{"id":32},{"id":33}]},{"name":"Darmugon","id":3,"guid":215609344,"type":"Warrior","server":"Area52","icon":"Warrior","fights":[{"id":1},{"id":2},{"id":3},{"id":4},{"id":5},{"id":6},{"id":7},{"id":8},{"id":9},{"id":10},{"id":11},{"id":12},{"id":13},{"id":14},{"id":15},{"id":16},{"id":17},{"id":18},{"id":19},{"id":20},{"id":21},{"id":22},{"id":23},{"id":25},{"id":26},{"id":27},{"id":28},{"id":29},{"id":30},{"id":31},{"id":32},{"id":33}]},{"name":"Lukc","id":12,"guid":215074300,"type":"Rogue","server":"Area52","icon":"Rogue-Subtlety","fights":[{"id":2},{"id":3},{"id":4},{"id":5},{"id":6},{"id":7},{"id":8},{"id":9},{"id":10},{"id":11},{"id":12},{"id":13},{"id":14},{"id":15},{"id":16},{"id":17},{"id":18},{"id":19},{"id":20},{"id":21},{"id":22},{"id":23},{"id":25},{"id":26},{"id":27},{"id":28},{"id":29},{"id":30},{"id":31},{"id":32},{"id":33}]},{"name":"Anima Orb","id":143,"guid":174017,"type":"NPC","icon":"custom-icon-spell_animarevendreth_orb","fights":[{"id":18,"instances":3,"groups":4}]},{"name":"Grimbleidd","id":19,"guid":193560386,"type":"Rogue","server":"Illidan","icon":"Rogue-Outlaw","fights":[{"id":1},{"id":2},{"id":3},{"id":4},{"id":5},{"id":6},{"id":7},{"id":8},{"id":9},{"id":10},{"id":11},{"id":12},{"id":13},{"id":14},{"id":15},{"id":16},{"id":17},{"id":18},{"id":19},{"id":20},{"id":21},{"id":22},{"id":23},{"id":24},{"id":25},{"id":26},{"id":27},{"id":28},{"id":29},{"id":30},{"id":31},{"id":32},{"id":33}]},{"name":"Warhhawk","id":2,"guid":180704300,"type":"Hunter","server":"Area52","icon":"Hunter-Marksmanship","fights":[{"id":2},{"id":3},{"id":4},{"id":5},{"id":6},{"id":7},{"id":8},{"id":9},{"id":10},{"id":11},{"id":12},{"id":13},{"id":14},{"id":15},{"id":16},{"id":17},{"id":18},{"id":19},{"id":20},{"id":21},{"id":22},{"id":23},{"id":25},{"id":26},{"id":27},{"id":28},{"id":29},{"id":30},{"id":31},{"id":32},{"id":33}]},{"name":"Jarlgrim","id":18,"guid":215115622,"type":"Monk","server":"Area52","icon":"Monk-Windwalker","fights":[{"id":2},{"id":3},{"id":4},{"id":5},{"id":6},{"id":7},{"id":8},{"id":9},{"id":10},{"id":11},{"id":12},{"id":13},{"id":14},{"id":15},{"id":16},{"id":17},{"id":18},{"id":19},{"id":20},{"id":21},{"id":22},{"id":23},{"id":24},{"id":25},{"id":26},{"id":27},{"id":28},{"id":29},{"id":30},{"id":31},{"id":32},{"id":33}]},{"name":"Mearkatbolt","id":4,"guid":215015975,"type":"Warlock","server":"Area52","icon":"Warlock","fights":[{"id":2},{"id":3},{"id":4},{"id":5},{"id":6},{"id":7},{"id":8},{"id":9},{"id":10},{"id":11},{"id":12},{"id":13},{"id":14},{"id":15},{"id":16},{"id":17},{"id":18},{"id":19},{"id":20},{"id":21},{"id":22},{"id":23},{"id":25},{"id":26},{"id":27},{"id":28},{"id":29},{"id":30},{"id":31},{"id":32},{"id":33}]},{"name":"Vasslav","id":35,"guid":166191574,"type":"Warlock","server":"Area52","icon":"Warlock","fights":[{"id":2},{"id":3},{"id":4},{"id":5},{"id":6},{"id":7},{"id":8},{"id":9},{"id":10},{"id":11},{"id":12},{"id":13},{"id":14},{"id":15},{"id":16},{"id":17},{"id":18},{"id":19},{"id":20},{"id":21},{"id":22},{"id":23},{"id":25},{"id":26},{"id":27},{"id":28},{"id":29},{"id":30},{"id":31},{"id":32},{"id":33}]},{"name":"Retardikus","id":14,"guid":180272168,"type":"Shaman","server":"Area52","icon":"Shaman-Enhancement","fights":[{"id":3},{"id":4},{"id":5},{"id":6},{"id":7},{"id":8},{"id":9},{"id":10},{"id":11},{"id":12},{"id":13},{"id":14},{"id":15},{"id":16},{"id":17},{"id":18},{"id":19},{"id":20},{"id":21},{"id":22},{"id":23},{"id":25},{"id":26},{"id":27},{"id":28},{"id":29},{"id":30},{"id":31},{"id":32},{"id":33}]},{"name":"Kelathos","id":107,"guid":165562712,"type":"DemonHunter","server":"Area52","icon":"DemonHunter-Havoc","fights":[{"id":10},{"id":11},{"id":12},{"id":13},{"id":14},{"id":15},{"id":16},{"id":17},{"id":18},{"id":19},{"id":20},{"id":21},{"id":22},{"id":23},{"id":25},{"id":26},{"id":27},{"id":28},{"id":29},{"id":30},{"id":31},{"id":32},{"id":33}]}],"enemies":[{"name":"High Torturer Darithos","id":149,"guid":168973,"type":"Boss","icon":"custom-icon-spell_animarevendreth_wave","fights":[{"id":19,"instances":1},{"id":20,"instances":1},{"id":21,"instances":1},{"id":22,"instances":1},{"id":23,"instances":1}]},{"name":"Nathrian Executor","id":131,"guid":165470,"type":"NPC","icon":"custom-icon-spell_animarevendreth_orb","fights":[{"id":14,"instances":1},{"id":16,"instances":1}]},{"name":"Reborn Phoenix","id":162,"guid":168962,"type":"NPC","icon":"custom-icon-ability_mount_fireravengodmount","fights":[{"id":19,"instances":2,"groups":1},{"id":23,"instances":2,"groups":1}]},{"name":"Hulking Gargon","id":177,"guid":174069,"type":"NPC","icon":"custom-icon-inv_misc_foot_kodo","fights":[{"id":25,"instances":2,"groups":1}]},{"name":"Bargast","id":184,"guid":169457,"type":"Boss","icon":"custom-icon-ability_druid_markofursol","fights":[{"id":26,"instances":1},{"id":27,"instances":1},{"id":28,"instances":1},{"id":30,"instances":1},{"id":31,"instances":1},{"id":32,"instances":1},{"id":33,"instances":1}]},{"name":"Vicious Gargon","id":176,"guid":174071,"type":"NPC","icon":"custom-icon-trade_archaeology_shark-jaws","fights":[{"id":25,"instances":4,"groups":1}]},{"name":"Moldovaak","id":53,"guid":168337,"type":"NPC","icon":"custom-icon-inv_ring_revendrethraid_01_silver","fights":[{"id":4,"instances":1}]},{"name":"Nathrian Ranger","id":119,"guid":174093,"type":"NPC","icon":"custom-icon-inv_misc_ammo_arrow_05","fights":[{"id":13,"instances":2,"groups":1}]},{"name":"Loyal Gargon","id":137,"guid":173953,"type":"Pet","icon":"Pet","fights":[{"id":15,"instances":1}]},{"name":"Caramain","id":55,"guid":173444,"type":"NPC","icon":"custom-icon-inv_misc_volatileearth","fights":[{"id":3,"instances":1}]},{"name":"Court Executor","id":23,"guid":174194,"type":"NPC","icon":"custom-icon-spell_animarevendreth_orb","fights":[{"id":14,"instances":1}]},{"name":"Ripped Soul","id":185,"guid":171577,"type":"NPC","icon":"custom-icon-ability_argus_soulburst","fights":[{"id":26,"instances":1},{"id":27,"instances":1},{"id":28,"instances":1},{"id":31,"instances":2}]},{"name":"Huntsman Altimor","id":178,"guid":165066,"type":"Boss","icon":"custom-icon-ability_hunter_runningshot","fights":[{"id":25,"instances":1},{"id":26,"instances":1},{"id":27,"instances":1},{"id":28,"instances":1},{"id":29,"instances":1},{"id":30,"instances":1},{"id":31,"instances":1},{"id":32,"instances":1},{"id":33,"instances":1}]},{"name":"Kennel Overseer","id":175,"guid":174070,"type":"NPC","icon":"custom-icon-inv_crossbow_2h_kultirasquest_b_01","fights":[{"id":25,"instances":1}]},{"name":"Bleakwing Assassin","id":151,"guid":167566,"type":"NPC","icon":"custom-icon-ability_revendreth_rogue","fights":[{"id":19,"instances":6,"groups":5},{"id":20,"instances":14,"groups":5},{"id":21,"instances":14,"groups":5},{"id":22,"instances":14,"groups":7},{"id":23,"instances":12,"groups":5}]},{"name":"Soul Infuser","id":159,"guid":165762,"type":"NPC","icon":"custom-icon-ability_warlock_soullink","fights":[{"id":19,"instances":5,"groups":2},{"id":20,"instances":8,"groups":1},{"id":21,"instances":8,"groups":3},{"id":22,"instances":11,"groups":3},{"id":23,"instances":8,"groups":1}]},{"name":"Nathrian Soldier","id":126,"guid":173949,"type":"NPC","icon":"custom-icon-ability_revendreth_rogue","fights":[{"id":13,"instances":2,"groups":1},{"id":14,"instances":4,"groups":1},{"id":15,"instances":2,"groups":1}]},{"name":"Executrix Ophelia","id":141,"guid":174012,"type":"NPC","icon":"custom-icon-spell_animarevendreth_orb","fights":[{"id":18,"instances":1}]},{"name":"Kennel Overseer","id":122,"guid":174336,"type":"NPC","icon":"custom-icon-ability_hunter_runningshot","fights":[{"id":13,"instances":1}]},{"name":"Pestering Fiend","id":158,"guid":168700,"type":"NPC","icon":"custom-icon-inv_misc_gem_bloodstone_02","fights":[{"id":19,"instances":15,"groups":1},{"id":20,"instances":22,"groups":2},{"id":21,"instances":30,"groups":4},{"id":22,"instances":37,"groups":3},{"id":23,"instances":15,"groups":1}]},{"name":"Hargitas","id":54,"guid":173446,"type":"NPC","icon":"custom-icon-inv_icon_wing06a","fights":[{"id":3,"instances":1}]},{"name":"Shriekwing","id":70,"guid":164406,"type":"Boss","icon":"custom-icon-ability_ironmaidens_whirlofblood","fights":[{"id":5,"instances":1},{"id":6,"instances":1},{"id":7,"instances":1},{"id":8,"instances":1},{"id":9,"instances":1},{"id":10,"instances":1},{"id":11,"instances":1},{"id":12,"instances":1}]},{"name":"Nathrian Enforcer","id":129,"guid":165469,"type":"NPC","icon":"custom-icon-ability_warrior_sunder","fights":[{"id":14,"instances":4,"groups":2},{"id":17,"instances":3,"groups":1}]},{"name":"Dusty Widow","id":36,"guid":174141,"type":"NPC","icon":"NPC","fights":[{"id":1,"instances":3,"groups":1},{"id":13,"instances":8,"groups":4},{"id":24,"instances":2,"groups":1},{"id":26,"instances":4,"groups":1},{"id":32,"instances":1,"groups":1}]},{"name":"Court Assassin","id":76,"guid":165481,"type":"NPC","icon":"custom-icon-inv_artifact_bloodoftheassassinated","fights":[{"id":15,"instances":1,"groups":2},{"id":17,"instances":1,"groups":1}]},{"name":"Rockbound Vanquisher","id":156,"guid":165764,"type":"NPC","icon":"custom-icon-ability_earthen_pillar","fights":[{"id":19,"instances":2},{"id":20,"instances":3},{"id":21,"instances":4},{"id":22,"instances":4},{"id":23,"instances":2}]},{"name":"Sindrel","id":56,"guid":173445,"type":"NPC","icon":"custom-icon-inv_misc_volatileearth","fights":[{"id":4,"instances":1}]},{"name":"Lord Evershade","id":120,"guid":174134,"type":"NPC","icon":"custom-icon-70_inscription_vantus_rune_suramar","fights":[{"id":13,"instances":1}]},{"name":"Nathrian Siphoner","id":130,"guid":165472,"type":"NPC","icon":"custom-icon-spell_animarevendreth_orb","fights":[{"id":14,"instances":2,"groups":1},{"id":15,"instances":4,"groups":1},{"id":16,"instances":4,"groups":1}]},{"name":"Margore","id":183,"guid":165067,"type":"Boss","icon":"custom-icon-spell_druid_bloodythrash","fights":[{"id":26,"instances":1},{"id":27,"instances":1},{"id":28,"instances":1},{"id":29,"instances":1},{"id":30,"instances":1},{"id":31,"instances":1},{"id":32,"instances":1},{"id":33,"instances":1}]},{"name":"Nathrian Tracker","id":123,"guid":173973,"type":"NPC","icon":"custom-icon-ability_hunter_traplauncher","fights":[{"id":13,"instances":1,"groups":1},{"id":14,"instances":2,"groups":1},{"id":15,"instances":1,"groups":1}]},{"name":"Nathrian Hawkeye","id":125,"guid":173189,"type":"NPC","icon":"custom-icon-ability_hunter_traplauncher","fights":[{"id":13,"instances":2},{"id":14,"instances":1},{"id":16,"instances":1},{"id":17,"instances":1}]},{"name":"Immortal Shade of Kael'thas","id":161,"guid":167888,"type":"NPC","icon":"custom-icon-spell_fire_selfdestruct","fights":[{"id":19,"instances":1},{"id":23,"instances":1}]},{"name":"Nathrian Hierarch","id":132,"guid":174090,"type":"NPC","icon":"NPC","fights":[{"id":14,"instances":1}]},{"name":"Carved Assistant","id":142,"guid":173802,"type":"NPC","icon":"custom-icon-archaeology_5_0_crackedmogurunestone","fights":[{"id":18,"instances":5,"groups":1}]},{"name":"Mudlump","id":43,"guid":169157,"type":"NPC","icon":"NPC","fights":[{"id":2,"instances":1}]},{"name":"Vile Occultist","id":140,"guid":165763,"type":"NPC","icon":"custom-icon-sha_spell_fire_blueflamering_nightmare","fights":[{"id":19,"instances":9,"groups":4},{"id":20,"instances":15,"groups":4},{"id":21,"instances":15,"groups":5},{"id":22,"instances":15,"groups":6},{"id":23,"instances":9,"groups":4}]},{"name":"Stinky Feedhauler","id":118,"guid":174338,"type":"NPC","icon":"custom-icon-ability_rogue_reinforcedleather","fights":[{"id":13,"instances":12,"groups":1}]},{"name":"Nathrian Singuard","id":133,"guid":174100,"type":"NPC","icon":"custom-icon-ability_warrior_sunder","fights":[{"id":14,"instances":3,"groups":2}]},{"name":"Nathrian Gargon","id":127,"guid":173641,"type":"NPC","icon":"custom-icon-ability_druid_maul","fights":[{"id":13,"instances":2,"groups":1}]},{"name":"Nathrian Gargon Rider","id":121,"guid":174092,"type":"NPC","icon":"custom-icon-inv_misc_ammo_arrow_05","fights":[{"id":13,"instances":2},{"id":15,"instances":2}]},{"name":"Court Hawkeye","id":134,"guid":173190,"type":"NPC","icon":"custom-icon-ability_hunter_traplauncher","fights":[{"id":14,"instances":1},{"id":16,"instances":1}]},{"name":"Court Hierarch","id":139,"guid":165483,"type":"NPC","icon":"custom-icon-spell_animarevendreth_orb","fights":[{"id":16,"instances":2}]},{"name":"Shade of Bargast","id":186,"guid":171557,"type":"NPC","icon":"custom-icon-ability_creature_cursed_03","fights":[{"id":26,"instances":2,"groups":1},{"id":27,"instances":2,"groups":1},{"id":28,"instances":2,"groups":1},{"id":30,"instances":2,"groups":1},{"id":31,"instances":2,"groups":1},{"id":32,"instances":2,"groups":1},{"id":33,"instances":2,"groups":1}]},{"name":"Nathrian Assassin","id":138,"guid":165474,"type":"NPC","icon":"custom-icon-ability_rogue_shadowstrike","fights":[{"id":15,"instances":1,"groups":1},{"id":16,"instances":4,"groups":1},{"id":17,"instances":1,"groups":1}]},{"name":"Court Enforcer","id":135,"guid":165479,"type":"NPC","icon":"custom-icon-spell_animarevendreth_orb","fights":[{"id":15,"instances":1,"groups":1},{"id":18,"instances":4,"groups":1}]}],"friendlyPets":[{"name":"Army of the Dead","id":49,"guid":24207,"type":"Pet","icon":"abilities/artifactability_unholydeathknight_deathsembrace","petOwner":10,"fights":[{"id":3,"instances":4},{"id":4,"instances":4},{"id":6,"instances":16},{"id":7,"instances":16},{"id":8,"instances":24},{"id":9,"instances":36},{"id":10,"instances":20},{"id":11,"instances":24},{"id":12,"instances":35},{"id":13,"instances":2},{"id":14,"instances":8},{"id":15,"instances":3},{"id":16,"instances":4},{"id":18,"instances":8},{"id":19,"instances":20},{"id":20,"instances":22},{"id":21,"instances":33},{"id":22,"instances":35},{"id":23,"instances":20},{"id":25,"instances":4},{"id":26,"instances":16},{"id":27,"instances":16},{"id":28,"instances":16},{"id":29,"instances":12},{"id":30,"instances":16},{"id":31,"instances":15},{"id":32,"instances":15},{"id":33,"instances":16}]},{"name":"Windfury Totem","id":61,"guid":6112,"type":"Pet","icon":"abilities/spell_nature_windfury","petOwner":14,"fights":[{"id":3,"instances":1},{"id":6,"instances":2},{"id":7,"instances":3},{"id":8,"instances":4},{"id":9,"instances":4},{"id":10,"instances":5},{"id":11,"instances":4},{"id":12,"instances":2},{"id":13,"instances":3},{"id":14,"instances":5},{"id":16,"instances":2},{"id":17,"instances":2},{"id":18,"instances":2},{"id":19,"instances":5},{"id":20,"instances":5},{"id":21,"instances":8},{"id":22,"instances":3},{"id":23,"instances":4},{"id":25,"instances":1},{"id":26,"instances":3},{"id":27,"instances":3},{"id":28,"instances":3},{"id":29,"instances":1},{"id":30,"instances":1},{"id":31,"instances":3},{"id":32,"instances":3},{"id":33,"instances":2}]},{"name":"Mirror Image","id":116,"guid":31216,"type":"Pet","icon":"abilities/spell_magic_managain","petOwner":27,"fights":[{"id":11,"instances":3},{"id":12,"instances":6},{"id":18,"instances":3},{"id":20,"instances":3}]},{"name":"Spirit Wolf","id":83,"guid":29264,"type":"Pet","icon":"abilities/spell_shaman_feralspirit","petOwner":14,"fights":[{"id":6,"instances":2},{"id":7,"instances":2},{"id":8,"instances":2},{"id":9,"instances":6},{"id":10,"instances":2},{"id":11,"instances":4},{"id":12,"instances":2},{"id":19,"instances":4},{"id":20,"instances":4},{"id":21,"instances":6},{"id":22,"instances":4},{"id":23,"instances":4},{"id":26,"instances":2},{"id":27,"instances":2},{"id":28,"instances":2},{"id":29,"instances":2},{"id":30,"instances":2},{"id":31,"instances":2},{"id":32,"instances":4},{"id":33,"instances":2}]},{"name":"Primal Fire Elemental","id":150,"guid":61029,"type":"Pet","icon":"abilities/spell_fire_elemental_totem","petOwner":22,"fights":[{"id":19,"instances":2},{"id":20,"instances":2},{"id":21,"instances":3},{"id":22,"instances":2},{"id":23,"instances":2},{"id":25,"instances":1},{"id":26,"instances":1},{"id":27,"instances":1},{"id":28,"instances":1},{"id":29,"instances":1},{"id":30,"instances":1},{"id":31,"instances":1},{"id":32,"instances":1},{"id":33,"instances":1}]},{"name":"Earth Spirit","id":58,"guid":69792,"type":"Pet","icon":"abilities/inv_elemental_primal_earth","petOwner":18,"fights":[{"id":3,"instances":1},{"id":4,"instances":2},{"id":6,"instances":3},{"id":7,"instances":3},{"id":8,"instances":4},{"id":9,"instances":5},{"id":10,"instances":2},{"id":11,"instances":3},{"id":12,"instances":5},{"id":13,"instances":2},{"id":14,"instances":1},{"id":15,"instances":2},{"id":16,"instances":1},{"id":18,"instances":2},{"id":19,"instances":3},{"id":20,"instances":5},{"id":21,"instances":5},{"id":22,"instances":5},{"id":23,"instances":4},{"id":25,"instances":2},{"id":26,"instances":3},{"id":27,"instances":2},{"id":28,"instances":2},{"id":29,"instances":2},{"id":30,"instances":3},{"id":31,"instances":2},{"id":32,"instances":3},{"id":33,"instances":3}]},{"name":"Earthen Wall Totem","id":69,"guid":100943,"type":"Pet","icon":"abilities/spell_nature_stoneskintotem","petOwner":6,"fights":[{"id":4,"instances":1},{"id":6,"instances":1},{"id":7,"instances":1},{"id":8,"instances":3},{"id":9,"instances":4},{"id":10,"instances":2},{"id":11,"instances":2},{"id":12,"instances":3},{"id":20,"instances":4},{"id":21,"instances":3},{"id":22,"instances":3},{"id":23,"instances":1},{"id":28,"instances":1},{"id":29,"instances":1},{"id":30,"instances":1},{"id":31,"instances":1},{"id":32,"instances":2},{"id":33,"instances":2}]},{"name":"Demonic Gateway","id":103,"guid":59262,"type":"Pet","icon":"custom-icon-trade_engineering","petOwner":4,"fights":[{"id":9,"instances":1}]},{"name":"Earthen Wall Totem","id":86,"guid":100943,"type":"Pet","icon":"abilities/spell_nature_stoneskintotem","petOwner":7,"fights":[{"id":6,"instances":2},{"id":7,"instances":2},{"id":8,"instances":4},{"id":9,"instances":2},{"id":10,"instances":2},{"id":11,"instances":4},{"id":12,"instances":5},{"id":13,"instances":1},{"id":16,"instances":1},{"id":18,"instances":2},{"id":19,"instances":3},{"id":20,"instances":5},{"id":21,"instances":5},{"id":22,"instances":6},{"id":23,"instances":4},{"id":25,"instances":1},{"id":26,"instances":2},{"id":27,"instances":2},{"id":28,"instances":2},{"id":29,"instances":1},{"id":30,"instances":2},{"id":31,"instances":2},{"id":32,"instances":3},{"id":33,"instances":3}]},{"name":"Greater Earth Elemental","id":128,"guid":95072,"type":"Pet","icon":"abilities/spell_nature_earthelemental_totem","petOwner":14,"fights":[{"id":13,"instances":1},{"id":14,"instances":1},{"id":18,"instances":1}]},{"name":"Capacitor Totem","id":136,"guid":61245,"type":"Pet","icon":"abilities/spell_nature_brilliance","petOwner":6,"fights":[{"id":15,"instances":1},{"id":18,"instances":1},{"id":20,"instances":3},{"id":22,"instances":2},{"id":23,"instances":1},{"id":28,"instances":1},{"id":30,"instances":1},{"id":31,"instances":1},{"id":33,"instances":1}]},{"name":"Spirit Link Totem","id":90,"guid":53006,"type":"Pet","icon":"abilities/spell_shaman_spiritlink","petOwner":7,"fights":[{"id":6,"instances":1},{"id":7,"instances":1},{"id":8,"instances":1},{"id":9,"instances":1},{"id":10,"instances":1},{"id":11,"instances":1},{"id":12,"instances":2},{"id":13,"instances":1},{"id":16,"instances":1},{"id":19,"instances":1},{"id":20,"instances":1},{"id":21,"instances":1},{"id":22,"instances":2},{"id":23,"instances":1},{"id":27,"instances":1},{"id":28,"instances":1},{"id":29,"instances":1},{"id":30,"instances":1},{"id":31,"instances":1},{"id":32,"instances":1},{"id":33,"instances":1}]},{"name":"Marrowmonger","id":32,"guid":57415251,"type":"Pet","icon":"abilities/spell_shadow_animatedead","petOwner":10,"fights":[{"id":2,"instances":1},{"id":3,"instances":1},{"id":4,"instances":1},{"id":6,"instances":1},{"id":7,"instances":1},{"id":8,"instances":1},{"id":9,"instances":1},{"id":10,"instances":1},{"id":11,"instances":1},{"id":12,"instances":1},{"id":13,"instances":1},{"id":14,"instances":1},{"id":15,"instances":1},{"id":16,"instances":1},{"id":17,"instances":1},{"id":18,"instances":1},{"id":19,"instances":1},{"id":20,"instances":1},{"id":21,"instances":1},{"id":22,"instances":1},{"id":23,"instances":1},{"id":25,"instances":1},{"id":26,"instances":1},{"id":27,"instances":1},{"id":28,"instances":1},{"id":29,"instances":1},{"id":30,"instances":1},{"id":31,"instances":1},{"id":32,"instances":1},{"id":33,"instances":1}]},{"name":"Earthbind Totem","id":164,"guid":2630,"type":"Pet","icon":"abilities/spell_nature_strengthofearthtotem02","petOwner":14,"fights":[{"id":20,"instances":1},{"id":21,"instances":2},{"id":22,"instances":1}]},{"name":"Capacitor Totem","id":168,"guid":61245,"type":"Pet","icon":"abilities/spell_nature_brilliance","petOwner":22,"fights":[{"id":20,"instances":1},{"id":22,"instances":1},{"id":23,"instances":1},{"id":30,"instances":1}]},{"name":"Greater Earth Elemental","id":174,"guid":95072,"type":"Pet","icon":"abilities/spell_nature_earthelemental_totem","petOwner":7,"fights":[{"id":22,"instances":1},{"id":29,"instances":1}]},{"name":"Shadowfiend","id":88,"guid":19668,"type":"Pet","icon":"abilities/spell_shadow_shadowfiend","petOwner":16,"fights":[{"id":6,"instances":1},{"id":7,"instances":1},{"id":8,"instances":2},{"id":9,"instances":2},{"id":10,"instances":1},{"id":11,"instances":2},{"id":12,"instances":2},{"id":19,"instances":1},{"id":21,"instances":1},{"id":22,"instances":1},{"id":23,"instances":1},{"id":26,"instances":1},{"id":27,"instances":1},{"id":28,"instances":1},{"id":29,"instances":1},{"id":30,"instances":1},{"id":31,"instances":1},{"id":32,"instances":1},{"id":33,"instances":1}]},{"name":"Gordus","id":148,"guid":51183080,"type":"Pet","icon":"abilities/warlock_summon_-beholder","petOwner":35,"fights":[{"id":19,"instances":1},{"id":21,"instances":1},{"id":22,"instances":1},{"id":27,"instances":1},{"id":28,"instances":1}]},{"name":"Primal Earth Elemental","id":166,"guid":61056,"type":"Pet","icon":"abilities/spell_nature_earthelemental_totem","petOwner":22,"fights":[{"id":20,"instances":1},{"id":21,"instances":1},{"id":27,"instances":1},{"id":32,"instances":1}]},{"name":"Earthbind Totem","id":165,"guid":2630,"type":"Pet","icon":"abilities/spell_nature_strengthofearthtotem02","petOwner":6,"fights":[{"id":20,"instances":1},{"id":21,"instances":1}]},{"name":"Magus of the Dead","id":48,"guid":163366,"type":"Pet","icon":"abilities/artifactability_unholydeathknight_deathsembrace","petOwner":10,"fights":[{"id":3,"instances":1},{"id":4,"instances":1},{"id":6,"instances":3},{"id":7,"instances":3},{"id":8,"instances":5},{"id":9,"instances":7},{"id":10,"instances":4},{"id":11,"instances":5},{"id":12,"instances":7},{"id":13,"instances":1},{"id":14,"instances":2},{"id":15,"instances":1},{"id":16,"instances":1},{"id":18,"instances":2},{"id":19,"instances":4},{"id":20,"instances":5},{"id":21,"instances":7},{"id":22,"instances":7},{"id":23,"instances":4},{"id":25,"instances":1},{"id":26,"instances":3},{"id":27,"instances":3},{"id":28,"instances":3},{"id":29,"instances":2},{"id":30,"instances":3},{"id":31,"instances":3},{"id":32,"instances":3},{"id":33,"instances":3}]},{"name":"Shadowfiend","id":85,"guid":19668,"type":"Pet","icon":"abilities/spell_shadow_shadowfiend","petOwner":11,"fights":[{"id":6,"instances":1},{"id":7,"instances":1},{"id":8,"instances":1},{"id":9,"instances":2},{"id":10,"instances":1},{"id":11,"instances":2},{"id":12,"instances":2},{"id":19,"instances":1},{"id":20,"instances":1},{"id":21,"instances":1},{"id":22,"instances":2},{"id":23,"instances":1},{"id":26,"instances":1},{"id":27,"instances":1},{"id":28,"instances":1},{"id":29,"instances":1},{"id":30,"instances":1},{"id":31,"instances":1},{"id":32,"instances":1},{"id":33,"instances":1}]},{"name":"Capacitor Totem","id":157,"guid":61245,"type":"Pet","icon":"abilities/spell_nature_brilliance","petOwner":14,"fights":[{"id":19,"instances":2},{"id":20,"instances":2},{"id":21,"instances":2},{"id":22,"instances":1},{"id":23,"instances":1},{"id":28,"instances":1},{"id":30,"instances":1}]},{"name":"Lightspawn","id":89,"guid":128140,"type":"Pet","icon":"abilities/spell_shadow_shadowfiend","petOwner":8,"fights":[{"id":6,"instances":1},{"id":7,"instances":1},{"id":8,"instances":1},{"id":9,"instances":2},{"id":10,"instances":1},{"id":11,"instances":2},{"id":12,"instances":2},{"id":13,"instances":1},{"id":18,"instances":1},{"id":19,"instances":1},{"id":20,"instances":2},{"id":21,"instances":1},{"id":22,"instances":2},{"id":23,"instances":1},{"id":26,"instances":1},{"id":27,"instances":1},{"id":28,"instances":1},{"id":30,"instances":1},{"id":31,"instances":1},{"id":32,"instances":1},{"id":33,"instances":1}]},{"name":"Efflorescence","id":47,"guid":47649,"type":"Pet","icon":"abilities/inv_misc_herb_talandrasrose","petOwner":21,"fights":[{"id":2,"instances":1},{"id":3,"instances":2},{"id":4,"instances":1},{"id":6,"instances":4},{"id":7,"instances":3},{"id":8,"instances":10},{"id":9,"instances":15},{"id":10,"instances":6},{"id":11,"instances":7},{"id":12,"instances":13},{"id":13,"instances":3},{"id":14,"instances":6},{"id":15,"instances":2},{"id":16,"instances":2},{"id":17,"instances":2},{"id":18,"instances":4},{"id":19,"instances":7},{"id":20,"instances":10},{"id":21,"instances":12},{"id":22,"instances":13},{"id":23,"instances":6},{"id":25,"instances":2},{"id":26,"instances":7},{"id":27,"instances":3},{"id":28,"instances":2},{"id":29,"instances":3},{"id":30,"instances":4},{"id":31,"instances":3},{"id":32,"instances":3},{"id":33,"instances":5}]},{"name":"Demonic Gateway","id":104,"guid":59271,"type":"Pet","icon":"custom-icon-trade_engineering","petOwner":4,"fights":[{"id":9,"instances":1}]},{"name":"Infernal","id":172,"guid":89,"type":"Pet","icon":"abilities/spell_shadow_summoninfernal","petOwner":35,"fights":[{"id":22,"instances":4},{"id":23,"instances":4}]},{"name":"Darkglare","id":84,"guid":103673,"type":"Pet","icon":"abilities/inv_beholderwarlock","petOwner":35,"fights":[{"id":6,"instances":1},{"id":7,"instances":1},{"id":8,"instances":1},{"id":9,"instances":2},{"id":10,"instances":1},{"id":11,"instances":2},{"id":12,"instances":2},{"id":13,"instances":1},{"id":16,"instances":1},{"id":19,"instances":1},{"id":20,"instances":1},{"id":21,"instances":2},{"id":26,"instances":1},{"id":27,"instances":1},{"id":28,"instances":1},{"id":29,"instances":1},{"id":30,"instances":1},{"id":31,"instances":1},{"id":32,"instances":1},{"id":33,"instances":1}]},{"name":"Greater Earth Elemental","id":106,"guid":95072,"type":"Pet","icon":"abilities/spell_nature_earthelemental_totem","petOwner":6,"fights":[{"id":9,"instances":1},{"id":21,"instances":1}]},{"name":"Healing Stream Totem","id":68,"guid":3527,"type":"Pet","icon":"abilities/inv_spear_04","petOwner":22,"fights":[{"id":4,"instances":1},{"id":6,"instances":1},{"id":7,"instances":1},{"id":8,"instances":2},{"id":9,"instances":3},{"id":10,"instances":1},{"id":11,"instances":2},{"id":12,"instances":2},{"id":13,"instances":1},{"id":16,"instances":1},{"id":17,"instances":1},{"id":19,"instances":1},{"id":21,"instances":1},{"id":27,"instances":1},{"id":28,"instances":2},{"id":29,"instances":1},{"id":30,"instances":1},{"id":31,"instances":2},{"id":33,"instances":2}]},{"name":"Zoruri","id":51,"guid":72057424,"type":"Pet","icon":"abilities/spell_shadow_summonimp","petOwner":4,"fights":[{"id":3,"instances":1},{"id":4,"instances":1},{"id":5,"instances":1},{"id":6,"instances":1},{"id":7,"instances":1},{"id":8,"instances":1},{"id":9,"instances":1},{"id":10,"instances":1},{"id":11,"instances":1},{"id":12,"instances":1},{"id":13,"instances":1},{"id":14,"instances":1},{"id":15,"instances":1},{"id":16,"instances":1},{"id":17,"instances":1},{"id":18,"instances":1},{"id":27,"instances":1},{"id":28,"instances":1},{"id":29,"instances":1},{"id":30,"instances":1},{"id":31,"instances":1},{"id":32,"instances":1},{"id":33,"instances":1}]},{"name":"Mirror Image","id":167,"guid":31216,"type":"Pet","icon":"abilities/spell_magic_managain","petOwner":13,"fights":[{"id":20,"instances":3},{"id":22,"instances":3}]},{"name":"Shadowfiend","id":81,"guid":19668,"type":"Pet","icon":"abilities/spell_shadow_shadowfiend","petOwner":5,"fights":[{"id":6,"instances":1},{"id":7,"instances":1},{"id":8,"instances":1},{"id":9,"instances":2},{"id":10,"instances":1},{"id":11,"instances":1},{"id":12,"instances":2},{"id":20,"instances":2},{"id":21,"instances":1},{"id":22,"instances":2},{"id":23,"instances":1},{"id":26,"instances":1},{"id":27,"instances":1},{"id":28,"instances":1},{"id":29,"instances":1},{"id":30,"instances":1},{"id":31,"instances":1},{"id":32,"instances":1},{"id":33,"instances":1}]},{"name":"Greater Fire Elemental","id":78,"guid":95061,"type":"Pet","icon":"abilities/spell_fire_elemental_totem","petOwner":22,"fights":[{"id":6,"instances":1},{"id":7,"instances":1},{"id":8,"instances":2},{"id":9,"instances":3},{"id":10,"instances":2},{"id":11,"instances":2},{"id":12,"instances":3},{"id":13,"instances":1},{"id":14,"instances":1}]},{"name":"Mana Tide Totem","id":173,"guid":10467,"type":"Pet","icon":"abilities/spell_frost_summonwaterelemental","petOwner":6,"fights":[{"id":22,"instances":1},{"id":23,"instances":1}]},{"name":"Infernal","id":153,"guid":89,"type":"Pet","icon":"abilities/spell_shadow_summoninfernal","petOwner":4,"fights":[{"id":19,"instances":3},{"id":20,"instances":6},{"id":21,"instances":5},{"id":22,"instances":5},{"id":23,"instances":3}]},{"name":"Wraadhun","id":147,"guid":72057423,"type":"Pet","icon":"abilities/spell_shadow_summonfelhunter","petOwner":4,"fights":[{"id":19,"instances":1},{"id":20,"instances":1},{"id":21,"instances":1},{"id":22,"instances":1},{"id":23,"instances":1},{"id":25,"instances":1},{"id":26,"instances":1}]},{"name":"Mindbender","id":163,"guid":62982,"type":"Pet","icon":"abilities/spell_shadow_soulleech_3","petOwner":16,"fights":[{"id":20,"instances":5}]},{"name":"Healing Tide Totem","id":67,"guid":59764,"type":"Pet","icon":"abilities/ability_shaman_healingtide","petOwner":6,"fights":[{"id":4,"instances":1},{"id":6,"instances":1},{"id":7,"instances":1},{"id":8,"instances":1},{"id":9,"instances":2},{"id":10,"instances":1},{"id":11,"instances":1},{"id":12,"instances":2},{"id":13,"instances":1},{"id":18,"instances":1},{"id":19,"instances":1},{"id":20,"instances":1},{"id":21,"instances":1},{"id":22,"instances":2},{"id":23,"instances":1},{"id":26,"instances":1},{"id":27,"instances":1},{"id":30,"instances":1},{"id":31,"instances":1},{"id":32,"instances":1},{"id":33,"instances":1}]},{"name":"Clark","id":187,"guid":50538167,"type":"Pet","icon":"abilities/ability_hunter_beastcall","petOwner":2,"fights":[{"id":26,"instances":1}]},{"name":"Healing Stream Totem","id":100,"guid":3527,"type":"Pet","icon":"abilities/inv_spear_04","petOwner":14,"fights":[{"id":8,"instances":1},{"id":9,"instances":1},{"id":10,"instances":1},{"id":11,"instances":1},{"id":12,"instances":1}]},{"name":"Mana Tide Totem","id":102,"guid":10467,"type":"Pet","icon":"abilities/spell_frost_summonwaterelemental","petOwner":7,"fights":[{"id":9,"instances":1},{"id":12,"instances":2},{"id":19,"instances":1},{"id":20,"instances":2},{"id":21,"instances":2},{"id":22,"instances":2},{"id":23,"instances":1},{"id":26,"instances":1},{"id":32,"instances":1},{"id":33,"instances":1}]},{"name":"Regenerating Wildseed","id":169,"guid":164589,"type":"Pet","icon":"Pet","petOwner":21,"fights":[{"id":20,"instances":1},{"id":28,"instances":1}]},{"name":"Zep'tul","id":96,"guid":51183031,"type":"Pet","icon":"abilities/spell_warlock_summonimpoutland","petOwner":35,"fights":[{"id":7,"instances":1},{"id":8,"instances":1},{"id":9,"instances":1},{"id":10,"instances":1},{"id":11,"instances":1},{"id":12,"instances":1},{"id":13,"instances":1},{"id":14,"instances":1},{"id":15,"instances":1},{"id":16,"instances":1},{"id":17,"instances":1},{"id":18,"instances":1},{"id":29,"instances":1},{"id":30,"instances":1},{"id":32,"instances":1},{"id":33,"instances":1}]},{"name":"Fire Spirit","id":60,"guid":69791,"type":"Pet","icon":"abilities/inv_summerfest_firespirit","petOwner":18,"fights":[{"id":3,"instances":1},{"id":4,"instances":2},{"id":6,"instances":3},{"id":7,"instances":3},{"id":8,"instances":4},{"id":9,"instances":5},{"id":10,"instances":2},{"id":11,"instances":3},{"id":12,"instances":5},{"id":13,"instances":2},{"id":14,"instances":1},{"id":15,"instances":2},{"id":16,"instances":1},{"id":18,"instances":2},{"id":19,"instances":3},{"id":20,"instances":5},{"id":21,"instances":5},{"id":22,"instances":5},{"id":23,"instances":4},{"id":25,"instances":2},{"id":26,"instances":3},{"id":27,"instances":2},{"id":28,"instances":2},{"id":29,"instances":2},{"id":30,"instances":3},{"id":31,"instances":2},{"id":32,"instances":3},{"id":33,"instances":3}]},{"name":"Greater Earth Elemental","id":98,"guid":95072,"type":"Pet","icon":"abilities/spell_nature_earthelemental_totem","petOwner":22,"fights":[{"id":7,"instances":1},{"id":9,"instances":1},{"id":10,"instances":1},{"id":11,"instances":1},{"id":12,"instances":1},{"id":15,"instances":1}]},{"name":"Risen Skulker","id":45,"guid":99541,"type":"Pet","icon":"abilities/spell_shadow_animatedead","petOwner":10,"fights":[{"id":2,"instances":1},{"id":3,"instances":1},{"id":4,"instances":1},{"id":6,"instances":1},{"id":7,"instances":1},{"id":8,"instances":1},{"id":9,"instances":1},{"id":10,"instances":1},{"id":11,"instances":1},{"id":12,"instances":1},{"id":13,"instances":1},{"id":14,"instances":1},{"id":15,"instances":1},{"id":16,"instances":1},{"id":17,"instances":1},{"id":18,"instances":1},{"id":25,"instances":1},{"id":26,"instances":1},{"id":27,"instances":1},{"id":28,"instances":1},{"id":29,"instances":1},{"id":30,"instances":1},{"id":31,"instances":1},{"id":32,"instances":1},{"id":33,"instances":1}]},{"name":"Shadowfiend","id":64,"guid":19668,"type":"Pet","icon":"abilities/spell_shadow_shadowfiend","petOwner":1,"fights":[{"id":3,"instances":1},{"id":6,"instances":1},{"id":7,"instances":1},{"id":8,"instances":2},{"id":9,"instances":2},{"id":10,"instances":1},{"id":11,"instances":2},{"id":12,"instances":2},{"id":13,"instances":1},{"id":18,"instances":1},{"id":19,"instances":1},{"id":20,"instances":1},{"id":21,"instances":2},{"id":22,"instances":2},{"id":23,"instances":1},{"id":26,"instances":1},{"id":27,"instances":1},{"id":28,"instances":1},{"id":29,"instances":1},{"id":30,"instances":1},{"id":31,"instances":1},{"id":32,"instances":1},{"id":33,"instances":1}]},{"name":"Darkglare","id":82,"guid":103673,"type":"Pet","icon":"abilities/inv_beholderwarlock","petOwner":4,"fights":[{"id":6,"instances":1},{"id":7,"instances":1},{"id":8,"instances":1},{"id":9,"instances":2},{"id":10,"instances":1},{"id":11,"instances":2},{"id":12,"instances":2},{"id":26,"instances":1},{"id":27,"instances":1},{"id":28,"instances":1},{"id":29,"instances":1},{"id":30,"instances":1},{"id":31,"instances":1},{"id":32,"instances":1},{"id":33,"instances":1}]},{"name":"Spirit Link Totem","id":66,"guid":53006,"type":"Pet","icon":"abilities/spell_shaman_spiritlink","petOwner":6,"fights":[{"id":4,"instances":1},{"id":6,"instances":1},{"id":8,"instances":1},{"id":9,"instances":2},{"id":11,"instances":1},{"id":12,"instances":1},{"id":13,"instances":1},{"id":16,"instances":1},{"id":19,"instances":1},{"id":20,"instances":1},{"id":21,"instances":2},{"id":22,"instances":2},{"id":23,"instances":1},{"id":30,"instances":1},{"id":31,"instances":1},{"id":32,"instances":1},{"id":33,"instances":1}]},{"name":"Healing Tide Totem","id":87,"guid":59764,"type":"Pet","icon":"abilities/ability_shaman_healingtide","petOwner":7,"fights":[{"id":6,"instances":1},{"id":7,"instances":1},{"id":8,"instances":2},{"id":9,"instances":1},{"id":10,"instances":1},{"id":11,"instances":2},{"id":12,"instances":2},{"id":13,"instances":1},{"id":15,"instances":1},{"id":18,"instances":1},{"id":19,"instances":1},{"id":20,"instances":2},{"id":21,"instances":2},{"id":22,"instances":2},{"id":23,"instances":2},{"id":26,"instances":1},{"id":27,"instances":1},{"id":28,"instances":1},{"id":29,"instances":1},{"id":30,"instances":1},{"id":31,"instances":1},{"id":32,"instances":1},{"id":33,"instances":1}]},{"name":"Xuen","id":65,"guid":63508,"type":"Pet","icon":"abilities/ability_monk_summontigerstatue","petOwner":18,"fights":[{"id":4,"instances":1},{"id":6,"instances":1},{"id":7,"instances":1},{"id":8,"instances":2},{"id":9,"instances":3},{"id":10,"instances":1},{"id":11,"instances":2},{"id":12,"instances":3},{"id":13,"instances":1},{"id":14,"instances":1},{"id":15,"instances":1},{"id":17,"instances":1},{"id":19,"instances":2},{"id":20,"instances":3},{"id":21,"instances":3},{"id":22,"instances":3},{"id":23,"instances":2},{"id":25,"instances":1},{"id":26,"instances":1},{"id":27,"instances":1},{"id":28,"instances":1},{"id":29,"instances":1},{"id":30,"instances":1},{"id":31,"instances":1},{"id":32,"instances":2},{"id":33,"instances":2}]}],"enemyPets":[{"name":"Loyal Gargon","id":124,"guid":173953,"type":"Pet","icon":"custom-icon-spell_shadow_lifedrain","petOwner":123,"fights":[{"id":13,"instances":1},{"id":14,"instances":2},{"id":15,"instances":1}]}],"phases":[{"boss":2418,"phases":["Margore","Bargast","Hecutis"]},{"boss":2398,"phases":["Thirst for Blood","Terror of Castle Nathria"]}],"logVersion":16,"gameVersion":1,"title":"Fez is BACK!","owner":"Trikolas","start":1607479109050,"end":1607490234757,"zone":26,"exportedCharacters":[{"id":53664164,"name":"Abeshadow","server":"Area 52","region":"US"},{"id":52313151,"name":"Darmugon","server":"Area 52","region":"US"},{"id":52867292,"name":"Enhanzzed","server":"Area 52","region":"US"},{"id":40313474,"name":"Forma","server":"Area 52","region":"US"},{"id":47103163,"name":"Gerzerk","server":"Area 52","region":"US"},{"id":53030173,"name":"Golijov","server":"Area 52","region":"US"},{"id":52943258,"name":"Grimbleidd","server":"Illidan","region":"US"},{"id":53670817,"name":"Jarlgrim","server":"Area 52","region":"US"},{"id":20849880,"name":"Kelathos","server":"Area 52","region":"US"},{"id":53664170,"name":"Lukc","server":"Area 52","region":"US"},{"id":53702478,"name":"Mattyblasts","server":"Area 52","region":"US"},{"id":51680748,"name":"Maytide","server":"Area 52","region":"US"},{"id":52216462,"name":"Mearkatbolt","server":"Area 52","region":"US"},{"id":47762236,"name":"Mindkillerr","server":"Area 52","region":"US"},{"id":42129063,"name":"Pattiicakes","server":"Area 52","region":"US"},{"id":48792878,"name":"Qunah","server":"Area 52","region":"US"},{"id":40036231,"name":"Ragrek","server":"Bleeding Hollow","region":"US"},{"id":45672065,"name":"Retardikus","server":"Area 52","region":"US"},{"id":52337814,"name":"Treiyo","server":"Area 52","region":"US"},{"id":42149235,"name":"Trikolas","server":"Area 52","region":"US"},{"id":37602721,"name":"Vasslav","server":"Area 52","region":"US"},{"id":46422806,"name":"Warhhawk","server":"Area 52","region":"US"},{"id":42410718,"name":"Wruffx","server":"Area 52","region":"US"},{"id":41133502,"name":"Xhillicake","server":"Area 52","region":"US"},{"id":44719785,"name":"Zeell","server":"Area 52","region":"US"},{"id":53664175,"name":"Änníe","server":"Area 52","region":"US"}]}