{"fights":[{"id":1,"start_time":105063,"end_time":376740,"boss":2329,"name":"Wrathion","size":20,"difficulty":5,"kill":true,"partial":3,"bossPercentage":0,"fightPercentage":0,"lastPhaseForPercentageDisplay":1,"maps":[1580]},{"id":2,"start_time":378653,"end_time":383275,"boss":0,"name":"Unknown"},{"id":3,"start_time":403670,"end_time":434098,"boss":0,"name":"Monstrous Behemoth"},{"id":4,"start_time":447077,"end_time":589203,"boss":0,"name":"Gryth'ax the Executioner"},{"id":5,"start_time":626798,"end_time":686639,"boss":0,"name":"Umbral Gatekeeper"},{"id":6,"start_time":711852,"end_time":814071,"boss":0,"name":"Jesh'ra"},{"id":7,"start_time":826048,"end_time":915502,"boss":0,"name":"Aqir Swarmkeeper"},{"id":8,"start_time":934844,"end_time":1030665,"boss":0,"name":"Monstrous Behemoth"},{"id":9,"start_time":1073306,"end_time":1121261,"boss":0,"name":"Amalgamation of Flesh"},{"id":10,"start_time":1150050,"end_time":1150050,"boss":0,"name":"Unknown"},{"id":11,"start_time":1400671,"end_time":1686784,"boss":2337,"name":"Carapace of N'Zoth","size":20,"difficulty":5,"kill":false,"partial":3,"bossPercentage":5598,"fightPercentage":5598,"lastPhaseForPercentageDisplay":3,"maps":[1597]},{"id":12,"start_time":1797436,"end_time":2186162,"boss":2337,"name":"Carapace of N'Zoth","size":20,"difficulty":5,"kill":true,"partial":3,"bossPercentage":0,"fightPercentage":0,"lastPhaseForPercentageDisplay":3,"maps":[1597]},{"id":13,"start_time":2840923,"end_time":2908643,"boss":2344,"name":"N'Zoth the Corruptor","size":20,"difficulty":5,"kill":false,"partial":3,"bossPercentage":9997,"fightPercentage":9997,"lastPhaseForPercentageDisplay":1,"maps":[1597]},{"id":14,"start_time":2987990,"end_time":3089856,"boss":2344,"name":"N'Zoth the Corruptor","size":20,"difficulty":5,"kill":false,"partial":3,"bossPercentage":9996,"fightPercentage":9996,"lastPhaseForPercentageDisplay":1,"maps":[1597]},{"id":15,"start_time":3181879,"end_time":3376341,"boss":2344,"name":"N'Zoth the Corruptor","size":20,"difficulty":5,"kill":false,"partial":3,"bossPercentage":8893,"fightPercentage":8893,"lastPhaseForPercentageDisplay":1,"maps":[1597]},{"id":16,"start_time":3457106,"end_time":3917599,"boss":2344,"name":"N'Zoth the Corruptor","size":20,"difficulty":5,"kill":false,"partial":3,"bossPercentage":4868,"fightPercentage":4868,"lastPhaseForPercentageDisplay":2,"maps":[1597]},{"id":17,"start_time":4015484,"end_time":4682767,"boss":2344,"name":"N'Zoth the Corruptor","size":20,"difficulty":5,"kill":true,"partial":3,"bossPercentage":200,"fightPercentage":200,"lastPhaseForPercentageDisplay":2,"maps":[1597,1582,1597]},{"id":18,"start_time":4682817,"end_time":4688717,"boss":0,"name":"N'Zoth the Corruptor"}],"lang":"en","friendlies":[{"name":"Badboy","id":13,"guid":158719492,"type":"Hunter","server":"Mal'Ganis","icon":"Hunter-BeastMastery","fights":[{"id":1},{"id":2},{"id":3},{"id":4},{"id":5},{"id":6},{"id":7},{"id":8},{"id":9},{"id":11},{"id":12},{"id":13},{"id":14},{"id":15},{"id":16},{"id":17},{"id":18}]},{"name":"Capmage","id":9,"guid":176157425,"type":"Mage","server":"Mal'Ganis","icon":"Mage-Fire","fights":[{"id":1},{"id":2},{"id":3},{"id":4},{"id":5},{"id":6},{"id":7},{"id":8},{"id":9},{"id":11},{"id":12},{"id":13},{"id":14},{"id":15},{"id":16},{"id":17},{"id":18}]},{"name":"Almondboy","id":17,"guid":164059123,"type":"Hunter","server":"Mal'Ganis","icon":"Hunter-BeastMastery","fights":[{"id":1},{"id":2},{"id":3},{"id":4},{"id":5},{"id":6},{"id":7},{"id":8},{"id":9},{"id":11},{"id":12},{"id":13},{"id":14},{"id":15},{"id":16},{"id":17},{"id":18}]},{"name":"Phrenchy","id":19,"guid":173527493,"type":"Druid","server":"Mal'Ganis","icon":"Druid-Restoration","fights":[{"id":1},{"id":2},{"id":3},{"id":4},{"id":5},{"id":6},{"id":7},{"id":8},{"id":9},{"id":10},{"id":11},{"id":12},{"id":13},{"id":14},{"id":15},{"id":16},{"id":17},{"id":18}]},{"name":"Granite","id":3,"guid":158918859,"type":"Druid","server":"Mal'Ganis","icon":"Druid-Feral","fights":[{"id":1},{"id":2},{"id":3},{"id":4},{"id":5},{"id":6},{"id":7},{"id":8},{"id":9},{"id":11},{"id":12},{"id":13},{"id":14},{"id":15},{"id":16},{"id":17},{"id":18}]},{"name":"Kargar","id":2,"guid":168153640,"type":"Shaman","server":"Mal'Ganis","icon":"Shaman","fights":[{"id":1},{"id":2},{"id":3},{"id":4},{"id":5},{"id":6},{"id":7},{"id":8},{"id":9},{"id":11},{"id":12},{"id":13},{"id":14},{"id":15},{"id":16},{"id":17},{"id":18}]},{"name":"Tobreck","id":22,"guid":167948742,"type":"Warrior","server":"Mal'Ganis","icon":"Warrior-Arms","fights":[{"id":1},{"id":2},{"id":3},{"id":4},{"id":5},{"id":6},{"id":7},{"id":8},{"id":9},{"id":11},{"id":12},{"id":13},{"id":14},{"id":15},{"id":16},{"id":17},{"id":18}]},{"name":"Twofists","id":5,"guid":171283245,"type":"Rogue","server":"Mal'Ganis","icon":"Rogue-Outlaw","fights":[{"id":1},{"id":2},{"id":3},{"id":4},{"id":5},{"id":6},{"id":7}]},{"name":"Rbow","id":7,"guid":179554104,"type":"DemonHunter","server":"Mal'Ganis","icon":"DemonHunter","fights":[{"id":1},{"id":2},{"id":3},{"id":4},{"id":5},{"id":6},{"id":7},{"id":8},{"id":9},{"id":11},{"id":12},{"id":13},{"id":14},{"id":15},{"id":16},{"id":17},{"id":18}]},{"name":"Chillbroskie","id":1,"guid":167297240,"type":"Monk","server":"Mal'Ganis","icon":"Monk-Mistweaver","fights":[{"id":1},{"id":2},{"id":3},{"id":4},{"id":5},{"id":6},{"id":7},{"id":8},{"id":9},{"id":11},{"id":12},{"id":13},{"id":14},{"id":15},{"id":16},{"id":17},{"id":18}]},{"name":"Kringe","id":10,"guid":180297288,"type":"Priest","server":"Mal'Ganis","icon":"Priest-Shadow","fights":[{"id":1},{"id":2},{"id":3},{"id":4},{"id":5},{"id":6},{"id":7},{"id":8},{"id":9},{"id":10},{"id":11},{"id":12},{"id":13},{"id":14},{"id":15},{"id":16},{"id":17},{"id":18}]},{"name":"Killwhat","id":15,"guid":189172325,"type":"Mage","server":"Mal'Ganis","icon":"Mage-Fire","fights":[{"id":1},{"id":2},{"id":3},{"id":4},{"id":5},{"id":6},{"id":7},{"id":8},{"id":9},{"id":11},{"id":12},{"id":13},{"id":14},{"id":15},{"id":16},{"id":17},{"id":18}]},{"name":"Goodboy","id":8,"guid":158720474,"type":"Hunter","server":"Mal'Ganis","icon":"Hunter","fights":[{"id":1},{"id":2},{"id":3},{"id":4},{"id":5},{"id":6},{"id":7},{"id":8},{"id":9},{"id":11},{"id":12},{"id":13},{"id":14},{"id":15},{"id":16},{"id":17},{"id":18}]},{"name":"Adeen","id":4,"guid":164213094,"type":"Paladin","server":"Mal'Ganis","icon":"Paladin-Holy","fights":[{"id":1},{"id":2},{"id":3},{"id":4},{"id":5},{"id":6},{"id":7},{"id":8},{"id":9},{"id":10},{"id":11},{"id":12},{"id":13},{"id":14},{"id":15},{"id":16},{"id":17},{"id":18}]},{"name":"Longhilan","id":6,"guid":162842042,"type":"Paladin","server":"Mal'Ganis","icon":"Paladin-Holy","fights":[{"id":1},{"id":2},{"id":3},{"id":4},{"id":5},{"id":6},{"id":7},{"id":8},{"id":9},{"id":11},{"id":12},{"id":13},{"id":14},{"id":15},{"id":16},{"id":17},{"id":18}]},{"name":"Killbillidan","id":14,"guid":158810840,"type":"DemonHunter","server":"Mal'Ganis","icon":"DemonHunter-Havoc","fights":[{"id":1},{"id":2},{"id":3},{"id":4},{"id":5},{"id":6},{"id":7},{"id":8},{"id":9},{"id":11},{"id":12},{"id":13},{"id":14},{"id":15},{"id":16},{"id":17},{"id":18}]},{"name":"Wrathion","id":90,"guid":160177,"type":"NPC","icon":"custom-icon-spell_fire_sealoffire","fights":[{"id":11,"instances":1,"groups":3},{"id":12,"instances":1,"groups":6}]},{"name":"Derpymage","id":11,"guid":189601860,"type":"Mage","server":"Mal'Ganis","icon":"Mage-Fire","fights":[{"id":1},{"id":2},{"id":3},{"id":4},{"id":5},{"id":6},{"id":7},{"id":8},{"id":9},{"id":11},{"id":12},{"id":13},{"id":14},{"id":15},{"id":16},{"id":17},{"id":18}]},{"name":"Deadrattle","id":16,"guid":197758302,"type":"Rogue","server":"Mal'Ganis","icon":"Rogue-Assassination","fights":[{"id":1},{"id":2},{"id":3},{"id":4},{"id":5},{"id":6},{"id":7},{"id":8},{"id":9},{"id":11},{"id":12},{"id":13},{"id":14},{"id":15},{"id":16},{"id":17},{"id":18}]},{"name":"Demoniäk","id":18,"guid":148701110,"type":"Warlock","server":"Mal'Ganis","icon":"Warlock-Destruction","fights":[{"id":1},{"id":2},{"id":3},{"id":4},{"id":5},{"id":6},{"id":7},{"id":8},{"id":9},{"id":11},{"id":12},{"id":13},{"id":14},{"id":15},{"id":16},{"id":17},{"id":18}]},{"name":"Fistjudge","id":86,"guid":171625767,"type":"Paladin","server":"Mal'Ganis","icon":"Paladin-Protection","fights":[{"id":11},{"id":12},{"id":13},{"id":14},{"id":15},{"id":16},{"id":17},{"id":18}]},{"name":"Shoes","id":12,"guid":160387407,"type":"Monk","server":"Mal'Ganis","icon":"Monk-Brewmaster","fights":[{"id":1},{"id":2},{"id":3},{"id":4},{"id":5},{"id":6},{"id":7},{"id":8},{"id":9},{"id":10},{"id":11},{"id":12},{"id":13},{"id":14},{"id":15},{"id":16},{"id":17},{"id":18}]}],"enemies":[{"name":"Jesh'ra","id":74,"guid":159764,"type":"NPC","icon":"custom-icon-spell_priest_divinestar_shadow2","fights":[{"id":6,"instances":1}]},{"name":"Wrathion","id":31,"guid":156818,"type":"Boss","icon":"custom-icon-ability_deathwing_cataclysm","fights":[{"id":1,"instances":1,"groups":2}]},{"name":"Psychus","id":124,"guid":158376,"type":"NPC","icon":"custom-icon-ability_creature_disease_05","fights":[{"id":14,"instances":1,"groups":1},{"id":15,"instances":1,"groups":1},{"id":16,"instances":2,"groups":2},{"id":17,"instances":2,"groups":3}]},{"name":"Aqir Skitterer","id":79,"guid":161217,"type":"NPC","icon":"custom-icon-ability_fixated_state_red","fights":[{"id":7,"instances":7,"groups":1}]},{"name":"Thought Harvester","id":134,"guid":162933,"type":"NPC","icon":"custom-icon-spell_shadow_brainwash","fights":[{"id":16,"instances":4,"groups":3},{"id":17,"instances":8,"groups":4}]},{"name":"Shath'Yar Scribe","id":62,"guid":163690,"type":"NPC","icon":"custom-icon-inv_enchant_voidsphere","fights":[{"id":4,"instances":4,"groups":2}]},{"name":"Sylvanas Windrunner","id":133,"guid":160671,"type":"NPC","icon":"custom-icon-ability_theblackarrow","fights":[{"id":16,"instances":1,"groups":3},{"id":17,"instances":1,"groups":4}]},{"name":"Demented Knife-Twister","id":76,"guid":159417,"type":"NPC","icon":"custom-icon-ability_rogue_shadowyduel","fights":[{"id":6,"instances":2,"groups":1},{"id":7,"instances":4,"groups":2},{"id":8,"instances":2,"groups":2}]},{"name":"N'Zoth the Corruptor","id":130,"guid":162480,"type":"NPC","icon":"custom-icon-spell_priest_void-blast","fights":[{"id":15,"instances":1,"groups":2},{"id":16,"instances":1,"groups":4},{"id":17,"instances":1,"groups":4}]},{"name":"Psychophage","id":126,"guid":163836,"type":"NPC","icon":"custom-icon-spell_shadow_brainwash","excludeFromReplayUnitFrames":true,"fights":[{"id":14,"instances":4,"groups":1},{"id":15,"instances":18,"groups":1},{"id":16,"instances":34,"groups":2},{"id":17,"instances":32,"groups":2}]},{"name":"Mycelial Cyst","id":97,"guid":157461,"type":"NPC","icon":"custom-icon-spell_shadow_bloodboil","excludeFromReplayUnitFrames":true,"fights":[{"id":11,"instances":44,"groups":1},{"id":12,"instances":59,"groups":3}]},{"name":"Void Fanatic","id":63,"guid":160183,"type":"NPC","icon":"NPC","fights":[{"id":4,"instances":2,"groups":1},{"id":6,"instances":12,"groups":1},{"id":7,"instances":2,"groups":1},{"id":8,"instances":2,"groups":1}]},{"name":"Ashwalker Assassin","id":50,"guid":160291,"type":"NPC","icon":"custom-icon-ability_stealth","fights":[{"id":1,"instances":4,"groups":1}]},{"name":"Synthesis Growth","id":96,"guid":157475,"type":"NPC","icon":"custom-icon-ability_druid_ironfur","fights":[{"id":11,"instances":16,"groups":2},{"id":12,"instances":16,"groups":1}]},{"name":"Umbral Gatekeeper","id":66,"guid":163708,"type":"NPC","icon":"custom-icon-spell_priest_void-blast","fights":[{"id":5,"instances":2,"groups":1}]},{"name":"Umbral Seer","id":61,"guid":159219,"type":"NPC","icon":"custom-icon-spell_shadow_painspike","fights":[{"id":4,"instances":2,"groups":2},{"id":8,"instances":3,"groups":1}]},{"name":"Occult Shadowmender","id":59,"guid":159425,"type":"NPC","icon":"custom-icon-spell_shadow_painspike","fights":[{"id":3,"instances":1,"groups":1},{"id":4,"instances":1,"groups":1},{"id":5,"instances":1,"groups":1},{"id":7,"instances":2,"groups":1},{"id":8,"instances":2,"groups":1}]},{"name":"Maddened Conscript","id":60,"guid":159305,"type":"NPC","icon":"custom-icon-ability_racial_bloodrage","fights":[{"id":3,"instances":1,"groups":1},{"id":4,"instances":2,"groups":1},{"id":5,"instances":2,"groups":1},{"id":6,"instances":2,"groups":1},{"id":7,"instances":1,"groups":1},{"id":8,"instances":2,"groups":1}]},{"name":"Voidspawn Annihilator","id":136,"guid":163612,"type":"Boss","icon":"custom-icon-inv_elemental_primal_shadow","fights":[{"id":17,"instances":1}]},{"name":"Fury of N'Zoth","id":89,"guid":157439,"type":"Boss","icon":"custom-icon-spell_priest_void-blast","fights":[{"id":11,"instances":1},{"id":12,"instances":1}]},{"name":"Gryth'ax the Executioner","id":64,"guid":159224,"type":"NPC","icon":"custom-icon-spell_shadow_painspike","fights":[{"id":4,"instances":1}]},{"name":"Corruptor Tentacle","id":116,"guid":158375,"type":"NPC","icon":"custom-icon-spell_yorsahj_bloodboil_purple","fights":[{"id":13,"instances":4,"groups":2},{"id":14,"instances":5,"groups":3},{"id":15,"instances":8,"groups":5},{"id":16,"instances":12,"groups":8},{"id":17,"instances":12,"groups":8}]},{"name":"Void Initiate","id":56,"guid":160182,"type":"NPC","icon":"custom-icon-ability_ironmaidens_convulsiveshadows","fights":[{"id":4,"instances":34,"groups":4},{"id":5,"instances":4,"groups":1},{"id":6,"instances":12,"groups":1},{"id":7,"instances":1,"groups":1},{"id":8,"instances":2,"groups":1}]},{"name":"Monstrous Behemoth","id":58,"guid":159303,"type":"NPC","icon":"custom-icon-ability_warlock_everlastingaffliction","fights":[{"id":3,"instances":1,"groups":2},{"id":5,"instances":1,"groups":1},{"id":6,"instances":1,"groups":2},{"id":7,"instances":1,"groups":1},{"id":8,"instances":1,"groups":1}]},{"name":"Gaze of Madness","id":95,"guid":157442,"type":"NPC","icon":"custom-icon-inv_elemental_primal_shadow","fights":[{"id":11,"instances":4,"groups":2},{"id":12,"instances":4,"groups":2}]},{"name":"Horrific Hemorrhage","id":93,"guid":157486,"type":"NPC","icon":"custom-icon-ability_druid_ironfur","fights":[{"id":11,"instances":16,"groups":2},{"id":12,"instances":16,"groups":2}]},{"name":"Psychophage","id":121,"guid":163947,"type":"NPC","icon":"custom-icon-spell_shadow_brainwash","excludeFromReplayUnitFrames":true,"fights":[{"id":13,"instances":8,"groups":2},{"id":14,"instances":10,"groups":3},{"id":15,"instances":12,"groups":2},{"id":16,"instances":24,"groups":4},{"id":17,"instances":24,"groups":6}]},{"name":"Eye of the Depths","id":73,"guid":159510,"type":"NPC","icon":"custom-icon-spell_shadow_shadowfury","fights":[{"id":6,"instances":1},{"id":8,"instances":1}]},{"name":"Aqir Swarmer","id":80,"guid":162664,"type":"NPC","icon":"custom-icon-ability_fixated_state_red","fights":[{"id":7,"instances":3,"groups":1}]},{"name":"Zealous Adherent","id":75,"guid":159308,"type":"NPC","icon":"custom-icon-ability_ironmaidens_convulsiveshadows","fights":[{"id":6,"instances":3,"groups":1},{"id":7,"instances":3,"groups":1},{"id":8,"instances":3,"groups":1}]},{"name":"Corrupted Neuron","id":128,"guid":162331,"type":"NPC","icon":"NPC","fights":[{"id":15,"instances":19,"groups":1},{"id":16,"instances":22,"groups":2},{"id":17,"instances":29,"groups":2}]},{"name":"Deathwing","id":127,"guid":160665,"type":"NPC","icon":"custom-icon-spell_fire_felflamering_red","fights":[{"id":14,"instances":1,"groups":1},{"id":15,"instances":1,"groups":4},{"id":16,"instances":1,"groups":4},{"id":17,"instances":1,"groups":4}]},{"name":"Basher Tentacle","id":118,"guid":158367,"type":"NPC","icon":"custom-icon-spell_priest_voidtendrils","fights":[{"id":13,"instances":4,"groups":2},{"id":14,"instances":5,"groups":3},{"id":15,"instances":8,"groups":4},{"id":16,"instances":12,"groups":6},{"id":17,"instances":12,"groups":6}]},{"name":"Mindgate","id":122,"guid":158374,"type":"NPC","icon":"custom-icon-ability_kaztik_dominatemind","fights":[{"id":13,"instances":1},{"id":14,"instances":1},{"id":15,"instances":1},{"id":16,"instances":2},{"id":17,"instances":2}]},{"name":"Dying Voidspawn","id":70,"guid":163712,"type":"NPC","icon":"custom-icon-ability_fixated_state_red","fights":[{"id":5,"instances":14,"groups":1}]},{"name":"Nightmare Antigen","id":94,"guid":157452,"type":"NPC","icon":"custom-icon-sha_spell_fire_ragnaros_supernova_nightmare","excludeFromReplayUnitFrames":true,"fights":[{"id":11,"instances":73,"groups":2},{"id":12,"instances":117,"groups":4}]},{"name":"Spike Tentacle","id":117,"guid":160249,"type":"NPC","icon":"custom-icon-spell_shadow_painspike","fights":[{"id":13,"instances":10,"groups":2},{"id":14,"instances":13,"groups":2},{"id":15,"instances":22,"groups":4},{"id":16,"instances":32,"groups":4},{"id":17,"instances":32,"groups":4}]},{"name":"Crackling Shard","id":48,"guid":158327,"type":"NPC","icon":"custom-icon-ability_rhyolith_volcano","fights":[{"id":1,"instances":30,"groups":1}]},{"name":"Aqir Swarmkeeper","id":78,"guid":162303,"type":"NPC","icon":"custom-icon-inv_inscription_pigment_bug07","fights":[{"id":7,"instances":1}]},{"name":"Amalgamation of Flesh","id":81,"guid":163841,"type":"NPC","icon":"custom-icon-sha_spell_fire_ragnaros_supernova_nightmare","fights":[{"id":9,"instances":24,"groups":1}]},{"name":"Exposed Synapse","id":123,"guid":159578,"type":"NPC","icon":"custom-icon-spell_nature_focusedmind","fights":[{"id":14,"instances":20,"groups":2},{"id":15,"instances":20,"groups":2},{"id":16,"instances":40,"groups":4},{"id":17,"instances":40,"groups":4}]},{"name":"N'Zoth the Corruptor","id":115,"guid":158041,"type":"Boss","icon":"custom-icon-spell_shadow_painandsuffering","fights":[{"id":13,"instances":1,"groups":1},{"id":14,"instances":1,"groups":1},{"id":15,"instances":1,"groups":3},{"id":16,"instances":1,"groups":3},{"id":17,"instances":1,"groups":1},{"id":18,"instances":1,"groups":1}]}],"friendlyPets":[{"name":"Guardian of Azeroth","id":92,"guid":152396,"type":"Pet","icon":"abilities/inv_glowing-azerite-geode","petOwner":7,"fights":[{"id":11,"instances":2},{"id":12,"instances":3},{"id":15,"instances":1},{"id":16,"instances":2},{"id":17,"instances":3}]},{"name":"Khaafum","id":20,"guid":40564022,"type":"Pet","icon":"custom-icon-spell_shadow_soulleech_3","petOwner":18,"fights":[{"id":1,"instances":1},{"id":3,"instances":1},{"id":4,"instances":1}]},{"name":"Guardian of Azeroth","id":42,"guid":152396,"type":"Pet","icon":"abilities/inv_glowing-azerite-geode","petOwner":10,"fights":[{"id":1,"instances":2},{"id":3,"instances":1}]},{"name":"Infernal","id":35,"guid":89,"type":"Pet","icon":"abilities/spell_shadow_summoninfernal","petOwner":18,"fights":[{"id":1,"instances":7},{"id":3,"instances":1},{"id":5,"instances":4},{"id":6,"instances":3},{"id":7,"instances":1},{"id":11,"instances":5},{"id":12,"instances":6},{"id":13,"instances":3},{"id":14,"instances":3},{"id":15,"instances":8},{"id":16,"instances":10},{"id":17,"instances":11}]},{"name":"Guardian of Azeroth","id":34,"guid":152396,"type":"Pet","icon":"abilities/inv_glowing-azerite-geode","petOwner":8,"fights":[{"id":1,"instances":2},{"id":3,"instances":1},{"id":5,"instances":1},{"id":7,"instances":1}]},{"name":"Black Ox Statue","id":100,"guid":61146,"type":"Pet","icon":"abilities/monk_ability_summonoxstatue","petOwner":12,"fights":[{"id":12,"instances":6}]},{"name":"Cat","id":84,"guid":50172690,"type":"Pet","icon":"custom-icon-ability_hunter_sickem","petOwner":8,"fights":[{"id":11,"instances":1},{"id":12,"instances":1},{"id":13,"instances":1},{"id":14,"instances":1},{"id":15,"instances":1},{"id":16,"instances":1},{"id":17,"instances":1},{"id":18,"instances":1}]},{"name":"Shadowfiend","id":43,"guid":19668,"type":"Pet","icon":"abilities/spell_shadow_shadowfiend","petOwner":10,"fights":[{"id":1,"instances":2},{"id":3,"instances":1},{"id":5,"instances":1},{"id":7,"instances":1},{"id":11,"instances":2},{"id":12,"instances":2},{"id":15,"instances":1},{"id":16,"instances":2},{"id":17,"instances":3}]},{"name":"Spirit Wolf","id":37,"guid":100820,"type":"Pet","icon":"abilities/spell_shaman_feralspirit","petOwner":2,"fights":[{"id":1,"instances":6},{"id":11,"instances":4},{"id":12,"instances":8}]},{"name":"Guardian of Azeroth","id":30,"guid":152396,"type":"Pet","icon":"abilities/inv_glowing-azerite-geode","petOwner":2,"fights":[{"id":1,"instances":2},{"id":11,"instances":1},{"id":12,"instances":2},{"id":15,"instances":1},{"id":16,"instances":2},{"id":17,"instances":3}]},{"name":"Primal Earth Elemental","id":132,"guid":61056,"type":"Pet","icon":"abilities/spell_nature_earthelemental_totem","petOwner":2,"fights":[{"id":16,"instances":1},{"id":17,"instances":1}]},{"name":"Greater Earth Elemental","id":102,"guid":95072,"type":"Pet","icon":"abilities/spell_nature_earthelemental_totem","petOwner":2,"fights":[{"id":12,"instances":1}]},{"name":"Guardian of Azeroth","id":39,"guid":152396,"type":"Pet","icon":"abilities/inv_glowing-azerite-geode","petOwner":14,"fights":[{"id":1,"instances":2},{"id":4,"instances":1},{"id":6,"instances":1},{"id":8,"instances":1},{"id":11,"instances":2},{"id":12,"instances":3},{"id":13,"instances":1},{"id":14,"instances":1},{"id":15,"instances":1},{"id":16,"instances":3},{"id":17,"instances":4}]},{"name":"HUEHUEHUEHUE","id":101,"guid":47497165,"type":"Pet","icon":"abilities/ability_hunter_beastcall","petOwner":8,"fights":[{"id":12,"instances":1},{"id":13,"instances":1}]},{"name":"CitizenSnips","id":88,"guid":43621159,"type":"Pet","icon":"abilities/ability_hunter_beastcall","petOwner":8,"fights":[{"id":11,"instances":1},{"id":12,"instances":1},{"id":14,"instances":1},{"id":15,"instances":1},{"id":16,"instances":1},{"id":17,"instances":1},{"id":18,"instances":1}]},{"name":"Efflorescence","id":40,"guid":47649,"type":"Pet","icon":"abilities/inv_misc_herb_talandrasrose","petOwner":19,"fights":[{"id":1,"instances":9},{"id":4,"instances":1},{"id":5,"instances":1},{"id":6,"instances":2},{"id":7,"instances":2},{"id":11,"instances":1},{"id":12,"instances":7},{"id":13,"instances":3},{"id":14,"instances":3},{"id":15,"instances":6},{"id":16,"instances":13},{"id":17,"instances":18}]},{"name":"Azmat","id":65,"guid":40564019,"type":"Pet","icon":"abilities/spell_shadow_summonimp","petOwner":18,"fights":[{"id":4,"instances":1},{"id":5,"instances":1},{"id":6,"instances":1},{"id":7,"instances":1},{"id":8,"instances":1},{"id":9,"instances":1},{"id":11,"instances":1},{"id":12,"instances":1},{"id":13,"instances":1},{"id":14,"instances":1},{"id":15,"instances":1},{"id":16,"instances":1},{"id":17,"instances":1},{"id":18,"instances":1}]},{"name":"Ameno","id":24,"guid":49878839,"type":"Pet","icon":"abilities/ability_hunter_beastcall","petOwner":13,"fights":[{"id":1,"instances":1},{"id":3,"instances":1},{"id":4,"instances":1},{"id":5,"instances":1},{"id":6,"instances":1},{"id":7,"instances":1},{"id":8,"instances":1},{"id":9,"instances":1},{"id":11,"instances":1},{"id":12,"instances":1},{"id":13,"instances":1},{"id":14,"instances":1},{"id":15,"instances":1},{"id":16,"instances":1},{"id":17,"instances":1},{"id":18,"instances":1}]},{"name":"QuillsNig","id":21,"guid":45117829,"type":"Pet","icon":"custom-icon-ability_hunter_sickem","petOwner":17,"fights":[{"id":1,"instances":1},{"id":2,"instances":1},{"id":3,"instances":1},{"id":4,"instances":1},{"id":6,"instances":1},{"id":7,"instances":1},{"id":8,"instances":1},{"id":9,"instances":1},{"id":11,"instances":1},{"id":12,"instances":1},{"id":13,"instances":1},{"id":14,"instances":1},{"id":15,"instances":1},{"id":16,"instances":1},{"id":17,"instances":1}]},{"name":"Dorime","id":23,"guid":49878882,"type":"Pet","icon":"custom-icon-ability_hunter_sickem","petOwner":13,"fights":[{"id":1,"instances":1},{"id":3,"instances":1},{"id":4,"instances":1},{"id":5,"instances":1},{"id":6,"instances":1},{"id":7,"instances":1},{"id":8,"instances":1},{"id":9,"instances":1},{"id":11,"instances":1},{"id":12,"instances":1},{"id":13,"instances":1},{"id":14,"instances":1},{"id":15,"instances":1},{"id":16,"instances":1},{"id":17,"instances":1},{"id":18,"instances":1}]},{"name":"Demonic Gateway","id":47,"guid":59271,"type":"Pet","icon":"custom-icon-trade_engineering","petOwner":18,"fights":[{"id":1,"instances":2},{"id":11,"instances":2},{"id":12,"instances":2},{"id":15,"instances":1},{"id":17,"instances":2}]},{"name":"Demonic Gateway","id":46,"guid":59262,"type":"Pet","icon":"custom-icon-trade_engineering","petOwner":18,"fights":[{"id":1,"instances":2},{"id":11,"instances":2},{"id":12,"instances":2},{"id":15,"instances":1},{"id":17,"instances":2}]},{"name":"Primal Fire Elemental","id":119,"guid":61029,"type":"Pet","icon":"abilities/spell_fire_elemental_totem","petOwner":2,"fights":[{"id":13,"instances":1},{"id":14,"instances":1},{"id":15,"instances":2},{"id":16,"instances":3},{"id":17,"instances":5}]},{"name":"Guacamole","id":25,"guid":46895626,"type":"Pet","icon":"custom-icon-ability_druid_rake","petOwner":8,"fights":[{"id":1,"instances":1},{"id":3,"instances":1},{"id":4,"instances":1},{"id":5,"instances":1},{"id":6,"instances":1},{"id":7,"instances":1},{"id":8,"instances":1},{"id":9,"instances":1}]},{"name":"Blacked","id":28,"guid":47603223,"type":"Pet","icon":"abilities/ability_hunter_beastcall","petOwner":17,"fights":[{"id":1,"instances":1},{"id":2,"instances":1},{"id":3,"instances":1},{"id":4,"instances":1},{"id":6,"instances":1},{"id":7,"instances":1},{"id":8,"instances":1},{"id":9,"instances":1},{"id":11,"instances":1},{"id":12,"instances":1},{"id":13,"instances":1},{"id":14,"instances":1},{"id":15,"instances":1},{"id":16,"instances":1},{"id":17,"instances":1}]}],"enemyPets":[],"phases":[{"boss":2337,"phases":["Stage One: Exterior Carapace","Stage Two: Subcutaneous Tunnel","Stage Three: Locus of Infinite Truths"]},{"boss":2344,"phases":["Stage One: Writhing Onslaught","Stage Two: Convergence"]},{"boss":2329,"phases":["The Black Emperor","Smoke and Mirrors"]}],"logVersion":16,"gameVersion":1,"title":"stevew lied","owner":"chillbroskie","start":1599610074754,"end":1599614803532,"zone":24,"exportedCharacters":[{"id":33680473,"name":"Adeen","server":"Mal'Ganis","region":"US"},{"id":49252717,"name":"Almondboy","server":"Mal'Ganis","region":"US"},{"id":27546885,"name":"Badboy","server":"Mal'Ganis","region":"US"},{"id":41286303,"name":"Capmage","server":"Mal'Ganis","region":"US"},{"id":35342137,"name":"Chillbroskie","server":"Mal'Ganis","region":"US"},{"id":38906337,"name":"Deadrattle","server":"Mal'Ganis","region":"US"},{"id":25505948,"name":"Demoniäk","server":"Mal'Ganis","region":"US"},{"id":50999924,"name":"Derpymage","server":"Mal'Ganis","region":"US"},{"id":38824651,"name":"Fistjudge","server":"Mal'Ganis","region":"US"},{"id":27546887,"name":"Goodboy","server":"Mal'Ganis","region":"US"},{"id":27723554,"name":"Granite","server":"Mal'Ganis","region":"US"},{"id":36025278,"name":"Kargar","server":"Mal'Ganis","region":"US"},{"id":27639026,"name":"Killbillidan","server":"Mal'Ganis","region":"US"},{"id":50967519,"name":"Killwhat","server":"Mal'Ganis","region":"US"},{"id":45686893,"name":"Kringe","server":"Mal'Ganis","region":"US"},{"id":32523585,"name":"Longhilan","server":"Mal'Ganis","region":"US"},{"id":39966646,"name":"Phrenchy","server":"Mal'Ganis","region":"US"},{"id":44321024,"name":"Rbow","server":"Mal'Ganis","region":"US"},{"id":30641507,"name":"Shoes","server":"Mal'Ganis","region":"US"},{"id":35877166,"name":"Tobreck","server":"Mal'Ganis","region":"US"},{"id":38624667,"name":"Twofists","server":"Mal'Ganis","region":"US"}]}