{"fights":[{"id":1,"boss":0,"start_time":132776,"end_time":135120,"name":"Kahlai","zoneID":1,"zoneName":"Durotar","zoneDifficulty":0},{"id":2,"boss":0,"start_time":288763,"end_time":342951,"name":"Gryth'ax the Executioner","zoneID":2217,"zoneName":"Ny'alotha, the Waking City","zoneDifficulty":5},{"id":3,"boss":0,"start_time":392447,"end_time":650200,"name":"Jesh'ra","zoneID":2217,"zoneName":"Ny'alotha, the Waking City","zoneDifficulty":5},{"id":4,"boss":0,"start_time":665620,"end_time":744989,"name":"Deresh of the Nothingness","zoneID":2217,"zoneName":"Ny'alotha, the Waking City","zoneDifficulty":5},{"id":5,"boss":0,"start_time":755724,"end_time":808017,"name":"Aqir Crusher","zoneID":2217,"zoneName":"Ny'alotha, the Waking City","zoneDifficulty":5},{"id":6,"boss":0,"originalBoss":2333,"start_time":819469,"end_time":823958,"name":"The Hivemind","zoneID":2217,"zoneName":"Ny'alotha, the Waking City","zoneDifficulty":5},{"id":7,"boss":2333,"start_time":949513,"end_time":1099773,"name":"The Hivemind","zoneID":2217,"zoneName":"Ny'alotha, the Waking City","zoneDifficulty":5,"size":20,"difficulty":5,"kill":true,"partial":3,"bossPercentage":0,"fightPercentage":0,"lastPhaseForPercentageDisplay":0,"maps":[1590]},{"id":8,"boss":0,"start_time":1139722,"end_time":1161647,"name":"Aqir Crusher","zoneID":2217,"zoneName":"Ny'alotha, the Waking City","zoneDifficulty":5},{"id":9,"boss":0,"start_time":1173456,"end_time":1209818,"name":"Abyssal Watcher","zoneID":2217,"zoneName":"Ny'alotha, the Waking City","zoneDifficulty":5},{"id":10,"boss":0,"start_time":1225467,"end_time":1274154,"name":"Abyssal Watcher","zoneID":2217,"zoneName":"Ny'alotha, the Waking City","zoneDifficulty":5},{"id":11,"boss":0,"originalBoss":2331,"start_time":1535708,"end_time":1543606,"name":"Ra-den the Despoiled","zoneID":2217,"zoneName":"Ny'alotha, the Waking City","zoneDifficulty":5},{"id":12,"boss":2331,"start_time":1590568,"end_time":1817920,"name":"Ra-den the Despoiled","zoneID":2217,"zoneName":"Ny'alotha, the Waking City","zoneDifficulty":5,"size":20,"difficulty":5,"kill":false,"partial":3,"bossPercentage":11,"fightPercentage":11,"lastPhaseForPercentageDisplay":2,"maps":[1591]},{"id":13,"boss":2331,"start_time":2024486,"end_time":2085522,"name":"Ra-den the Despoiled","zoneID":2217,"zoneName":"Ny'alotha, the Waking City","zoneDifficulty":5,"size":20,"difficulty":5,"kill":false,"partial":3,"bossPercentage":5309,"fightPercentage":5309,"lastPhaseForPercentageDisplay":1,"maps":[1591]},{"id":14,"boss":0,"start_time":2085741,"end_time":2087228,"name":"Void Hunter","zoneID":2217,"zoneName":"Ny'alotha, the Waking City","zoneDifficulty":5},{"id":15,"boss":2331,"start_time":2190361,"end_time":2337090,"name":"Ra-den the Despoiled","zoneID":2217,"zoneName":"Ny'alotha, the Waking City","zoneDifficulty":5,"size":20,"difficulty":5,"kill":true,"partial":3,"bossPercentage":0,"fightPercentage":0,"lastPhaseForPercentageDisplay":2,"maps":[1591]},{"id":16,"boss":0,"start_time":2398223,"end_time":2479249,"name":"Monstrous Behemoth","zoneID":2217,"zoneName":"Ny'alotha, the Waking City","zoneDifficulty":5},{"id":17,"boss":0,"start_time":2513050,"end_time":2571935,"name":"Amalgamation of Flesh","zoneID":2217,"zoneName":"Ny'alotha, the Waking City","zoneDifficulty":5},{"id":18,"boss":0,"originalBoss":2337,"start_time":2785704,"end_time":2785726,"name":"Carapace of N'Zoth","zoneID":2217,"zoneName":"Ny'alotha, the Waking City","zoneDifficulty":5},{"id":19,"boss":2337,"start_time":3058716,"end_time":3284264,"name":"Carapace of N'Zoth","zoneID":2217,"zoneName":"Ny'alotha, the Waking City","zoneDifficulty":5,"size":20,"difficulty":5,"kill":false,"partial":3,"bossPercentage":5694,"fightPercentage":5694,"lastPhaseForPercentageDisplay":3,"maps":[1597]},{"id":20,"boss":2337,"start_time":3390587,"end_time":3534480,"name":"Carapace of N'Zoth","zoneID":2217,"zoneName":"Ny'alotha, the Waking City","zoneDifficulty":5,"size":20,"difficulty":5,"kill":false,"partial":3,"bossPercentage":5449,"fightPercentage":5449,"lastPhaseForPercentageDisplay":2,"maps":[1597]},{"id":21,"boss":2337,"start_time":3619456,"end_time":3954246,"name":"Carapace of N'Zoth","zoneID":2217,"zoneName":"Ny'alotha, the Waking City","zoneDifficulty":5,"size":20,"difficulty":5,"kill":false,"partial":3,"bossPercentage":1880,"fightPercentage":1880,"lastPhaseForPercentageDisplay":3,"maps":[1597]},{"id":22,"boss":2337,"start_time":4082462,"end_time":4430256,"name":"Carapace of N'Zoth","zoneID":2217,"zoneName":"Ny'alotha, the Waking City","zoneDifficulty":5,"size":20,"difficulty":5,"kill":true,"partial":3,"bossPercentage":0,"fightPercentage":0,"lastPhaseForPercentageDisplay":3,"maps":[1597]},{"id":23,"boss":2344,"start_time":5453807,"end_time":5635159,"name":"N'Zoth the Corruptor","zoneID":2217,"zoneName":"Ny'alotha, the Waking City","zoneDifficulty":5,"size":20,"difficulty":5,"kill":false,"partial":3,"bossPercentage":9873,"fightPercentage":9873,"lastPhaseForPercentageDisplay":1,"maps":[1597]},{"id":24,"boss":2344,"start_time":5741600,"end_time":6105118,"name":"N'Zoth the Corruptor","zoneID":2217,"zoneName":"Ny'alotha, the Waking City","zoneDifficulty":5,"size":20,"difficulty":5,"kill":false,"partial":3,"bossPercentage":8155,"fightPercentage":8155,"lastPhaseForPercentageDisplay":1,"maps":[1597]},{"id":25,"boss":2344,"start_time":6223535,"end_time":6402641,"name":"N'Zoth the Corruptor","zoneID":2217,"zoneName":"Ny'alotha, the Waking City","zoneDifficulty":5,"size":20,"difficulty":5,"kill":false,"partial":3,"bossPercentage":9781,"fightPercentage":9781,"lastPhaseForPercentageDisplay":1,"maps":[1597]},{"id":26,"boss":2344,"start_time":6487489,"end_time":6988880,"name":"N'Zoth the Corruptor","zoneID":2217,"zoneName":"Ny'alotha, the Waking City","zoneDifficulty":5,"size":20,"difficulty":5,"kill":false,"partial":3,"bossPercentage":4217,"fightPercentage":4217,"lastPhaseForPercentageDisplay":2,"maps":[1597]},{"id":27,"boss":0,"originalBoss":2344,"start_time":6988916,"end_time":6992741,"name":"N'Zoth the Corruptor","zoneID":2217,"zoneName":"Ny'alotha, the Waking City","zoneDifficulty":5},{"id":28,"boss":2344,"start_time":7114817,"end_time":7635386,"name":"N'Zoth the Corruptor","zoneID":2217,"zoneName":"Ny'alotha, the Waking City","zoneDifficulty":5,"size":20,"difficulty":5,"kill":false,"partial":3,"bossPercentage":3394,"fightPercentage":3394,"lastPhaseForPercentageDisplay":2,"maps":[1597]},{"id":29,"boss":2344,"start_time":7918558,"end_time":8408183,"name":"N'Zoth the Corruptor","zoneID":2217,"zoneName":"Ny'alotha, the Waking City","zoneDifficulty":5,"size":20,"difficulty":5,"kill":false,"partial":3,"bossPercentage":4252,"fightPercentage":4252,"lastPhaseForPercentageDisplay":2,"maps":[1597]},{"id":30,"boss":2344,"start_time":8524351,"end_time":9192696,"name":"N'Zoth the Corruptor","zoneID":2217,"zoneName":"Ny'alotha, the Waking City","zoneDifficulty":5,"size":20,"difficulty":5,"kill":true,"partial":3,"bossPercentage":183,"fightPercentage":183,"lastPhaseForPercentageDisplay":2,"maps":[1597,1582,1597]},{"id":31,"boss":0,"start_time":9192699,"end_time":9197003,"name":"N'Zoth the Corruptor","zoneID":2217,"zoneName":"Ny'alotha, the Waking City","zoneDifficulty":5},{"id":32,"boss":0,"start_time":9359366,"end_time":9399573,"name":"Demented Knife-Twister","zoneID":2217,"zoneName":"Ny'alotha, the Waking City","zoneDifficulty":5},{"id":33,"boss":0,"start_time":9410829,"end_time":9485887,"name":"Monstrous Behemoth","zoneID":2217,"zoneName":"Ny'alotha, the Waking City","zoneDifficulty":5},{"id":34,"boss":0,"originalBoss":2328,"start_time":9600153,"end_time":9605060,"name":"Dark Inquisitor Xanesh","zoneID":2217,"zoneName":"Ny'alotha, the Waking City","zoneDifficulty":5},{"id":35,"boss":0,"originalBoss":2328,"start_time":9652011,"end_time":9657347,"name":"Dark Inquisitor Xanesh","zoneID":2217,"zoneName":"Ny'alotha, the Waking City","zoneDifficulty":5},{"id":36,"boss":2328,"start_time":9826079,"end_time":10017947,"name":"Dark Inquisitor Xanesh","zoneID":2217,"zoneName":"Ny'alotha, the Waking City","zoneDifficulty":5,"size":20,"difficulty":5,"kill":true,"partial":3,"bossPercentage":0,"fightPercentage":0,"lastPhaseForPercentageDisplay":0,"maps":[1592]},{"id":37,"boss":0,"start_time":10021325,"end_time":10021325,"name":"Queen Azshara","zoneID":2217,"zoneName":"Ny'alotha, the Waking City","zoneDifficulty":5}],"lang":"en","friendlies":[{"name":"Keator","id":208,"guid":190559825,"type":"DeathKnight","server":"Tichondrius","icon":"DeathKnight-Unholy","fights":[{"id":2},{"id":3},{"id":4},{"id":5},{"id":6},{"id":7},{"id":10},{"id":11},{"id":12},{"id":13},{"id":14},{"id":15},{"id":16},{"id":17},{"id":18},{"id":19},{"id":20},{"id":21},{"id":22}]},{"name":"Astrosparkle","id":402,"guid":191106387,"type":"Druid","server":"Tichondrius","icon":"Druid-Balance","fights":[{"id":35},{"id":36},{"id":37}]},{"name":"Skovald","id":197,"guid":177502208,"type":"DeathKnight","server":"Tichondrius","icon":"DeathKnight-Unholy","fights":[{"id":2},{"id":3},{"id":4},{"id":5},{"id":6},{"id":7},{"id":8},{"id":9},{"id":10},{"id":11},{"id":12},{"id":13},{"id":14},{"id":15},{"id":16},{"id":17},{"id":18},{"id":19},{"id":20},{"id":21},{"id":22},{"id":23},{"id":24},{"id":25},{"id":26},{"id":27},{"id":28},{"id":29},{"id":30},{"id":31},{"id":32},{"id":33},{"id":34},{"id":35},{"id":36},{"id":37}]},{"name":"Dozur","id":216,"guid":49378451,"type":"DeathKnight","server":"Tichondrius","icon":"DeathKnight-Blood","fights":[{"id":2},{"id":3},{"id":4},{"id":5},{"id":6},{"id":7},{"id":8},{"id":9},{"id":10},{"id":11},{"id":12},{"id":13},{"id":15},{"id":16},{"id":17},{"id":18},{"id":19},{"id":20},{"id":21},{"id":22},{"id":23},{"id":24},{"id":25},{"id":26},{"id":27},{"id":28},{"id":29},{"id":30},{"id":31},{"id":34},{"id":35},{"id":36}]},{"name":"Tòughy","id":198,"guid":178641966,"type":"Hunter","server":"Tichondrius","icon":"Hunter-BeastMastery","fights":[{"id":2},{"id":3},{"id":4},{"id":5},{"id":6},{"id":7},{"id":8},{"id":9},{"id":10},{"id":11},{"id":12},{"id":13},{"id":15},{"id":16},{"id":17},{"id":18},{"id":19},{"id":20},{"id":21},{"id":22},{"id":23},{"id":24},{"id":25},{"id":26},{"id":27},{"id":28},{"id":29},{"id":30},{"id":31},{"id":34},{"id":35},{"id":36},{"id":37}]},{"name":"Arisialol","id":38,"guid":191961901,"type":"Mage","server":"Tichondrius","icon":"Mage-Frost","fights":[{"id":2},{"id":3},{"id":4},{"id":5},{"id":6},{"id":7},{"id":8},{"id":9},{"id":10},{"id":11},{"id":12},{"id":13},{"id":15},{"id":16},{"id":17},{"id":18},{"id":19},{"id":20},{"id":21},{"id":22},{"id":23},{"id":24},{"id":25},{"id":26},{"id":27},{"id":28},{"id":29},{"id":30}]},{"name":"Frendz","id":200,"guid":193756536,"type":"Warlock","server":"Tichondrius","icon":"Warlock-Affliction","fights":[{"id":1},{"id":2},{"id":3},{"id":4},{"id":5},{"id":6},{"id":7},{"id":8},{"id":9},{"id":10},{"id":11},{"id":12},{"id":13},{"id":15},{"id":16},{"id":17},{"id":18},{"id":19},{"id":20},{"id":21},{"id":22},{"id":23},{"id":24},{"id":25},{"id":26},{"id":27},{"id":28},{"id":29},{"id":30},{"id":31},{"id":32},{"id":33},{"id":34},{"id":35},{"id":36},{"id":37}]},{"name":"Kcrit","id":31,"guid":179809438,"type":"Mage","server":"Tichondrius","icon":"Mage-Frost","fights":[{"id":2},{"id":3},{"id":4},{"id":5},{"id":6},{"id":7},{"id":8},{"id":9},{"id":10},{"id":11},{"id":12},{"id":13},{"id":15},{"id":16},{"id":17},{"id":18},{"id":19},{"id":20},{"id":21},{"id":22},{"id":23},{"id":24},{"id":25},{"id":26},{"id":27},{"id":28},{"id":29},{"id":30},{"id":31},{"id":32},{"id":33},{"id":34},{"id":35},{"id":36},{"id":37}]},{"name":"Aúrellia","id":212,"guid":193407709,"type":"DemonHunter","server":"Tichondrius","icon":"DemonHunter-Havoc","fights":[{"id":2},{"id":3},{"id":4},{"id":5},{"id":6}]},{"name":"Teme","id":350,"guid":154668581,"type":"Druid","server":"Tichondrius","icon":"Druid-Restoration","fights":[{"id":18},{"id":19},{"id":20},{"id":21},{"id":22},{"id":23},{"id":24},{"id":25},{"id":26},{"id":27},{"id":28},{"id":29},{"id":30},{"id":32},{"id":33},{"id":34},{"id":35},{"id":36},{"id":37}]},{"name":"Drunkreight","id":207,"guid":183135997,"type":"Monk","server":"Tichondrius","icon":"Monk-Brewmaster","fights":[{"id":2},{"id":3},{"id":4},{"id":5},{"id":6},{"id":7},{"id":8},{"id":9},{"id":10},{"id":11},{"id":12},{"id":13},{"id":14},{"id":15},{"id":16},{"id":17},{"id":18},{"id":19},{"id":20},{"id":21},{"id":22},{"id":23},{"id":24},{"id":25},{"id":26},{"id":27},{"id":28},{"id":29},{"id":30},{"id":31},{"id":32},{"id":33},{"id":34},{"id":35},{"id":36},{"id":37}]},{"name":"Bootyonlockk","id":235,"guid":214074078,"type":"Warlock","server":"Tichondrius","icon":"Warlock-Affliction","fights":[{"id":2},{"id":3},{"id":4},{"id":5},{"id":6},{"id":7},{"id":8},{"id":9},{"id":10},{"id":11},{"id":12},{"id":13},{"id":14},{"id":15},{"id":16},{"id":17},{"id":23},{"id":24},{"id":25},{"id":26},{"id":27},{"id":28},{"id":29},{"id":30},{"id":31},{"id":32},{"id":33},{"id":34},{"id":35},{"id":36},{"id":37}]},{"name":"Tàzdingo","id":239,"guid":166477347,"type":"Shaman","server":"Tichondrius","icon":"Shaman-Elemental","fights":[{"id":3},{"id":4},{"id":5},{"id":6},{"id":7},{"id":8},{"id":9},{"id":10},{"id":11},{"id":12},{"id":13},{"id":14},{"id":15},{"id":16},{"id":17},{"id":18},{"id":19},{"id":20},{"id":21},{"id":22},{"id":23},{"id":24},{"id":25},{"id":26},{"id":27},{"id":28},{"id":29},{"id":30},{"id":31},{"id":32},{"id":33},{"id":34},{"id":35},{"id":36}]},{"name":"Nairda","id":226,"guid":190429716,"type":"Rogue","server":"Tichondrius","icon":"Rogue","fights":[{"id":2},{"id":3},{"id":4},{"id":5},{"id":6},{"id":7},{"id":8},{"id":9},{"id":10},{"id":11},{"id":12},{"id":13},{"id":14},{"id":15},{"id":16},{"id":17},{"id":18},{"id":19},{"id":20},{"id":21},{"id":22},{"id":23},{"id":24},{"id":25},{"id":26},{"id":27},{"id":28},{"id":29},{"id":30},{"id":31},{"id":34},{"id":35},{"id":36},{"id":37}]},{"name":"Scrìpt","id":39,"guid":180319824,"type":"Warlock","server":"Tichondrius","icon":"Warlock","fights":[{"id":1},{"id":2},{"id":3},{"id":4},{"id":5},{"id":6},{"id":7},{"id":8},{"id":9},{"id":10},{"id":11},{"id":12},{"id":13},{"id":14},{"id":15},{"id":16},{"id":17},{"id":18},{"id":19},{"id":20},{"id":21},{"id":22},{"id":23},{"id":24},{"id":25},{"id":26},{"id":27},{"id":28},{"id":29},{"id":30},{"id":31},{"id":32},{"id":33},{"id":34},{"id":35},{"id":36},{"id":37}]},{"name":"Noodlesp","id":194,"guid":186921533,"type":"Priest","server":"Tichondrius","icon":"Priest-Shadow","fights":[{"id":2},{"id":3},{"id":4},{"id":5},{"id":6},{"id":7},{"id":8},{"id":9},{"id":10},{"id":11},{"id":12},{"id":13},{"id":14},{"id":15},{"id":16},{"id":17},{"id":18},{"id":19},{"id":20},{"id":21},{"id":22},{"id":23},{"id":24},{"id":25},{"id":26},{"id":27},{"id":28},{"id":29},{"id":30},{"id":31},{"id":32},{"id":33},{"id":34},{"id":35},{"id":36},{"id":37}]},{"name":"Marmalaid","id":192,"guid":124662126,"type":"Priest","server":"Kil'jaeden","icon":"Priest-Shadow","fights":[{"id":1}]},{"name":"Millen","id":189,"guid":44059919,"type":"Hunter","server":"Tichondrius","icon":"Hunter-BeastMastery","fights":[{"id":2},{"id":3},{"id":4},{"id":5},{"id":6},{"id":7},{"id":8},{"id":9},{"id":10},{"id":11},{"id":12},{"id":13},{"id":15},{"id":16},{"id":17},{"id":18},{"id":19},{"id":20},{"id":21},{"id":22},{"id":23},{"id":24},{"id":25},{"id":26},{"id":27},{"id":28},{"id":29},{"id":30},{"id":31},{"id":32},{"id":33},{"id":34},{"id":35},{"id":36}]},{"name":"Lukkiy","id":201,"guid":204111355,"type":"Shaman","server":"Tichondrius","icon":"Shaman-Restoration","fights":[{"id":2},{"id":3},{"id":4},{"id":5},{"id":6},{"id":7},{"id":8},{"id":9},{"id":10},{"id":11},{"id":12},{"id":13},{"id":14},{"id":15},{"id":16},{"id":17},{"id":18},{"id":19},{"id":20},{"id":21},{"id":22},{"id":23},{"id":24},{"id":25},{"id":26},{"id":27},{"id":28},{"id":29},{"id":30},{"id":31},{"id":33},{"id":34},{"id":35},{"id":36},{"id":37}]},{"name":"Dreamlessqt","id":42,"guid":188619784,"type":"Priest","server":"Tichondrius","icon":"Priest","fights":[{"id":2},{"id":3},{"id":4},{"id":5},{"id":6},{"id":7},{"id":8},{"id":9},{"id":10},{"id":11},{"id":12},{"id":13},{"id":14},{"id":15},{"id":16},{"id":17},{"id":18},{"id":19},{"id":20},{"id":21},{"id":22},{"id":23},{"id":24},{"id":25},{"id":26},{"id":27},{"id":28},{"id":29},{"id":30},{"id":31},{"id":32},{"id":33},{"id":34},{"id":35},{"id":36},{"id":37}]},{"name":"Bigshaman","id":211,"guid":180979214,"type":"Shaman","server":"Tichondrius","icon":"Shaman-Restoration","fights":[{"id":2},{"id":3},{"id":4},{"id":5},{"id":6},{"id":7},{"id":8},{"id":9},{"id":10},{"id":11},{"id":12},{"id":13},{"id":14},{"id":15},{"id":16},{"id":17},{"id":18},{"id":19},{"id":20},{"id":21},{"id":22},{"id":23},{"id":24},{"id":25},{"id":26},{"id":27},{"id":28},{"id":29},{"id":30},{"id":31},{"id":32},{"id":33},{"id":34},{"id":35},{"id":36},{"id":37}]},{"name":"Reela","id":30,"guid":94225183,"type":"Mage","server":"Tichondrius","icon":"Mage-Frost","fights":[{"id":2},{"id":3},{"id":4},{"id":5},{"id":6},{"id":7},{"id":8},{"id":9},{"id":10},{"id":11},{"id":12},{"id":13},{"id":15},{"id":16},{"id":17},{"id":18},{"id":19},{"id":20},{"id":21},{"id":22},{"id":23},{"id":24},{"id":25},{"id":26},{"id":27},{"id":28},{"id":29},{"id":30},{"id":32},{"id":33},{"id":34},{"id":35},{"id":36},{"id":37}]},{"name":"Roff","id":199,"guid":198390382,"type":"DemonHunter","server":"Tichondrius","icon":"DemonHunter-Havoc","fights":[{"id":2},{"id":3},{"id":4},{"id":5},{"id":6},{"id":7},{"id":8},{"id":9},{"id":10},{"id":11},{"id":12},{"id":13},{"id":15},{"id":16},{"id":17},{"id":18},{"id":19},{"id":20},{"id":21},{"id":22},{"id":23},{"id":24},{"id":25},{"id":26},{"id":27},{"id":28},{"id":29},{"id":30},{"id":32},{"id":33},{"id":34},{"id":35},{"id":36},{"id":37}]},{"name":"Rayelin","id":190,"guid":138711790,"type":"Warrior","server":"Tichondrius","icon":"Warrior-Fury","fights":[{"id":7},{"id":8},{"id":9},{"id":10},{"id":11},{"id":12},{"id":13},{"id":15},{"id":16},{"id":17},{"id":18},{"id":19},{"id":20},{"id":21},{"id":22},{"id":23},{"id":24},{"id":25},{"id":26},{"id":27},{"id":28},{"id":29},{"id":30},{"id":31},{"id":34},{"id":35},{"id":36},{"id":37}]}],"enemies":[{"name":"Mindgate","id":375,"guid":158374,"type":"NPC","icon":"custom-icon-ability_kaztik_dominatemind","fights":[{"id":23,"instances":1},{"id":24,"instances":2},{"id":25,"instances":1},{"id":26,"instances":2},{"id":28,"instances":2},{"id":29,"instances":2},{"id":30,"instances":2}]},{"name":"Shath'Yar Scribe","id":214,"guid":163690,"type":"NPC","icon":"custom-icon-inv_enchant_voidsphere","fights":[{"id":2,"instances":2,"groups":1}]},{"name":"Deresh of the Nothingness","id":286,"guid":159768,"type":"NPC","icon":"custom-icon-ability_ironmaidens_convulsiveshadows","fights":[{"id":4,"instances":1}]},{"name":"Night Terror","id":343,"guid":160937,"type":"NPC","icon":"custom-icon-sha_spell_fire_ragnaros_supernova_nightmare","fights":[{"id":12,"instances":1}]},{"name":"N'Zoth the Corruptor","id":369,"guid":158041,"type":"Boss","icon":"custom-icon-spell_shadow_painandsuffering","fights":[{"id":23,"instances":1},{"id":24,"instances":1},{"id":25,"instances":1},{"id":26,"instances":1},{"id":28,"instances":1},{"id":29,"instances":1},{"id":30,"instances":1},{"id":31,"instances":1}]},{"name":"Umbral Gatekeeper","id":246,"guid":163708,"type":"NPC","icon":"custom-icon-spell_priest_void-blast","fights":[{"id":3,"instances":2,"groups":1}]},{"name":"Kahlai","id":183,"guid":168968259,"type":"Paladin","server":"Tichondrius","icon":"Paladin","fights":[{"id":1}]},{"name":"Vita Portal","id":324,"guid":161943,"type":"NPC","icon":"custom-icon-trade_engineering","fights":[{"id":11,"instances":1},{"id":12,"instances":1},{"id":13,"instances":1},{"id":15,"instances":1}]},{"name":"Psychophage","id":374,"guid":163947,"type":"NPC","icon":"custom-icon-spell_shadow_brainwash","excludeFromReplayUnitFrames":true,"fights":[{"id":23,"instances":12,"groups":3},{"id":24,"instances":24,"groups":4},{"id":25,"instances":12,"groups":2},{"id":26,"instances":24,"groups":4},{"id":28,"instances":24,"groups":4},{"id":29,"instances":24,"groups":4},{"id":30,"instances":24,"groups":4}]},{"name":"High Executor Yothrim","id":196,"guid":158597,"type":"NPC","icon":"custom-icon-spell_warlock_demonsoul","fights":[{"id":1,"instances":1}]},{"name":"Queen Azshara","id":401,"guid":156579,"type":"NPC","icon":"custom-icon-ability_warlock_eradication","fights":[{"id":34,"instances":1},{"id":35,"instances":1},{"id":36,"instances":1},{"id":37,"instances":1}]},{"name":"Ra-den","id":323,"guid":156866,"type":"Boss","icon":"custom-icon-ability_deathwing_bloodcorruption_death","fights":[{"id":11,"instances":1},{"id":12,"instances":1},{"id":13,"instances":1},{"id":15,"instances":1}]},{"name":"Demented Knife-Twister","id":271,"guid":159417,"type":"NPC","icon":"custom-icon-ability_rogue_shadowyduel","fights":[{"id":3,"instances":4,"groups":2},{"id":16,"instances":2,"groups":1},{"id":32,"instances":2,"groups":1}]},{"name":"Eye of the Depths","id":273,"guid":159510,"type":"NPC","icon":"NPC","fights":[{"id":3,"instances":1},{"id":4,"instances":1},{"id":16,"instances":1}]},{"name":"Deathwing","id":380,"guid":160665,"type":"NPC","icon":"custom-icon-spell_fire_felflamering_red","fights":[{"id":23,"instances":1,"groups":4},{"id":24,"instances":1,"groups":4},{"id":25,"instances":1,"groups":4},{"id":26,"instances":1,"groups":4},{"id":28,"instances":1,"groups":4},{"id":29,"instances":1,"groups":4},{"id":30,"instances":1,"groups":4}]},{"name":"Aqir Swarmer","id":281,"guid":162664,"type":"NPC","icon":"custom-icon-ability_fixated_state_red","fights":[{"id":3,"instances":5,"groups":1},{"id":4,"instances":5,"groups":1}]},{"name":"N'Zoth the Corruptor","id":383,"guid":162480,"type":"NPC","icon":"custom-icon-spell_priest_void-blast","fights":[{"id":23,"instances":1,"groups":2},{"id":24,"instances":1,"groups":4},{"id":25,"instances":1,"groups":2},{"id":26,"instances":1,"groups":4},{"id":28,"instances":1,"groups":4},{"id":29,"instances":1,"groups":4},{"id":30,"instances":1,"groups":4}]},{"name":"Umbral Seer","id":237,"guid":159219,"type":"NPC","icon":"custom-icon-spell_priest_divinestar_shadow2","fights":[{"id":3,"instances":2,"groups":1},{"id":16,"instances":3,"groups":1}]},{"name":"Nightmare Antigen","id":357,"guid":157452,"type":"NPC","icon":"custom-icon-sha_spell_fire_ragnaros_supernova_nightmare","excludeFromReplayUnitFrames":true,"fights":[{"id":19,"instances":53,"groups":1},{"id":20,"instances":23,"groups":1},{"id":21,"instances":87,"groups":3},{"id":22,"instances":95,"groups":4}]},{"name":"Void Portal","id":325,"guid":161945,"type":"NPC","icon":"custom-icon-trade_engineering","fights":[{"id":11,"instances":1},{"id":12,"instances":1},{"id":13,"instances":1},{"id":15,"instances":1}]},{"name":"Thrashing Tentacle","id":364,"guid":162159,"type":"NPC","icon":"custom-icon-ability_golemthunderclap","fights":[{"id":21,"instances":2},{"id":22,"instances":2}]},{"name":"Psychus","id":377,"guid":158376,"type":"NPC","icon":"custom-icon-spell_shadow_shadetruesight","fights":[{"id":23,"instances":1,"groups":2},{"id":24,"instances":2,"groups":2},{"id":25,"instances":1,"groups":1},{"id":26,"instances":2,"groups":3},{"id":28,"instances":2,"groups":2},{"id":29,"instances":2,"groups":2},{"id":30,"instances":2,"groups":3}]},{"name":"Flayed Soul","id":403,"guid":157005,"type":"NPC","icon":"custom-icon-ability_demonhunter_soulcleave2","fights":[{"id":36,"instances":24,"groups":3}]},{"name":"Essence of Vita","id":335,"guid":156884,"type":"NPC","icon":"custom-icon-ability_thunderking_lightningwhip","fights":[{"id":12,"instances":2,"groups":3},{"id":13,"instances":1,"groups":1},{"id":15,"instances":2,"groups":2}]},{"name":"Dark Inquisitor Xanesh","id":256,"guid":156575,"type":"Boss","icon":"custom-icon-inv_gauntlets_09","fights":[{"id":34,"instances":1},{"id":35,"instances":1},{"id":36,"instances":1}]},{"name":"Aqir Swarmkeeper","id":274,"guid":162303,"type":"NPC","icon":"custom-icon-inv_inscription_pigment_bug07","fights":[{"id":3,"instances":1},{"id":4,"instances":1}]},{"name":"Aqir Drone","id":283,"guid":162306,"type":"NPC","icon":"NPC","fights":[{"id":4,"instances":10,"groups":2}]},{"name":"Gryth'ax the Executioner","id":213,"guid":159224,"type":"NPC","icon":"custom-icon-spell_shadow_painspike","fights":[{"id":2,"instances":1}]},{"name":"Aqir Crusher","id":288,"guid":161218,"type":"NPC","icon":"custom-icon-inv_misc_volatileearth","fights":[{"id":5,"instances":2,"groups":1},{"id":8,"instances":1,"groups":1}]},{"name":"Essence of Void","id":337,"guid":156980,"type":"NPC","icon":"custom-icon-inv_enchant_voidsphere","fights":[{"id":12,"instances":2,"groups":2},{"id":13,"instances":1,"groups":2},{"id":15,"instances":2,"groups":3}]},{"name":"Psychophage","id":379,"guid":163836,"type":"NPC","icon":"custom-icon-spell_shadow_brainwash","excludeFromReplayUnitFrames":true,"fights":[{"id":23,"instances":14,"groups":1},{"id":24,"instances":28,"groups":2},{"id":25,"instances":14,"groups":1},{"id":26,"instances":28,"groups":2},{"id":28,"instances":28,"groups":2},{"id":29,"instances":28,"groups":2},{"id":30,"instances":30,"groups":2}]},{"name":"Exposed Synapse","id":376,"guid":159578,"type":"NPC","icon":"custom-icon-spell_nature_focusedmind","fights":[{"id":23,"instances":20,"groups":2},{"id":24,"instances":40,"groups":4},{"id":25,"instances":20,"groups":2},{"id":26,"instances":40,"groups":4},{"id":28,"instances":40,"groups":4},{"id":29,"instances":40,"groups":4},{"id":30,"instances":40,"groups":4}]},{"name":"Basher Tentacle","id":372,"guid":158367,"type":"NPC","icon":"custom-icon-spell_priest_voidtendrils","fights":[{"id":23,"instances":6,"groups":4},{"id":24,"instances":12,"groups":8},{"id":25,"instances":7,"groups":5},{"id":26,"instances":12,"groups":8},{"id":28,"instances":12,"groups":8},{"id":29,"instances":12,"groups":8},{"id":30,"instances":12,"groups":7}]},{"name":"Cultist Sycophant","id":400,"guid":161251,"type":"NPC","icon":"custom-icon-ability_ironmaidens_sanguinestrikes","fights":[{"id":33,"instances":8,"groups":1}]},{"name":"Aqir Skitterer","id":275,"guid":161217,"type":"NPC","icon":"custom-icon-ability_fixated_state_red","fights":[{"id":3,"instances":7,"groups":1},{"id":4,"instances":11,"groups":2},{"id":5,"instances":50,"groups":1},{"id":8,"instances":21,"groups":1}]},{"name":"Essence of Nightmare","id":339,"guid":160663,"type":"NPC","icon":"custom-icon-sha_spell_fire_blueflamering_nightmare","fights":[{"id":12,"instances":2,"groups":3},{"id":13,"instances":1,"groups":1},{"id":15,"instances":2,"groups":3}]},{"name":"Amalgamation of Flesh","id":345,"guid":163841,"type":"NPC","icon":"custom-icon-inv_enchant_voidsphere","fights":[{"id":17,"instances":24,"groups":1}]},{"name":"Spike Tentacle","id":371,"guid":160249,"type":"NPC","icon":"custom-icon-spell_shadow_painspike","fights":[{"id":23,"instances":16,"groups":4},{"id":24,"instances":32,"groups":5},{"id":25,"instances":19,"groups":2},{"id":26,"instances":32,"groups":6},{"id":28,"instances":32,"groups":5},{"id":29,"instances":32,"groups":5},{"id":30,"instances":32,"groups":4}]},{"name":"Mycelial Cyst","id":360,"guid":157461,"type":"NPC","icon":"custom-icon-inv_artifact_bloodoftheassassinated","excludeFromReplayUnitFrames":true,"fights":[{"id":19,"instances":45,"groups":1},{"id":20,"instances":5,"groups":1},{"id":21,"instances":61,"groups":2},{"id":22,"instances":63,"groups":2}]},{"name":"Synthesis Growth","id":361,"guid":157474,"type":"NPC","icon":"NPC","fights":[{"id":19,"instances":1,"groups":1},{"id":21,"instances":3,"groups":2},{"id":22,"instances":4,"groups":3}]},{"name":"Tek'ris","id":290,"guid":157254,"type":"Boss","icon":"custom-icon-ability_priest_voidentropy","fights":[{"id":6,"instances":1},{"id":7,"instances":1}]},{"name":"Aqir Heartpiercer","id":282,"guid":162305,"type":"NPC","icon":"custom-icon-inv_misc_organ_01","fights":[{"id":4,"instances":4,"groups":1}]},{"name":"Voidspawn Annihilator","id":393,"guid":163612,"type":"Boss","icon":"custom-icon-inv_elemental_primal_shadow","fights":[{"id":30,"instances":1}]},{"name":"Acidic Aqir","id":309,"guid":161019,"type":"NPC","icon":"custom-icon-ability_creature_poison_06","fights":[{"id":7,"instances":24,"groups":3}]},{"name":"Dying Voidspawn","id":253,"guid":163712,"type":"NPC","icon":"custom-icon-ability_fixated_state_red","fights":[{"id":3,"instances":15,"groups":1}]},{"name":"Gaze of Madness","id":358,"guid":157442,"type":"NPC","icon":"custom-icon-inv_elemental_primal_shadow","fights":[{"id":19,"instances":2,"groups":1},{"id":20,"instances":2,"groups":1},{"id":21,"instances":2,"groups":1},{"id":22,"instances":2,"groups":1}]},{"name":"Maddened Conscript","id":241,"guid":159305,"type":"NPC","icon":"custom-icon-ability_racial_bloodrage","fights":[{"id":3,"instances":6,"groups":4},{"id":16,"instances":2,"groups":1},{"id":33,"instances":2,"groups":1}]},{"name":"Synthesis Growth","id":359,"guid":157475,"type":"NPC","icon":"custom-icon-spell_necro_necroticsmash","fights":[{"id":19,"instances":16,"groups":2},{"id":20,"instances":16,"groups":3},{"id":21,"instances":16,"groups":1},{"id":22,"instances":16,"groups":1}]},{"name":"Void Fanatic","id":242,"guid":160183,"type":"NPC","icon":"NPC","fights":[{"id":3,"instances":14,"groups":2},{"id":16,"instances":2,"groups":1}]},{"name":"Corrupted Neuron","id":381,"guid":162331,"type":"NPC","icon":"NPC","fights":[{"id":23,"instances":13,"groups":1},{"id":24,"instances":22,"groups":2},{"id":25,"instances":8,"groups":1},{"id":26,"instances":17,"groups":2},{"id":28,"instances":17,"groups":2},{"id":29,"instances":26,"groups":2},{"id":30,"instances":27,"groups":2}]},{"name":"Fury of N'Zoth","id":351,"guid":157439,"type":"Boss","icon":"custom-icon-spell_priest_void-blast","fights":[{"id":18,"instances":1},{"id":19,"instances":1},{"id":20,"instances":1},{"id":21,"instances":1},{"id":22,"instances":1}]},{"name":"Faceless Despoiler","id":193,"guid":156568,"type":"NPC","icon":"NPC","fights":[{"id":1,"instances":1}]},{"name":"Aqir Darter","id":311,"guid":157256,"type":"NPC","icon":"custom-icon-ability_vehicle_sonicshockwave","fights":[{"id":7,"instances":6,"groups":2}]},{"name":"Crackling Stalker","id":341,"guid":157365,"type":"NPC","icon":"custom-icon-spell_lightning_lightningbolt01","fights":[{"id":12,"instances":2},{"id":13,"instances":1},{"id":15,"instances":1}]},{"name":"Aqir Venomweaver","id":287,"guid":161229,"type":"NPC","icon":"custom-icon-spell_nature_corrosivebreath","fights":[{"id":5,"instances":2,"groups":1}]},{"name":"Jesh'ra","id":263,"guid":159764,"type":"NPC","icon":"custom-icon-ability_rogue_envelopingshadows","fights":[{"id":3,"instances":1,"groups":2}]},{"name":"Awakened Terror","id":404,"guid":162432,"type":"NPC","icon":"NPC","fights":[{"id":36,"instances":6,"groups":2}]},{"name":"Acidic Aqir","id":310,"guid":159173,"type":"NPC","icon":"custom-icon-ability_creature_poison_06","fights":[{"id":7,"instances":2}]},{"name":"Chittering Waspling","id":314,"guid":161837,"type":"NPC","icon":"NPC","fights":[{"id":8,"instances":8,"groups":1}]},{"name":"Zealous Adherent","id":270,"guid":159308,"type":"NPC","icon":"custom-icon-ability_ironmaidens_convulsiveshadows","fights":[{"id":3,"instances":6,"groups":3},{"id":9,"instances":4,"groups":1},{"id":10,"instances":8,"groups":1},{"id":16,"instances":3,"groups":1}]},{"name":"Monstrous Behemoth","id":247,"guid":159303,"type":"NPC","icon":"custom-icon-ability_warlock_everlastingaffliction","fights":[{"id":3,"instances":4,"groups":3},{"id":16,"instances":1,"groups":1},{"id":33,"instances":1,"groups":1}]},{"name":"Sylvanas Windrunner","id":385,"guid":160671,"type":"NPC","icon":"custom-icon-ability_theblackarrow","fights":[{"id":24,"instances":1,"groups":4},{"id":26,"instances":1,"groups":3},{"id":28,"instances":1,"groups":3},{"id":29,"instances":1,"groups":3},{"id":30,"instances":1,"groups":3}]},{"name":"Occult Shadowmender","id":244,"guid":159425,"type":"NPC","icon":"custom-icon-spell_shadow_painspike","fights":[{"id":3,"instances":3},{"id":16,"instances":2},{"id":33,"instances":2}]},{"name":"Dark Ritualist","id":399,"guid":161286,"type":"NPC","icon":"custom-icon-spell_priest_divinestar_shadow2","fights":[{"id":33,"instances":2,"groups":1}]},{"name":"Aqir Drone","id":308,"guid":157255,"type":"NPC","icon":"custom-icon-ability_fixated_state_red","fights":[{"id":7,"instances":20,"groups":2}]},{"name":"Void Hunter","id":342,"guid":157366,"type":"NPC","icon":"custom-icon-ability_warlock_shadowfurytga","fights":[{"id":12,"instances":1},{"id":13,"instances":1},{"id":14,"instances":1},{"id":15,"instances":1}]},{"name":"Horrific Hemorrhage","id":356,"guid":157486,"type":"NPC","icon":"NPC","fights":[{"id":19,"instances":8,"groups":1},{"id":20,"instances":8,"groups":1},{"id":21,"instances":8,"groups":1},{"id":22,"instances":8,"groups":1}]},{"name":"Engorged Maggot","id":313,"guid":161833,"type":"NPC","icon":"NPC","fights":[{"id":8,"instances":5,"groups":1},{"id":9,"instances":3,"groups":1}]},{"name":"Ka'zir","id":291,"guid":157253,"type":"Boss","icon":"custom-icon-ability_pet_baneling","fights":[{"id":6,"instances":1},{"id":7,"instances":1}]},{"name":"Nightmare Portal","id":326,"guid":160643,"type":"NPC","icon":"custom-icon-trade_engineering","fights":[{"id":11,"instances":1},{"id":12,"instances":1},{"id":13,"instances":1},{"id":15,"instances":1}]},{"name":"Corruptor Tentacle","id":370,"guid":158375,"type":"NPC","icon":"custom-icon-spell_yorsahj_bloodboil_purple","fights":[{"id":23,"instances":6,"groups":4},{"id":24,"instances":12,"groups":7},{"id":25,"instances":7,"groups":5},{"id":26,"instances":12,"groups":7},{"id":28,"instances":12,"groups":8},{"id":29,"instances":12,"groups":7},{"id":30,"instances":12,"groups":7}]},{"name":"Abyssal Watcher","id":315,"guid":161173,"type":"NPC","icon":"custom-icon-ability_demonhunter_soulcleave","fights":[{"id":9,"instances":3,"groups":1},{"id":10,"instances":2,"groups":1}]},{"name":"Thought Harvester","id":388,"guid":162933,"type":"NPC","icon":"custom-icon-spell_shadow_brainwash","fights":[{"id":26,"instances":6,"groups":2},{"id":28,"instances":6,"groups":3},{"id":29,"instances":6,"groups":2},{"id":30,"instances":8,"groups":4}]},{"name":"Void Initiate","id":238,"guid":160182,"type":"NPC","icon":"custom-icon-ability_ironmaidens_convulsiveshadows","fights":[{"id":3,"instances":17,"groups":3},{"id":16,"instances":2,"groups":2}]}],"friendlyPets":[{"name":"Shadowfiend","id":312,"guid":19668,"type":"Pet","icon":"abilities/spell_shadow_shadowfiend","petOwner":42,"fights":[{"id":7,"instances":1},{"id":19,"instances":1},{"id":20,"instances":1},{"id":21,"instances":2},{"id":22,"instances":2},{"id":23,"instances":1},{"id":24,"instances":2},{"id":25,"instances":1},{"id":26,"instances":2},{"id":28,"instances":2},{"id":29,"instances":2},{"id":30,"instances":3},{"id":36,"instances":1}]},{"name":"Zorham","id":243,"guid":59718482,"type":"Pet","icon":"abilities/spell_shadow_summonimp","petOwner":235,"fights":[{"id":3,"instances":1},{"id":4,"instances":1},{"id":5,"instances":1},{"id":6,"instances":1},{"id":7,"instances":1},{"id":8,"instances":1},{"id":9,"instances":1},{"id":10,"instances":1},{"id":11,"instances":1},{"id":12,"instances":1},{"id":13,"instances":1},{"id":15,"instances":1},{"id":23,"instances":1},{"id":24,"instances":1},{"id":25,"instances":1},{"id":26,"instances":1},{"id":28,"instances":1},{"id":29,"instances":1},{"id":30,"instances":1},{"id":31,"instances":1},{"id":33,"instances":1}]},{"name":"Guardian of Azeroth","id":332,"guid":152396,"type":"Pet","icon":"abilities/inv_glowing-azerite-geode","petOwner":200,"fights":[{"id":12,"instances":1},{"id":13,"instances":1},{"id":15,"instances":1},{"id":19,"instances":1},{"id":20,"instances":1},{"id":21,"instances":2},{"id":22,"instances":2}]},{"name":"Darkglare","id":333,"guid":103673,"type":"Pet","icon":"abilities/inv_beholderwarlock","petOwner":39,"fights":[{"id":12,"instances":1},{"id":13,"instances":1},{"id":15,"instances":1},{"id":16,"instances":1},{"id":19,"instances":1},{"id":20,"instances":1},{"id":21,"instances":2},{"id":22,"instances":2},{"id":23,"instances":1},{"id":24,"instances":3},{"id":25,"instances":1},{"id":26,"instances":4},{"id":28,"instances":4},{"id":29,"instances":4},{"id":30,"instances":5},{"id":33,"instances":1},{"id":36,"instances":1}]},{"name":"Capacitor Totem","id":266,"guid":61245,"type":"Pet","icon":"abilities/spell_nature_brilliance","petOwner":201,"fights":[{"id":3,"instances":2},{"id":4,"instances":1},{"id":8,"instances":1},{"id":10,"instances":1},{"id":16,"instances":1},{"id":17,"instances":1},{"id":19,"instances":1},{"id":20,"instances":1},{"id":24,"instances":1},{"id":26,"instances":2},{"id":28,"instances":3},{"id":29,"instances":2},{"id":30,"instances":2}]},{"name":"smileyface","id":218,"guid":45898016,"type":"Pet","icon":"abilities/ability_hunter_beastcall","petOwner":189,"fights":[{"id":2,"instances":1},{"id":3,"instances":1},{"id":4,"instances":1},{"id":5,"instances":1},{"id":7,"instances":1},{"id":8,"instances":1},{"id":9,"instances":1},{"id":10,"instances":1},{"id":11,"instances":1},{"id":12,"instances":1},{"id":13,"instances":1},{"id":15,"instances":1},{"id":16,"instances":1},{"id":17,"instances":1},{"id":19,"instances":1},{"id":20,"instances":1},{"id":21,"instances":1},{"id":22,"instances":1},{"id":23,"instances":1},{"id":24,"instances":1},{"id":25,"instances":1},{"id":26,"instances":1},{"id":28,"instances":1},{"id":29,"instances":1},{"id":30,"instances":1},{"id":31,"instances":1},{"id":32,"instances":1},{"id":33,"instances":1},{"id":34,"instances":1},{"id":35,"instances":1},{"id":36,"instances":1}]},{"name":"Darkglare","id":279,"guid":103673,"type":"Pet","icon":"abilities/inv_beholderwarlock","petOwner":235,"fights":[{"id":3,"instances":1},{"id":5,"instances":1},{"id":7,"instances":2},{"id":8,"instances":1},{"id":12,"instances":1},{"id":13,"instances":1},{"id":15,"instances":1},{"id":23,"instances":1},{"id":24,"instances":2},{"id":25,"instances":1},{"id":26,"instances":3},{"id":28,"instances":4},{"id":29,"instances":4},{"id":30,"instances":5},{"id":36,"instances":2}]},{"name":"Mindbender","id":340,"guid":62982,"type":"Pet","icon":"abilities/spell_shadow_soulleech_3","petOwner":42,"fights":[{"id":12,"instances":2},{"id":13,"instances":1},{"id":15,"instances":2}]},{"name":"Magus of the Dead","id":220,"guid":163366,"type":"Pet","icon":"abilities/artifactability_unholydeathknight_deathsembrace","petOwner":208,"fights":[{"id":2,"instances":1},{"id":3,"instances":3},{"id":7,"instances":5},{"id":12,"instances":6},{"id":13,"instances":3},{"id":15,"instances":5},{"id":19,"instances":5},{"id":20,"instances":3},{"id":21,"instances":6},{"id":22,"instances":8}]},{"name":"Risen Skulker","id":229,"guid":99541,"type":"Pet","icon":"abilities/spell_shadow_animatedead","petOwner":197,"fights":[{"id":2,"instances":1},{"id":3,"instances":1},{"id":4,"instances":1},{"id":5,"instances":1},{"id":6,"instances":1},{"id":7,"instances":1},{"id":8,"instances":1},{"id":9,"instances":1},{"id":10,"instances":1},{"id":11,"instances":1},{"id":12,"instances":1},{"id":13,"instances":1},{"id":14,"instances":2},{"id":15,"instances":1},{"id":16,"instances":1},{"id":17,"instances":1},{"id":19,"instances":2},{"id":20,"instances":1},{"id":21,"instances":3},{"id":22,"instances":3},{"id":23,"instances":1},{"id":24,"instances":2},{"id":25,"instances":1},{"id":26,"instances":1},{"id":28,"instances":1},{"id":29,"instances":1},{"id":30,"instances":1},{"id":31,"instances":1},{"id":32,"instances":1},{"id":33,"instances":1},{"id":35,"instances":1},{"id":36,"instances":1}]},{"name":"Niuzao","id":215,"guid":73967,"type":"Pet","icon":"abilities/spell_monk_brewmaster_spec","petOwner":207,"fights":[{"id":2,"instances":1},{"id":3,"instances":1},{"id":7,"instances":1},{"id":9,"instances":1},{"id":12,"instances":2},{"id":13,"instances":1},{"id":15,"instances":1},{"id":16,"instances":1},{"id":19,"instances":1},{"id":20,"instances":1},{"id":21,"instances":1},{"id":22,"instances":2},{"id":23,"instances":1},{"id":24,"instances":1},{"id":25,"instances":1},{"id":26,"instances":2},{"id":28,"instances":1},{"id":29,"instances":1},{"id":30,"instances":1},{"id":36,"instances":2}]},{"name":"Earthen Wall Totem","id":254,"guid":100943,"type":"Pet","icon":"abilities/spell_nature_stoneskintotem","petOwner":211,"fights":[{"id":3,"instances":4},{"id":4,"instances":1},{"id":5,"instances":1},{"id":7,"instances":3},{"id":8,"instances":1},{"id":10,"instances":1},{"id":12,"instances":4},{"id":13,"instances":1},{"id":15,"instances":2},{"id":16,"instances":1},{"id":17,"instances":1},{"id":19,"instances":2},{"id":20,"instances":1},{"id":21,"instances":3},{"id":22,"instances":5},{"id":23,"instances":1},{"id":24,"instances":5},{"id":25,"instances":2},{"id":26,"instances":6},{"id":28,"instances":4},{"id":29,"instances":4},{"id":30,"instances":8},{"id":33,"instances":1},{"id":36,"instances":3}]},{"name":"Guardian of Azeroth","id":330,"guid":152396,"type":"Pet","icon":"abilities/inv_glowing-azerite-geode","petOwner":194,"fights":[{"id":12,"instances":1},{"id":13,"instances":1},{"id":15,"instances":1},{"id":19,"instances":2},{"id":20,"instances":1},{"id":21,"instances":2},{"id":22,"instances":2},{"id":23,"instances":1},{"id":24,"instances":2},{"id":25,"instances":1},{"id":26,"instances":3},{"id":28,"instances":3},{"id":29,"instances":3},{"id":30,"instances":4},{"id":36,"instances":2}]},{"name":"Rune Weapon","id":277,"guid":27893,"type":"Pet","icon":"abilities/inv_sword_07","petOwner":216,"fights":[{"id":3,"instances":1},{"id":7,"instances":2},{"id":9,"instances":1},{"id":12,"instances":2},{"id":13,"instances":1},{"id":15,"instances":2},{"id":16,"instances":1},{"id":19,"instances":1},{"id":20,"instances":1},{"id":21,"instances":3},{"id":22,"instances":3},{"id":23,"instances":2},{"id":24,"instances":3},{"id":25,"instances":1},{"id":26,"instances":4},{"id":28,"instances":4},{"id":29,"instances":4},{"id":30,"instances":5},{"id":36,"instances":2}]},{"name":"Magus of the Dead","id":231,"guid":148797,"type":"Pet","icon":"abilities/achievement_ladydeathwhisper","petOwner":197,"fights":[{"id":2,"instances":1},{"id":3,"instances":3},{"id":4,"instances":3},{"id":5,"instances":2},{"id":7,"instances":8},{"id":9,"instances":1},{"id":10,"instances":2},{"id":12,"instances":8},{"id":13,"instances":2},{"id":15,"instances":9},{"id":16,"instances":4},{"id":17,"instances":1},{"id":19,"instances":13},{"id":20,"instances":4},{"id":21,"instances":8},{"id":22,"instances":14},{"id":23,"instances":6},{"id":24,"instances":16},{"id":25,"instances":6},{"id":26,"instances":19},{"id":28,"instances":18},{"id":29,"instances":20},{"id":30,"instances":29},{"id":31,"instances":29},{"id":33,"instances":4},{"id":36,"instances":7}]},{"name":"Magus of the Dead","id":232,"guid":163366,"type":"Pet","icon":"abilities/artifactability_unholydeathknight_deathsembrace","petOwner":197,"fights":[{"id":2,"instances":1},{"id":3,"instances":2},{"id":4,"instances":1},{"id":5,"instances":1},{"id":7,"instances":5},{"id":9,"instances":1},{"id":10,"instances":1},{"id":12,"instances":5},{"id":13,"instances":2},{"id":15,"instances":4},{"id":16,"instances":2},{"id":19,"instances":4},{"id":20,"instances":3},{"id":21,"instances":5},{"id":22,"instances":8},{"id":23,"instances":3},{"id":24,"instances":7},{"id":25,"instances":3},{"id":26,"instances":11},{"id":28,"instances":11},{"id":29,"instances":10},{"id":30,"instances":15},{"id":31,"instances":15},{"id":33,"instances":1},{"id":36,"instances":5}]},{"name":"Earthbind Totem","id":285,"guid":2630,"type":"Pet","icon":"abilities/spell_nature_strengthofearthtotem02","petOwner":201,"fights":[{"id":4,"instances":1},{"id":8,"instances":1}]},{"name":"Mindbender","id":302,"guid":62982,"type":"Pet","icon":"abilities/spell_shadow_soulleech_3","petOwner":194,"fights":[{"id":7,"instances":3},{"id":12,"instances":3},{"id":13,"instances":1},{"id":15,"instances":2},{"id":19,"instances":4},{"id":20,"instances":2},{"id":21,"instances":6},{"id":22,"instances":6},{"id":23,"instances":3},{"id":24,"instances":6},{"id":25,"instances":3},{"id":26,"instances":7},{"id":28,"instances":7},{"id":29,"instances":7},{"id":30,"instances":10},{"id":36,"instances":4}]},{"name":"Darkglare","id":306,"guid":103673,"type":"Pet","icon":"abilities/inv_beholderwarlock","petOwner":200,"fights":[{"id":7,"instances":1},{"id":12,"instances":1},{"id":13,"instances":1},{"id":15,"instances":1},{"id":19,"instances":1},{"id":20,"instances":1},{"id":21,"instances":2},{"id":22,"instances":2},{"id":23,"instances":1},{"id":24,"instances":3},{"id":25,"instances":1},{"id":26,"instances":3},{"id":28,"instances":4},{"id":29,"instances":3},{"id":30,"instances":5},{"id":36,"instances":2}]},{"name":"Roughy","id":223,"guid":44976077,"type":"Pet","icon":"abilities/ability_hunter_beastcall","petOwner":198,"fights":[{"id":2,"instances":1},{"id":3,"instances":1},{"id":4,"instances":1},{"id":5,"instances":1},{"id":6,"instances":1},{"id":7,"instances":1},{"id":8,"instances":1},{"id":9,"instances":1},{"id":10,"instances":1},{"id":11,"instances":1},{"id":12,"instances":1},{"id":13,"instances":1},{"id":15,"instances":1},{"id":16,"instances":1},{"id":17,"instances":1},{"id":19,"instances":1},{"id":20,"instances":1},{"id":21,"instances":1},{"id":22,"instances":1},{"id":23,"instances":1},{"id":24,"instances":1},{"id":25,"instances":1},{"id":26,"instances":1},{"id":28,"instances":1},{"id":29,"instances":1},{"id":30,"instances":1},{"id":31,"instances":1},{"id":34,"instances":1},{"id":35,"instances":1},{"id":36,"instances":1}]},{"name":"Guardian of Azeroth","id":329,"guid":152396,"type":"Pet","icon":"abilities/inv_glowing-azerite-geode","petOwner":190,"fights":[{"id":12,"instances":1},{"id":13,"instances":1},{"id":15,"instances":1},{"id":36,"instances":1}]},{"name":"Demonic Gateway","id":395,"guid":59262,"type":"Pet","icon":"custom-icon-trade_engineering","petOwner":235,"fights":[{"id":30,"instances":1}]},{"name":"Pryyfun","id":222,"guid":42458099,"type":"Pet","icon":"abilities/spell_shadow_summonfelhunter","petOwner":39,"fights":[{"id":2,"instances":1},{"id":3,"instances":1},{"id":4,"instances":1},{"id":5,"instances":1},{"id":6,"instances":1},{"id":34,"instances":1},{"id":35,"instances":1},{"id":36,"instances":1}]},{"name":"Jhuukun","id":240,"guid":63544737,"type":"Pet","icon":"abilities/spell_shadow_summonfelhunter","petOwner":235,"fights":[{"id":35,"instances":1},{"id":36,"instances":1}]},{"name":"Healing Tide Totem","id":259,"guid":59764,"type":"Pet","icon":"abilities/ability_shaman_healingtide","petOwner":201,"fights":[{"id":3,"instances":5},{"id":4,"instances":2},{"id":5,"instances":4},{"id":7,"instances":3},{"id":9,"instances":1},{"id":10,"instances":1},{"id":12,"instances":2},{"id":13,"instances":1},{"id":15,"instances":2},{"id":16,"instances":3},{"id":17,"instances":1},{"id":19,"instances":4},{"id":20,"instances":4},{"id":21,"instances":11},{"id":22,"instances":8},{"id":23,"instances":3},{"id":24,"instances":9},{"id":25,"instances":3},{"id":26,"instances":12},{"id":28,"instances":8},{"id":29,"instances":13},{"id":30,"instances":13},{"id":36,"instances":5}]},{"name":"Guardian of Azeroth","id":331,"guid":152396,"type":"Pet","icon":"abilities/inv_glowing-azerite-geode","petOwner":239,"fights":[{"id":12,"instances":2},{"id":13,"instances":1},{"id":15,"instances":1},{"id":20,"instances":1},{"id":21,"instances":2},{"id":22,"instances":2}]},{"name":"Mirror Image","id":276,"guid":31216,"type":"Pet","icon":"abilities/spell_magic_managain","petOwner":30,"fights":[{"id":3,"instances":3},{"id":7,"instances":3},{"id":12,"instances":3},{"id":24,"instances":3},{"id":26,"instances":6},{"id":28,"instances":3},{"id":29,"instances":3},{"id":30,"instances":9},{"id":31,"instances":9}]},{"name":"Phuushon","id":398,"guid":46066187,"type":"Pet","icon":"abilities/spell_shadow_summonfelhunter","petOwner":200,"fights":[{"id":33,"instances":1},{"id":34,"instances":1},{"id":35,"instances":1},{"id":36,"instances":1}]},{"name":"Earthen Wall Totem","id":251,"guid":100943,"type":"Pet","icon":"abilities/spell_nature_stoneskintotem","petOwner":201,"fights":[{"id":3,"instances":4},{"id":4,"instances":1},{"id":5,"instances":1},{"id":7,"instances":3},{"id":8,"instances":1},{"id":10,"instances":1},{"id":12,"instances":3},{"id":13,"instances":1},{"id":15,"instances":2},{"id":16,"instances":1},{"id":19,"instances":2},{"id":20,"instances":1},{"id":21,"instances":3},{"id":22,"instances":5},{"id":23,"instances":2},{"id":24,"instances":4},{"id":25,"instances":2},{"id":26,"instances":7},{"id":28,"instances":6},{"id":29,"instances":6},{"id":30,"instances":9},{"id":36,"instances":3}]},{"name":"Black Ox Statue","id":354,"guid":61146,"type":"Pet","icon":"abilities/monk_ability_summonoxstatue","petOwner":207,"fights":[{"id":19,"instances":2},{"id":20,"instances":1},{"id":21,"instances":5},{"id":22,"instances":6},{"id":23,"instances":4},{"id":24,"instances":7},{"id":25,"instances":5},{"id":26,"instances":11},{"id":28,"instances":14},{"id":29,"instances":10},{"id":30,"instances":12},{"id":33,"instances":1}]},{"name":"Healing Stream Totem","id":346,"guid":3527,"type":"Pet","icon":"abilities/inv_spear_04","petOwner":239,"fights":[{"id":17,"instances":1},{"id":19,"instances":1},{"id":21,"instances":2},{"id":22,"instances":1},{"id":24,"instances":4},{"id":25,"instances":2},{"id":26,"instances":1},{"id":28,"instances":2},{"id":29,"instances":3},{"id":30,"instances":5}]},{"name":"Risen Skulker","id":209,"guid":99541,"type":"Pet","icon":"abilities/spell_shadow_animatedead","petOwner":208,"fights":[{"id":2,"instances":1},{"id":3,"instances":1},{"id":4,"instances":1},{"id":5,"instances":1},{"id":7,"instances":1},{"id":10,"instances":1},{"id":11,"instances":1},{"id":12,"instances":1},{"id":13,"instances":1},{"id":14,"instances":2},{"id":15,"instances":1},{"id":16,"instances":1},{"id":17,"instances":1},{"id":19,"instances":1},{"id":20,"instances":1},{"id":21,"instances":3},{"id":22,"instances":3}]},{"name":"Greater Fire Elemental","id":265,"guid":95061,"type":"Pet","icon":"abilities/spell_fire_elemental_totem","petOwner":239,"fights":[{"id":3,"instances":1},{"id":12,"instances":2},{"id":13,"instances":1},{"id":15,"instances":1},{"id":19,"instances":1},{"id":20,"instances":1},{"id":21,"instances":2},{"id":22,"instances":3},{"id":23,"instances":1},{"id":24,"instances":3},{"id":25,"instances":2},{"id":26,"instances":4},{"id":28,"instances":3},{"id":29,"instances":3},{"id":30,"instances":5},{"id":33,"instances":1},{"id":36,"instances":2}]},{"name":"bockbockbock","id":217,"guid":47227383,"type":"Pet","icon":"custom-icon-ability_hunter_sickem","petOwner":189,"fights":[{"id":2,"instances":1},{"id":3,"instances":1},{"id":4,"instances":1},{"id":5,"instances":1},{"id":7,"instances":1},{"id":8,"instances":1},{"id":9,"instances":1},{"id":10,"instances":1},{"id":12,"instances":1},{"id":13,"instances":1},{"id":15,"instances":1},{"id":16,"instances":1},{"id":17,"instances":1},{"id":19,"instances":1},{"id":20,"instances":1},{"id":21,"instances":1},{"id":22,"instances":1},{"id":23,"instances":1},{"id":24,"instances":1},{"id":25,"instances":1},{"id":26,"instances":1},{"id":28,"instances":1},{"id":29,"instances":1},{"id":30,"instances":1},{"id":31,"instances":1},{"id":32,"instances":1},{"id":33,"instances":1},{"id":34,"instances":1},{"id":35,"instances":1},{"id":36,"instances":1}]},{"name":"Bloodworm","id":230,"guid":99773,"type":"Pet","icon":"abilities/spell_shadow_soulleech","petOwner":216,"fights":[{"id":2,"instances":4},{"id":3,"instances":12},{"id":4,"instances":7},{"id":5,"instances":2},{"id":7,"instances":14},{"id":8,"instances":1},{"id":9,"instances":2},{"id":10,"instances":4},{"id":12,"instances":19},{"id":13,"instances":4},{"id":15,"instances":14},{"id":16,"instances":4},{"id":17,"instances":4},{"id":19,"instances":13},{"id":20,"instances":7},{"id":21,"instances":27},{"id":22,"instances":21},{"id":23,"instances":11},{"id":24,"instances":21},{"id":25,"instances":15},{"id":26,"instances":39},{"id":28,"instances":31},{"id":29,"instances":31},{"id":30,"instances":42},{"id":36,"instances":13}]},{"name":"Guardian of Azeroth","id":305,"guid":152396,"type":"Pet","icon":"abilities/inv_glowing-azerite-geode","petOwner":199,"fights":[{"id":7,"instances":1},{"id":12,"instances":1},{"id":13,"instances":1},{"id":15,"instances":1},{"id":19,"instances":1},{"id":20,"instances":1},{"id":21,"instances":2},{"id":22,"instances":2},{"id":23,"instances":1},{"id":24,"instances":2},{"id":25,"instances":1},{"id":26,"instances":2},{"id":28,"instances":2},{"id":29,"instances":2},{"id":30,"instances":1},{"id":36,"instances":1}]},{"name":"Demonic Gateway","id":320,"guid":59262,"type":"Pet","icon":"custom-icon-trade_engineering","petOwner":200,"fights":[{"id":20,"instances":1},{"id":24,"instances":2}]},{"name":"Ratbasher","id":210,"guid":45353812,"type":"Pet","icon":"abilities/spell_shadow_animatedead","petOwner":208,"fights":[{"id":2,"instances":1},{"id":3,"instances":1},{"id":4,"instances":1},{"id":5,"instances":1},{"id":7,"instances":1},{"id":10,"instances":1},{"id":11,"instances":1},{"id":12,"instances":1},{"id":13,"instances":1},{"id":15,"instances":1},{"id":16,"instances":1},{"id":17,"instances":1},{"id":19,"instances":1},{"id":20,"instances":1},{"id":21,"instances":1},{"id":22,"instances":1}]},{"name":"Demonic Gateway","id":396,"guid":59271,"type":"Pet","icon":"custom-icon-trade_engineering","petOwner":235,"fights":[{"id":30,"instances":1}]},{"name":"Demonic Gateway","id":327,"guid":59262,"type":"Pet","icon":"custom-icon-trade_engineering","petOwner":39,"fights":[{"id":21,"instances":3},{"id":22,"instances":2},{"id":26,"instances":3},{"id":28,"instances":2},{"id":29,"instances":3},{"id":30,"instances":5}]},{"name":"Toughy","id":224,"guid":41988696,"type":"Pet","icon":"custom-icon-ability_hunter_sickem","petOwner":198,"fights":[{"id":2,"instances":1},{"id":3,"instances":1},{"id":4,"instances":1},{"id":5,"instances":1},{"id":6,"instances":1},{"id":7,"instances":1},{"id":8,"instances":1},{"id":9,"instances":1},{"id":10,"instances":1},{"id":11,"instances":1},{"id":12,"instances":1},{"id":13,"instances":1},{"id":15,"instances":1},{"id":16,"instances":1},{"id":17,"instances":1},{"id":19,"instances":1},{"id":20,"instances":1},{"id":21,"instances":1},{"id":22,"instances":1},{"id":23,"instances":1},{"id":24,"instances":1},{"id":25,"instances":1},{"id":26,"instances":1},{"id":28,"instances":1},{"id":29,"instances":1},{"id":30,"instances":1},{"id":31,"instances":1},{"id":34,"instances":1},{"id":35,"instances":1},{"id":36,"instances":1}]},{"name":"Magus of the Dead","id":219,"guid":148797,"type":"Pet","icon":"abilities/achievement_ladydeathwhisper","petOwner":208,"fights":[{"id":2,"instances":1},{"id":3,"instances":6},{"id":4,"instances":1},{"id":7,"instances":8},{"id":11,"instances":1},{"id":12,"instances":7},{"id":13,"instances":3},{"id":15,"instances":8},{"id":19,"instances":7},{"id":20,"instances":5},{"id":21,"instances":13},{"id":22,"instances":17}]},{"name":"Chokin","id":206,"guid":42458098,"type":"Pet","icon":"abilities/spell_shadow_summonimp","petOwner":39,"fights":[{"id":7,"instances":1},{"id":8,"instances":1},{"id":9,"instances":1},{"id":10,"instances":1},{"id":11,"instances":1},{"id":12,"instances":1},{"id":13,"instances":1},{"id":15,"instances":1},{"id":16,"instances":1},{"id":17,"instances":1},{"id":19,"instances":1},{"id":20,"instances":1},{"id":21,"instances":1},{"id":22,"instances":1},{"id":23,"instances":1},{"id":24,"instances":1},{"id":25,"instances":1},{"id":26,"instances":1},{"id":28,"instances":1},{"id":29,"instances":1},{"id":30,"instances":1},{"id":31,"instances":1},{"id":32,"instances":1},{"id":33,"instances":1}]},{"name":"Eyecatcher","id":228,"guid":41704332,"type":"Pet","icon":"abilities/spell_shadow_animatedead","petOwner":197,"fights":[{"id":2,"instances":1},{"id":3,"instances":1},{"id":4,"instances":1},{"id":5,"instances":1},{"id":7,"instances":1},{"id":8,"instances":1},{"id":9,"instances":1},{"id":10,"instances":1},{"id":12,"instances":1},{"id":13,"instances":1},{"id":15,"instances":1},{"id":16,"instances":1},{"id":17,"instances":1},{"id":19,"instances":1},{"id":20,"instances":1},{"id":21,"instances":1},{"id":22,"instances":1},{"id":23,"instances":1},{"id":24,"instances":1},{"id":25,"instances":1},{"id":26,"instances":1},{"id":28,"instances":1},{"id":29,"instances":1},{"id":30,"instances":1},{"id":32,"instances":1},{"id":33,"instances":1},{"id":34,"instances":1},{"id":35,"instances":1},{"id":36,"instances":1}]},{"name":"Quztik","id":202,"guid":46066189,"type":"Pet","icon":"abilities/spell_shadow_summonimp","petOwner":200,"fights":[{"id":2,"instances":1},{"id":3,"instances":1},{"id":4,"instances":1},{"id":5,"instances":1},{"id":6,"instances":1},{"id":7,"instances":1},{"id":8,"instances":1},{"id":9,"instances":1},{"id":10,"instances":1},{"id":11,"instances":1},{"id":12,"instances":1},{"id":13,"instances":1},{"id":15,"instances":1},{"id":16,"instances":1},{"id":17,"instances":1},{"id":19,"instances":1},{"id":20,"instances":1},{"id":21,"instances":1},{"id":22,"instances":1},{"id":23,"instances":1},{"id":24,"instances":1},{"id":25,"instances":1},{"id":26,"instances":1},{"id":28,"instances":1},{"id":29,"instances":1},{"id":30,"instances":1},{"id":31,"instances":1},{"id":32,"instances":1}]},{"name":"Mana Tide Totem","id":289,"guid":10467,"type":"Pet","icon":"abilities/spell_frost_summonwaterelemental","petOwner":211,"fights":[{"id":5,"instances":1},{"id":7,"instances":1},{"id":9,"instances":1},{"id":12,"instances":1},{"id":15,"instances":1},{"id":21,"instances":1},{"id":22,"instances":1},{"id":24,"instances":1},{"id":25,"instances":1},{"id":26,"instances":1},{"id":28,"instances":1},{"id":29,"instances":2},{"id":30,"instances":3},{"id":36,"instances":1}]},{"name":"Spirit Link Totem","id":267,"guid":53006,"type":"Pet","icon":"abilities/spell_shaman_spiritlink","petOwner":211,"fights":[{"id":3,"instances":1},{"id":7,"instances":1},{"id":9,"instances":1},{"id":12,"instances":1},{"id":21,"instances":2},{"id":22,"instances":2},{"id":24,"instances":1},{"id":26,"instances":1},{"id":28,"instances":1},{"id":29,"instances":1},{"id":30,"instances":2},{"id":33,"instances":1},{"id":36,"instances":1}]},{"name":"Risen Ghoul","id":284,"guid":26125,"type":"Pet","icon":"abilities/inv_pet_ghoul","petOwner":216,"fights":[{"id":4,"instances":1},{"id":7,"instances":2},{"id":12,"instances":2},{"id":13,"instances":1},{"id":15,"instances":2},{"id":19,"instances":1},{"id":20,"instances":1},{"id":21,"instances":2},{"id":22,"instances":2},{"id":23,"instances":2},{"id":24,"instances":3},{"id":25,"instances":2},{"id":26,"instances":3},{"id":28,"instances":4},{"id":29,"instances":4},{"id":30,"instances":5},{"id":36,"instances":2}]},{"name":"Demonic Gateway","id":328,"guid":59271,"type":"Pet","icon":"custom-icon-trade_engineering","petOwner":39,"fights":[{"id":21,"instances":3},{"id":22,"instances":2},{"id":26,"instances":3},{"id":28,"instances":2},{"id":29,"instances":3},{"id":30,"instances":4}]},{"name":"Earthbind Totem","id":365,"guid":2630,"type":"Pet","icon":"abilities/spell_nature_strengthofearthtotem02","petOwner":211,"fights":[{"id":22,"instances":1}]},{"name":"Spirit Link Totem","id":280,"guid":53006,"type":"Pet","icon":"abilities/spell_shaman_spiritlink","petOwner":201,"fights":[{"id":3,"instances":1},{"id":7,"instances":1},{"id":15,"instances":1},{"id":16,"instances":1},{"id":21,"instances":1},{"id":22,"instances":1},{"id":28,"instances":1},{"id":29,"instances":2},{"id":30,"instances":2},{"id":36,"instances":1}]},{"name":"Infernal","id":249,"guid":89,"type":"Pet","icon":"abilities/spell_shadow_summoninfernal","petOwner":39,"fights":[{"id":3,"instances":17},{"id":4,"instances":7},{"id":5,"instances":7},{"id":7,"instances":12},{"id":8,"instances":3},{"id":9,"instances":1}]},{"name":"Mana Tide Totem","id":278,"guid":10467,"type":"Pet","icon":"abilities/spell_frost_summonwaterelemental","petOwner":201,"fights":[{"id":3,"instances":1},{"id":7,"instances":1},{"id":12,"instances":1},{"id":13,"instances":1},{"id":15,"instances":1},{"id":20,"instances":1},{"id":21,"instances":1},{"id":22,"instances":2},{"id":23,"instances":1},{"id":24,"instances":2},{"id":25,"instances":1},{"id":26,"instances":3},{"id":28,"instances":3},{"id":29,"instances":2},{"id":30,"instances":3},{"id":36,"instances":1}]},{"name":"Demonic Gateway","id":321,"guid":59271,"type":"Pet","icon":"custom-icon-trade_engineering","petOwner":200,"fights":[{"id":20,"instances":1},{"id":24,"instances":2}]},{"name":"Primal Fire Elemental","id":304,"guid":61029,"type":"Pet","icon":"abilities/spell_fire_elemental_totem","petOwner":239,"fights":[{"id":7,"instances":1}]},{"name":"Jeeves","id":389,"guid":35642,"type":"Pet","icon":"abilities/inv_pet_lilsmoky","petOwner":190,"fights":[{"id":28,"instances":1}]},{"name":"Capacitor Totem","id":272,"guid":61245,"type":"Pet","icon":"abilities/spell_nature_brilliance","petOwner":239,"fights":[{"id":3,"instances":1},{"id":17,"instances":1},{"id":19,"instances":1},{"id":20,"instances":1},{"id":22,"instances":1},{"id":25,"instances":1},{"id":26,"instances":2},{"id":28,"instances":2},{"id":29,"instances":2},{"id":30,"instances":2},{"id":33,"instances":1}]},{"name":"Army of the Dead","id":221,"guid":24207,"type":"Pet","icon":"abilities/artifactability_unholydeathknight_deathsembrace","petOwner":208,"fights":[{"id":2,"instances":4},{"id":3,"instances":18},{"id":4,"instances":2},{"id":7,"instances":29},{"id":12,"instances":30},{"id":13,"instances":12},{"id":15,"instances":30},{"id":19,"instances":28},{"id":20,"instances":20},{"id":21,"instances":42},{"id":22,"instances":58}]},{"name":"Mirror Image","id":255,"guid":31216,"type":"Pet","icon":"abilities/spell_magic_managain","petOwner":31,"fights":[{"id":3,"instances":3},{"id":12,"instances":3},{"id":15,"instances":3},{"id":20,"instances":3},{"id":21,"instances":3},{"id":23,"instances":3},{"id":24,"instances":6},{"id":26,"instances":3},{"id":28,"instances":6},{"id":29,"instances":9},{"id":30,"instances":6}]},{"name":"Efflorescence","id":363,"guid":47649,"type":"Pet","icon":"abilities/inv_misc_herb_talandrasrose","petOwner":350,"fights":[{"id":20,"instances":1},{"id":21,"instances":3},{"id":22,"instances":3},{"id":24,"instances":4},{"id":25,"instances":1},{"id":26,"instances":6},{"id":28,"instances":9},{"id":29,"instances":5},{"id":30,"instances":4},{"id":36,"instances":1}]},{"name":"Healing Tide Totem","id":234,"guid":59764,"type":"Pet","icon":"abilities/ability_shaman_healingtide","petOwner":211,"fights":[{"id":2,"instances":1},{"id":3,"instances":5},{"id":4,"instances":1},{"id":5,"instances":1},{"id":7,"instances":3},{"id":8,"instances":2},{"id":10,"instances":1},{"id":12,"instances":5},{"id":13,"instances":3},{"id":15,"instances":2},{"id":16,"instances":2},{"id":17,"instances":1},{"id":19,"instances":7},{"id":20,"instances":1},{"id":21,"instances":7},{"id":22,"instances":6},{"id":23,"instances":4},{"id":24,"instances":7},{"id":25,"instances":3},{"id":26,"instances":15},{"id":28,"instances":9},{"id":29,"instances":10},{"id":30,"instances":15},{"id":33,"instances":3},{"id":36,"instances":2}]},{"name":"Capacitor Totem","id":264,"guid":61245,"type":"Pet","icon":"abilities/spell_nature_brilliance","petOwner":211,"fights":[{"id":3,"instances":1},{"id":16,"instances":1},{"id":21,"instances":1},{"id":24,"instances":1},{"id":26,"instances":1},{"id":28,"instances":1},{"id":29,"instances":2},{"id":30,"instances":2},{"id":33,"instances":1}]},{"name":"Army of the Dead","id":233,"guid":24207,"type":"Pet","icon":"abilities/artifactability_unholydeathknight_deathsembrace","petOwner":197,"fights":[{"id":2,"instances":4},{"id":3,"instances":10},{"id":4,"instances":8},{"id":5,"instances":6},{"id":7,"instances":28},{"id":9,"instances":4},{"id":10,"instances":6},{"id":11,"instances":2},{"id":12,"instances":30},{"id":13,"instances":12},{"id":15,"instances":30},{"id":16,"instances":12},{"id":17,"instances":2},{"id":19,"instances":38},{"id":20,"instances":18},{"id":21,"instances":30},{"id":22,"instances":52},{"id":23,"instances":18},{"id":24,"instances":50},{"id":25,"instances":20},{"id":26,"instances":68},{"id":28,"instances":66},{"id":29,"instances":67},{"id":30,"instances":100},{"id":33,"instances":10},{"id":36,"instances":28}]}],"enemyPets":[],"phases":[{"boss":2337,"phases":["Stage One: Exterior Carapace","Stage Two: Subcutaneous Tunnel","Stage Three: Locus of Infinite Truths"]},{"boss":2344,"phases":["Stage One: Writhing Onslaught","Stage Two: Convergence"]},{"boss":2331,"phases":["Gathering Power","Unleashed Wrath"]}],"logVersion":16,"gameVersion":1,"title":"We forgot everything!","owner":"josiahscript","start":1602813092537,"end":1602823168099,"zone":24,"exportedCharacters":[{"id":39878777,"name":"Arisialol","server":"Tichondrius","region":"US"},{"id":39272029,"name":"Astrosparkle","server":"Tichondrius","region":"US"},{"id":30149653,"name":"Bigshaman","server":"Tichondrius","region":"US"},{"id":51707656,"name":"Bootyonlockk","server":"Tichondrius","region":"US"},{"id":41884897,"name":"Dozur","server":"Tichondrius","region":"US"},{"id":40082753,"name":"Dreamlessqt","server":"Tichondrius","region":"US"},{"id":30010983,"name":"Drunkreight","server":"Tichondrius","region":"US"},{"id":41181366,"name":"Frendz","server":"Tichondrius","region":"US"},{"id":15503347,"name":"Kcrit","server":"Tichondrius","region":"US"},{"id":12124146,"name":"Keator","server":"Tichondrius","region":"US"},{"id":48820710,"name":"Lukkiy","server":"Tichondrius","region":"US"},{"id":42238690,"name":"Millen","server":"Tichondrius","region":"US"},{"id":38457061,"name":"Nairda","server":"Tichondrius","region":"US"},{"id":38233165,"name":"Noodlesp","server":"Tichondrius","region":"US"},{"id":6667015,"name":"Rayelin","server":"Tichondrius","region":"US"},{"id":4845389,"name":"Reela","server":"Tichondrius","region":"US"},{"id":39418500,"name":"Roff","server":"Tichondrius","region":"US"},{"id":24688024,"name":"Scrìpt","server":"Tichondrius","region":"US"},{"id":19302891,"name":"Skovald","server":"Tichondrius","region":"US"},{"id":12378893,"name":"Teme","server":"Tichondrius","region":"US"},{"id":9480621,"name":"Tàzdingo","server":"Tichondrius","region":"US"},{"id":23074788,"name":"Tòughy","server":"Tichondrius","region":"US"}]}