{"fights":[{"id":1,"boss":0,"start_time":589471,"end_time":605425,"name":"Mudlump","zoneID":2296,"zoneName":"Castle Nathria","zoneDifficulty":4},{"id":2,"boss":0,"start_time":693500,"end_time":779107,"name":"Hargitas","zoneID":2296,"zoneName":"Castle Nathria","zoneDifficulty":4},{"id":3,"boss":2398,"start_time":932594,"end_time":1130091,"name":"Shriekwing","zoneID":2296,"zoneName":"Castle Nathria","zoneDifficulty":4,"size":28,"difficulty":4,"kill":true,"partial":3,"bossPercentage":0,"fightPercentage":0,"lastPhaseForPercentageDisplay":1,"maps":[1735]},{"id":4,"boss":0,"start_time":1150873,"end_time":1268029,"name":"Kennel Overseer","zoneID":2296,"zoneName":"Castle Nathria","zoneDifficulty":4},{"id":5,"boss":0,"start_time":1291717,"end_time":1324306,"name":"Huntsman Altimor","zoneID":2296,"zoneName":"Castle Nathria","zoneDifficulty":4},{"id":6,"boss":2418,"start_time":1403862,"end_time":1622033,"name":"Huntsman Altimor","zoneID":2296,"zoneName":"Castle Nathria","zoneDifficulty":4,"size":27,"difficulty":4,"kill":false,"partial":3,"bossPercentage":2511,"fightPercentage":2511,"lastPhaseForPercentageDisplay":3,"maps":[1735]},{"id":7,"boss":2418,"start_time":1750585,"end_time":1997261,"name":"Huntsman Altimor","zoneID":2296,"zoneName":"Castle Nathria","zoneDifficulty":4,"size":27,"difficulty":4,"kill":true,"partial":3,"bossPercentage":0,"fightPercentage":0,"lastPhaseForPercentageDisplay":4,"maps":[1735]},{"id":8,"boss":0,"start_time":2014713,"end_time":2014736,"name":"Dusty Widow","zoneID":2296,"zoneName":"Castle Nathria","zoneDifficulty":4},{"id":9,"boss":0,"start_time":2046076,"end_time":2204209,"name":"Dread Feaster","zoneID":2296,"zoneName":"Castle Nathria","zoneDifficulty":4},{"id":10,"boss":0,"originalBoss":2383,"start_time":2241771,"end_time":2248644,"name":"Hungering Destroyer","zoneID":2296,"zoneName":"Castle Nathria","zoneDifficulty":4},{"id":11,"boss":0,"start_time":2248644,"end_time":2248644,"name":"Hungering Destroyer","zoneID":2296,"zoneName":"Castle Nathria","zoneDifficulty":4},{"id":12,"boss":2383,"start_time":2293253,"end_time":2513719,"name":"Hungering Destroyer","zoneID":2296,"zoneName":"Castle Nathria","zoneDifficulty":4,"size":28,"difficulty":4,"kill":true,"partial":3,"bossPercentage":0,"fightPercentage":0,"lastPhaseForPercentageDisplay":0,"maps":[1735]},{"id":13,"boss":0,"start_time":2567508,"end_time":2690625,"name":"Dragost","zoneID":2296,"zoneName":"Castle Nathria","zoneDifficulty":4},{"id":14,"boss":0,"originalBoss":2406,"start_time":2775348,"end_time":2786118,"name":"Lady Inerva Darkvein","zoneID":2296,"zoneName":"Castle Nathria","zoneDifficulty":4},{"id":15,"boss":2406,"start_time":2943457,"end_time":3200753,"name":"Lady Inerva Darkvein","zoneID":2296,"zoneName":"Castle Nathria","zoneDifficulty":4,"size":28,"difficulty":4,"kill":true,"partial":3,"bossPercentage":0,"fightPercentage":0,"lastPhaseForPercentageDisplay":0,"maps":[1744]},{"id":16,"boss":0,"start_time":3200796,"end_time":3205412,"name":"Harnessed Specter","zoneID":2296,"zoneName":"Castle Nathria","zoneDifficulty":4},{"id":17,"boss":0,"start_time":3287673,"end_time":3402045,"name":"Nathrian Singuard","zoneID":2296,"zoneName":"Castle Nathria","zoneDifficulty":4},{"id":18,"boss":0,"start_time":3412690,"end_time":3448107,"name":"Court Hawkeye","zoneID":2296,"zoneName":"Castle Nathria","zoneDifficulty":4},{"id":19,"boss":0,"start_time":3462314,"end_time":3623890,"name":"Court Enforcer","zoneID":2296,"zoneName":"Castle Nathria","zoneDifficulty":4},{"id":20,"boss":0,"start_time":3658657,"end_time":3658657,"name":"Court Assassin","zoneID":2296,"zoneName":"Castle Nathria","zoneDifficulty":4},{"id":21,"boss":0,"start_time":3690529,"end_time":3720311,"name":"Court Enforcer","zoneID":2296,"zoneName":"Castle Nathria","zoneDifficulty":4},{"id":22,"boss":0,"start_time":3730570,"end_time":3766516,"name":"Court Enforcer","zoneID":2296,"zoneName":"Castle Nathria","zoneDifficulty":4},{"id":23,"boss":2402,"start_time":4118092,"end_time":4491867,"name":"Sun King's Salvation","zoneID":2296,"zoneName":"Castle Nathria","zoneDifficulty":4,"size":28,"difficulty":4,"kill":true,"partial":3,"bossPercentage":10000,"fightPercentage":0,"lastPhaseForPercentageDisplay":0,"maps":[1746]},{"id":24,"boss":0,"start_time":4500980,"end_time":4501052,"name":"Kael'thas Sunstrider","zoneID":2296,"zoneName":"Castle Nathria","zoneDifficulty":4},{"id":25,"boss":0,"start_time":4590411,"end_time":4658211,"name":"Court Enforcer","zoneID":2296,"zoneName":"Castle Nathria","zoneDifficulty":4},{"id":26,"boss":0,"start_time":4669373,"end_time":4783237,"name":"Sinister Antiquarian","zoneID":2296,"zoneName":"Castle Nathria","zoneDifficulty":4},{"id":27,"boss":0,"originalBoss":2405,"start_time":5147864,"end_time":5155962,"name":"Artificer Xy'mox","zoneID":2296,"zoneName":"Castle Nathria","zoneDifficulty":4},{"id":28,"boss":0,"start_time":5159297,"end_time":5160658,"name":"Unknown","zoneID":2296,"zoneName":"Castle Nathria","zoneDifficulty":4},{"id":29,"boss":2405,"start_time":5242859,"end_time":5392490,"name":"Artificer Xy'mox","zoneID":2296,"zoneName":"Castle Nathria","zoneDifficulty":4,"size":27,"difficulty":4,"kill":false,"partial":3,"bossPercentage":4265,"fightPercentage":4265,"lastPhaseForPercentageDisplay":2,"maps":[1745]},{"id":30,"boss":2405,"start_time":5490265,"end_time":5826103,"name":"Artificer Xy'mox","zoneID":2296,"zoneName":"Castle Nathria","zoneDifficulty":4,"size":27,"difficulty":4,"kill":false,"partial":3,"bossPercentage":218,"fightPercentage":218,"lastPhaseForPercentageDisplay":3,"maps":[1745]},{"id":31,"boss":2405,"start_time":5923296,"end_time":6034093,"name":"Artificer Xy'mox","zoneID":2296,"zoneName":"Castle Nathria","zoneDifficulty":4,"size":27,"difficulty":4,"kill":false,"partial":3,"bossPercentage":5611,"fightPercentage":5611,"lastPhaseForPercentageDisplay":2,"maps":[1745]},{"id":32,"boss":2405,"start_time":6112055,"end_time":6384535,"name":"Artificer Xy'mox","zoneID":2296,"zoneName":"Castle Nathria","zoneDifficulty":4,"size":27,"difficulty":4,"kill":true,"partial":3,"bossPercentage":0,"fightPercentage":0,"lastPhaseForPercentageDisplay":3,"maps":[1745]},{"id":33,"boss":0,"start_time":6434266,"end_time":6486468,"name":"Court Assassin","zoneID":2296,"zoneName":"Castle Nathria","zoneDifficulty":4},{"id":34,"boss":0,"start_time":6513597,"end_time":6649604,"name":"Stoneborn Maitre D'","zoneID":2296,"zoneName":"Castle Nathria","zoneDifficulty":4},{"id":35,"boss":2412,"start_time":7179940,"end_time":7538164,"name":"The Council of Blood","zoneID":2296,"zoneName":"Castle Nathria","zoneDifficulty":4,"size":27,"difficulty":4,"kill":true,"partial":3,"bossPercentage":0,"fightPercentage":0,"lastPhaseForPercentageDisplay":4,"maps":[1750]},{"id":36,"boss":2399,"start_time":7993280,"end_time":8260712,"name":"Sludgefist","zoneID":2296,"zoneName":"Castle Nathria","zoneDifficulty":4,"size":27,"difficulty":4,"kill":true,"partial":3,"bossPercentage":0,"fightPercentage":0,"lastPhaseForPercentageDisplay":0,"maps":[1735]},{"id":37,"boss":0,"start_time":8335208,"end_time":8429900,"name":"General Kaal","zoneID":2296,"zoneName":"Castle Nathria","zoneDifficulty":4},{"id":38,"boss":0,"start_time":8442995,"end_time":8559791,"name":"Stone Legion Goliath","zoneID":2296,"zoneName":"Castle Nathria","zoneDifficulty":4},{"id":39,"boss":0,"originalBoss":2417,"start_time":8617389,"end_time":8630378,"name":"Stone Legion Generals","zoneID":2296,"zoneName":"Castle Nathria","zoneDifficulty":4},{"id":40,"boss":0,"start_time":8630378,"end_time":8630378,"name":"General Kaal","zoneID":2296,"zoneName":"Castle Nathria","zoneDifficulty":4},{"id":41,"boss":2417,"start_time":8930007,"end_time":9385806,"name":"Stone Legion Generals","zoneID":2296,"zoneName":"Castle Nathria","zoneDifficulty":4,"size":27,"difficulty":4,"kill":true,"partial":3,"bossPercentage":0,"fightPercentage":0,"lastPhaseForPercentageDisplay":3,"maps":[1747]},{"id":42,"boss":2407,"start_time":9680498,"end_time":10039376,"name":"Sire Denathrius","zoneID":2296,"zoneName":"Castle Nathria","zoneDifficulty":4,"size":27,"difficulty":4,"kill":false,"partial":3,"bossPercentage":4465,"fightPercentage":4465,"lastPhaseForPercentageDisplay":2,"maps":[1747,1748]},{"id":43,"boss":2407,"start_time":10180877,"end_time":10557836,"name":"Sire Denathrius","zoneID":2296,"zoneName":"Castle Nathria","zoneDifficulty":4,"size":27,"difficulty":4,"kill":false,"partial":3,"bossPercentage":3905,"fightPercentage":3905,"lastPhaseForPercentageDisplay":3,"maps":[1747,1748]},{"id":44,"boss":2407,"start_time":10782342,"end_time":11212957,"name":"Sire Denathrius","zoneID":2296,"zoneName":"Castle Nathria","zoneDifficulty":4,"size":27,"difficulty":4,"kill":false,"partial":3,"bossPercentage":3337,"fightPercentage":3337,"lastPhaseForPercentageDisplay":3,"maps":[1747,1748]},{"id":45,"boss":2407,"start_time":11363093,"end_time":11802199,"name":"Sire Denathrius","zoneID":2296,"zoneName":"Castle Nathria","zoneDifficulty":4,"size":27,"difficulty":4,"kill":false,"partial":3,"bossPercentage":3024,"fightPercentage":3024,"lastPhaseForPercentageDisplay":3,"maps":[1747,1748]}],"lang":"en","friendlies":[{"name":"Nokomanida","id":1,"guid":201792586,"type":"Druid","server":"Zul'jin","icon":"Druid-Balance","fights":[{"id":1},{"id":2},{"id":3},{"id":4},{"id":5},{"id":6},{"id":7},{"id":8},{"id":9},{"id":10},{"id":11},{"id":12},{"id":13},{"id":14},{"id":15},{"id":16},{"id":17},{"id":18},{"id":19},{"id":20},{"id":21},{"id":22},{"id":23},{"id":24},{"id":25},{"id":26},{"id":27},{"id":28},{"id":29},{"id":30},{"id":31},{"id":32},{"id":33},{"id":34},{"id":35},{"id":36},{"id":37},{"id":38},{"id":39},{"id":40},{"id":41},{"id":42},{"id":43},{"id":44},{"id":45}]},{"name":"Adoraci","id":10,"guid":194595600,"type":"Priest","server":"Zul'jin","icon":"Priest-Shadow","fights":[{"id":1},{"id":2},{"id":3},{"id":4},{"id":5},{"id":6},{"id":7},{"id":9},{"id":10},{"id":11},{"id":12},{"id":13},{"id":14},{"id":15},{"id":16},{"id":17},{"id":18},{"id":19},{"id":20},{"id":21},{"id":22},{"id":23},{"id":24},{"id":25},{"id":26},{"id":27},{"id":28},{"id":29},{"id":30},{"id":31},{"id":32},{"id":33},{"id":34},{"id":35},{"id":36},{"id":37},{"id":38},{"id":39},{"id":40},{"id":41},{"id":42},{"id":43},{"id":44},{"id":45}]},{"name":"Mayrim","id":13,"guid":179312289,"type":"Priest","server":"Zul'jin","icon":"Priest","fights":[{"id":1},{"id":2},{"id":3},{"id":4},{"id":5},{"id":6},{"id":7},{"id":8},{"id":9},{"id":10},{"id":12},{"id":13},{"id":14},{"id":15},{"id":17},{"id":18},{"id":19},{"id":20},{"id":21},{"id":22},{"id":23},{"id":24},{"id":25},{"id":27},{"id":28},{"id":29},{"id":30},{"id":31},{"id":32},{"id":33},{"id":34},{"id":35},{"id":36},{"id":37},{"id":38},{"id":39},{"id":40},{"id":41},{"id":42},{"id":43},{"id":44},{"id":45}]},{"name":"Jimmystab","id":62,"guid":201242478,"type":"Rogue","server":"Zul'jin","icon":"Rogue","fights":[{"id":1},{"id":2},{"id":3},{"id":4},{"id":5},{"id":6},{"id":7},{"id":8},{"id":9},{"id":10},{"id":11},{"id":12},{"id":13},{"id":14},{"id":15},{"id":16},{"id":17},{"id":18},{"id":19},{"id":20},{"id":21},{"id":22},{"id":23},{"id":24},{"id":25},{"id":26},{"id":27},{"id":28},{"id":29},{"id":30},{"id":31},{"id":32},{"id":33},{"id":34},{"id":35},{"id":36},{"id":37},{"id":38},{"id":39},{"id":41},{"id":42},{"id":43},{"id":44},{"id":45}]},{"name":"Prince Renathal","id":291,"guid":169835,"type":"NPC","icon":"custom-icon-6bf_explosive_shard","fights":[{"id":41,"instances":1,"groups":5}]},{"name":"Ripped Soul","id":141,"guid":171577,"type":"NPC","icon":"custom-icon-ability_argus_soulburst","fights":[{"id":7,"instances":3}]},{"name":"Quezacotll","id":5,"guid":151693001,"type":"Shaman","server":"Zul'jin","icon":"Shaman-Elemental","fights":[{"id":2},{"id":3},{"id":4},{"id":5},{"id":6},{"id":7},{"id":9},{"id":10},{"id":12},{"id":13},{"id":14},{"id":15},{"id":16},{"id":17},{"id":18},{"id":19},{"id":20},{"id":21},{"id":22},{"id":23},{"id":27},{"id":28},{"id":29},{"id":30},{"id":31},{"id":32},{"id":34},{"id":35},{"id":36},{"id":37},{"id":38},{"id":39},{"id":41},{"id":42},{"id":43},{"id":44},{"id":45}]},{"name":"Xivei","id":55,"guid":209902474,"type":"Priest","server":"Zul'jin","icon":"Priest","fights":[{"id":1},{"id":2},{"id":3},{"id":4},{"id":5},{"id":6},{"id":7},{"id":9},{"id":10},{"id":12},{"id":13},{"id":14},{"id":15},{"id":16},{"id":17},{"id":18},{"id":19},{"id":20},{"id":21},{"id":22},{"id":23},{"id":25},{"id":26},{"id":27},{"id":28},{"id":29},{"id":30},{"id":31},{"id":32},{"id":34},{"id":35},{"id":36},{"id":37},{"id":38},{"id":39},{"id":41},{"id":42},{"id":43},{"id":44},{"id":45}]},{"name":"Shiksa","id":65,"guid":212683944,"type":"Shaman","server":"Zul'jin","icon":"Shaman-Restoration","fights":[{"id":1},{"id":2},{"id":3},{"id":4},{"id":5},{"id":6},{"id":7},{"id":9},{"id":10},{"id":11},{"id":12},{"id":13},{"id":14},{"id":15},{"id":16},{"id":17},{"id":18},{"id":19},{"id":20},{"id":21},{"id":22},{"id":23},{"id":24},{"id":25},{"id":26},{"id":27},{"id":28},{"id":29},{"id":30},{"id":31},{"id":32},{"id":34},{"id":35},{"id":36},{"id":37},{"id":38},{"id":39},{"id":41},{"id":42},{"id":43},{"id":44},{"id":45}]},{"name":"Stiggz","id":4,"guid":201730072,"type":"Paladin","server":"Zul'jin","icon":"Paladin","fights":[{"id":1},{"id":2},{"id":3},{"id":4},{"id":5},{"id":6},{"id":7},{"id":9},{"id":10},{"id":11},{"id":12},{"id":13},{"id":14},{"id":15},{"id":16},{"id":17},{"id":18},{"id":19},{"id":20},{"id":21},{"id":22},{"id":23},{"id":25},{"id":26},{"id":27},{"id":28},{"id":29},{"id":30},{"id":31},{"id":32},{"id":33},{"id":34},{"id":35},{"id":36},{"id":37},{"id":38},{"id":39},{"id":40},{"id":41},{"id":42},{"id":43},{"id":44},{"id":45}]},{"name":"Anima Orb","id":194,"guid":174017,"type":"NPC","icon":"custom-icon-spell_animarevendreth_orb","fights":[{"id":22,"instances":3,"groups":1}]},{"name":"Freëzer","id":43,"guid":210857757,"type":"Mage","server":"Zul'jin","icon":"Mage-Fire","fights":[{"id":1},{"id":2},{"id":3},{"id":4},{"id":5},{"id":6},{"id":7},{"id":8},{"id":9},{"id":10},{"id":12},{"id":13},{"id":14},{"id":15},{"id":16},{"id":17},{"id":18},{"id":19},{"id":20},{"id":21},{"id":22},{"id":23},{"id":25},{"id":26},{"id":27},{"id":28},{"id":29},{"id":30},{"id":31},{"id":32},{"id":34},{"id":35},{"id":36},{"id":37},{"id":38},{"id":39},{"id":40},{"id":41},{"id":42},{"id":43},{"id":44},{"id":45}]},{"name":"Rini","id":11,"guid":178964432,"type":"Hunter","server":"Zul'jin","icon":"Hunter-Marksmanship","fights":[{"id":1},{"id":2},{"id":3},{"id":4},{"id":5},{"id":6},{"id":7},{"id":8},{"id":9},{"id":10},{"id":11},{"id":12},{"id":13},{"id":14},{"id":15},{"id":16},{"id":17},{"id":18},{"id":19},{"id":21},{"id":22},{"id":23},{"id":24},{"id":25},{"id":26},{"id":27},{"id":28},{"id":29},{"id":30},{"id":31},{"id":32},{"id":33},{"id":34},{"id":35},{"id":36},{"id":37},{"id":38},{"id":39},{"id":40},{"id":41},{"id":42},{"id":43},{"id":44},{"id":45}]},{"name":"Erry","id":2,"guid":202020368,"type":"Warlock","server":"Zul'jin","icon":"Warlock-Affliction","fights":[{"id":1},{"id":2},{"id":3},{"id":4},{"id":5},{"id":6},{"id":7},{"id":9},{"id":10},{"id":11},{"id":12},{"id":13},{"id":14},{"id":15},{"id":16},{"id":17},{"id":18},{"id":19},{"id":21},{"id":22},{"id":23},{"id":25},{"id":26},{"id":27},{"id":28},{"id":29},{"id":30},{"id":31},{"id":32},{"id":33},{"id":34},{"id":35},{"id":36},{"id":37},{"id":38},{"id":39},{"id":40},{"id":41},{"id":42},{"id":43},{"id":44},{"id":45}]},{"name":"The Accuser","id":195,"guid":165760,"type":"NPC","icon":"custom-icon-ability_venthyr_doorofshadows","fights":[{"id":22,"instances":1}]},{"name":"Calibrew","id":45,"guid":210839559,"type":"Monk","server":"Zul'jin","icon":"Monk-Brewmaster","fights":[{"id":2},{"id":3},{"id":4},{"id":5},{"id":6},{"id":7},{"id":8},{"id":9},{"id":10},{"id":11},{"id":12},{"id":13},{"id":14},{"id":15},{"id":16},{"id":17},{"id":18},{"id":19},{"id":20},{"id":21},{"id":22},{"id":23},{"id":24},{"id":25},{"id":26},{"id":27},{"id":28},{"id":29},{"id":30},{"id":31},{"id":32},{"id":33},{"id":34},{"id":35},{"id":36},{"id":37},{"id":38},{"id":39},{"id":41},{"id":42},{"id":43},{"id":44},{"id":45}]},{"name":"Night Hunter","id":307,"guid":168474,"type":"NPC","icon":"custom-icon-sha_ability_rogue_bloodyeye_nightmare","fights":[{"id":42,"instances":10,"groups":5},{"id":43,"instances":10,"groups":5},{"id":44,"instances":10,"groups":5},{"id":45,"instances":10,"groups":5}]},{"name":"Braffs","id":8,"guid":167873855,"type":"Warrior","server":"Zul'jin","icon":"Warrior-Arms","fights":[{"id":1},{"id":2},{"id":3},{"id":5},{"id":6},{"id":7},{"id":9},{"id":10},{"id":12},{"id":13},{"id":14},{"id":15},{"id":16},{"id":17},{"id":18},{"id":19},{"id":21},{"id":22},{"id":23},{"id":27},{"id":28},{"id":29},{"id":30},{"id":31},{"id":32},{"id":33},{"id":34},{"id":35},{"id":36},{"id":38},{"id":39},{"id":40},{"id":41},{"id":42},{"id":43},{"id":44},{"id":45}]},{"name":"Thyzôk","id":48,"guid":237879087,"type":"Hunter","server":"Zul'jin","icon":"Hunter-Marksmanship","fights":[{"id":2},{"id":3},{"id":4},{"id":5},{"id":6},{"id":7},{"id":9},{"id":10},{"id":11},{"id":12},{"id":13},{"id":14},{"id":15},{"id":17},{"id":18},{"id":19},{"id":20},{"id":21},{"id":22},{"id":23},{"id":25},{"id":26},{"id":27},{"id":28},{"id":29},{"id":30},{"id":31},{"id":32},{"id":33},{"id":34},{"id":35},{"id":36},{"id":37},{"id":38},{"id":39},{"id":40},{"id":41},{"id":42},{"id":43},{"id":44},{"id":45}]},{"name":"Kael'thas Sunstrider","id":203,"guid":165759,"type":"Boss","icon":"custom-icon-ability_warlock_moltencore","lockBossFrame":true,"fights":[{"id":23,"instances":1,"groups":3}]},{"name":"Seed of Extinction","id":231,"guid":169219,"type":"NPC","icon":"custom-icon-ability_ardenweald_mage","fights":[{"id":29,"instances":8,"groups":4},{"id":30,"instances":8,"groups":4},{"id":31,"instances":4,"groups":2},{"id":32,"instances":8,"groups":4}]},{"name":"Jotaux","id":9,"guid":166389976,"type":"Shaman","server":"Zul'jin","icon":"Shaman-Elemental","fights":[{"id":1},{"id":2},{"id":3},{"id":4},{"id":5},{"id":6},{"id":7},{"id":9},{"id":10},{"id":12},{"id":13},{"id":14},{"id":15},{"id":16},{"id":17},{"id":18},{"id":19},{"id":20},{"id":21},{"id":22},{"id":23},{"id":25},{"id":26},{"id":27},{"id":28},{"id":29},{"id":30},{"id":31},{"id":32},{"id":34},{"id":35},{"id":36},{"id":37},{"id":38},{"id":39},{"id":40},{"id":41},{"id":42},{"id":43},{"id":44},{"id":45}]},{"name":"Aejosk","id":51,"guid":206711033,"type":"DeathKnight","server":"Zul'jin","icon":"DeathKnight-Unholy","fights":[{"id":1},{"id":2},{"id":3},{"id":4},{"id":5},{"id":6},{"id":7},{"id":9},{"id":10},{"id":12},{"id":13},{"id":14},{"id":15},{"id":16},{"id":17},{"id":19},{"id":21},{"id":22},{"id":23},{"id":25},{"id":26},{"id":27},{"id":28},{"id":29},{"id":30},{"id":31},{"id":32},{"id":34},{"id":35},{"id":36},{"id":37},{"id":38},{"id":39},{"id":41},{"id":42},{"id":43},{"id":44},{"id":45}]},{"name":"Essence Font","id":205,"guid":165778,"type":"NPC","icon":"custom-icon-inv_mechagnome_powercell_broken","fights":[{"id":23,"instances":9,"groups":3}]},{"name":"Bunring","id":14,"guid":177767280,"type":"DemonHunter","server":"Zul'jin","icon":"DemonHunter-Havoc","fights":[{"id":1},{"id":2},{"id":3},{"id":4},{"id":5},{"id":6},{"id":7},{"id":8},{"id":9},{"id":10},{"id":11},{"id":12},{"id":13},{"id":14},{"id":15},{"id":16},{"id":17},{"id":18},{"id":19},{"id":20},{"id":21},{"id":22},{"id":23},{"id":25},{"id":26},{"id":27},{"id":28},{"id":29},{"id":30},{"id":31},{"id":32},{"id":33},{"id":34},{"id":35},{"id":36},{"id":37},{"id":38},{"id":39},{"id":40},{"id":41},{"id":42},{"id":43},{"id":44},{"id":45}]},{"name":"Quilled","id":64,"guid":212588481,"type":"DeathKnight","server":"Zul'jin","icon":"DeathKnight-Blood","fights":[{"id":1},{"id":2},{"id":3},{"id":4},{"id":5},{"id":6},{"id":7},{"id":8},{"id":9},{"id":10},{"id":12},{"id":13},{"id":14},{"id":15},{"id":16},{"id":17},{"id":18},{"id":19},{"id":20},{"id":21},{"id":22},{"id":23},{"id":25},{"id":26},{"id":27},{"id":28},{"id":29},{"id":30},{"id":31},{"id":32},{"id":33},{"id":34},{"id":35},{"id":36},{"id":37},{"id":38},{"id":39},{"id":40},{"id":41},{"id":42},{"id":43},{"id":44},{"id":45}]},{"name":"Kahlou","id":52,"guid":192894988,"type":"Priest","server":"Zul'jin","icon":"Priest","fights":[{"id":1},{"id":2},{"id":3},{"id":4},{"id":5},{"id":6},{"id":7},{"id":9},{"id":10},{"id":11},{"id":12},{"id":13},{"id":14},{"id":15},{"id":16},{"id":17},{"id":18},{"id":19},{"id":20},{"id":21},{"id":22},{"id":23},{"id":24},{"id":25},{"id":26},{"id":27},{"id":28},{"id":29},{"id":30},{"id":31},{"id":32},{"id":33},{"id":34},{"id":35},{"id":36},{"id":37},{"id":38},{"id":39},{"id":40},{"id":41},{"id":42},{"id":43},{"id":44},{"id":45}]},{"name":"Muuzura","id":47,"guid":199752869,"type":"DemonHunter","server":"Zul'jin","icon":"DemonHunter-Havoc","fights":[{"id":1},{"id":2},{"id":3},{"id":4},{"id":5},{"id":6},{"id":7},{"id":9},{"id":10},{"id":12},{"id":14},{"id":15},{"id":16},{"id":19},{"id":20},{"id":21},{"id":22},{"id":23},{"id":24},{"id":27},{"id":29},{"id":30},{"id":31},{"id":32},{"id":35},{"id":36},{"id":39},{"id":41},{"id":42},{"id":43},{"id":44},{"id":45}]},{"name":"Jambele","id":61,"guid":140840297,"type":"Mage","server":"Zul'jin","icon":"Mage-Fire","fights":[{"id":1},{"id":2},{"id":3},{"id":4},{"id":5},{"id":6},{"id":7},{"id":9},{"id":10},{"id":11},{"id":12},{"id":13},{"id":14},{"id":15},{"id":16},{"id":17},{"id":18},{"id":19},{"id":20},{"id":21},{"id":22},{"id":23},{"id":25},{"id":26},{"id":27},{"id":28},{"id":29},{"id":30},{"id":31},{"id":32},{"id":33},{"id":34},{"id":35},{"id":36},{"id":37},{"id":38},{"id":39},{"id":40},{"id":41},{"id":42},{"id":43},{"id":44},{"id":45}]},{"name":"Kappamemes","id":68,"guid":187914238,"type":"Hunter","server":"Zul'jin","icon":"Hunter-Marksmanship","fights":[{"id":1},{"id":2},{"id":3},{"id":4},{"id":5},{"id":6},{"id":7},{"id":9},{"id":10},{"id":12},{"id":13},{"id":14},{"id":15},{"id":16},{"id":17},{"id":18},{"id":19},{"id":21},{"id":22},{"id":23},{"id":24},{"id":25},{"id":26},{"id":27},{"id":28},{"id":29},{"id":30},{"id":31},{"id":32},{"id":33},{"id":34},{"id":35},{"id":36},{"id":37},{"id":38},{"id":39},{"id":41},{"id":42},{"id":43},{"id":44},{"id":45}]},{"name":"Bloodworm","id":190,"guid":99773,"type":"Pet","icon":"abilities/spell_shadow_soulleech","fights":[{"id":20,"instances":1}]},{"name":"Zodeayn","id":6,"guid":213789071,"type":"Warlock","server":"Zul'jin","icon":"Warlock-Affliction","fights":[{"id":1},{"id":2},{"id":3},{"id":4},{"id":5},{"id":6},{"id":7},{"id":9},{"id":10},{"id":12},{"id":13},{"id":14},{"id":15},{"id":16},{"id":19},{"id":21},{"id":22},{"id":23},{"id":25},{"id":26},{"id":27},{"id":28},{"id":29},{"id":30},{"id":31},{"id":32},{"id":33},{"id":34},{"id":35},{"id":36},{"id":37},{"id":38},{"id":39},{"id":40},{"id":41},{"id":42},{"id":43},{"id":44},{"id":45}]},{"name":"Wukkar","id":46,"guid":198145293,"type":"Warlock","server":"Zul'jin","icon":"Warlock-Affliction","fights":[{"id":2},{"id":3},{"id":4},{"id":5},{"id":6},{"id":7},{"id":9},{"id":10},{"id":12},{"id":13},{"id":14},{"id":15},{"id":16},{"id":17},{"id":18},{"id":19},{"id":21},{"id":22},{"id":23},{"id":25},{"id":26},{"id":27},{"id":28},{"id":29},{"id":30},{"id":31},{"id":32},{"id":33},{"id":34},{"id":35},{"id":36},{"id":37},{"id":38},{"id":39},{"id":41},{"id":42},{"id":43},{"id":44},{"id":45}]},{"name":"Rodsmonk","id":44,"guid":194329669,"type":"Monk","server":"Zul'jin","icon":"Monk-Mistweaver","fights":[{"id":1},{"id":2},{"id":3},{"id":4},{"id":5},{"id":6},{"id":7},{"id":9},{"id":10},{"id":11},{"id":12},{"id":13},{"id":14},{"id":15},{"id":16},{"id":17},{"id":18},{"id":19},{"id":21},{"id":22},{"id":23},{"id":24},{"id":25},{"id":26},{"id":27},{"id":28},{"id":29},{"id":30},{"id":31},{"id":32},{"id":33},{"id":34},{"id":35},{"id":36},{"id":37},{"id":38},{"id":39},{"id":40},{"id":41},{"id":42},{"id":43},{"id":44},{"id":45}]},{"name":"Nothxx","id":3,"guid":200656584,"type":"Hunter","server":"Zul'jin","icon":"Hunter-Marksmanship","fights":[{"id":1},{"id":2},{"id":3},{"id":4},{"id":5},{"id":6},{"id":7},{"id":9},{"id":10},{"id":12},{"id":13},{"id":14},{"id":15},{"id":16},{"id":17},{"id":18},{"id":19},{"id":21},{"id":22},{"id":23},{"id":24},{"id":25},{"id":26},{"id":27},{"id":28},{"id":29},{"id":30},{"id":31},{"id":32},{"id":33},{"id":34},{"id":35},{"id":36},{"id":37},{"id":38},{"id":39},{"id":40},{"id":41},{"id":42},{"id":43},{"id":44},{"id":45}]},{"name":"General Draven","id":293,"guid":170404,"type":"NPC","icon":"custom-icon-spell_frost_stun","fights":[{"id":41,"instances":1,"groups":4}]},{"name":"Havokx","id":49,"guid":214586239,"type":"DeathKnight","server":"Zul'jin","icon":"DeathKnight-Unholy","fights":[{"id":1},{"id":2},{"id":3},{"id":4},{"id":9},{"id":10},{"id":12},{"id":13},{"id":14},{"id":15},{"id":16},{"id":17},{"id":19},{"id":20},{"id":22},{"id":23},{"id":24}]},{"name":"Kalunadruid","id":12,"guid":198004812,"type":"Druid","server":"Zul'jin","icon":"Druid-Balance","fights":[{"id":1},{"id":2},{"id":3},{"id":4},{"id":5},{"id":6},{"id":7},{"id":8},{"id":9},{"id":10},{"id":11},{"id":12},{"id":13},{"id":14},{"id":15},{"id":16},{"id":17},{"id":18},{"id":19},{"id":20},{"id":21},{"id":22},{"id":23},{"id":24},{"id":25},{"id":26},{"id":27},{"id":28},{"id":29},{"id":30},{"id":31},{"id":32},{"id":33},{"id":34},{"id":35},{"id":36},{"id":37},{"id":38},{"id":39},{"id":41},{"id":42},{"id":43},{"id":44},{"id":45}]}],"enemies":[{"name":"Ripped Soul","id":141,"guid":171577,"type":"NPC","icon":"custom-icon-ability_argus_soulburst","fights":[{"id":6,"instances":3}]},{"name":"Dragost","id":165,"guid":173448,"type":"NPC","icon":"custom-icon-ui_venthyranimaboss_heartsword","fights":[{"id":13,"instances":1}]},{"name":"Caramain","id":76,"guid":173444,"type":"NPC","icon":"custom-icon-inv_misc_volatileearth","fights":[{"id":2,"instances":1}]},{"name":"Kael'thas Sunstrider","id":203,"guid":165759,"type":"Boss","icon":"custom-icon-ability_warlock_moltencore","lockBossFrame":true,"fights":[{"id":24,"instances":1}]},{"name":"Crimson Cabalist","id":309,"guid":169196,"type":"NPC","icon":"custom-icon-spell_animarevendreth_missile","fights":[{"id":42,"instances":12,"groups":2},{"id":43,"instances":12,"groups":2},{"id":44,"instances":12,"groups":4},{"id":45,"instances":12,"groups":3}]},{"name":"Nathrian Ranger","id":120,"guid":174093,"type":"NPC","icon":"custom-icon-inv_misc_ammo_arrow_05","fights":[{"id":4,"instances":2,"groups":1}]},{"name":"Nathrian Soldier","id":129,"guid":173949,"type":"NPC","icon":"custom-icon-ability_revendreth_rogue","fights":[{"id":4,"instances":2,"groups":1},{"id":17,"instances":2,"groups":1},{"id":18,"instances":2,"groups":1},{"id":19,"instances":2,"groups":1}]},{"name":"Harnessed Specter","id":175,"guid":170199,"type":"NPC","icon":"custom-icon-inv_sinstonegolempet","fights":[{"id":15,"instances":3,"groups":4},{"id":16,"instances":3,"groups":1}]},{"name":"Bargast","id":140,"guid":169457,"type":"Boss","icon":"custom-icon-ability_druid_markofursol","fights":[{"id":6,"instances":1},{"id":7,"instances":1}]},{"name":"Executrix Ophelia","id":193,"guid":174012,"type":"NPC","icon":"custom-icon-spell_animarevendreth_missile","fights":[{"id":22,"instances":1}]},{"name":"Dutiful Attendant","id":270,"guid":175992,"type":"NPC","icon":"custom-icon-inv_shield_1h_revendrethquest_b_01","fights":[{"id":35,"instances":2,"groups":4}]},{"name":"Dance Controller","id":271,"guid":168870,"type":"NPC","icon":"custom-icon-trade_engineering","fights":[{"id":35,"instances":1,"groups":6}]},{"name":"Hulking Gargon","id":134,"guid":174069,"type":"NPC","icon":"custom-icon-inv_misc_foot_kodo","fights":[{"id":5,"instances":2,"groups":1}]},{"name":"Court Hawkeye","id":187,"guid":173190,"type":"NPC","icon":"custom-icon-ability_hunter_traplauncher","fights":[{"id":18,"instances":1,"groups":1},{"id":19,"instances":1,"groups":2},{"id":34,"instances":1,"groups":1}]},{"name":"Stinky Feedhauler","id":119,"guid":174338,"type":"NPC","icon":"custom-icon-ability_rogue_reinforcedleather","fights":[{"id":4,"instances":12,"groups":1}]},{"name":"Nathrian Enforcer","id":180,"guid":165469,"type":"NPC","icon":"custom-icon-spell_animarevendreth_orb","fights":[{"id":17,"instances":4,"groups":2},{"id":19,"instances":3,"groups":1}]},{"name":"Shade of Kael'thas","id":210,"guid":165805,"type":"Boss","icon":"custom-icon-spell_fire_selfdestruct","fights":[{"id":23,"instances":2}]},{"name":"Conjured Manifestation","id":170,"guid":173484,"type":"NPC","icon":"NPC","fights":[{"id":13,"instances":2}]},{"name":"Nathrian Gargon Rider","id":121,"guid":174092,"type":"NPC","icon":"custom-icon-inv_misc_ammo_arrow_05","fights":[{"id":4,"instances":2},{"id":19,"instances":2}]},{"name":"Crimson Cabalist","id":310,"guid":169470,"type":"NPC","icon":"custom-icon-spell_animarevendreth_buff","fights":[{"id":42,"instances":1,"groups":3},{"id":43,"instances":1,"groups":2},{"id":44,"instances":1,"groups":3},{"id":45,"instances":1,"groups":3}]},{"name":"Hecutis","id":145,"guid":169458,"type":"Boss","icon":"custom-icon-ability_warstomp","fights":[{"id":6,"instances":1},{"id":7,"instances":1}]},{"name":"Begrudging Waiter","id":273,"guid":169925,"type":"NPC","icon":"custom-icon-ability_mage_conjurefoodrank9","fights":[{"id":35,"instances":12,"groups":2}]},{"name":"Winged Ravager","id":156,"guid":173146,"type":"NPC","icon":"custom-icon-spell_arcane_arcane02","fights":[{"id":9,"instances":6,"groups":2}]},{"name":"Hungering Destroyer","id":123,"guid":164261,"type":"Boss","icon":"custom-icon-ability_argus_deathfog","fights":[{"id":10,"instances":1},{"id":11,"instances":1},{"id":12,"instances":1}]},{"name":"Sins of the Past","id":169,"guid":173512,"type":"NPC","icon":"custom-icon-spell_animarevendreth_orb","fights":[{"id":13,"instances":6,"groups":2}]},{"name":"Sire Denathrius","id":304,"guid":167406,"type":"Boss","icon":"custom-icon-inv_artifact_powerofthedarkside","fights":[{"id":42,"instances":1},{"id":43,"instances":1},{"id":44,"instances":1},{"id":45,"instances":1}]},{"name":"Crystal of Phantasms","id":228,"guid":168512,"type":"NPC","icon":"custom-icon-spell_necro_deathrift","fights":[{"id":29,"instances":1,"groups":1},{"id":30,"instances":1,"groups":2},{"id":31,"instances":1,"groups":2},{"id":32,"instances":1,"groups":1}]},{"name":"Stone Legion Skirmisher","id":283,"guid":173280,"type":"NPC","icon":"custom-icon-spell_animarevendreth_missile","fights":[{"id":37,"instances":5,"groups":1},{"id":38,"instances":2,"groups":1}]},{"name":"Stasis Trap","id":226,"guid":167691,"type":"NPC","icon":"NPC","fights":[{"id":29,"instances":2,"groups":2},{"id":30,"instances":8,"groups":3},{"id":32,"instances":4,"groups":2}]},{"name":"Nathrian Siphoner","id":181,"guid":165472,"type":"NPC","icon":"custom-icon-spell_animarevendreth_missile","fights":[{"id":17,"instances":2,"groups":1},{"id":19,"instances":8,"groups":2},{"id":34,"instances":3,"groups":2}]},{"name":"Gorging Mite","id":158,"guid":173145,"type":"NPC","icon":"custom-icon-ability_warlock_burningembersblue","fights":[{"id":9,"instances":9,"groups":2}]},{"name":"Sewer Rat","id":150,"guid":173800,"type":"NPC","icon":"custom-icon-ability_hunter_pet_wolf","fights":[{"id":9,"instances":25,"groups":1}]},{"name":"Nathrian Assassin","id":186,"guid":165474,"type":"NPC","icon":"custom-icon-ability_rogue_shadowstrike","fights":[{"id":17,"instances":1,"groups":1},{"id":18,"instances":1,"groups":1},{"id":19,"instances":6,"groups":2}]},{"name":"Echo of Sin","id":306,"guid":167999,"type":"NPC","icon":"custom-icon-spell_misc_emotionsad","fights":[{"id":42,"instances":80,"groups":6},{"id":43,"instances":81,"groups":6},{"id":44,"instances":78,"groups":6},{"id":45,"instances":81,"groups":6}]},{"name":"Remornia","id":305,"guid":168156,"type":"NPC","icon":"custom-icon-spell_shadow_lifedrain","fights":[{"id":42,"instances":1,"groups":4},{"id":43,"instances":1,"groups":3},{"id":44,"instances":1,"groups":2},{"id":45,"instances":1,"groups":2}]},{"name":"Hand of Destruction","id":311,"guid":169813,"type":"NPC","icon":"custom-icon-spell_shadow_unholystrength","fights":[{"id":42,"instances":3},{"id":43,"instances":4},{"id":44,"instances":6},{"id":45,"instances":6}]},{"name":"Kennel Overseer","id":135,"guid":174070,"type":"NPC","icon":"custom-icon-ability_hunter_runningshot","fights":[{"id":5,"instances":1,"groups":2}]},{"name":"Reverberating Eruption Stalker","id":300,"guid":175102,"type":"NPC","icon":"custom-icon-inv_elementalearth2","fights":[{"id":41,"instances":8,"groups":15}]},{"name":"Stone Legion Commando","id":297,"guid":169601,"type":"NPC","icon":"custom-icon-spell_animarevendreth_missile","fights":[{"id":41,"instances":30,"groups":2}]},{"name":"Carved Assistant","id":192,"guid":173802,"type":"NPC","icon":"custom-icon-archaeology_5_0_crackedmogurunestone","fights":[{"id":22,"instances":5,"groups":1}]},{"name":"Rat of Unusual Size","id":151,"guid":173798,"type":"NPC","icon":"custom-icon-ability_xavius_tormentingswipe","fights":[{"id":9,"instances":4,"groups":1}]},{"name":"Nathrian Singuard","id":71,"guid":174100,"type":"NPC","icon":"custom-icon-ability_warrior_sunder","fights":[{"id":17,"instances":1},{"id":18,"instances":2}]},{"name":"Pestering Fiend","id":209,"guid":168700,"type":"NPC","icon":"custom-icon-inv_misc_gem_bloodstone_02","fights":[{"id":23,"instances":30,"groups":3}]},{"name":"Nathrian Duelist","id":216,"guid":165471,"type":"NPC","icon":"custom-icon-ability_rogue_shadowstrike","fights":[{"id":25,"instances":1,"groups":1},{"id":34,"instances":3,"groups":2}]},{"name":"Artificer Xy'mox","id":225,"guid":166644,"type":"Boss","icon":"custom-icon-ability_shootwand","fights":[{"id":27,"instances":1},{"id":29,"instances":1},{"id":30,"instances":1},{"id":31,"instances":1},{"id":32,"instances":1}]},{"name":"Lord Stavros","id":268,"guid":166970,"type":"Boss","icon":"custom-icon-ability_warlock_soullink","fights":[{"id":35,"instances":1}]},{"name":"Castellan Niklaus","id":269,"guid":166971,"type":"Boss","icon":"custom-icon-inv_knife_1h_revendreth_d_01","fights":[{"id":35,"instances":1,"groups":2}]},{"name":"Moldovaak","id":77,"guid":168337,"type":"NPC","icon":"custom-icon-inv_ring_revendrethraid_01_silver","fights":[{"id":2,"instances":1}]},{"name":"Lady Inerva Darkvein","id":171,"guid":165521,"type":"Boss","icon":"custom-icon-spell_shaman_spectraltransformation","fights":[{"id":14,"instances":1},{"id":15,"instances":1},{"id":16,"instances":1}]},{"name":"Nathrian Archivist","id":220,"guid":173633,"type":"NPC","icon":"custom-icon-spell_animarevendreth_orb","fights":[{"id":26,"instances":4,"groups":1}]},{"name":"Nathrian Gargon","id":132,"guid":173641,"type":"NPC","icon":"custom-icon-ability_druid_maul","fights":[{"id":4,"instances":2,"groups":1}]},{"name":"Nathrian Tracker","id":125,"guid":173973,"type":"NPC","icon":"custom-icon-ability_hunter_traplauncher","fights":[{"id":4,"instances":1,"groups":1},{"id":17,"instances":2,"groups":1},{"id":18,"instances":1,"groups":1},{"id":19,"instances":1,"groups":1},{"id":25,"instances":1,"groups":1}]},{"name":"Dread Feaster","id":157,"guid":173142,"type":"NPC","icon":"NPC","fights":[{"id":9,"instances":2,"groups":1}]},{"name":"Kullan","id":167,"guid":173469,"type":"NPC","icon":"custom-icon-inv_chaos_orb","fights":[{"id":13,"instances":1}]},{"name":"Sinister Antiquarian","id":221,"guid":173604,"type":"NPC","icon":"custom-icon-ability_ironmaidens_whirlofblood","fights":[{"id":26,"instances":2,"groups":1}]},{"name":"Sins of the Past","id":174,"guid":166766,"type":"NPC","icon":"custom-icon-spell_animarevendreth_orb","fights":[{"id":15,"instances":15,"groups":5}]},{"name":"Shriekwing","id":100,"guid":164406,"type":"Boss","icon":"custom-icon-ability_ironmaidens_whirlofblood","fights":[{"id":3,"instances":1}]},{"name":"Nathrian Conservator","id":219,"guid":173609,"type":"NPC","icon":"custom-icon-ability_backstab","fights":[{"id":26,"instances":4,"groups":1}]},{"name":"Baroness Frieda","id":267,"guid":166969,"type":"Boss","icon":"custom-icon-inv_enchanting_wod_essence3","fights":[{"id":35,"instances":1}]},{"name":"Remornia","id":308,"guid":168158,"type":"NPC","icon":"custom-icon-spell_shadow_shadowfury","fights":[{"id":42,"instances":1,"groups":3},{"id":43,"instances":1,"groups":3},{"id":44,"instances":1,"groups":3},{"id":45,"instances":1,"groups":3}]},{"name":"Hargitas","id":75,"guid":173446,"type":"NPC","icon":"custom-icon-inv_icon_wing06a","fights":[{"id":2,"instances":1}]},{"name":"Deplina","id":164,"guid":173464,"type":"NPC","icon":"custom-icon-inv_misc_voljinsshatteredtusk","fights":[{"id":13,"instances":1}]},{"name":"Court Enforcer","id":179,"guid":165479,"type":"NPC","icon":"custom-icon-spell_animarevendreth_orb","fights":[{"id":19,"instances":1},{"id":21,"instances":2},{"id":22,"instances":2},{"id":25,"instances":2},{"id":34,"instances":1}]},{"name":"Kennel Overseer","id":128,"guid":174336,"type":"NPC","icon":"custom-icon-ability_hunter_runningshot","fights":[{"id":4,"instances":1}]},{"name":"Rift Blast Portal","id":227,"guid":169271,"type":"NPC","icon":"custom-icon-spell_animabastion_beam","fights":[{"id":29,"instances":19,"groups":4},{"id":30,"instances":35,"groups":7},{"id":31,"instances":10,"groups":2},{"id":32,"instances":30,"groups":6}]},{"name":"Stone Legion Goliath","id":294,"guid":172858,"type":"NPC","icon":"custom-icon-ability_druid_mangle2","fights":[{"id":39,"instances":1,"groups":1},{"id":41,"instances":6,"groups":3}]},{"name":"Vicious Gargon","id":133,"guid":174071,"type":"NPC","icon":"custom-icon-trade_archaeology_shark-jaws","fights":[{"id":5,"instances":4,"groups":1}]},{"name":"Nathrian Hawkeye","id":127,"guid":173189,"type":"NPC","icon":"custom-icon-ability_hunter_traplauncher","fights":[{"id":4,"instances":2,"groups":1},{"id":17,"instances":1,"groups":1},{"id":19,"instances":2,"groups":1},{"id":34,"instances":3,"groups":2}]},{"name":"Dusty Widow","id":124,"guid":174141,"type":"NPC","icon":"NPC","fights":[{"id":4,"instances":10,"groups":4},{"id":5,"instances":1,"groups":1},{"id":8,"instances":1,"groups":1},{"id":9,"instances":12,"groups":2}]},{"name":"Mudlump","id":70,"guid":169157,"type":"NPC","icon":"NPC","fights":[{"id":1,"instances":1}]},{"name":"Belligerent Waiter","id":239,"guid":174842,"type":"NPC","icon":"custom-icon-ability_mage_conjurefoodrank9","fights":[{"id":34,"instances":12,"groups":2}]},{"name":"Reborn Phoenix","id":211,"guid":168962,"type":"NPC","icon":"custom-icon-ability_mount_fireravengodmount","fights":[{"id":23,"instances":4,"groups":2}]},{"name":"Shade of Bargast","id":142,"guid":171557,"type":"NPC","icon":"custom-icon-ability_creature_cursed_03","fights":[{"id":6,"instances":4,"groups":1},{"id":7,"instances":4,"groups":1}]},{"name":"Nathrian Executor","id":182,"guid":165470,"type":"NPC","icon":"custom-icon-spell_animarevendreth_missile","fights":[{"id":17,"instances":1,"groups":1},{"id":19,"instances":1,"groups":1},{"id":25,"instances":2,"groups":1},{"id":34,"instances":3,"groups":2}]},{"name":"Dancing Fools","id":274,"guid":176026,"type":"NPC","icon":"custom-icon-spell_animarevendreth_groundstate","fights":[{"id":35,"instances":41,"groups":1}]},{"name":"Fara","id":166,"guid":173466,"type":"NPC","icon":"custom-icon-spell_shaman_spectraltransformation","fights":[{"id":13,"instances":1}]},{"name":"Court Executor","id":183,"guid":174194,"type":"NPC","icon":"custom-icon-spell_animarevendreth_orb","fights":[{"id":17,"instances":1}]},{"name":"High Torturer Darithos","id":201,"guid":168973,"type":"Boss","icon":"custom-icon-spell_animarevendreth_wave","fights":[{"id":23,"instances":1}]},{"name":"Nathrian Hierarch","id":184,"guid":174090,"type":"NPC","icon":"custom-icon-spell_animarevendreth_orb","fights":[{"id":17,"instances":1}]},{"name":"Bleakwing Assassin","id":202,"guid":167566,"type":"NPC","icon":"custom-icon-ability_revendreth_rogue","fights":[{"id":23,"instances":14,"groups":7}]},{"name":"Soul Infuser","id":212,"guid":165762,"type":"NPC","icon":"custom-icon-ability_deathwing_bloodcorruption_earth","fights":[{"id":23,"instances":6,"groups":2}]},{"name":"Sindrel","id":78,"guid":173445,"type":"NPC","icon":"custom-icon-inv_misc_volatileearth","fights":[{"id":2,"instances":1}]},{"name":"General Kaal","id":286,"guid":173298,"type":"NPC","icon":"custom-icon-inv_misc_steelweaponchain","fights":[{"id":37,"instances":1}]},{"name":"Root of Extinction","id":230,"guid":169267,"type":"NPC","icon":"custom-icon-ability_ardenweald_mage","fights":[{"id":29,"instances":1},{"id":30,"instances":1},{"id":31,"instances":1},{"id":32,"instances":1}]},{"name":"Anima Crazed Worker","id":168,"guid":173568,"type":"NPC","icon":"custom-icon-warrior_talent_icon_furyintheblood","fights":[{"id":13,"instances":8,"groups":1}]},{"name":"Vile Occultist","id":191,"guid":165763,"type":"NPC","icon":"custom-icon-sha_spell_fire_blueflamering_nightmare","fights":[{"id":23,"instances":9,"groups":3}]},{"name":"Court Executor","id":217,"guid":174208,"type":"NPC","icon":"custom-icon-spell_animarevendreth_orb","fights":[{"id":25,"instances":1}]},{"name":"Edge of Annihilation","id":232,"guid":169062,"type":"NPC","icon":"custom-icon-spell_animamaw_orb","fights":[{"id":30,"instances":1},{"id":32,"instances":1}]},{"name":"Stone Legion Commando","id":284,"guid":173276,"type":"NPC","icon":"custom-icon-spell_nature_earthquake","fights":[{"id":37,"instances":5,"groups":1},{"id":38,"instances":2,"groups":2}]},{"name":"Waltzing Venthyr","id":275,"guid":176016,"type":"NPC","icon":"custom-icon-ability_rogue_shadowdance","fights":[{"id":35,"instances":3,"groups":1}]},{"name":"Rockbound Vanquisher","id":207,"guid":165764,"type":"NPC","icon":"custom-icon-ability_earthen_pillar","fights":[{"id":23,"instances":4}]},{"name":"Court Hierarch","id":185,"guid":165483,"type":"NPC","icon":"custom-icon-spell_animarevendreth_orb","fights":[{"id":19,"instances":2},{"id":34,"instances":1}]},{"name":"Court Assassin","id":188,"guid":165481,"type":"NPC","icon":"custom-icon-inv_artifact_bloodoftheassassinated","fights":[{"id":19,"instances":2},{"id":20,"instances":1},{"id":26,"instances":1},{"id":33,"instances":1},{"id":34,"instances":1}]},{"name":"General Kaal","id":290,"guid":168112,"type":"Boss","icon":"custom-icon-inv_misc_sawblade_01","fights":[{"id":39,"instances":1},{"id":40,"instances":1},{"id":41,"instances":1}]},{"name":"General Grashaal","id":295,"guid":168113,"type":"Boss","icon":"custom-icon-inv_elementalearth2","fights":[{"id":39,"instances":1},{"id":41,"instances":1}]},{"name":"Stone Legion Goliath","id":285,"guid":173178,"type":"NPC","icon":"custom-icon-ability_druid_mangle2","fights":[{"id":37,"instances":2,"groups":1},{"id":38,"instances":2,"groups":1}]},{"name":"Stoneborn Maitre D'","id":240,"guid":174843,"type":"NPC","icon":"custom-icon-ability_warrior_shieldbreak","fights":[{"id":34,"instances":1}]},{"name":"Sludgefist","id":277,"guid":164407,"type":"Boss","icon":"custom-icon-ability_garrosh_hellscreams_warsong","fights":[{"id":36,"instances":1}]},{"name":"Huntsman Altimor","id":137,"guid":165066,"type":"Boss","icon":"custom-icon-ability_hunter_runningshot","fights":[{"id":5,"instances":1},{"id":6,"instances":1},{"id":7,"instances":1}]},{"name":"Margore","id":138,"guid":165067,"type":"Boss","icon":"custom-icon-spell_druid_bloodythrash","fights":[{"id":6,"instances":1},{"id":7,"instances":1}]},{"name":"Nathrian Registrar","id":218,"guid":173613,"type":"NPC","icon":"custom-icon-ability_deathknight_sanguinfortitude","fights":[{"id":26,"instances":1}]},{"name":"Aerial Bombardment Stalker","id":281,"guid":173175,"type":"NPC","icon":"custom-icon-spell_animarevendreth_missile","fights":[{"id":37,"instances":1}]}],"friendlyPets":[{"name":"Shadowfiend","id":109,"guid":19668,"type":"Pet","icon":"abilities/spell_shadow_shadowfiend","petOwner":10,"fights":[{"id":3,"instances":1},{"id":6,"instances":1},{"id":7,"instances":2},{"id":12,"instances":2},{"id":15,"instances":2},{"id":23,"instances":2},{"id":29,"instances":1},{"id":30,"instances":2},{"id":31,"instances":1},{"id":32,"instances":2},{"id":35,"instances":2},{"id":36,"instances":2},{"id":41,"instances":3},{"id":42,"instances":2},{"id":43,"instances":2},{"id":44,"instances":1},{"id":45,"instances":2}]},{"name":"Demonic Gateway","id":173,"guid":59271,"type":"Pet","icon":"custom-icon-trade_engineering","petOwner":2,"fights":[{"id":38,"instances":1},{"id":41,"instances":1},{"id":42,"instances":1},{"id":44,"instances":2}]},{"name":"Earthen Wall Totem","id":90,"guid":100943,"type":"Pet","icon":"abilities/spell_nature_stoneskintotem","petOwner":65,"fights":[{"id":2,"instances":1},{"id":3,"instances":2},{"id":4,"instances":2},{"id":5,"instances":1},{"id":6,"instances":3},{"id":7,"instances":4},{"id":9,"instances":2},{"id":12,"instances":4},{"id":13,"instances":1},{"id":15,"instances":4},{"id":17,"instances":1},{"id":18,"instances":1},{"id":19,"instances":2},{"id":22,"instances":1},{"id":23,"instances":4},{"id":25,"instances":1},{"id":26,"instances":2},{"id":29,"instances":2},{"id":30,"instances":4},{"id":31,"instances":2},{"id":32,"instances":4},{"id":34,"instances":2},{"id":35,"instances":5},{"id":36,"instances":5},{"id":37,"instances":1},{"id":38,"instances":1},{"id":41,"instances":6},{"id":42,"instances":6},{"id":43,"instances":5},{"id":44,"instances":7},{"id":45,"instances":6}]},{"name":"Army of the Dead","id":85,"guid":24207,"type":"Pet","icon":"abilities/artifactability_unholydeathknight_deathsembrace","petOwner":51,"fights":[{"id":2,"instances":4},{"id":3,"instances":20},{"id":4,"instances":6},{"id":6,"instances":24},{"id":7,"instances":31},{"id":9,"instances":6},{"id":12,"instances":30},{"id":13,"instances":2},{"id":15,"instances":36},{"id":21,"instances":4},{"id":23,"instances":37},{"id":25,"instances":4},{"id":26,"instances":4},{"id":29,"instances":19},{"id":30,"instances":35},{"id":31,"instances":16},{"id":32,"instances":35},{"id":34,"instances":4},{"id":35,"instances":38},{"id":36,"instances":35},{"id":37,"instances":14},{"id":38,"instances":7},{"id":41,"instances":38},{"id":42,"instances":27},{"id":43,"instances":37},{"id":44,"instances":36},{"id":45,"instances":42}]},{"name":"Fallen Monk","id":110,"guid":168073,"type":"Pet","icon":"abilities/ability_revendreth_monk","petOwner":44,"fights":[{"id":3,"instances":3},{"id":6,"instances":3},{"id":7,"instances":4},{"id":12,"instances":3},{"id":15,"instances":6},{"id":23,"instances":2},{"id":29,"instances":3},{"id":30,"instances":3},{"id":31,"instances":1},{"id":32,"instances":4},{"id":35,"instances":4},{"id":36,"instances":5},{"id":37,"instances":1},{"id":41,"instances":2},{"id":42,"instances":3},{"id":43,"instances":4},{"id":44,"instances":7},{"id":45,"instances":7}]},{"name":"Magus of the Dead","id":86,"guid":163366,"type":"Pet","icon":"abilities/artifactability_unholydeathknight_deathsembrace","petOwner":49,"fights":[{"id":2,"instances":1},{"id":3,"instances":4},{"id":12,"instances":5},{"id":13,"instances":1},{"id":15,"instances":6},{"id":23,"instances":8}]},{"name":"Bonebasher","id":69,"guid":60087273,"type":"Pet","icon":"abilities/spell_shadow_animatedead","petOwner":49,"fights":[{"id":2,"instances":1},{"id":3,"instances":1},{"id":9,"instances":1},{"id":12,"instances":1},{"id":13,"instances":1},{"id":15,"instances":1},{"id":16,"instances":1},{"id":17,"instances":1},{"id":19,"instances":1},{"id":23,"instances":1}]},{"name":"Mudcrawler","id":53,"guid":58040888,"type":"Pet","icon":"abilities/spell_shadow_animatedead","petOwner":51,"fights":[{"id":1,"instances":1},{"id":2,"instances":1},{"id":3,"instances":1},{"id":4,"instances":1},{"id":5,"instances":1},{"id":6,"instances":1},{"id":7,"instances":1},{"id":9,"instances":1},{"id":10,"instances":1},{"id":12,"instances":1},{"id":13,"instances":1},{"id":15,"instances":1},{"id":16,"instances":1},{"id":17,"instances":1},{"id":19,"instances":1},{"id":20,"instances":1},{"id":21,"instances":1},{"id":22,"instances":1},{"id":23,"instances":1},{"id":25,"instances":1},{"id":26,"instances":1},{"id":27,"instances":1},{"id":29,"instances":1},{"id":30,"instances":1},{"id":31,"instances":1},{"id":32,"instances":1},{"id":34,"instances":1},{"id":35,"instances":1},{"id":36,"instances":1},{"id":37,"instances":1},{"id":38,"instances":1},{"id":41,"instances":1},{"id":42,"instances":1},{"id":43,"instances":1},{"id":44,"instances":1},{"id":45,"instances":1}]},{"name":"Shadowfiend","id":92,"guid":19668,"type":"Pet","icon":"abilities/spell_shadow_shadowfiend","petOwner":55,"fights":[{"id":2,"instances":1},{"id":3,"instances":1},{"id":6,"instances":1},{"id":7,"instances":1},{"id":12,"instances":2},{"id":13,"instances":1},{"id":15,"instances":2},{"id":19,"instances":1},{"id":23,"instances":2},{"id":30,"instances":2},{"id":32,"instances":2},{"id":35,"instances":2}]},{"name":"Demonic Gateway","id":154,"guid":59271,"type":"Pet","icon":"custom-icon-trade_engineering","petOwner":46,"fights":[{"id":9,"instances":1},{"id":28,"instances":1},{"id":42,"instances":1},{"id":43,"instances":1},{"id":44,"instances":3},{"id":45,"instances":1}]},{"name":"Darkglare","id":103,"guid":103673,"type":"Pet","icon":"abilities/inv_beholderwarlock","petOwner":6,"fights":[{"id":3,"instances":2},{"id":6,"instances":2},{"id":7,"instances":2},{"id":12,"instances":1},{"id":13,"instances":1},{"id":15,"instances":2},{"id":23,"instances":1},{"id":26,"instances":1},{"id":29,"instances":1},{"id":30,"instances":2},{"id":31,"instances":1},{"id":32,"instances":2},{"id":33,"instances":1},{"id":35,"instances":2},{"id":36,"instances":2},{"id":38,"instances":1},{"id":41,"instances":3},{"id":42,"instances":2},{"id":43,"instances":2},{"id":44,"instances":1},{"id":45,"instances":3}]},{"name":"Magus of the Dead","id":84,"guid":163366,"type":"Pet","icon":"abilities/artifactability_unholydeathknight_deathsembrace","petOwner":51,"fights":[{"id":2,"instances":1},{"id":3,"instances":4},{"id":4,"instances":2},{"id":6,"instances":5},{"id":7,"instances":6},{"id":9,"instances":2},{"id":12,"instances":6},{"id":13,"instances":1},{"id":15,"instances":7},{"id":21,"instances":1},{"id":23,"instances":8},{"id":25,"instances":1},{"id":26,"instances":1},{"id":29,"instances":4},{"id":30,"instances":7},{"id":31,"instances":3},{"id":32,"instances":7},{"id":34,"instances":1},{"id":35,"instances":8},{"id":36,"instances":7},{"id":37,"instances":3},{"id":38,"instances":2},{"id":41,"instances":8},{"id":42,"instances":6},{"id":43,"instances":8},{"id":44,"instances":8},{"id":45,"instances":9}]},{"name":"Mirror Image","id":112,"guid":31216,"type":"Pet","icon":"abilities/spell_magic_managain","petOwner":43,"fights":[{"id":3,"instances":3},{"id":6,"instances":3},{"id":12,"instances":3},{"id":29,"instances":3},{"id":32,"instances":3},{"id":41,"instances":3}]},{"name":"Pizpit","id":66,"guid":55801986,"type":"Pet","icon":"abilities/spell_shadow_summonimp","petOwner":46,"fights":[{"id":2,"instances":1},{"id":3,"instances":1},{"id":4,"instances":1},{"id":5,"instances":1},{"id":6,"instances":1},{"id":7,"instances":1},{"id":9,"instances":1},{"id":12,"instances":1},{"id":13,"instances":1},{"id":15,"instances":1},{"id":16,"instances":1},{"id":17,"instances":1},{"id":18,"instances":1},{"id":19,"instances":1},{"id":21,"instances":1},{"id":22,"instances":1},{"id":23,"instances":1},{"id":25,"instances":1},{"id":26,"instances":1},{"id":29,"instances":1},{"id":30,"instances":1},{"id":31,"instances":1},{"id":32,"instances":1},{"id":33,"instances":1},{"id":34,"instances":1},{"id":35,"instances":1},{"id":36,"instances":1},{"id":37,"instances":1},{"id":38,"instances":1},{"id":39,"instances":1},{"id":41,"instances":1},{"id":42,"instances":1},{"id":43,"instances":1},{"id":44,"instances":1},{"id":45,"instances":1}]},{"name":"Demonic Gateway","id":162,"guid":59271,"type":"Pet","icon":"custom-icon-trade_engineering","petOwner":6,"fights":[{"id":23,"instances":1}]},{"name":"Hologram","id":237,"guid":176474,"type":"Pet","icon":"custom-icon-inv_trinket_80_titan02a","petOwner":68,"fights":[{"id":32,"instances":1},{"id":37,"instances":1}]},{"name":"Hologram","id":233,"guid":176474,"type":"Pet","icon":"custom-icon-inv_trinket_80_titan02a","petOwner":52,"fights":[{"id":30,"instances":1},{"id":32,"instances":1}]},{"name":"Shadowfiend","id":107,"guid":19668,"type":"Pet","icon":"abilities/spell_shadow_shadowfiend","petOwner":52,"fights":[{"id":3,"instances":2},{"id":6,"instances":1},{"id":7,"instances":2},{"id":12,"instances":2},{"id":15,"instances":2},{"id":19,"instances":1},{"id":29,"instances":1},{"id":30,"instances":2},{"id":31,"instances":1},{"id":32,"instances":2},{"id":35,"instances":2},{"id":36,"instances":2},{"id":38,"instances":1},{"id":41,"instances":2}]},{"name":"Shadowfiend","id":108,"guid":19668,"type":"Pet","icon":"abilities/spell_shadow_shadowfiend","petOwner":13,"fights":[{"id":3,"instances":1},{"id":6,"instances":1},{"id":7,"instances":2},{"id":12,"instances":2},{"id":29,"instances":1},{"id":30,"instances":2},{"id":31,"instances":1},{"id":32,"instances":2},{"id":35,"instances":2},{"id":36,"instances":2},{"id":41,"instances":3},{"id":42,"instances":2},{"id":43,"instances":2},{"id":44,"instances":3},{"id":45,"instances":3}]},{"name":"Void Tendril","id":116,"guid":98167,"type":"Pet","icon":"abilities/spell_shadow_skull","petOwner":52,"fights":[{"id":3,"instances":1},{"id":6,"instances":2},{"id":7,"instances":1},{"id":9,"instances":1},{"id":12,"instances":2},{"id":15,"instances":4},{"id":18,"instances":1},{"id":29,"instances":2},{"id":30,"instances":6},{"id":32,"instances":2},{"id":34,"instances":2},{"id":35,"instances":1},{"id":36,"instances":5},{"id":38,"instances":1},{"id":41,"instances":5}]},{"name":"Rune Weapon","id":80,"guid":27893,"type":"Pet","icon":"abilities/inv_sword_07","petOwner":64,"fights":[{"id":2,"instances":1},{"id":3,"instances":2},{"id":4,"instances":1},{"id":5,"instances":1},{"id":6,"instances":2},{"id":7,"instances":2},{"id":9,"instances":1},{"id":12,"instances":2},{"id":13,"instances":1},{"id":15,"instances":3},{"id":17,"instances":1},{"id":18,"instances":1},{"id":22,"instances":1},{"id":23,"instances":2},{"id":25,"instances":1},{"id":29,"instances":1},{"id":30,"instances":3},{"id":31,"instances":1},{"id":32,"instances":3},{"id":34,"instances":1},{"id":35,"instances":3},{"id":36,"instances":3},{"id":37,"instances":1},{"id":38,"instances":1},{"id":41,"instances":3},{"id":42,"instances":3},{"id":43,"instances":3},{"id":44,"instances":3},{"id":45,"instances":3}]},{"name":"Primal Fire Elemental","id":83,"guid":61029,"type":"Pet","icon":"abilities/spell_fire_elemental_totem","petOwner":5,"fights":[{"id":2,"instances":1},{"id":3,"instances":2},{"id":4,"instances":1},{"id":6,"instances":3},{"id":7,"instances":3},{"id":9,"instances":1},{"id":12,"instances":3},{"id":13,"instances":1},{"id":15,"instances":3},{"id":19,"instances":1},{"id":20,"instances":1},{"id":22,"instances":1},{"id":23,"instances":2},{"id":29,"instances":2},{"id":30,"instances":3},{"id":31,"instances":1},{"id":32,"instances":3},{"id":35,"instances":4},{"id":36,"instances":3},{"id":37,"instances":1},{"id":41,"instances":4},{"id":42,"instances":3},{"id":43,"instances":3},{"id":44,"instances":4},{"id":45,"instances":4}]},{"name":"Fallen Monk","id":102,"guid":168074,"type":"Pet","icon":"abilities/ability_revendreth_monk","petOwner":44,"fights":[{"id":3,"instances":5},{"id":6,"instances":4},{"id":7,"instances":8},{"id":12,"instances":4},{"id":15,"instances":8},{"id":16,"instances":8},{"id":23,"instances":8},{"id":29,"instances":4},{"id":30,"instances":8},{"id":31,"instances":4},{"id":32,"instances":6},{"id":35,"instances":8},{"id":36,"instances":8},{"id":37,"instances":4},{"id":41,"instances":8},{"id":42,"instances":8},{"id":43,"instances":8},{"id":44,"instances":12},{"id":45,"instances":11}]},{"name":"Capacitor Totem","id":130,"guid":61245,"type":"Pet","icon":"abilities/spell_nature_brilliance","petOwner":5,"fights":[{"id":4,"instances":1},{"id":5,"instances":1},{"id":6,"instances":1},{"id":9,"instances":1},{"id":22,"instances":1},{"id":23,"instances":1},{"id":34,"instances":1}]},{"name":"Khiifun","id":148,"guid":57043759,"type":"Pet","icon":"abilities/spell_shadow_summonfelhunter","petOwner":2,"fights":[{"id":13,"instances":1},{"id":15,"instances":1},{"id":16,"instances":1},{"id":17,"instances":1},{"id":18,"instances":1},{"id":19,"instances":1},{"id":20,"instances":1},{"id":21,"instances":1},{"id":22,"instances":1},{"id":23,"instances":1},{"id":25,"instances":1},{"id":34,"instances":1},{"id":35,"instances":1}]},{"name":"Risen Ghoul","id":94,"guid":26125,"type":"Pet","icon":"abilities/inv_pet_ghoul","petOwner":64,"fights":[{"id":2,"instances":1},{"id":3,"instances":2},{"id":5,"instances":1},{"id":6,"instances":2},{"id":7,"instances":2},{"id":12,"instances":2},{"id":13,"instances":1},{"id":15,"instances":2},{"id":19,"instances":1},{"id":25,"instances":1},{"id":26,"instances":1},{"id":29,"instances":1},{"id":30,"instances":3},{"id":31,"instances":1},{"id":32,"instances":3},{"id":34,"instances":1},{"id":35,"instances":3},{"id":36,"instances":2},{"id":37,"instances":1},{"id":38,"instances":1},{"id":41,"instances":3},{"id":42,"instances":1},{"id":43,"instances":2},{"id":44,"instances":1},{"id":45,"instances":1}]},{"name":"Risen Skulker","id":54,"guid":99541,"type":"Pet","icon":"abilities/spell_shadow_animatedead","petOwner":51,"fights":[{"id":1,"instances":1},{"id":2,"instances":1},{"id":3,"instances":1},{"id":4,"instances":1},{"id":5,"instances":1},{"id":6,"instances":1},{"id":7,"instances":1},{"id":9,"instances":1},{"id":10,"instances":1},{"id":11,"instances":2},{"id":12,"instances":1},{"id":13,"instances":1},{"id":15,"instances":1},{"id":16,"instances":1},{"id":17,"instances":1},{"id":19,"instances":2},{"id":21,"instances":1},{"id":22,"instances":1},{"id":23,"instances":1},{"id":25,"instances":1},{"id":26,"instances":1},{"id":27,"instances":1},{"id":29,"instances":1},{"id":30,"instances":1},{"id":31,"instances":1},{"id":32,"instances":1},{"id":34,"instances":1},{"id":35,"instances":1},{"id":36,"instances":1},{"id":37,"instances":1},{"id":38,"instances":2},{"id":41,"instances":1},{"id":42,"instances":2},{"id":43,"instances":1},{"id":44,"instances":2},{"id":45,"instances":2}]},{"name":"Yu'lon","id":146,"guid":165374,"type":"Pet","icon":"abilities/ability_monk_dragonkick","petOwner":44,"fights":[{"id":6,"instances":1},{"id":7,"instances":1},{"id":12,"instances":1},{"id":15,"instances":1},{"id":30,"instances":1},{"id":32,"instances":1},{"id":35,"instances":1}]},{"name":"Hologram","id":236,"guid":176474,"type":"Pet","icon":"custom-icon-inv_trinket_80_titan02a","petOwner":8,"fights":[{"id":32,"instances":1}]},{"name":"Nokrin","id":7,"guid":57043755,"type":"Pet","icon":"abilities/spell_shadow_summonimp","petOwner":2,"fights":[{"id":1,"instances":1},{"id":2,"instances":1},{"id":3,"instances":1},{"id":4,"instances":1},{"id":5,"instances":1},{"id":6,"instances":1},{"id":7,"instances":1},{"id":9,"instances":1},{"id":12,"instances":1},{"id":13,"instances":1},{"id":26,"instances":1},{"id":27,"instances":1},{"id":29,"instances":1},{"id":30,"instances":1},{"id":31,"instances":1},{"id":32,"instances":1},{"id":34,"instances":1},{"id":36,"instances":1},{"id":37,"instances":1},{"id":41,"instances":1},{"id":42,"instances":1},{"id":43,"instances":1},{"id":44,"instances":1},{"id":45,"instances":1}]},{"name":"Fallen Monk","id":105,"guid":168033,"type":"Pet","icon":"abilities/ability_revendreth_monk","petOwner":44,"fights":[{"id":3,"instances":2},{"id":6,"instances":1},{"id":7,"instances":4},{"id":12,"instances":1},{"id":15,"instances":1},{"id":23,"instances":6},{"id":29,"instances":1},{"id":30,"instances":5},{"id":31,"instances":3},{"id":32,"instances":2},{"id":35,"instances":4},{"id":36,"instances":3},{"id":37,"instances":3},{"id":41,"instances":6},{"id":42,"instances":5},{"id":43,"instances":3},{"id":44,"instances":5},{"id":45,"instances":4}]},{"name":"Demonic Gateway","id":172,"guid":59262,"type":"Pet","icon":"custom-icon-trade_engineering","petOwner":2,"fights":[{"id":38,"instances":1},{"id":41,"instances":1},{"id":42,"instances":1},{"id":44,"instances":1}]},{"name":"Healing Tide Totem","id":113,"guid":59764,"type":"Pet","icon":"abilities/ability_shaman_healingtide","petOwner":65,"fights":[{"id":3,"instances":1},{"id":4,"instances":1},{"id":6,"instances":1},{"id":7,"instances":1},{"id":9,"instances":1},{"id":12,"instances":1},{"id":15,"instances":2},{"id":19,"instances":1},{"id":23,"instances":2},{"id":29,"instances":1},{"id":30,"instances":1},{"id":31,"instances":1},{"id":32,"instances":2},{"id":34,"instances":1},{"id":35,"instances":1},{"id":36,"instances":2},{"id":37,"instances":1},{"id":41,"instances":2},{"id":42,"instances":2},{"id":43,"instances":2},{"id":44,"instances":2},{"id":45,"instances":2}]},{"name":"Capacitor Totem","id":136,"guid":61245,"type":"Pet","icon":"abilities/spell_nature_brilliance","petOwner":65,"fights":[{"id":5,"instances":1},{"id":13,"instances":1},{"id":17,"instances":1},{"id":19,"instances":2},{"id":25,"instances":1},{"id":37,"instances":1},{"id":38,"instances":1}]},{"name":"Bloodworm","id":79,"guid":99773,"type":"Pet","icon":"abilities/spell_shadow_soulleech","petOwner":64,"fights":[{"id":2,"instances":11},{"id":3,"instances":15},{"id":4,"instances":9},{"id":5,"instances":2},{"id":6,"instances":14},{"id":7,"instances":27},{"id":9,"instances":7},{"id":12,"instances":18},{"id":13,"instances":11},{"id":15,"instances":35},{"id":17,"instances":7},{"id":18,"instances":4},{"id":19,"instances":6},{"id":21,"instances":2},{"id":22,"instances":3},{"id":23,"instances":20},{"id":25,"instances":4},{"id":26,"instances":7},{"id":29,"instances":13},{"id":30,"instances":17},{"id":31,"instances":9},{"id":32,"instances":17},{"id":33,"instances":1},{"id":34,"instances":10},{"id":35,"instances":18},{"id":36,"instances":20},{"id":37,"instances":3},{"id":38,"instances":3},{"id":41,"instances":33},{"id":42,"instances":21},{"id":43,"instances":22},{"id":44,"instances":37},{"id":45,"instances":26}]},{"name":"Demonic Gateway","id":153,"guid":59262,"type":"Pet","icon":"custom-icon-trade_engineering","petOwner":46,"fights":[{"id":9,"instances":1},{"id":28,"instances":1},{"id":42,"instances":1},{"id":43,"instances":1},{"id":44,"instances":3},{"id":45,"instances":1}]},{"name":"Darkglare","id":104,"guid":103673,"type":"Pet","icon":"abilities/inv_beholderwarlock","petOwner":46,"fights":[{"id":3,"instances":2},{"id":6,"instances":1},{"id":7,"instances":2},{"id":12,"instances":2},{"id":15,"instances":2},{"id":17,"instances":1},{"id":23,"instances":1},{"id":26,"instances":1},{"id":29,"instances":1},{"id":30,"instances":2},{"id":31,"instances":1},{"id":32,"instances":2},{"id":34,"instances":1},{"id":35,"instances":2},{"id":36,"instances":2},{"id":38,"instances":1},{"id":41,"instances":3},{"id":42,"instances":2},{"id":43,"instances":2},{"id":44,"instances":3},{"id":45,"instances":3}]},{"name":"Capacitor Totem","id":144,"guid":61245,"type":"Pet","icon":"abilities/spell_nature_brilliance","petOwner":9,"fights":[{"id":6,"instances":1}]},{"name":"Greater Fire Elemental","id":111,"guid":95061,"type":"Pet","icon":"abilities/spell_fire_elemental_totem","petOwner":9,"fights":[{"id":3,"instances":1},{"id":6,"instances":2},{"id":7,"instances":2},{"id":12,"instances":2},{"id":15,"instances":1},{"id":23,"instances":1},{"id":29,"instances":1},{"id":30,"instances":2},{"id":31,"instances":1},{"id":32,"instances":2},{"id":35,"instances":2},{"id":36,"instances":1},{"id":41,"instances":2},{"id":42,"instances":1},{"id":43,"instances":2},{"id":44,"instances":2},{"id":45,"instances":2}]},{"name":"Risen Skulker","id":50,"guid":99541,"type":"Pet","icon":"abilities/spell_shadow_animatedead","petOwner":49,"fights":[{"id":2,"instances":1},{"id":3,"instances":1},{"id":9,"instances":1},{"id":11,"instances":1},{"id":12,"instances":1},{"id":13,"instances":1},{"id":15,"instances":2},{"id":16,"instances":1},{"id":17,"instances":1},{"id":19,"instances":1},{"id":22,"instances":1},{"id":23,"instances":1}]},{"name":"Regenerating Wildseed","id":147,"guid":164589,"type":"Pet","icon":"custom-icon-spell_nature_stoneskintotem","petOwner":14,"fights":[{"id":6,"instances":1},{"id":38,"instances":1},{"id":41,"instances":1}]},{"name":"Rulmat","id":63,"guid":59852098,"type":"Pet","icon":"abilities/spell_shadow_summonimp","petOwner":6,"fights":[{"id":1,"instances":1},{"id":2,"instances":1},{"id":3,"instances":1},{"id":4,"instances":1},{"id":5,"instances":1},{"id":6,"instances":1},{"id":7,"instances":1},{"id":9,"instances":1},{"id":12,"instances":1},{"id":15,"instances":1},{"id":16,"instances":1},{"id":19,"instances":1},{"id":21,"instances":1},{"id":22,"instances":1},{"id":23,"instances":1},{"id":29,"instances":1},{"id":30,"instances":1},{"id":31,"instances":1},{"id":32,"instances":1},{"id":33,"instances":1},{"id":34,"instances":1},{"id":35,"instances":1},{"id":36,"instances":1},{"id":37,"instances":1},{"id":38,"instances":1},{"id":39,"instances":1},{"id":41,"instances":1},{"id":42,"instances":1},{"id":43,"instances":1},{"id":44,"instances":1},{"id":45,"instances":1}]},{"name":"Liquid Magma Totem","id":204,"guid":97369,"type":"Pet","icon":"abilities/spell_shaman_spewlava","petOwner":5,"fights":[{"id":23,"instances":5}]},{"name":"Hologram","id":215,"guid":176474,"type":"Pet","icon":"custom-icon-inv_trinket_80_titan02a","petOwner":10,"fights":[{"id":23,"instances":1},{"id":30,"instances":1},{"id":32,"instances":1}]},{"name":"Demonic Gateway","id":161,"guid":59262,"type":"Pet","icon":"custom-icon-trade_engineering","petOwner":6,"fights":[{"id":23,"instances":1}]},{"name":"Earthbind Totem","id":56,"guid":2630,"type":"Pet","icon":"abilities/spell_nature_strengthofearthtotem02","petOwner":5,"fights":[{"id":23,"instances":2}]},{"name":"Darkglare","id":106,"guid":103673,"type":"Pet","icon":"abilities/inv_beholderwarlock","petOwner":2,"fights":[{"id":3,"instances":2},{"id":6,"instances":1},{"id":7,"instances":2},{"id":12,"instances":2},{"id":15,"instances":2},{"id":17,"instances":1},{"id":22,"instances":1},{"id":23,"instances":2},{"id":29,"instances":1},{"id":30,"instances":2},{"id":31,"instances":1},{"id":32,"instances":2},{"id":35,"instances":2},{"id":36,"instances":1},{"id":41,"instances":2},{"id":42,"instances":2},{"id":43,"instances":2},{"id":44,"instances":2},{"id":45,"instances":3}]},{"name":"Void Lasher","id":131,"guid":175198,"type":"Pet","icon":"abilities/spell_shadow_skull","petOwner":13,"fights":[{"id":4,"instances":1},{"id":13,"instances":2},{"id":17,"instances":1},{"id":18,"instances":2},{"id":22,"instances":1},{"id":34,"instances":2},{"id":37,"instances":2},{"id":44,"instances":1},{"id":45,"instances":1}]},{"name":"Mindbender","id":278,"guid":62982,"type":"Pet","icon":"abilities/spell_shadow_soulleech_3","petOwner":55,"fights":[{"id":36,"instances":4},{"id":41,"instances":6},{"id":42,"instances":6},{"id":43,"instances":6},{"id":44,"instances":7},{"id":45,"instances":6}]},{"name":"Void Tendril","id":95,"guid":98167,"type":"Pet","icon":"abilities/spell_shadow_skull","petOwner":13,"fights":[{"id":2,"instances":1},{"id":3,"instances":3},{"id":6,"instances":2},{"id":7,"instances":4},{"id":9,"instances":2},{"id":12,"instances":1},{"id":21,"instances":1},{"id":29,"instances":1},{"id":30,"instances":6},{"id":32,"instances":5},{"id":34,"instances":2},{"id":35,"instances":3},{"id":36,"instances":2},{"id":38,"instances":1},{"id":41,"instances":7},{"id":42,"instances":3},{"id":43,"instances":3},{"id":44,"instances":1},{"id":45,"instances":4}]},{"name":"Void Lasher","id":122,"guid":175198,"type":"Pet","icon":"abilities/spell_shadow_skull","petOwner":10,"fights":[{"id":4,"instances":2},{"id":9,"instances":2},{"id":17,"instances":1},{"id":22,"instances":1},{"id":37,"instances":1},{"id":38,"instances":1},{"id":45,"instances":1}]},{"name":"Void Lasher","id":152,"guid":175198,"type":"Pet","icon":"abilities/spell_shadow_skull","petOwner":52,"fights":[{"id":9,"instances":2},{"id":13,"instances":1},{"id":26,"instances":2}]},{"name":"Niuzao","id":115,"guid":73967,"type":"Pet","icon":"abilities/spell_monk_brewmaster_spec","petOwner":45,"fights":[{"id":3,"instances":1},{"id":6,"instances":1},{"id":7,"instances":2},{"id":12,"instances":1},{"id":15,"instances":1},{"id":23,"instances":2},{"id":29,"instances":1},{"id":30,"instances":2},{"id":31,"instances":1},{"id":32,"instances":2},{"id":35,"instances":2},{"id":36,"instances":1},{"id":41,"instances":3},{"id":42,"instances":2},{"id":43,"instances":2},{"id":44,"instances":2},{"id":45,"instances":2}]},{"name":"Mirror Image","id":139,"guid":31216,"type":"Pet","icon":"abilities/spell_magic_managain","petOwner":61,"fights":[{"id":6,"instances":3},{"id":7,"instances":3},{"id":12,"instances":3},{"id":15,"instances":3},{"id":23,"instances":6},{"id":29,"instances":3},{"id":30,"instances":6},{"id":32,"instances":6},{"id":35,"instances":3},{"id":38,"instances":3}]},{"name":"Void Tendril","id":93,"guid":98167,"type":"Pet","icon":"abilities/spell_shadow_skull","petOwner":10,"fights":[{"id":2,"instances":2},{"id":4,"instances":1},{"id":7,"instances":2},{"id":12,"instances":2},{"id":15,"instances":2},{"id":23,"instances":1},{"id":29,"instances":1},{"id":30,"instances":3},{"id":31,"instances":3},{"id":32,"instances":2},{"id":34,"instances":2},{"id":35,"instances":3},{"id":36,"instances":8},{"id":41,"instances":3},{"id":42,"instances":3},{"id":43,"instances":5},{"id":45,"instances":1}]},{"name":"Hologram","id":214,"guid":176474,"type":"Pet","icon":"custom-icon-inv_trinket_80_titan02a","petOwner":12,"fights":[{"id":23,"instances":1},{"id":32,"instances":2}]},{"name":"Greater Earth Elemental","id":289,"guid":95072,"type":"Pet","icon":"abilities/spell_nature_earthelemental_totem","petOwner":65,"fights":[{"id":38,"instances":1},{"id":41,"instances":1}]},{"name":"Mana Tide Totem","id":114,"guid":10467,"type":"Pet","icon":"abilities/spell_frost_summonwaterelemental","petOwner":65,"fights":[{"id":3,"instances":1},{"id":6,"instances":1},{"id":7,"instances":1},{"id":12,"instances":2},{"id":15,"instances":2},{"id":19,"instances":1},{"id":23,"instances":2},{"id":29,"instances":1},{"id":30,"instances":2},{"id":32,"instances":2},{"id":35,"instances":2},{"id":36,"instances":2},{"id":38,"instances":1},{"id":41,"instances":2},{"id":42,"instances":2},{"id":43,"instances":2},{"id":44,"instances":2},{"id":45,"instances":2}]},{"name":"Army of the Dead","id":87,"guid":24207,"type":"Pet","icon":"abilities/artifactability_unholydeathknight_deathsembrace","petOwner":49,"fights":[{"id":2,"instances":4},{"id":3,"instances":20},{"id":12,"instances":24},{"id":13,"instances":4},{"id":15,"instances":32},{"id":23,"instances":40}]},{"name":"Greater Earth Elemental","id":288,"guid":95072,"type":"Pet","icon":"abilities/spell_nature_earthelemental_totem","petOwner":9,"fights":[{"id":38,"instances":1},{"id":41,"instances":1}]},{"name":"Spirit Link Totem","id":91,"guid":53006,"type":"Pet","icon":"abilities/spell_shaman_spiritlink","petOwner":65,"fights":[{"id":2,"instances":1},{"id":3,"instances":1},{"id":6,"instances":1},{"id":12,"instances":1},{"id":15,"instances":1},{"id":23,"instances":2},{"id":25,"instances":1},{"id":32,"instances":1},{"id":36,"instances":1},{"id":37,"instances":1},{"id":41,"instances":2},{"id":42,"instances":1},{"id":43,"instances":1},{"id":44,"instances":1},{"id":45,"instances":2}]}],"enemyPets":[{"name":"Loyal Gargon","id":126,"guid":173953,"type":"Pet","icon":"custom-icon-spell_shadow_lifedrain","petOwner":125,"fights":[{"id":4,"instances":1}]},{"name":"Conjured Manifestation","id":176,"guid":170197,"type":"Pet","icon":"custom-icon-inv_misc_volatilelife","petOwner":171,"fights":[{"id":15,"instances":2},{"id":16,"instances":1}]}],"phases":[{"boss":2417,"phases":["General Kaal","Intermission One","General Grashaal","Intermission Two","Generals United"],"intermissions":[2,4]},{"boss":2418,"phases":["Margore","Bargast","Hecutis","Huntsman"]},{"boss":2405,"phases":["Crystal of Phantasms","Root of Extinction","Edge of Annihilation"]},{"boss":2407,"phases":["Stage One: Sinners Be Cleansed","Intermission: March of the Penitent","Stage Two: The Crimson Chorus","Stage Three: Indignation"],"intermissions":[2]},{"boss":2412,"phases":["Phase One","Phase Two","Phase Three"]},{"boss":2398,"phases":["Thirst for Blood","Terror of Castle Nathria"]}],"logVersion":16,"gameVersion":1,"title":"12/15","owner":"Adoraci","start":1608085352665,"end":1608097154864,"zone":26,"exportedCharacters":[{"id":34294488,"name":"Adoraci","server":"Zul'jin","region":"US"},{"id":26377707,"name":"Aejosk","server":"Zul'jin","region":"US"},{"id":42687754,"name":"Braffs","server":"Zul'jin","region":"US"},{"id":15311423,"name":"Bunring","server":"Zul'jin","region":"US"},{"id":53938176,"name":"Calibrew","server":"Zul'jin","region":"US"},{"id":39528885,"name":"Erry","server":"Zul'jin","region":"US"},{"id":51656037,"name":"Freëzer","server":"Zul'jin","region":"US"},{"id":49376192,"name":"Havokx","server":"Zul'jin","region":"US"},{"id":249062,"name":"Jambele","server":"Zul'jin","region":"US"},{"id":46882992,"name":"Jimmystab","server":"Zul'jin","region":"US"},{"id":10205472,"name":"Jotaux","server":"Zul'jin","region":"US"},{"id":33020455,"name":"Kahlou","server":"Zul'jin","region":"US"},{"id":36717944,"name":"Kalunadruid","server":"Zul'jin","region":"US"},{"id":27090687,"name":"Kappamemes","server":"Zul'jin","region":"US"},{"id":16953952,"name":"Mayrim","server":"Zul'jin","region":"US"},{"id":37779382,"name":"Muuzura","server":"Zul'jin","region":"US"},{"id":39361647,"name":"Nokomanida","server":"Zul'jin","region":"US"},{"id":38573922,"name":"Nothxx","server":"Zul'jin","region":"US"},{"id":26984905,"name":"Quezacotll","server":"Zul'jin","region":"US"},{"id":47046673,"name":"Quilled","server":"Zul'jin","region":"US"},{"id":26958279,"name":"Rini","server":"Zul'jin","region":"US"},{"id":39481334,"name":"Rodsmonk","server":"Zul'jin","region":"US"},{"id":47893737,"name":"Shiksa","server":"Zul'jin","region":"US"},{"id":12437475,"name":"Stiggz","server":"Zul'jin","region":"US"},{"id":53653365,"name":"Thyzôk","server":"Zul'jin","region":"US"},{"id":36721863,"name":"Wukkar","server":"Zul'jin","region":"US"},{"id":43567155,"name":"Xivei","server":"Zul'jin","region":"US"},{"id":48508592,"name":"Zodeayn","server":"Zul'jin","region":"US"}]}