{"fights":[{"id":1,"start_time":209297,"end_time":351396,"boss":2298,"name":"Abyssal Commander Sivara","size":23,"difficulty":4,"kill":true,"partial":3,"bossPercentage":0,"fightPercentage":0,"lastPhaseForPercentageDisplay":0,"maps":[1512]},{"id":2,"start_time":392175,"end_time":788366,"boss":0,"name":"Bound Storm"},{"id":3,"start_time":991412,"end_time":1149130,"boss":2289,"name":"Blackwater Behemoth","size":29,"difficulty":4,"kill":true,"partial":3,"bossPercentage":0,"fightPercentage":0,"lastPhaseForPercentageDisplay":0,"maps":[1514]},{"id":4,"start_time":1227427,"end_time":1227427,"boss":0,"name":"Azsh'ari Channeler"},{"id":5,"start_time":1262976,"end_time":1262976,"boss":0,"name":"Blackchasm Crawler"},{"id":6,"start_time":1281819,"end_time":1354567,"boss":0,"name":"Zanj'ir Brute"},{"id":7,"start_time":1365492,"end_time":1415353,"boss":0,"name":"Azsh'ari Stormcaller"},{"id":8,"start_time":1439704,"end_time":1564269,"boss":0,"name":"Sak'ja"},{"id":9,"start_time":1712337,"end_time":1869390,"boss":2305,"name":"Radiance of Azshara","size":28,"difficulty":4,"kill":true,"partial":3,"bossPercentage":0,"fightPercentage":0,"lastPhaseForPercentageDisplay":1,"maps":[1513]},{"id":10,"start_time":1937506,"end_time":1995901,"boss":0,"name":"Queen Azshara"},{"id":11,"start_time":1999718,"end_time":2011680,"boss":0,"originalBoss":2304,"name":"Lady Ashvane"},{"id":12,"start_time":2152300,"end_time":2320818,"boss":2304,"name":"Lady Ashvane","size":28,"difficulty":4,"kill":true,"partial":3,"bossPercentage":0,"fightPercentage":0,"lastPhaseForPercentageDisplay":1,"maps":[1513]},{"id":13,"start_time":2337334,"end_time":2349470,"boss":0,"name":"Zanj'ir Myrmidon"},{"id":14,"start_time":2354005,"end_time":2357362,"boss":0,"originalBoss":2303,"name":"Orgozoa"},{"id":15,"start_time":2479102,"end_time":2518102,"boss":2303,"name":"Orgozoa","size":28,"difficulty":4,"kill":false,"partial":2,"bossPercentage":6411,"fightPercentage":6411,"lastPhaseForPercentageDisplay":1,"maps":[1517]},{"id":16,"start_time":6117877,"end_time":6179071,"boss":2303,"name":"Orgozoa","size":28,"difficulty":4,"kill":false,"partial":0,"bossPercentage":3954,"fightPercentage":3954,"lastPhaseForPercentageDisplay":1,"maps":[1517]},{"id":17,"start_time":6189133,"end_time":6193597,"boss":0,"name":"Zanj'ir Myrmidon"},{"id":18,"start_time":6234118,"end_time":6239772,"boss":0,"name":"Azsh'ari Witch"},{"id":19,"start_time":6323984,"end_time":6509089,"boss":2303,"name":"Orgozoa","size":28,"difficulty":4,"kill":true,"partial":3,"bossPercentage":0,"fightPercentage":0,"lastPhaseForPercentageDisplay":3,"maps":[1517]},{"id":20,"start_time":6587633,"end_time":6648066,"boss":0,"name":"Zanj'ir Honor Guard"},{"id":21,"start_time":6664189,"end_time":6714737,"boss":0,"name":"Rak'sha the Swift"},{"id":22,"start_time":6730217,"end_time":6776375,"boss":0,"name":"Squallbinder Mal'ur"},{"id":23,"start_time":6780165,"end_time":6789829,"boss":0,"originalBoss":2311,"name":"The Queen's Court"},{"id":24,"start_time":6792945,"end_time":6813550,"boss":0,"name":"Zanj'ir Honor Guard"},{"id":25,"start_time":6903995,"end_time":7100804,"boss":2311,"name":"The Queen's Court","size":28,"difficulty":4,"kill":true,"partial":3,"bossPercentage":0,"fightPercentage":0,"lastPhaseForPercentageDisplay":0,"maps":[1518]},{"id":26,"start_time":7227559,"end_time":7269432,"boss":0,"name":"Voidbound Terror"},{"id":27,"start_time":7390486,"end_time":7579447,"boss":2293,"name":"Za'qul","size":25,"difficulty":4,"kill":true,"partial":3,"bossPercentage":0,"fightPercentage":0,"lastPhaseForPercentageDisplay":3,"maps":[1519]},{"id":28,"start_time":7582649,"end_time":7584434,"boss":0,"name":"Horrific Vision"},{"id":29,"start_time":7698274,"end_time":7993523,"boss":2299,"name":"Queen Azshara","size":25,"difficulty":4,"kill":true,"partial":3,"bossPercentage":0,"fightPercentage":0,"lastPhaseForPercentageDisplay":4,"maps":[1520]},{"id":30,"start_time":7996771,"end_time":8002586,"boss":0,"name":"Inwaves"},{"id":31,"start_time":8503323,"end_time":8565504,"boss":0,"name":"Garval the Vanquisher"},{"id":32,"start_time":8577914,"end_time":8586320,"boss":0,"name":"Tideshaper Korvess"},{"id":33,"start_time":8586542,"end_time":8591617,"boss":0,"originalBoss":2298,"name":"Abyssal Commander Sivara"},{"id":34,"start_time":8594646,"end_time":8633158,"boss":0,"name":"Abyssal Commander Sivara"},{"id":35,"start_time":8641055,"end_time":8645256,"boss":0,"originalBoss":2298,"name":"Abyssal Commander Sivara"},{"id":36,"start_time":8828158,"end_time":8860126,"boss":0,"name":"Zanj'ir Gladiator"},{"id":37,"start_time":8866504,"end_time":9030869,"boss":2298,"name":"Abyssal Commander Sivara","size":20,"difficulty":5,"kill":true,"partial":3,"bossPercentage":0,"fightPercentage":0,"lastPhaseForPercentageDisplay":0,"maps":[1512]},{"id":38,"start_time":9093298,"end_time":9124767,"boss":0,"name":"Zanj'ir Honor Guard"},{"id":39,"start_time":9191296,"end_time":9277577,"boss":0,"name":"Bound Storm"},{"id":40,"start_time":9288190,"end_time":9335175,"boss":0,"name":"Abyssal Spearhunter"}],"lang":"en","friendlies":[{"name":"Kerek","id":430,"guid":197545600,"type":"Priest","server":"Stormrage","fights":[{"id":31},{"id":32},{"id":33},{"id":34},{"id":35}]},{"name":"Blackberries","id":19,"guid":140803589,"type":"Warrior","server":"Eldre'Thalas","fights":[{"id":1},{"id":2},{"id":3},{"id":6},{"id":7},{"id":8},{"id":9},{"id":10},{"id":12},{"id":13},{"id":15},{"id":16},{"id":19}]},{"name":"Jäckz","id":9,"guid":205899738,"type":"DemonHunter","server":"Stormrage","fights":[{"id":1},{"id":2},{"id":3},{"id":6},{"id":7},{"id":8},{"id":9},{"id":10},{"id":11},{"id":12},{"id":13},{"id":14},{"id":15},{"id":16},{"id":19},{"id":20},{"id":21},{"id":22},{"id":23},{"id":24},{"id":25},{"id":26},{"id":27},{"id":29},{"id":30},{"id":31},{"id":32},{"id":33},{"id":34},{"id":35},{"id":36},{"id":37},{"id":38},{"id":39},{"id":40}]},{"name":"Praedotter","id":89,"guid":202417106,"type":"Priest","server":"Stormrage","fights":[{"id":2},{"id":3},{"id":6},{"id":7},{"id":8},{"id":9},{"id":10},{"id":11},{"id":12},{"id":13},{"id":15},{"id":16},{"id":19},{"id":20},{"id":21},{"id":22},{"id":23},{"id":24},{"id":25},{"id":26},{"id":27},{"id":28}]},{"name":"First Arcanist Thalyssra","id":419,"guid":154469,"type":"NPC","fights":[{"id":31,"instances":1,"groups":2}]},{"name":"Lor'themar Theron","id":416,"guid":154468,"type":"NPC","fights":[{"id":31,"instances":1}]},{"name":"Lumbind","id":348,"guid":186383539,"type":"Paladin","server":"Stormrage","fights":[{"id":31},{"id":32},{"id":33},{"id":34},{"id":35},{"id":36},{"id":37},{"id":38},{"id":39},{"id":40}]},{"name":"Androsz","id":420,"guid":201883445,"type":"Hunter","server":"Stormrage","fights":[{"id":31},{"id":32},{"id":33},{"id":34},{"id":35},{"id":36},{"id":37},{"id":38},{"id":39},{"id":40}]},{"name":"Vixy","id":376,"guid":181539203,"type":"Hunter","server":"Stormrage","fights":[{"id":36},{"id":37},{"id":39},{"id":40}]},{"name":"Trenoo","id":20,"guid":182271213,"type":"Priest","server":"Frostmourne","fights":[{"id":1},{"id":2},{"id":3},{"id":5},{"id":6},{"id":7},{"id":8},{"id":9},{"id":10},{"id":11},{"id":12},{"id":13},{"id":14},{"id":15},{"id":16},{"id":18},{"id":19},{"id":20},{"id":21},{"id":22},{"id":23},{"id":24},{"id":25},{"id":26},{"id":27},{"id":28},{"id":29}]},{"name":"Sableedlas","id":6,"guid":181394902,"type":"Warrior","server":"Stormrage","fights":[{"id":1},{"id":2},{"id":3},{"id":9},{"id":10},{"id":11},{"id":12},{"id":13},{"id":15},{"id":16},{"id":18},{"id":19},{"id":20},{"id":21},{"id":22},{"id":23},{"id":24},{"id":25},{"id":26},{"id":27},{"id":28},{"id":29},{"id":30}]},{"name":"Ligerfrosty","id":216,"guid":190589212,"type":"Mage","server":"Stormrage","fights":[{"id":29},{"id":30}]},{"name":"Swíftý","id":113,"guid":139563412,"type":"Warlock","server":"MoonGuard","fights":[{"id":3},{"id":5},{"id":6},{"id":7},{"id":8},{"id":9}]},{"name":"Lanre","id":25,"guid":175883572,"type":"Warlock","server":"Llane","fights":[{"id":1},{"id":2},{"id":3}]},{"name":"Scepticeals","id":21,"guid":168492968,"type":"Paladin","server":"Sargeras","fights":[{"id":1},{"id":2},{"id":3},{"id":6},{"id":7},{"id":8},{"id":9},{"id":10},{"id":11},{"id":12},{"id":13},{"id":15},{"id":16},{"id":18},{"id":19},{"id":20},{"id":21},{"id":22},{"id":23},{"id":24},{"id":25},{"id":26},{"id":27},{"id":29},{"id":30}]},{"name":"Duckki","id":12,"guid":205932562,"type":"Paladin","server":"Stormrage","fights":[{"id":1},{"id":2},{"id":3},{"id":6},{"id":7},{"id":8},{"id":9},{"id":10},{"id":11},{"id":12},{"id":15},{"id":16},{"id":19},{"id":20},{"id":21},{"id":22},{"id":23},{"id":24},{"id":25},{"id":26},{"id":27},{"id":28},{"id":29},{"id":30}]},{"name":"Simplytg","id":418,"guid":202375304,"type":"Monk","server":"Stormrage","fights":[{"id":31},{"id":32},{"id":33},{"id":34},{"id":35},{"id":36},{"id":37},{"id":38},{"id":39},{"id":40}]},{"name":"Yiesus","id":275,"guid":177049586,"type":"Priest","server":"Stormrage","fights":[{"id":31},{"id":32},{"id":33},{"id":34},{"id":35},{"id":36},{"id":37},{"id":38},{"id":39},{"id":40}]},{"name":"Papamonkpro","id":7,"guid":204890323,"type":"Monk","server":"Stormrage","fights":[{"id":1},{"id":2},{"id":3},{"id":5},{"id":6},{"id":7},{"id":8},{"id":9},{"id":10},{"id":11},{"id":12},{"id":13},{"id":14},{"id":15},{"id":16},{"id":19},{"id":20},{"id":21},{"id":22},{"id":24},{"id":25},{"id":26},{"id":27},{"id":28},{"id":29},{"id":30},{"id":31},{"id":32},{"id":33},{"id":34},{"id":35},{"id":36},{"id":37},{"id":38},{"id":39},{"id":40}]},{"name":"Valethea","id":32,"guid":201536523,"type":"Druid","server":"Stormrage","fights":[{"id":1},{"id":2},{"id":3},{"id":5},{"id":6},{"id":7},{"id":8},{"id":9},{"id":10},{"id":11},{"id":12},{"id":13},{"id":14},{"id":15},{"id":16},{"id":18},{"id":19},{"id":20},{"id":21},{"id":22},{"id":23},{"id":24},{"id":25},{"id":26},{"id":27},{"id":28},{"id":29},{"id":30}]},{"name":"Mulgorian","id":18,"guid":177138019,"type":"Warlock","server":"Stormrage","fights":[{"id":1},{"id":2},{"id":3},{"id":5},{"id":6},{"id":7},{"id":8},{"id":9},{"id":10},{"id":11},{"id":12},{"id":15},{"id":16},{"id":19},{"id":20},{"id":21},{"id":22},{"id":23},{"id":24},{"id":25},{"id":26},{"id":27},{"id":28},{"id":29},{"id":30},{"id":31},{"id":32},{"id":33},{"id":34},{"id":35},{"id":36},{"id":37},{"id":38},{"id":39},{"id":40}]},{"name":"Vivye","id":116,"guid":171057010,"type":"DemonHunter","server":"Frostmourne","fights":[{"id":3},{"id":5},{"id":6},{"id":7},{"id":8},{"id":9},{"id":10},{"id":11},{"id":12},{"id":15},{"id":16},{"id":18},{"id":19},{"id":20},{"id":21},{"id":22},{"id":23},{"id":24},{"id":25}]},{"name":"Imperîex","id":183,"guid":189139350,"type":"Paladin","server":"Stormrage","fights":[{"id":25}]},{"name":"Nataleya","id":433,"guid":200344536,"type":"Priest","server":"Stormrage","fights":[{"id":31},{"id":32},{"id":33},{"id":34},{"id":35},{"id":36},{"id":37},{"id":38},{"id":39},{"id":40}]},{"name":"Enduranse","id":2,"guid":201903422,"type":"Shaman","server":"Stormrage","fights":[{"id":1},{"id":2},{"id":3},{"id":4},{"id":6},{"id":7},{"id":8},{"id":9},{"id":10},{"id":11},{"id":12},{"id":13},{"id":15},{"id":16},{"id":18},{"id":19},{"id":20},{"id":21},{"id":22},{"id":23},{"id":24},{"id":25},{"id":26},{"id":27},{"id":28},{"id":29},{"id":30},{"id":31},{"id":32},{"id":33},{"id":34},{"id":35},{"id":36},{"id":37},{"id":38},{"id":39},{"id":40}]},{"name":"Lilpumpin","id":16,"guid":206928159,"type":"Priest","server":"Stormrage","fights":[{"id":1},{"id":2},{"id":3},{"id":5},{"id":6},{"id":7},{"id":8},{"id":9},{"id":10},{"id":11},{"id":12},{"id":13},{"id":15},{"id":16},{"id":18},{"id":19},{"id":20},{"id":21},{"id":22},{"id":23},{"id":24},{"id":25},{"id":26},{"id":27},{"id":28},{"id":29},{"id":30}]},{"name":"Khazakk","id":10,"guid":187474470,"type":"DeathKnight","server":"Stormrage","fights":[{"id":1},{"id":2},{"id":3},{"id":7},{"id":8},{"id":9},{"id":10},{"id":11},{"id":12},{"id":15},{"id":16},{"id":18},{"id":19},{"id":20},{"id":21},{"id":22},{"id":23},{"id":24},{"id":25},{"id":26},{"id":27},{"id":28},{"id":29}]},{"name":"Nyteweaver","id":14,"guid":181916522,"type":"Priest","server":"Stormrage","fights":[{"id":1},{"id":2},{"id":3},{"id":8},{"id":9},{"id":10},{"id":12},{"id":13},{"id":14},{"id":15},{"id":16},{"id":18},{"id":19},{"id":20},{"id":21},{"id":22},{"id":23},{"id":24},{"id":25},{"id":26},{"id":27},{"id":28},{"id":29}]},{"name":"Boppi","id":197,"guid":137430193,"type":"Shaman","server":"Haomarush","fights":[{"id":27},{"id":28},{"id":29},{"id":30}]},{"name":"Cairlith","id":8,"guid":200970539,"type":"Warlock","server":"Stormrage","fights":[{"id":1},{"id":2},{"id":3},{"id":6},{"id":7},{"id":8},{"id":9},{"id":10},{"id":11},{"id":12},{"id":13},{"id":15},{"id":16},{"id":18},{"id":19},{"id":20},{"id":21},{"id":22},{"id":23},{"id":24},{"id":25},{"id":26},{"id":27},{"id":29},{"id":30}]},{"name":"Austingg","id":95,"guid":170141123,"type":"Hunter","server":"Sargeras","fights":[{"id":2},{"id":3},{"id":5},{"id":6},{"id":7},{"id":8},{"id":9},{"id":10},{"id":12},{"id":15},{"id":16},{"id":19}]},{"name":"Scepticalzz","id":342,"guid":205263455,"type":"Monk","server":"Stormrage","fights":[{"id":34},{"id":35},{"id":36},{"id":37},{"id":38},{"id":39},{"id":40}]},{"name":"Methaqualone","id":3,"guid":197271081,"type":"Shaman","server":"Stormrage","fights":[{"id":1},{"id":2},{"id":3},{"id":6},{"id":7},{"id":8},{"id":9},{"id":10},{"id":11},{"id":12},{"id":13},{"id":15},{"id":16},{"id":19},{"id":20},{"id":21},{"id":22},{"id":23},{"id":24},{"id":25},{"id":26},{"id":27},{"id":28},{"id":29},{"id":30},{"id":31},{"id":33},{"id":34},{"id":35},{"id":36},{"id":37},{"id":38},{"id":39},{"id":40}]},{"name":"Trickwoød","id":115,"guid":207004509,"type":"Hunter","server":"Stormrage","fights":[{"id":3},{"id":4},{"id":5},{"id":6},{"id":7},{"id":8},{"id":9},{"id":10},{"id":11},{"id":12},{"id":15},{"id":16},{"id":18},{"id":19},{"id":20},{"id":21},{"id":22},{"id":23},{"id":24},{"id":25},{"id":26},{"id":27},{"id":28},{"id":29},{"id":30}]},{"name":"Notoriusroge","id":110,"guid":192935499,"type":"Rogue","server":"Dalaran","fights":[{"id":3}]},{"name":"Inwaves","id":15,"guid":183975362,"type":"Shaman","server":"Stormrage","fights":[{"id":1},{"id":2},{"id":3},{"id":4},{"id":6},{"id":7},{"id":8},{"id":9},{"id":10},{"id":11},{"id":12},{"id":13},{"id":15},{"id":16},{"id":17},{"id":19},{"id":20},{"id":21},{"id":22},{"id":23},{"id":24},{"id":25},{"id":26},{"id":27},{"id":28},{"id":29}]},{"name":"Tothlol","id":4,"guid":201969630,"type":"DeathKnight","server":"Stormrage","fights":[{"id":1},{"id":2},{"id":3},{"id":6},{"id":7},{"id":8},{"id":9},{"id":10},{"id":11},{"id":12},{"id":15},{"id":16},{"id":18},{"id":19},{"id":20},{"id":21},{"id":22},{"id":23},{"id":24},{"id":25},{"id":26},{"id":27},{"id":29},{"id":30},{"id":31},{"id":32},{"id":33},{"id":34},{"id":36},{"id":37},{"id":38},{"id":39},{"id":40}]},{"name":"Kfc","id":111,"guid":199024682,"type":"Druid","server":"Stormrage","fights":[{"id":3},{"id":4},{"id":5},{"id":6},{"id":7},{"id":8},{"id":9},{"id":10},{"id":11},{"id":12},{"id":13},{"id":15},{"id":16},{"id":18},{"id":19},{"id":20},{"id":21},{"id":22},{"id":23},{"id":24},{"id":25},{"id":26},{"id":27},{"id":28},{"id":29},{"id":30},{"id":31},{"id":32},{"id":33},{"id":34},{"id":35},{"id":36},{"id":37},{"id":38}]},{"name":"Killuminati","id":17,"guid":183915461,"type":"Warlock","server":"Stormrage","fights":[{"id":1},{"id":2},{"id":3},{"id":6},{"id":7},{"id":8},{"id":9},{"id":10},{"id":11},{"id":12},{"id":15},{"id":16},{"id":19},{"id":20},{"id":21},{"id":22},{"id":23},{"id":24},{"id":25},{"id":26},{"id":27},{"id":29},{"id":30},{"id":31},{"id":32},{"id":33},{"id":34},{"id":35},{"id":36},{"id":37},{"id":38},{"id":39},{"id":40}]},{"name":"Innaves","id":366,"guid":185671407,"type":"Priest","server":"Stormrage","fights":[{"id":31},{"id":32},{"id":33},{"id":34},{"id":35},{"id":36},{"id":37},{"id":38},{"id":39},{"id":40}]},{"name":"Schlitzen","id":13,"guid":167518002,"type":"Rogue","server":"EmeraldDream","fights":[{"id":1},{"id":2},{"id":3},{"id":6},{"id":7},{"id":8},{"id":9},{"id":10},{"id":11},{"id":12},{"id":13},{"id":15},{"id":16},{"id":18},{"id":19},{"id":20},{"id":21},{"id":22},{"id":23},{"id":24},{"id":25},{"id":26},{"id":27},{"id":28},{"id":29},{"id":30}]},{"name":"Clean","id":31,"guid":137347892,"type":"DemonHunter","server":"Hakkar","fights":[{"id":1},{"id":2}]},{"name":"Rejbast","id":155,"guid":197123940,"type":"Mage","server":"Stormrage","fights":[{"id":12},{"id":15},{"id":16},{"id":18},{"id":19},{"id":20},{"id":21},{"id":22},{"id":23},{"id":25},{"id":26},{"id":27},{"id":29},{"id":30}]},{"name":"Trickwood","id":371,"guid":206641448,"type":"Paladin","server":"Stormrage","fights":[{"id":31},{"id":32},{"id":33},{"id":34},{"id":35},{"id":36},{"id":37},{"id":38},{"id":39},{"id":40}]},{"name":"Sunshe","id":388,"guid":198929407,"type":"Warrior","server":"Stormrage","fights":[{"id":31},{"id":32},{"id":33},{"id":34},{"id":35},{"id":36},{"id":37},{"id":38},{"id":39},{"id":40}]},{"name":"Lebean","id":144,"guid":168316763,"type":"Warrior","server":"Haomarush","fights":[{"id":9},{"id":10},{"id":11},{"id":12},{"id":15},{"id":16},{"id":18},{"id":19}]},{"name":"Current Stalker","id":127,"guid":153628,"type":"NPC","abilityIcon":"ability_mage_waterjet","fights":[{"id":3,"instances":1,"groups":3}]},{"name":"Daeleron","id":184,"guid":102156674,"type":"Paladin","server":"Haomarush","fights":[{"id":25}]},{"name":"Rösies","id":11,"guid":206597733,"type":"Priest","server":"Stormrage","fights":[{"id":1},{"id":2},{"id":3},{"id":6},{"id":7},{"id":8},{"id":9},{"id":10},{"id":11},{"id":12},{"id":13},{"id":15},{"id":16},{"id":18},{"id":19},{"id":20},{"id":21},{"id":22},{"id":23},{"id":24},{"id":25},{"id":26},{"id":27},{"id":28},{"id":29},{"id":30},{"id":31},{"id":32},{"id":33},{"id":34},{"id":35},{"id":36},{"id":37},{"id":38},{"id":39},{"id":40}]},{"name":"Promie","id":185,"guid":206491495,"type":"Monk","server":"Stormrage","fights":[{"id":25}]},{"name":"Magederp","id":5,"guid":203677377,"type":"Mage","server":"Stormrage","fights":[{"id":1},{"id":2},{"id":3},{"id":4},{"id":5},{"id":6},{"id":7},{"id":8},{"id":9},{"id":10},{"id":11},{"id":12},{"id":13},{"id":15},{"id":16},{"id":17},{"id":18},{"id":19},{"id":20},{"id":21},{"id":22},{"id":23},{"id":24},{"id":25},{"id":26},{"id":27},{"id":28},{"id":29},{"id":31},{"id":32},{"id":33},{"id":34},{"id":35},{"id":36},{"id":37},{"id":38},{"id":39},{"id":40}]}],"enemies":[{"name":"Hatchery Egg","id":168,"guid":154361,"type":"NPC","abilityIcon":"inv_misc_food_legion_wildfowlegg","fights":[{"id":19,"instances":1}]},{"name":"Azsh'ari Stormbinder","id":82,"guid":155629,"type":"NPC","abilityIcon":"spell_nature_lightning","fights":[{"id":2,"instances":7,"groups":2},{"id":10,"instances":1,"groups":1},{"id":38,"instances":2,"groups":1},{"id":39,"instances":3,"groups":1}]},{"name":"Pashmar the Fanatical","id":181,"guid":152852,"type":"Boss","abilityIcon":"ability_vehicle_electrocharge","fights":[{"id":23,"instances":1},{"id":25,"instances":1}]},{"name":"Blackchasm Crawler","id":130,"guid":154718,"type":"NPC","fights":[{"id":5,"instances":1}]},{"name":"Lady Ashvane","id":153,"guid":152236,"type":"Boss","abilityIcon":"spell_shaman_tidalwaves","fights":[{"id":11,"instances":1},{"id":12,"instances":1}]},{"name":"Rak'sha the Swift","id":171,"guid":155764,"type":"NPC","abilityIcon":"trade_engineering","fights":[{"id":21,"instances":1}]},{"name":"Rallying Banner","id":427,"guid":155738,"type":"NPC","fights":[{"id":31,"instances":2}]},{"name":"Shimmerskin Pufferfish","id":97,"guid":155278,"type":"NPC","fights":[{"id":2,"instances":3,"groups":2}]},{"name":"Blackwater Behemoth","id":101,"guid":150653,"type":"Boss","abilityIcon":"ability_thunderking_lightningwhip","fights":[{"id":3,"instances":1}]},{"name":"Azsh'ari Galeblade","id":133,"guid":155920,"type":"NPC","abilityIcon":"ability_warrior_cleave","fights":[{"id":7,"instances":6,"groups":1},{"id":8,"instances":5,"groups":2}]},{"name":"Azsh'ari Oracle","id":81,"guid":155628,"type":"NPC","abilityIcon":"ability_racial_holyresistance","fights":[{"id":2,"instances":3,"groups":5},{"id":10,"instances":1,"groups":2},{"id":39,"instances":2,"groups":2}]},{"name":"Tideshaper Korvess","id":438,"guid":155275,"type":"NPC","abilityIcon":"shaman_pvp_ripplingwaters","fights":[{"id":32,"instances":1},{"id":33,"instances":1},{"id":34,"instances":1}]},{"name":"Blackwater Oracle","id":94,"guid":155272,"type":"NPC","abilityIcon":"spell_nature_chainlightning","fights":[{"id":2,"instances":8,"groups":2},{"id":40,"instances":4,"groups":1}]},{"name":"Queen Azshara","id":221,"guid":152910,"type":"Boss","abilityIcon":"ability_mage_missilebarrage","fights":[{"id":29,"instances":1}]},{"name":"Sak'ja","id":138,"guid":155899,"type":"NPC","abilityIcon":"spell_arcane_blast","fights":[{"id":8,"instances":1}]},{"name":"Orgozoa","id":160,"guid":152128,"type":"Boss","abilityIcon":"ability_poisonsting","fights":[{"id":14,"instances":1},{"id":15,"instances":1},{"id":16,"instances":1},{"id":19,"instances":1}]},{"name":"Cyranus","id":215,"guid":153060,"type":"NPC","abilityIcon":"inv_polearm_2h_odynspear_d_01","fights":[{"id":29,"instances":1}]},{"name":"Azsh'ari Channeler","id":129,"guid":155612,"type":"NPC","abilityIcon":"spell_nature_starfall","fights":[{"id":4,"instances":2,"groups":1},{"id":10,"instances":2,"groups":1}]},{"name":"Abyssal Spearhunter","id":92,"guid":155271,"type":"NPC","abilityIcon":"ability_poisons","fights":[{"id":2,"instances":14,"groups":2},{"id":40,"instances":7,"groups":1}]},{"name":"Zanj'ir Huntress","id":84,"guid":155618,"type":"NPC","abilityIcon":"inv_ammo_arrow_06","fights":[{"id":2,"instances":3,"groups":1},{"id":6,"instances":3,"groups":1},{"id":10,"instances":1,"groups":1},{"id":38,"instances":1,"groups":1}]},{"name":"Bound Storm","id":90,"guid":155634,"type":"NPC","abilityIcon":"ability_shawaterelemental_reform","fights":[{"id":2,"instances":1},{"id":39,"instances":1}]},{"name":"Shimmerskin Pufferfish","id":118,"guid":150773,"type":"NPC","fights":[{"id":3,"instances":3,"groups":2}]},{"name":"Potent Spark","id":189,"guid":153335,"type":"NPC","abilityIcon":"ability_monk_forcesphere","fights":[{"id":25,"instances":4,"groups":2}]},{"name":"Darkweaver Kar'dress","id":176,"guid":155763,"type":"NPC","abilityIcon":"ability_priest_voidentropy","fights":[{"id":21,"instances":1}]},{"name":"Zoatroid","id":163,"guid":152159,"type":"NPC","abilityIcon":"inv_misc_stormlordsfavor","fights":[{"id":16,"instances":3,"groups":1},{"id":19,"instances":3,"groups":1}]},{"name":"Loyal Myrmidon","id":233,"guid":154565,"type":"NPC","abilityIcon":"inv_polearm_2h_odynspear_d_01","fights":[{"id":29,"instances":1}]},{"name":"Azsh'ari Stormcaller","id":134,"guid":155917,"type":"NPC","abilityIcon":"spell_frost_frostbolt02","fights":[{"id":7,"instances":5,"groups":1},{"id":8,"instances":7,"groups":2}]},{"name":"Silivaz the Zealous","id":180,"guid":152853,"type":"Boss","abilityIcon":"ability_mage_waterjet","fights":[{"id":23,"instances":1},{"id":25,"instances":1}]},{"name":"Stormling","id":150,"guid":152816,"type":"NPC","abilityIcon":"spell_nature_lightning","fights":[{"id":9,"instances":4,"groups":1}]},{"name":"Horrific Shrieker","id":193,"guid":155791,"type":"NPC","abilityIcon":"ability_warlock_improvedsoulleech","fights":[{"id":26,"instances":1}]},{"name":"Chitterspine Deepstalker","id":93,"guid":154721,"type":"NPC","fights":[{"id":2,"instances":4,"groups":1},{"id":40,"instances":1,"groups":1}]},{"name":"Azsh'ari Witch","id":166,"guid":156132,"type":"NPC","abilityIcon":"ability_vehicle_electrocharge","fights":[{"id":18,"instances":1}]},{"name":"Blackchasm Crawler","id":151,"guid":154719,"type":"NPC","fights":[{"id":10,"instances":2,"groups":1},{"id":39,"instances":1,"groups":1}]},{"name":"Frozen Sentry","id":179,"guid":155810,"type":"NPC","abilityIcon":"inv_misc_permafrostshard","fights":[{"id":22,"instances":2,"groups":1}]},{"name":"Horrific Summoner","id":214,"guid":154175,"type":"NPC","fights":[{"id":27,"instances":3,"groups":1}]},{"name":"Horrific Summoner","id":212,"guid":154174,"type":"NPC","abilityIcon":"spell_shadow_auraofdarkness","fights":[{"id":27,"instances":3,"groups":1},{"id":28,"instances":3,"groups":1}]},{"name":"Serena Scarscale","id":235,"guid":153091,"type":"NPC","abilityIcon":"spell_shaman_staticshock","fights":[{"id":29,"instances":1}]},{"name":"Azsh'ari Venomwatcher","id":423,"guid":155686,"type":"NPC","abilityIcon":"spell_nature_corrosivebreath","fights":[{"id":31,"instances":1,"groups":1},{"id":32,"instances":3,"groups":1},{"id":33,"instances":3,"groups":1},{"id":34,"instances":3,"groups":1}]},{"name":"Vizja'ra","id":136,"guid":155859,"type":"NPC","abilityIcon":"spell_arcane_blast","fights":[{"id":8,"instances":1}]},{"name":"Lady Venomtongue","id":234,"guid":153090,"type":"NPC","abilityIcon":"spell_nature_chainlightning","fights":[{"id":29,"instances":1}]},{"name":"Voidbound Terror","id":194,"guid":155871,"type":"NPC","abilityIcon":"spell_shadow_demonicempathy","fights":[{"id":26,"instances":1}]},{"name":"Court Attendant","id":174,"guid":155813,"type":"NPC","abilityIcon":"ability_warrior_weaponmastery","fights":[{"id":20,"instances":3,"groups":1}]},{"name":"Horrific Vision","id":208,"guid":151581,"type":"NPC","fights":[{"id":27,"instances":16,"groups":2},{"id":28,"instances":2,"groups":1}]},{"name":"Abyssal Commander Sivara","id":46,"guid":151881,"type":"Boss","abilityIcon":"inv_misc_frostemblem_01","fights":[{"id":1,"instances":1,"groups":1},{"id":33,"instances":1,"groups":1},{"id":34,"instances":1,"groups":2},{"id":35,"instances":1,"groups":1},{"id":37,"instances":1,"groups":1}]},{"name":"Crushing Grasp","id":207,"guid":151034,"type":"NPC","abilityIcon":"spell_priest_voidtendrils","fights":[{"id":27,"instances":5}]},{"name":"Stormling","id":135,"guid":155919,"type":"NPC","abilityIcon":"spell_nature_lightning","fights":[{"id":7,"instances":5,"groups":1},{"id":8,"instances":8,"groups":4}]},{"name":"Squallbinder Mal'ur","id":177,"guid":155768,"type":"NPC","abilityIcon":"inv_misc_permafrostshard","fights":[{"id":22,"instances":1}]},{"name":"Azsh'ari Witch","id":169,"guid":152312,"type":"NPC","fights":[{"id":19,"instances":1}]},{"name":"Inwaves","id":15,"guid":183975362,"type":"Shaman","server":"Stormrage","fights":[{"id":30}]},{"name":"Garval the Vanquisher","id":424,"guid":155273,"type":"NPC","abilityIcon":"ability_gouge","fights":[{"id":31,"instances":1}]},{"name":"Grul'taj","id":178,"guid":155767,"type":"NPC","abilityIcon":"inv_misc_volatileearth","fights":[{"id":22,"instances":1}]},{"name":"Zanj'ir Honor Guard","id":83,"guid":155619,"type":"NPC","abilityIcon":"spell_shadow_unholyfrenzy","fights":[{"id":2,"instances":3,"groups":1},{"id":6,"instances":2,"groups":1},{"id":10,"instances":3,"groups":1},{"id":20,"instances":2,"groups":1},{"id":23,"instances":1,"groups":1},{"id":24,"instances":1,"groups":1},{"id":38,"instances":1,"groups":1}]},{"name":"Briny Bubble","id":157,"guid":153194,"type":"NPC","fights":[{"id":12,"instances":5,"groups":2}]},{"name":"Zanj'ir Myrmidon","id":159,"guid":156131,"type":"NPC","abilityIcon":"ability_impalingbolt","fights":[{"id":13,"instances":1},{"id":14,"instances":1},{"id":17,"instances":1}]},{"name":"Lesser Zoatroid","id":158,"guid":156130,"type":"NPC","abilityIcon":"inv_misc_stormlordsfavor","fights":[{"id":13,"instances":2,"groups":1},{"id":14,"instances":2,"groups":1},{"id":17,"instances":2,"groups":1},{"id":18,"instances":2,"groups":1}]},{"name":"Overzealous Hulk","id":228,"guid":153064,"type":"NPC","abilityIcon":"spell_nature_lightningshield","fights":[{"id":29,"instances":1}]},{"name":"Amniotic Eruption","id":164,"guid":153692,"type":"NPC","abilityIcon":"inv_misc_volatilewater","fights":[{"id":16,"instances":3,"groups":1},{"id":19,"instances":3,"groups":1}]},{"name":"Azsh'ari Frostbinder","id":417,"guid":155688,"type":"NPC","abilityIcon":"inv_misc_permafrostshard","fights":[{"id":31,"instances":1,"groups":1},{"id":32,"instances":3,"groups":1},{"id":33,"instances":3,"groups":1},{"id":34,"instances":4,"groups":1}]},{"name":"Titan Console","id":236,"guid":154959,"type":"NPC","abilityIcon":"spell_azerite_essence04","fights":[{"id":29,"instances":1}]},{"name":"Zanj'ir Brute","id":132,"guid":155616,"type":"NPC","abilityIcon":"ability_golemthunderclap","fights":[{"id":6,"instances":1}]},{"name":"Queen Azshara","id":152,"guid":154480,"type":"NPC","abilityIcon":"inv_misc_herb_azsharasveil_stem","fights":[{"id":10,"instances":1,"groups":2}]},{"name":"Eldritch Understudy","id":173,"guid":155814,"type":"NPC","abilityIcon":"spell_nature_wispsplode","fights":[{"id":20,"instances":3,"groups":1}]},{"name":"Radiance of Azshara","id":139,"guid":152364,"type":"Boss","abilityIcon":"spell_arcane_blast","fights":[{"id":9,"instances":1}]},{"name":"Stormwraith","id":147,"guid":152512,"type":"NPC","abilityIcon":"inv_enchant_essencearcanesmall","fights":[{"id":9,"instances":1}]},{"name":"Zanj'ir Myrmidon","id":170,"guid":152311,"type":"NPC","abilityIcon":"inv_polearm_2h_kthirrelic_d_01","fights":[{"id":19,"instances":1}]},{"name":"Zanj'ir Gladiator","id":422,"guid":155689,"type":"NPC","abilityIcon":"ability_thunderclap","fights":[{"id":31,"instances":8,"groups":1},{"id":32,"instances":1,"groups":1},{"id":33,"instances":1,"groups":1},{"id":34,"instances":6,"groups":1},{"id":36,"instances":1,"groups":1}]},{"name":"Chitterspine Deepstalker","id":91,"guid":154720,"type":"NPC","fights":[{"id":2,"instances":5,"groups":2},{"id":40,"instances":5,"groups":1}]},{"name":"Za'qul","id":196,"guid":150859,"type":"Boss","abilityIcon":"spell_priest_voidtendrils","fights":[{"id":27,"instances":1}]},{"name":"Darkcast Annihilator","id":192,"guid":155873,"type":"NPC","abilityIcon":"ability_warrior_trauma","fights":[{"id":26,"instances":1}]},{"name":"Queen Azshara","id":188,"guid":153340,"type":"NPC","abilityIcon":"spell_holy_prayerofhealing","fights":[{"id":25,"instances":1,"groups":7}]},{"name":"Zsal'iss","id":137,"guid":155900,"type":"NPC","abilityIcon":"spell_frost_arcticwinds","fights":[{"id":8,"instances":1}]},{"name":"Bursting Cragfish","id":98,"guid":155276,"type":"NPC","abilityIcon":"spell_nature_acid_01","fights":[{"id":2,"instances":5,"groups":3}]},{"name":"Azshara's Devoted","id":230,"guid":154240,"type":"NPC","abilityIcon":"spell_nature_lightningshield","fights":[{"id":29,"instances":12,"groups":1}]},{"name":"Aethanel","id":218,"guid":153059,"type":"NPC","abilityIcon":"ability_socererking_arcanewrath","fights":[{"id":29,"instances":1,"groups":2}]}],"friendlyPets":[{"name":"Capacitor Totem","id":231,"guid":61245,"type":"Pet","petOwner":197,"fights":[{"id":29,"instances":1}]},{"name":"Knuckles","id":421,"guid":57004307,"type":"Pet","petOwner":420,"fights":[{"id":31,"instances":1},{"id":33,"instances":1},{"id":34,"instances":1},{"id":36,"instances":1},{"id":37,"instances":1},{"id":38,"instances":1},{"id":39,"instances":1},{"id":40,"instances":1}]},{"name":"Guardian of Azeroth","id":48,"guid":152396,"type":"Pet","petOwner":4,"fights":[{"id":1,"instances":1},{"id":3,"instances":1},{"id":9,"instances":1},{"id":12,"instances":1},{"id":15,"instances":1},{"id":19,"instances":2},{"id":25,"instances":1},{"id":27,"instances":1},{"id":29,"instances":2},{"id":37,"instances":1}]},{"name":"Shadowfiend","id":448,"guid":19668,"type":"Pet","petOwner":433,"fights":[{"id":37,"instances":1},{"id":38,"instances":1}]},{"name":"Jeeves","id":434,"guid":35642,"type":"Pet","petOwner":420,"fights":[{"id":31,"instances":1}]},{"name":"Guardian of Azeroth","id":198,"guid":152396,"type":"Pet","petOwner":197,"fights":[{"id":27,"instances":2},{"id":29,"instances":2}]},{"name":"Guardian of Azeroth","id":63,"guid":152396,"type":"Pet","petOwner":17,"fights":[{"id":1,"instances":1},{"id":2,"instances":1},{"id":3,"instances":1},{"id":9,"instances":1},{"id":12,"instances":1},{"id":15,"instances":1},{"id":19,"instances":1},{"id":25,"instances":2},{"id":27,"instances":1},{"id":29,"instances":2},{"id":37,"instances":1}]},{"name":"Guardian of Azeroth","id":122,"guid":152396,"type":"Pet","petOwner":116,"fights":[{"id":3,"instances":1},{"id":6,"instances":1},{"id":9,"instances":1},{"id":12,"instances":1},{"id":15,"instances":1},{"id":19,"instances":1},{"id":25,"instances":2}]},{"name":"Shadowfiend","id":75,"guid":19668,"type":"Pet","petOwner":11,"fights":[{"id":1,"instances":1},{"id":3,"instances":1},{"id":8,"instances":1},{"id":9,"instances":1},{"id":12,"instances":1},{"id":19,"instances":1},{"id":25,"instances":1},{"id":27,"instances":1},{"id":29,"instances":1},{"id":34,"instances":1},{"id":37,"instances":1}]},{"name":"Darkglare","id":70,"guid":103673,"type":"Pet","petOwner":25,"fights":[{"id":1,"instances":1},{"id":2,"instances":1},{"id":3,"instances":1}]},{"name":"Xuen","id":450,"guid":63508,"type":"Pet","petOwner":418,"fights":[{"id":37,"instances":2},{"id":38,"instances":1}]},{"name":"Guardian of Azeroth","id":59,"guid":152396,"type":"Pet","petOwner":2,"fights":[{"id":1,"instances":1},{"id":3,"instances":1},{"id":9,"instances":1},{"id":12,"instances":1},{"id":15,"instances":1},{"id":19,"instances":2},{"id":25,"instances":2},{"id":27,"instances":1},{"id":29,"instances":2},{"id":31,"instances":1},{"id":34,"instances":1},{"id":37,"instances":1}]},{"name":"Guardian of Azeroth","id":425,"guid":152396,"type":"Pet","petOwner":275,"fights":[{"id":31,"instances":1},{"id":34,"instances":1},{"id":37,"instances":1}]},{"name":"Guzrik","id":109,"guid":49459807,"type":"Pet","petOwner":18,"fights":[{"id":3,"instances":1},{"id":6,"instances":1},{"id":7,"instances":1},{"id":8,"instances":1},{"id":9,"instances":1},{"id":10,"instances":1},{"id":11,"instances":1},{"id":12,"instances":1},{"id":15,"instances":1},{"id":16,"instances":1},{"id":19,"instances":1},{"id":20,"instances":1},{"id":21,"instances":1},{"id":22,"instances":1},{"id":23,"instances":1},{"id":25,"instances":1},{"id":26,"instances":1},{"id":27,"instances":1},{"id":28,"instances":1},{"id":29,"instances":1},{"id":30,"instances":1},{"id":36,"instances":1},{"id":37,"instances":1},{"id":38,"instances":1}]},{"name":"Guardian of Azeroth","id":50,"guid":152396,"type":"Pet","petOwner":9,"fights":[{"id":1,"instances":1},{"id":3,"instances":1},{"id":9,"instances":1},{"id":10,"instances":1},{"id":11,"instances":1},{"id":12,"instances":1},{"id":15,"instances":1},{"id":19,"instances":2},{"id":25,"instances":2},{"id":27,"instances":2},{"id":29,"instances":2},{"id":31,"instances":1},{"id":34,"instances":1},{"id":37,"instances":1}]},{"name":"Guardian of Azeroth","id":45,"guid":152396,"type":"Pet","petOwner":6,"fights":[{"id":1,"instances":1},{"id":2,"instances":1},{"id":3,"instances":1},{"id":9,"instances":1},{"id":12,"instances":1},{"id":15,"instances":1},{"id":19,"instances":1},{"id":25,"instances":1},{"id":27,"instances":2},{"id":29,"instances":2}]},{"name":"Katy Stampwhistle","id":182,"guid":132969,"type":"Pet","petOwner":4,"fights":[{"id":24,"instances":1}]},{"name":"Infernal","id":56,"guid":89,"type":"Pet","petOwner":18,"fights":[{"id":1,"instances":2},{"id":2,"instances":2},{"id":3,"instances":2},{"id":8,"instances":1},{"id":9,"instances":2},{"id":12,"instances":2},{"id":15,"instances":1},{"id":19,"instances":2},{"id":22,"instances":1},{"id":25,"instances":2},{"id":26,"instances":1},{"id":27,"instances":2},{"id":29,"instances":3},{"id":31,"instances":1},{"id":34,"instances":1},{"id":37,"instances":2},{"id":38,"instances":1},{"id":39,"instances":1}]},{"name":"Bloodworm","id":443,"guid":99773,"type":"Pet","petOwner":4,"fights":[{"id":34,"instances":4}]},{"name":"Guardian of Azeroth","id":74,"guid":152396,"type":"Pet","petOwner":25,"fights":[{"id":1,"instances":1},{"id":3,"instances":1}]},{"name":"Rhuuzun","id":49,"guid":49459811,"type":"Pet","petOwner":18,"fights":[{"id":1,"instances":1},{"id":2,"instances":1}]},{"name":"Guardian of Azeroth","id":64,"guid":152396,"type":"Pet","petOwner":13,"fights":[{"id":1,"instances":1},{"id":2,"instances":1},{"id":3,"instances":1},{"id":6,"instances":1},{"id":9,"instances":1},{"id":10,"instances":1},{"id":12,"instances":1},{"id":15,"instances":1},{"id":19,"instances":1},{"id":25,"instances":2},{"id":27,"instances":1},{"id":29,"instances":2}]},{"name":"Demonic Gateway","id":102,"guid":59262,"type":"Pet","petOwner":8,"fights":[{"id":19,"instances":1}]},{"name":"Demonic Gateway","id":141,"guid":59271,"type":"Pet","petOwner":18,"fights":[{"id":9,"instances":1},{"id":19,"instances":1}]},{"name":"Greater Fire Elemental","id":53,"guid":95061,"type":"Pet","petOwner":3,"fights":[{"id":1,"instances":1},{"id":3,"instances":2},{"id":6,"instances":1},{"id":8,"instances":1},{"id":9,"instances":2},{"id":10,"instances":1},{"id":12,"instances":2},{"id":15,"instances":1},{"id":19,"instances":2},{"id":20,"instances":1},{"id":25,"instances":2},{"id":26,"instances":1},{"id":27,"instances":2},{"id":29,"instances":2},{"id":31,"instances":1},{"id":34,"instances":1},{"id":37,"instances":2},{"id":39,"instances":1}]},{"name":"Reaves","id":436,"guid":101462,"type":"Pet","petOwner":4,"fights":[{"id":32,"instances":1}]},{"name":"Demonic Gateway","id":100,"guid":59271,"type":"Pet","petOwner":17,"fights":[{"id":9,"instances":1}]},{"name":"Demonic Gateway","id":103,"guid":59271,"type":"Pet","petOwner":8,"fights":[{"id":19,"instances":1}]},{"name":"Greater Earth Elemental","id":85,"guid":95072,"type":"Pet","petOwner":2,"fights":[{"id":2,"instances":1}]},{"name":"Demonic Gateway","id":99,"guid":59262,"type":"Pet","petOwner":17,"fights":[{"id":9,"instances":1}]},{"name":"Dreadstalker","id":119,"guid":98035,"type":"Pet","petOwner":113,"fights":[{"id":3,"instances":14},{"id":6,"instances":6},{"id":7,"instances":4},{"id":8,"instances":6},{"id":9,"instances":12}]},{"name":"Shadowfiend","id":126,"guid":19668,"type":"Pet","petOwner":89,"fights":[{"id":3,"instances":1},{"id":9,"instances":1},{"id":12,"instances":1},{"id":15,"instances":1},{"id":19,"instances":1},{"id":25,"instances":1},{"id":27,"instances":1}]},{"name":"Guardian of Azeroth","id":145,"guid":152396,"type":"Pet","petOwner":144,"fights":[{"id":9,"instances":1},{"id":10,"instances":1},{"id":12,"instances":1},{"id":15,"instances":1},{"id":19,"instances":1}]},{"name":"Guardian of Azeroth","id":220,"guid":152396,"type":"Pet","petOwner":216,"fights":[{"id":29,"instances":2}]},{"name":"Zeprot","id":47,"guid":51429003,"type":"Pet","petOwner":17,"fights":[{"id":1,"instances":1},{"id":2,"instances":1},{"id":3,"instances":1},{"id":6,"instances":1},{"id":7,"instances":1},{"id":8,"instances":1},{"id":9,"instances":1},{"id":10,"instances":1},{"id":11,"instances":1},{"id":12,"instances":1},{"id":15,"instances":1},{"id":16,"instances":1},{"id":19,"instances":1},{"id":20,"instances":1},{"id":21,"instances":1},{"id":22,"instances":1},{"id":23,"instances":1},{"id":24,"instances":1},{"id":25,"instances":1},{"id":26,"instances":1},{"id":27,"instances":1},{"id":29,"instances":1},{"id":31,"instances":1},{"id":32,"instances":1},{"id":33,"instances":1},{"id":34,"instances":1},{"id":35,"instances":1},{"id":36,"instances":1},{"id":37,"instances":1},{"id":38,"instances":1},{"id":39,"instances":1},{"id":40,"instances":1}]},{"name":"Greater Fire Elemental","id":199,"guid":95061,"type":"Pet","petOwner":197,"fights":[{"id":27,"instances":2},{"id":29,"instances":2}]},{"name":"Shadowfiend","id":449,"guid":67235,"type":"Pet","petOwner":275,"fights":[{"id":37,"instances":1}]},{"name":"Earthen Wall Totem","id":67,"guid":100943,"type":"Pet","petOwner":15,"fights":[{"id":1,"instances":3},{"id":2,"instances":4},{"id":3,"instances":3},{"id":6,"instances":1},{"id":8,"instances":1},{"id":9,"instances":2},{"id":10,"instances":1},{"id":12,"instances":2},{"id":16,"instances":1},{"id":19,"instances":2},{"id":25,"instances":3},{"id":26,"instances":1},{"id":27,"instances":3},{"id":29,"instances":5}]},{"name":"Absorb-o-Tron","id":96,"guid":143985,"type":"Pet","petOwner":4,"fights":[{"id":2,"instances":2},{"id":3,"instances":1},{"id":8,"instances":1},{"id":9,"instances":1},{"id":16,"instances":1},{"id":19,"instances":1},{"id":25,"instances":1},{"id":27,"instances":1},{"id":40,"instances":1}]},{"name":"Guardian of Azeroth","id":120,"guid":152396,"type":"Pet","petOwner":95,"fights":[{"id":3,"instances":1},{"id":6,"instances":1},{"id":9,"instances":1},{"id":10,"instances":1},{"id":12,"instances":1},{"id":15,"instances":1},{"id":19,"instances":1}]},{"name":"Demonic Gateway","id":140,"guid":59262,"type":"Pet","petOwner":18,"fights":[{"id":9,"instances":1},{"id":19,"instances":1}]},{"name":"Greater Fire Elemental","id":61,"guid":95061,"type":"Pet","petOwner":2,"fights":[{"id":1,"instances":1},{"id":3,"instances":2},{"id":9,"instances":2},{"id":12,"instances":2},{"id":37,"instances":2}]},{"name":"Capacitor Totem","id":175,"guid":61245,"type":"Pet","petOwner":3,"fights":[{"id":20,"instances":1},{"id":31,"instances":1},{"id":34,"instances":1}]},{"name":"Guardian of Azeroth","id":447,"guid":152396,"type":"Pet","petOwner":418,"fights":[{"id":37,"instances":1},{"id":38,"instances":1}]},{"name":"Demonic Tyrant","id":71,"guid":135002,"type":"Pet","petOwner":8,"fights":[{"id":1,"instances":3},{"id":2,"instances":5},{"id":3,"instances":2},{"id":6,"instances":2},{"id":7,"instances":1},{"id":8,"instances":3},{"id":9,"instances":3},{"id":12,"instances":3},{"id":15,"instances":2},{"id":16,"instances":2},{"id":19,"instances":5},{"id":20,"instances":1},{"id":21,"instances":1},{"id":22,"instances":2},{"id":25,"instances":8},{"id":26,"instances":1},{"id":27,"instances":4},{"id":29,"instances":7}]},{"name":"Spirit Link Totem","id":79,"guid":53006,"type":"Pet","petOwner":15,"fights":[{"id":1,"instances":1},{"id":3,"instances":1},{"id":12,"instances":1},{"id":25,"instances":1},{"id":27,"instances":1},{"id":29,"instances":1}]},{"name":"Primal Fire Elemental","id":162,"guid":61029,"type":"Pet","petOwner":2,"fights":[{"id":15,"instances":1},{"id":19,"instances":2},{"id":25,"instances":2},{"id":27,"instances":2},{"id":29,"instances":2},{"id":34,"instances":1}]},{"name":"Jubham","id":55,"guid":48730014,"type":"Pet","petOwner":25,"fights":[{"id":1,"instances":1},{"id":2,"instances":1},{"id":3,"instances":1}]},{"name":"Efflorescence","id":51,"guid":47649,"type":"Pet","petOwner":32,"fights":[{"id":1,"instances":4},{"id":2,"instances":4},{"id":3,"instances":2},{"id":6,"instances":1},{"id":8,"instances":1},{"id":9,"instances":7},{"id":10,"instances":1},{"id":12,"instances":7},{"id":15,"instances":1},{"id":16,"instances":2},{"id":19,"instances":6},{"id":20,"instances":1},{"id":21,"instances":2},{"id":25,"instances":3},{"id":27,"instances":7},{"id":29,"instances":7}]},{"name":"Healing Tide Totem","id":76,"guid":59764,"type":"Pet","petOwner":15,"fights":[{"id":1,"instances":1},{"id":2,"instances":1},{"id":3,"instances":1},{"id":8,"instances":1},{"id":9,"instances":1},{"id":12,"instances":1},{"id":25,"instances":1},{"id":26,"instances":1},{"id":27,"instances":1},{"id":29,"instances":1}]},{"name":"Korrosius","id":172,"guid":55369043,"type":"Pet","petOwner":17,"fights":[{"id":20,"instances":1}]},{"name":"Primal Earth Elemental","id":426,"guid":61056,"type":"Pet","petOwner":2,"fights":[{"id":31,"instances":1}]},{"name":"Capacitor Totem","id":86,"guid":61245,"type":"Pet","petOwner":2,"fights":[{"id":7,"instances":1},{"id":10,"instances":1},{"id":31,"instances":1},{"id":39,"instances":1},{"id":40,"instances":1}]},{"name":"Fire Spirit","id":442,"guid":69791,"type":"Pet","petOwner":418,"fights":[{"id":33,"instances":1},{"id":37,"instances":3},{"id":38,"instances":1},{"id":39,"instances":1},{"id":40,"instances":1}]},{"name":"Az-garath","id":52,"guid":56720645,"type":"Pet","petOwner":8,"fights":[{"id":1,"instances":1},{"id":2,"instances":1},{"id":3,"instances":1},{"id":6,"instances":1},{"id":7,"instances":1},{"id":8,"instances":1},{"id":9,"instances":1},{"id":10,"instances":1},{"id":11,"instances":1},{"id":12,"instances":1},{"id":15,"instances":1},{"id":16,"instances":1},{"id":19,"instances":1},{"id":20,"instances":1},{"id":21,"instances":1},{"id":22,"instances":1},{"id":23,"instances":1},{"id":24,"instances":1},{"id":25,"instances":1},{"id":26,"instances":1},{"id":27,"instances":1},{"id":29,"instances":1},{"id":30,"instances":1}]},{"name":"Snail","id":377,"guid":56657215,"type":"Pet","petOwner":376,"fights":[{"id":36,"instances":1},{"id":37,"instances":1},{"id":39,"instances":1},{"id":40,"instances":1}]},{"name":"TankHound","id":445,"guid":50750780,"type":"Pet","petOwner":376,"fights":[{"id":36,"instances":1},{"id":37,"instances":1},{"id":39,"instances":1},{"id":40,"instances":1}]},{"name":"Shadowfiend","id":58,"guid":19668,"type":"Pet","petOwner":20,"fights":[{"id":1,"instances":1},{"id":3,"instances":1},{"id":6,"instances":1},{"id":9,"instances":1},{"id":12,"instances":1},{"id":15,"instances":1},{"id":19,"instances":1},{"id":25,"instances":2},{"id":27,"instances":1},{"id":29,"instances":1}]},{"name":"Rune Weapon","id":432,"guid":27893,"type":"Pet","petOwner":4,"fights":[{"id":31,"instances":1},{"id":34,"instances":1}]},{"name":"Shadowfiend","id":73,"guid":19668,"type":"Pet","petOwner":16,"fights":[{"id":1,"instances":1},{"id":3,"instances":1},{"id":9,"instances":1},{"id":12,"instances":1},{"id":15,"instances":1},{"id":19,"instances":1},{"id":25,"instances":2},{"id":27,"instances":1},{"id":29,"instances":2}]},{"name":"Dreadstalker","id":60,"guid":98035,"type":"Pet","petOwner":8,"fights":[{"id":1,"instances":14},{"id":2,"instances":24},{"id":3,"instances":14},{"id":6,"instances":6},{"id":7,"instances":6},{"id":8,"instances":10},{"id":9,"instances":14},{"id":10,"instances":4},{"id":12,"instances":14},{"id":15,"instances":4},{"id":16,"instances":8},{"id":19,"instances":14},{"id":20,"instances":6},{"id":21,"instances":6},{"id":22,"instances":4},{"id":24,"instances":2},{"id":25,"instances":20},{"id":26,"instances":4},{"id":27,"instances":18},{"id":29,"instances":26}]},{"name":"Earth Spirit","id":440,"guid":69792,"type":"Pet","petOwner":418,"fights":[{"id":33,"instances":1},{"id":37,"instances":3},{"id":38,"instances":1},{"id":39,"instances":1},{"id":40,"instances":1}]},{"name":"Guardian of Azeroth","id":186,"guid":152396,"type":"Pet","petOwner":183,"fights":[{"id":25,"instances":2}]},{"name":"Wild Imp","id":121,"guid":55659,"type":"Pet","petOwner":113,"fights":[{"id":3,"instances":104},{"id":6,"instances":36},{"id":7,"instances":31},{"id":8,"instances":45},{"id":9,"instances":107}]},{"name":"Guardian of Azeroth","id":446,"guid":152396,"type":"Pet","petOwner":420,"fights":[{"id":37,"instances":1},{"id":40,"instances":1}]},{"name":"Wild Imp","id":68,"guid":55659,"type":"Pet","petOwner":8,"fights":[{"id":1,"instances":111},{"id":2,"instances":138},{"id":3,"instances":102},{"id":6,"instances":35},{"id":7,"instances":38},{"id":8,"instances":69},{"id":9,"instances":94},{"id":10,"instances":18},{"id":11,"instances":3},{"id":12,"instances":113},{"id":15,"instances":25},{"id":16,"instances":54},{"id":19,"instances":118},{"id":20,"instances":29},{"id":21,"instances":39},{"id":22,"instances":24},{"id":23,"instances":12},{"id":24,"instances":18},{"id":25,"instances":159},{"id":26,"instances":26},{"id":27,"instances":138},{"id":29,"instances":187},{"id":30,"instances":7}]},{"name":"Demonic Tyrant","id":123,"guid":135002,"type":"Pet","petOwner":113,"fights":[{"id":3,"instances":3},{"id":6,"instances":3},{"id":7,"instances":2},{"id":8,"instances":3},{"id":9,"instances":4}]},{"name":"Kirzugul","id":114,"guid":41630638,"type":"Pet","petOwner":113,"fights":[{"id":3,"instances":1},{"id":6,"instances":1},{"id":7,"instances":1},{"id":8,"instances":1},{"id":9,"instances":1}]},{"name":"Guardian of Azeroth","id":54,"guid":152396,"type":"Pet","petOwner":20,"fights":[{"id":1,"instances":1},{"id":2,"instances":1},{"id":3,"instances":1},{"id":6,"instances":1},{"id":8,"instances":1},{"id":9,"instances":1},{"id":12,"instances":1},{"id":15,"instances":1},{"id":19,"instances":1},{"id":25,"instances":2},{"id":26,"instances":1},{"id":27,"instances":1},{"id":29,"instances":1}]},{"name":"Guardian of Azeroth","id":57,"guid":152396,"type":"Pet","petOwner":3,"fights":[{"id":1,"instances":1},{"id":3,"instances":1},{"id":6,"instances":1},{"id":9,"instances":1},{"id":10,"instances":1},{"id":12,"instances":1},{"id":15,"instances":1},{"id":19,"instances":2},{"id":20,"instances":1},{"id":25,"instances":2},{"id":26,"instances":1},{"id":27,"instances":1},{"id":29,"instances":2},{"id":31,"instances":1},{"id":34,"instances":1},{"id":37,"instances":1},{"id":39,"instances":1}]},{"name":"Guardian of Azeroth","id":128,"guid":152396,"type":"Pet","petOwner":19,"fights":[{"id":3,"instances":1},{"id":6,"instances":1},{"id":9,"instances":1},{"id":10,"instances":1},{"id":12,"instances":1},{"id":15,"instances":1},{"id":19,"instances":1}]},{"name":"Shadowfiend","id":429,"guid":19668,"type":"Pet","petOwner":366,"fights":[{"id":31,"instances":1},{"id":34,"instances":1},{"id":37,"instances":1}]},{"name":"Darkglare","id":69,"guid":103673,"type":"Pet","petOwner":17,"fights":[{"id":1,"instances":1},{"id":2,"instances":1},{"id":3,"instances":1},{"id":9,"instances":1},{"id":12,"instances":1},{"id":15,"instances":1},{"id":19,"instances":1},{"id":25,"instances":2},{"id":27,"instances":1},{"id":29,"instances":2},{"id":37,"instances":1}]},{"name":"Guardian of Azeroth","id":124,"guid":152396,"type":"Pet","petOwner":110,"fights":[{"id":3,"instances":1}]}],"enemyPets":[],"phases":[{"boss":2303,"phases":["Egg Chamber","The Moulting Hatchery","Naga Chamber"]},{"boss":2304,"phases":["Stage 1: Hardened Carapace","Stage 2: Exposed Azerite"]},{"boss":2305,"phases":["Rising Fury","Raging Storm"]},{"boss":2299,"phases":["Stage One: Cursed Lovers","Intermission One: Queen's Decree","Stage Two: Heart of a Champion","Intermission Two: Adoration","Stage Three: Song of Sirens","Stage Four: This Palace Is A Prison"],"intermissions":[2,4]},{"boss":2293,"phases":["Stage One: The Herald","Stage Two: Grip of Fear","Stage Three: Delirium's Descent","Stage Four: All Pathways Open"]}],"logVersion":16,"gameVersion":1,"title":"The Eternal Palace","owner":"Toofurp","start":1572998819714,"end":1573008156243,"zone":23,"exportedCharacters":[{"id":39419873,"name":"Androsz","server":"Stormrage","region":"US"},{"id":39916421,"name":"Austingg","server":"Sargeras","region":"US"},{"id":39610402,"name":"Blackberries","server":"Eldre'Thalas","region":"US"},{"id":3789684,"name":"Boppi","server":"Haomarush","region":"US"},{"id":38838936,"name":"Cairlith","server":"Stormrage","region":"US"},{"id":40681743,"name":"Clean","server":"Hakkar","region":"US"},{"id":2926228,"name":"Daeleron","server":"Haomarush","region":"US"},{"id":40737411,"name":"Duckki","server":"Stormrage","region":"US"},{"id":39430789,"name":"Enduranse","server":"Stormrage","region":"US"},{"id":31247684,"name":"Imperîex","server":"Stormrage","region":"US"},{"id":33609583,"name":"Innaves","server":"Stormrage","region":"US"},{"id":22881060,"name":"Inwaves","server":"Stormrage","region":"US"},{"id":40691650,"name":"Jäckz","server":"Stormrage","region":"US"},{"id":39676093,"name":"Kfc","server":"Stormrage","region":"US"},{"id":26676991,"name":"Khazakk","server":"Stormrage","region":"US"},{"id":37777621,"name":"Killuminati","server":"Stormrage","region":"US"},{"id":41040695,"name":"Lanre","server":"Llane","region":"US"},{"id":37934255,"name":"Lebean","server":"Haomarush","region":"US"},{"id":39058557,"name":"Ligerfrosty","server":"Stormrage","region":"US"},{"id":41306896,"name":"Lilpumpin","server":"Stormrage","region":"US"},{"id":25206043,"name":"Lumbind","server":"Stormrage","region":"US"},{"id":39977991,"name":"Magederp","server":"Stormrage","region":"US"},{"id":35877430,"name":"Methaqualone","server":"Stormrage","region":"US"},{"id":15132210,"name":"Mulgorian","server":"Stormrage","region":"US"},{"id":38302216,"name":"Nataleya","server":"Stormrage","region":"US"},{"id":40433268,"name":"Notoriusroge","server":"Dalaran","region":"US"},{"id":27832556,"name":"Nyteweaver","server":"Stormrage","region":"US"},{"id":40397132,"name":"Papamonkpro","server":"Stormrage","region":"US"},{"id":39733904,"name":"Praedotter","server":"Stormrage","region":"US"},{"id":41001773,"name":"Promie","server":"Stormrage","region":"US"},{"id":37558106,"name":"Rejbast","server":"Stormrage","region":"US"},{"id":41071406,"name":"Rösies","server":"Stormrage","region":"US"},{"id":20524117,"name":"Sableedlas","server":"Stormrage","region":"US"},{"id":40518201,"name":"Scepticalzz","server":"Stormrage","region":"US"},{"id":38249629,"name":"Scepticeals","server":"Sargeras","region":"US"},{"id":37258368,"name":"Schlitzen","server":"Emerald Dream","region":"US"},{"id":39674780,"name":"Simplytg","server":"Stormrage","region":"US"},{"id":37795860,"name":"Sunshe","server":"Stormrage","region":"US"},{"id":37837823,"name":"Swíftý","server":"Moon Guard","region":"US"},{"id":39475055,"name":"Tothlol","server":"Stormrage","region":"US"},{"id":40781447,"name":"Trenoo","server":"Frostmourne","region":"US"},{"id":41096957,"name":"Trickwood","server":"Stormrage","region":"US"},{"id":41358908,"name":"Trickwoød","server":"Stormrage","region":"US"},{"id":39228594,"name":"Valethea","server":"Stormrage","region":"US"},{"id":15402266,"name":"Vivye","server":"Frostmourne","region":"US"},{"id":39661162,"name":"Vixy","server":"Stormrage","region":"US"},{"id":24053593,"name":"Yiesus","server":"Stormrage","region":"US"}]}