{"fights":[{"id":1,"boss":0,"originalBoss":2417,"start_time":0,"end_time":7561,"name":"Stone Legion Generals","zoneID":2296,"zoneName":"Castle Nathria","zoneDifficulty":4},{"id":2,"boss":2417,"start_time":164854,"end_time":639016,"name":"Stone Legion Generals","zoneID":2296,"zoneName":"Castle Nathria","zoneDifficulty":4,"size":29,"difficulty":4,"kill":true,"partial":3,"bossPercentage":0,"fightPercentage":0,"lastPhaseForPercentageDisplay":3,"maps":[1747]},{"id":3,"boss":2407,"start_time":813017,"end_time":1276219,"name":"Sire Denathrius","zoneID":2296,"zoneName":"Castle Nathria","zoneDifficulty":4,"size":29,"difficulty":4,"kill":false,"partial":3,"bossPercentage":607,"fightPercentage":607,"lastPhaseForPercentageDisplay":3,"maps":[1747,1748]},{"id":4,"boss":2407,"start_time":1364268,"end_time":1755265,"name":"Sire Denathrius","zoneID":2296,"zoneName":"Castle Nathria","zoneDifficulty":4,"size":29,"difficulty":4,"kill":false,"partial":3,"bossPercentage":1810,"fightPercentage":1810,"lastPhaseForPercentageDisplay":3,"maps":[1747,1748]},{"id":5,"boss":2407,"start_time":1834155,"end_time":2330964,"name":"Sire Denathrius","zoneID":2296,"zoneName":"Castle Nathria","zoneDifficulty":4,"size":29,"difficulty":4,"kill":false,"partial":3,"bossPercentage":614,"fightPercentage":614,"lastPhaseForPercentageDisplay":3,"maps":[1747,1748]},{"id":6,"boss":2407,"start_time":2433737,"end_time":2871076,"name":"Sire Denathrius","zoneID":2296,"zoneName":"Castle Nathria","zoneDifficulty":4,"size":29,"difficulty":4,"kill":true,"partial":3,"bossPercentage":0,"fightPercentage":0,"lastPhaseForPercentageDisplay":3,"maps":[1747,1748]},{"id":7,"boss":2398,"start_time":3387138,"end_time":3428227,"name":"Shriekwing","zoneID":2296,"zoneName":"Castle Nathria","zoneDifficulty":4,"size":29,"difficulty":4,"kill":false,"partial":3,"bossPercentage":9814,"fightPercentage":9814,"lastPhaseForPercentageDisplay":1,"maps":[1735]},{"id":8,"boss":2398,"start_time":3518051,"end_time":3701636,"name":"Shriekwing","zoneID":2296,"zoneName":"Castle Nathria","zoneDifficulty":4,"size":29,"difficulty":4,"kill":true,"partial":3,"bossPercentage":0,"fightPercentage":0,"lastPhaseForPercentageDisplay":1,"maps":[1735]},{"id":9,"boss":0,"originalBoss":2418,"start_time":3859527,"end_time":3865219,"name":"Huntsman Altimor","zoneID":2296,"zoneName":"Castle Nathria","zoneDifficulty":4},{"id":10,"boss":2418,"start_time":3916260,"end_time":4121989,"name":"Huntsman Altimor","zoneID":2296,"zoneName":"Castle Nathria","zoneDifficulty":4,"size":29,"difficulty":4,"kill":true,"partial":3,"bossPercentage":0,"fightPercentage":0,"lastPhaseForPercentageDisplay":4,"maps":[1735]},{"id":11,"boss":2383,"start_time":4459354,"end_time":4667079,"name":"Hungering Destroyer","zoneID":2296,"zoneName":"Castle Nathria","zoneDifficulty":4,"size":29,"difficulty":4,"kill":true,"partial":3,"bossPercentage":0,"fightPercentage":0,"lastPhaseForPercentageDisplay":0,"maps":[1735]},{"id":12,"boss":0,"originalBoss":2406,"start_time":4833466,"end_time":4845470,"name":"Lady Inerva Darkvein","zoneID":2296,"zoneName":"Castle Nathria","zoneDifficulty":4},{"id":13,"boss":2406,"start_time":4911439,"end_time":5132609,"name":"Lady Inerva Darkvein","zoneID":2296,"zoneName":"Castle Nathria","zoneDifficulty":4,"size":29,"difficulty":4,"kill":true,"partial":3,"bossPercentage":0,"fightPercentage":0,"lastPhaseForPercentageDisplay":0,"maps":[1744]},{"id":14,"boss":2405,"start_time":5810329,"end_time":6132296,"name":"Artificer Xy'mox","zoneID":2296,"zoneName":"Castle Nathria","zoneDifficulty":4,"size":29,"difficulty":4,"kill":true,"partial":3,"bossPercentage":0,"fightPercentage":0,"lastPhaseForPercentageDisplay":3,"maps":[1745]},{"id":15,"boss":0,"originalBoss":2402,"start_time":6374586,"end_time":6383005,"name":"Sun King's Salvation","zoneID":2296,"zoneName":"Castle Nathria","zoneDifficulty":4},{"id":16,"boss":2402,"start_time":6511050,"end_time":6718613,"name":"Sun King's Salvation","zoneID":2296,"zoneName":"Castle Nathria","zoneDifficulty":4,"size":30,"difficulty":4,"kill":true,"partial":3,"bossPercentage":10000,"fightPercentage":0,"lastPhaseForPercentageDisplay":0,"maps":[1746]},{"id":17,"boss":2412,"start_time":7022438,"end_time":7392802,"name":"The Council of Blood","zoneID":2296,"zoneName":"Castle Nathria","zoneDifficulty":4,"size":29,"difficulty":4,"kill":true,"partial":3,"bossPercentage":0,"fightPercentage":0,"lastPhaseForPercentageDisplay":4,"maps":[1750]},{"id":18,"boss":2399,"start_time":7632250,"end_time":7998494,"name":"Sludgefist","zoneID":2296,"zoneName":"Castle Nathria","zoneDifficulty":4,"size":29,"difficulty":4,"kill":false,"partial":3,"bossPercentage":88,"fightPercentage":88,"lastPhaseForPercentageDisplay":0,"maps":[1735]},{"id":19,"boss":2399,"start_time":8102279,"end_time":8450830,"name":"Sludgefist","zoneID":2296,"zoneName":"Castle Nathria","zoneDifficulty":4,"size":29,"difficulty":4,"kill":false,"partial":3,"bossPercentage":354,"fightPercentage":354,"lastPhaseForPercentageDisplay":0,"maps":[1735]},{"id":20,"boss":2399,"start_time":8570733,"end_time":8862117,"name":"Sludgefist","zoneID":2296,"zoneName":"Castle Nathria","zoneDifficulty":4,"size":29,"difficulty":4,"kill":true,"partial":3,"bossPercentage":0,"fightPercentage":0,"lastPhaseForPercentageDisplay":0,"maps":[1735]}],"lang":"en","friendlies":[{"name":"Gaia","id":5,"guid":140496615,"type":"Warrior","server":"Stormreaver","icon":"Warrior","fights":[{"id":1},{"id":2},{"id":3},{"id":4},{"id":5},{"id":6},{"id":7},{"id":8},{"id":9},{"id":10},{"id":11},{"id":12},{"id":13},{"id":14},{"id":15},{"id":16},{"id":17},{"id":18},{"id":19},{"id":20}]},{"name":"Soul Pedestal","id":158,"guid":173382,"type":"NPC","icon":"NPC","fights":[{"id":16,"instances":4}]},{"name":"Maryus","id":20,"guid":151271970,"type":"Warlock","server":"Stormreaver","icon":"Warlock","fights":[{"id":1},{"id":2},{"id":3},{"id":4},{"id":5},{"id":6},{"id":7},{"id":8},{"id":9},{"id":10},{"id":11},{"id":12},{"id":13},{"id":14},{"id":15},{"id":16},{"id":17},{"id":18},{"id":19},{"id":20}]},{"name":"Sacant","id":10,"guid":138502808,"type":"Monk","server":"Ragnaros","icon":"Monk-Windwalker","fights":[{"id":1},{"id":2},{"id":3},{"id":4},{"id":5},{"id":6},{"id":7},{"id":8},{"id":9},{"id":10},{"id":11},{"id":12},{"id":13},{"id":14},{"id":15},{"id":16},{"id":17},{"id":18},{"id":19},{"id":20}]},{"name":"Abán","id":39,"guid":152706363,"type":"Druid","server":"Stormreaver","icon":"Druid","fights":[{"id":2},{"id":3},{"id":4},{"id":5},{"id":6},{"id":7},{"id":8},{"id":9},{"id":10},{"id":11},{"id":12},{"id":13},{"id":14},{"id":15},{"id":16},{"id":17},{"id":18},{"id":19},{"id":20}]},{"name":"Bawder","id":21,"guid":72109936,"type":"Warlock","server":"Kazzak","icon":"Warlock-Affliction","fights":[{"id":1},{"id":2},{"id":3},{"id":4},{"id":5},{"id":6},{"id":7},{"id":8},{"id":9},{"id":10},{"id":11},{"id":12},{"id":13},{"id":14},{"id":15},{"id":16},{"id":17},{"id":18},{"id":19},{"id":20}]},{"name":"Eçstasy","id":25,"guid":157262868,"type":"Mage","server":"TarrenMill","icon":"Mage-Fire","fights":[{"id":1},{"id":2},{"id":3},{"id":4},{"id":5},{"id":6},{"id":7},{"id":8},{"id":9},{"id":10},{"id":11},{"id":12},{"id":13},{"id":14},{"id":15},{"id":16},{"id":17},{"id":18},{"id":19},{"id":20}]},{"name":"Prince Renathal","id":73,"guid":169835,"type":"NPC","icon":"custom-icon-6bf_explosive_shard","fights":[{"id":2,"instances":1,"groups":7}]},{"name":"Naztheridan","id":11,"guid":142791720,"type":"DemonHunter","server":"Stormreaver","icon":"DemonHunter-Vengeance","fights":[{"id":1},{"id":2},{"id":3},{"id":4},{"id":5},{"id":6},{"id":7},{"id":8},{"id":9},{"id":10},{"id":11},{"id":12},{"id":13},{"id":14},{"id":15},{"id":16},{"id":17},{"id":18},{"id":19},{"id":20}]},{"name":"Borky","id":24,"guid":167562279,"type":"Paladin","server":"Blackmoore","icon":"Paladin-Holy","fights":[{"id":1},{"id":2},{"id":3},{"id":4},{"id":5},{"id":6},{"id":7},{"id":8},{"id":9},{"id":10},{"id":11},{"id":12},{"id":13},{"id":14},{"id":15},{"id":16},{"id":17},{"id":18},{"id":19},{"id":20}]},{"name":"Kael'thas Sunstrider","id":156,"guid":165759,"type":"Boss","icon":"Boss","lockBossFrame":true,"fights":[{"id":16,"instances":1,"groups":3}]},{"name":"Milespriest","id":15,"guid":165908247,"type":"Priest","server":"Stormreaver","icon":"Priest","fights":[{"id":1},{"id":2},{"id":3},{"id":4},{"id":5},{"id":6},{"id":7},{"id":8},{"id":9},{"id":10},{"id":11},{"id":12},{"id":13},{"id":14},{"id":15},{"id":16},{"id":17},{"id":18},{"id":19},{"id":20}]},{"name":"Farmitroll","id":28,"guid":132847506,"type":"Druid","server":"Arygos","icon":"Druid-Balance","fights":[{"id":1},{"id":2},{"id":3},{"id":4},{"id":5},{"id":6},{"id":7},{"id":8},{"id":9},{"id":10},{"id":11},{"id":12},{"id":13},{"id":14},{"id":15},{"id":16},{"id":17},{"id":18},{"id":19},{"id":20}]},{"name":"Sehlor","id":4,"guid":177423566,"type":"Monk","server":"TwistingNether","icon":"Monk-Windwalker","fights":[{"id":1},{"id":2},{"id":3},{"id":4},{"id":5},{"id":6},{"id":7},{"id":8},{"id":9},{"id":10},{"id":11},{"id":12},{"id":13},{"id":14},{"id":15},{"id":16},{"id":17},{"id":18},{"id":19},{"id":20}]},{"name":"Alecesletum","id":12,"guid":158149066,"type":"DeathKnight","server":"Stormreaver","icon":"DeathKnight-Unholy","fights":[{"id":1},{"id":2},{"id":3},{"id":4},{"id":5},{"id":6},{"id":7},{"id":8},{"id":9},{"id":10},{"id":11},{"id":12},{"id":13},{"id":14},{"id":15},{"id":16},{"id":17},{"id":18},{"id":19},{"id":20}]},{"name":"Noscopes","id":26,"guid":167321355,"type":"Hunter","server":"Blackmoore","icon":"Hunter-Marksmanship","fights":[{"id":1},{"id":2},{"id":3},{"id":4},{"id":5},{"id":6},{"id":7},{"id":8},{"id":9},{"id":10},{"id":11},{"id":12},{"id":13},{"id":14},{"id":15},{"id":16},{"id":17},{"id":18},{"id":19},{"id":20}]},{"name":"Elisham","id":19,"guid":144123540,"type":"Shaman","server":"Draenor","icon":"Shaman-Restoration","fights":[{"id":1},{"id":2},{"id":3},{"id":4},{"id":5},{"id":6},{"id":7},{"id":8},{"id":9},{"id":10},{"id":11},{"id":12},{"id":13},{"id":14},{"id":15},{"id":16},{"id":17},{"id":18},{"id":19},{"id":20}]},{"name":"Boozee","id":7,"guid":114053917,"type":"Monk","server":"Draenor","icon":"Monk-Windwalker","fights":[{"id":1},{"id":2},{"id":3},{"id":4},{"id":5},{"id":6},{"id":7},{"id":8},{"id":9},{"id":10},{"id":11},{"id":12},{"id":13},{"id":14},{"id":15},{"id":16},{"id":17},{"id":18},{"id":19},{"id":20}]},{"name":"Xirev","id":6,"guid":83122787,"type":"Mage","server":"Vashj","icon":"Mage-Fire","fights":[{"id":2},{"id":3},{"id":4},{"id":5},{"id":6},{"id":7},{"id":8},{"id":9},{"id":10},{"id":11},{"id":12},{"id":13},{"id":14},{"id":15},{"id":16},{"id":17},{"id":18},{"id":19},{"id":20}]},{"name":"Galysham","id":8,"guid":178497339,"type":"Shaman","server":"Kazzak","icon":"Shaman-Elemental","fights":[{"id":1},{"id":2},{"id":3},{"id":4},{"id":5},{"id":6},{"id":7},{"id":8},{"id":9},{"id":10},{"id":11},{"id":12},{"id":13},{"id":14},{"id":15},{"id":16},{"id":17},{"id":18},{"id":19},{"id":20}]},{"name":"Rmiin","id":1,"guid":153427658,"type":"Warlock","server":"Stormreaver","icon":"Warlock","fights":[{"id":1},{"id":2},{"id":3},{"id":4},{"id":5},{"id":6},{"id":7},{"id":8},{"id":9},{"id":10},{"id":11},{"id":12},{"id":13},{"id":14},{"id":15},{"id":16},{"id":17},{"id":18},{"id":19},{"id":20}]},{"name":"Sanhda","id":18,"guid":122085277,"type":"Shaman","server":"Vashj","icon":"Shaman-Restoration","fights":[{"id":1},{"id":2},{"id":3},{"id":4},{"id":5},{"id":6},{"id":7},{"id":8},{"id":9},{"id":10},{"id":11},{"id":12},{"id":13},{"id":14},{"id":15},{"id":16},{"id":17},{"id":18},{"id":19},{"id":20}]},{"name":"Guccilemon","id":22,"guid":150287163,"type":"DemonHunter","server":"TarrenMill","icon":"DemonHunter-Havoc","fights":[{"id":1},{"id":2},{"id":3},{"id":4},{"id":5},{"id":6},{"id":7},{"id":8},{"id":9},{"id":10},{"id":11},{"id":12},{"id":13},{"id":14},{"id":15},{"id":16},{"id":17},{"id":18},{"id":19},{"id":20}]},{"name":"Essence Font","id":157,"guid":165778,"type":"NPC","icon":"custom-icon-inv_mechagnome_powercell_broken","fights":[{"id":16,"instances":4,"groups":1}]},{"name":"Hoodpa","id":13,"guid":170221488,"type":"Hunter","server":"TarrenMill","icon":"Hunter-Marksmanship","fights":[{"id":1},{"id":2},{"id":3},{"id":4},{"id":5},{"id":6},{"id":7},{"id":8},{"id":9},{"id":10},{"id":11},{"id":12},{"id":13},{"id":14},{"id":15},{"id":16},{"id":17},{"id":18},{"id":19},{"id":20}]},{"name":"Night Hunter","id":91,"guid":168474,"type":"NPC","icon":"custom-icon-sha_ability_rogue_bloodyeye_nightmare","fights":[{"id":3,"instances":10,"groups":5},{"id":4,"instances":8,"groups":4},{"id":5,"instances":8,"groups":4},{"id":6,"instances":8,"groups":4}]},{"name":"Nâtulcien","id":3,"guid":110065639,"type":"Priest","server":"TwistingNether","icon":"Priest","fights":[{"id":1},{"id":2},{"id":3},{"id":4},{"id":5},{"id":6},{"id":7},{"id":8},{"id":9},{"id":10},{"id":11},{"id":12},{"id":13},{"id":14},{"id":15},{"id":16},{"id":17},{"id":18},{"id":19},{"id":20}]},{"name":"Nerisi","id":17,"guid":159121795,"type":"Paladin","server":"Blackhand","icon":"Paladin-Holy","fights":[{"id":1},{"id":2},{"id":3},{"id":4},{"id":5},{"id":6},{"id":7},{"id":8},{"id":9},{"id":10},{"id":11},{"id":12},{"id":13},{"id":14},{"id":15},{"id":16},{"id":17},{"id":18},{"id":19},{"id":20}]},{"name":"Dödin","id":155,"guid":127431905,"type":"DemonHunter","server":"TarrenMill","icon":"DemonHunter-Havoc","fights":[{"id":16}]},{"name":"Camphund","id":23,"guid":149111724,"type":"DemonHunter","server":"Stormreaver","icon":"DemonHunter-Havoc","fights":[{"id":1},{"id":2},{"id":3},{"id":4},{"id":5},{"id":6},{"id":7},{"id":8},{"id":9},{"id":10},{"id":11},{"id":12},{"id":13},{"id":14},{"id":15},{"id":16},{"id":17},{"id":18},{"id":19},{"id":20}]},{"name":"Iraerus","id":16,"guid":115048123,"type":"DeathKnight","server":"Draenor","icon":"DeathKnight-Blood","fights":[{"id":1},{"id":2},{"id":3},{"id":4},{"id":5},{"id":6},{"id":7},{"id":8},{"id":9},{"id":10},{"id":11},{"id":12},{"id":13},{"id":14},{"id":15},{"id":16},{"id":17},{"id":18},{"id":19},{"id":20}]},{"name":"Ripped Soul","id":125,"guid":171577,"type":"NPC","icon":"custom-icon-ability_argus_soulburst","fights":[{"id":10,"instances":3}]},{"name":"Discolanciz","id":9,"guid":149349383,"type":"Priest","server":"Stormreaver","icon":"Priest-Holy","fights":[{"id":1},{"id":2},{"id":3},{"id":4},{"id":5},{"id":6},{"id":7},{"id":8},{"id":9},{"id":10},{"id":11},{"id":12},{"id":13},{"id":14},{"id":15},{"id":16},{"id":17},{"id":18},{"id":19},{"id":20}]},{"name":"General Draven","id":72,"guid":170404,"type":"NPC","icon":"custom-icon-spell_frost_stun","fights":[{"id":2,"instances":1,"groups":4}]},{"name":"Seed of Extinction","id":149,"guid":169219,"type":"NPC","icon":"custom-icon-ability_ardenweald_mage","fights":[{"id":14,"instances":8,"groups":4}]},{"name":"Akenno","id":27,"guid":112838939,"type":"Druid","server":"Frostwolf","icon":"Druid-Balance","fights":[{"id":1},{"id":2},{"id":3},{"id":4},{"id":5},{"id":6},{"id":7},{"id":8},{"id":9},{"id":10},{"id":11},{"id":12},{"id":13},{"id":14},{"id":15},{"id":16},{"id":17},{"id":18},{"id":19},{"id":20}]},{"name":"Quacker","id":29,"guid":138353208,"type":"Rogue","server":"Ragnaros","icon":"Rogue-Outlaw","fights":[{"id":1},{"id":2},{"id":3},{"id":4},{"id":5},{"id":6},{"id":7},{"id":8},{"id":9},{"id":10},{"id":11},{"id":12},{"id":13},{"id":14},{"id":15},{"id":16},{"id":17},{"id":18},{"id":19},{"id":20}]},{"name":"Olofsson","id":14,"guid":150385609,"type":"Rogue","server":"Stormreaver","icon":"Rogue","fights":[{"id":1},{"id":2},{"id":3},{"id":4},{"id":5},{"id":6},{"id":7},{"id":8},{"id":9},{"id":10},{"id":11},{"id":12},{"id":13},{"id":14},{"id":15},{"id":16},{"id":17},{"id":18},{"id":19},{"id":20}]}],"enemies":[{"name":"Waltzing Venthyr","id":180,"guid":176016,"type":"NPC","icon":"custom-icon-ability_rogue_shadowdance","fights":[{"id":17,"instances":7,"groups":2}]},{"name":"High Torturer Darithos","id":152,"guid":168973,"type":"Boss","icon":"custom-icon-spell_animarevendreth_wave","fights":[{"id":15,"instances":1},{"id":16,"instances":1}]},{"name":"Rift Blast Portal","id":144,"guid":169271,"type":"NPC","icon":"custom-icon-spell_animabastion_beam","fights":[{"id":14,"instances":40,"groups":8}]},{"name":"Sire Denathrius","id":85,"guid":167406,"type":"Boss","icon":"custom-icon-inv_artifact_powerofthedarkside","fights":[{"id":3,"instances":1},{"id":4,"instances":1},{"id":5,"instances":1},{"id":6,"instances":1}]},{"name":"Stone Legion Goliath","id":30,"guid":172858,"type":"NPC","icon":"custom-icon-ability_druid_mangle2","fights":[{"id":1,"instances":1,"groups":1},{"id":2,"instances":6,"groups":4}]},{"name":"Castellan Niklaus","id":168,"guid":166971,"type":"Boss","icon":"custom-icon-inv_knife_1h_revendreth_d_01","fights":[{"id":17,"instances":1,"groups":2}]},{"name":"General Kaal","id":2,"guid":168112,"type":"Boss","icon":"custom-icon-inv_misc_sawblade_01","fights":[{"id":1,"instances":1},{"id":2,"instances":1}]},{"name":"Sludgefist","id":182,"guid":164407,"type":"Boss","icon":"custom-icon-ability_garrosh_hellscreams_warsong","fights":[{"id":18,"instances":1},{"id":19,"instances":1},{"id":20,"instances":1}]},{"name":"Remornia","id":86,"guid":168156,"type":"Boss","icon":"custom-icon-spell_shadow_lifedrain","fights":[{"id":3,"instances":1,"groups":3},{"id":4,"instances":1,"groups":2},{"id":5,"instances":1,"groups":3},{"id":6,"instances":1,"groups":2}]},{"name":"Huntsman Altimor","id":114,"guid":165066,"type":"Boss","icon":"custom-icon-ability_hunter_runningshot","fights":[{"id":9,"instances":1},{"id":10,"instances":1}]},{"name":"Conjured Manifestation","id":139,"guid":170197,"type":"NPC","icon":"NPC","fights":[{"id":13,"instances":2}]},{"name":"Dutiful Attendant","id":173,"guid":175992,"type":"NPC","icon":"custom-icon-inv_shield_1h_revendrethquest_b_01","fights":[{"id":17,"instances":2,"groups":3}]},{"name":"Baroness Frieda","id":166,"guid":166969,"type":"Boss","icon":"custom-icon-inv_enchanting_wod_essence3","fights":[{"id":17,"instances":1,"groups":2}]},{"name":"Lady Inerva Darkvein","id":130,"guid":165521,"type":"Boss","icon":"custom-icon-spell_shaman_spectraltransformation","fights":[{"id":12,"instances":1},{"id":13,"instances":1}]},{"name":"Hecutis","id":128,"guid":169458,"type":"Boss","icon":"custom-icon-ability_warstomp","fights":[{"id":10,"instances":1}]},{"name":"Sinister Reflection","id":98,"guid":170710,"type":"NPC","icon":"custom-icon-spell_shadow_corpseexplode","fights":[{"id":3,"instances":1,"groups":4},{"id":4,"instances":1,"groups":2},{"id":5,"instances":1,"groups":7},{"id":6,"instances":1,"groups":5}]},{"name":"Soul Infuser","id":164,"guid":165762,"type":"NPC","icon":"custom-icon-ability_deathwing_bloodcorruption_earth","fights":[{"id":16,"instances":4,"groups":1}]},{"name":"Remornia","id":92,"guid":168158,"type":"NPC","icon":"custom-icon-spell_shadow_shadowfury","fights":[{"id":3,"instances":1,"groups":3},{"id":4,"instances":1,"groups":3},{"id":5,"instances":1,"groups":3},{"id":6,"instances":1,"groups":3}]},{"name":"Stone Legion Commando","id":70,"guid":169601,"type":"NPC","icon":"custom-icon-spell_animarevendreth_missile","fights":[{"id":2,"instances":32,"groups":2}]},{"name":"Dancing Fools","id":181,"guid":176026,"type":"NPC","icon":"custom-icon-spell_animarevendreth_groundstate","fights":[{"id":17,"instances":41,"groups":1}]},{"name":"Echo of Sin","id":89,"guid":167999,"type":"NPC","icon":"custom-icon-spell_misc_emotionsad","fights":[{"id":3,"instances":64,"groups":5},{"id":4,"instances":73,"groups":5},{"id":5,"instances":70,"groups":4},{"id":6,"instances":70,"groups":4}]},{"name":"Bargast","id":124,"guid":169457,"type":"Boss","icon":"custom-icon-ability_druid_markofursol","fights":[{"id":10,"instances":1}]},{"name":"Shade of Bargast","id":126,"guid":171557,"type":"NPC","icon":"NPC","fights":[{"id":10,"instances":2,"groups":1}]},{"name":"Reborn Phoenix","id":161,"guid":168962,"type":"NPC","icon":"custom-icon-ability_mount_fireravengodmount","fights":[{"id":16,"instances":6,"groups":2}]},{"name":"Hand of Destruction","id":96,"guid":169813,"type":"NPC","icon":"custom-icon-spell_shadow_unholystrength","fights":[{"id":3,"instances":6},{"id":4,"instances":4},{"id":5,"instances":7},{"id":6,"instances":5}]},{"name":"Dance Controller","id":175,"guid":168870,"type":"NPC","icon":"custom-icon-trade_engineering","fights":[{"id":17,"instances":1,"groups":6}]},{"name":"Crystal of Phantasms","id":145,"guid":168512,"type":"NPC","icon":"custom-icon-spell_necro_deathrift","fights":[{"id":14,"instances":1,"groups":3}]},{"name":"Shriekwing","id":111,"guid":164406,"type":"Boss","icon":"custom-icon-ability_ironmaidens_whirlofblood","fights":[{"id":7,"instances":1},{"id":8,"instances":1}]},{"name":"Margore","id":116,"guid":165067,"type":"Boss","icon":"custom-icon-spell_druid_bloodythrash","fights":[{"id":9,"instances":1},{"id":10,"instances":1}]},{"name":"Harnessed Specter","id":138,"guid":170199,"type":"NPC","icon":"custom-icon-inv_sinstonegolempet","fights":[{"id":13,"instances":2,"groups":3}]},{"name":"General Grashaal","id":32,"guid":168113,"type":"Boss","icon":"custom-icon-inv_elementalearth2","fights":[{"id":1,"instances":1},{"id":2,"instances":1}]},{"name":"Vile Occultist","id":154,"guid":165763,"type":"NPC","icon":"custom-icon-sha_spell_fire_blueflamering_nightmare","fights":[{"id":15,"instances":2,"groups":1},{"id":16,"instances":4,"groups":1}]},{"name":"Reverberating Eruption Stalker","id":80,"guid":175102,"type":"NPC","icon":"custom-icon-inv_elementalearth2","fights":[{"id":2,"instances":8,"groups":11}]},{"name":"Hungering Destroyer","id":129,"guid":164261,"type":"Boss","icon":"custom-icon-ability_argus_deathfog","fights":[{"id":11,"instances":1}]},{"name":"Begrudging Waiter","id":179,"guid":169925,"type":"NPC","icon":"custom-icon-ability_mage_conjurefoodrank9","fights":[{"id":17,"instances":12,"groups":1}]},{"name":"Root of Extinction","id":148,"guid":169267,"type":"NPC","icon":"custom-icon-ability_ardenweald_mage","fights":[{"id":14,"instances":1}]},{"name":"Artificer Xy'mox","id":141,"guid":166644,"type":"Boss","icon":"custom-icon-ability_shootwand","fights":[{"id":14,"instances":1}]},{"name":"Bleakwing Assassin","id":153,"guid":167566,"type":"NPC","icon":"custom-icon-ability_revendreth_rogue","fights":[{"id":15,"instances":2,"groups":1},{"id":16,"instances":5,"groups":3}]},{"name":"Lord Stavros","id":170,"guid":166970,"type":"Boss","icon":"custom-icon-ability_warlock_soullink","fights":[{"id":17,"instances":1}]},{"name":"Ripped Soul","id":125,"guid":171577,"type":"NPC","icon":"custom-icon-ability_argus_soulburst","fights":[{"id":10,"instances":3}]},{"name":"Edge of Annihilation","id":150,"guid":169062,"type":"NPC","icon":"custom-icon-inv_archaeology_80_witch_guillotineaxe","fights":[{"id":14,"instances":1}]},{"name":"Crimson Cabalist","id":94,"guid":169196,"type":"NPC","icon":"custom-icon-spell_animarevendreth_missile","fights":[{"id":3,"instances":8,"groups":1},{"id":4,"instances":8,"groups":1},{"id":5,"instances":8,"groups":2},{"id":6,"instances":8,"groups":1}]},{"name":"Shade of Kael'thas","id":160,"guid":165805,"type":"Boss","icon":"custom-icon-spell_fire_burnout","fights":[{"id":16,"instances":2}]},{"name":"Sins of the Past","id":137,"guid":166766,"type":"NPC","icon":"custom-icon-spell_animarevendreth_orb","fights":[{"id":13,"instances":12,"groups":4}]},{"name":"Stasis Trap","id":146,"guid":167691,"type":"NPC","icon":"NPC","fights":[{"id":14,"instances":6,"groups":5}]},{"name":"Crimson Cabalist","id":95,"guid":169470,"type":"NPC","icon":"custom-icon-spell_animarevendreth_buff","fights":[{"id":3,"instances":1,"groups":2},{"id":4,"instances":1,"groups":1},{"id":5,"instances":1,"groups":2},{"id":6,"instances":1,"groups":2}]},{"name":"Pestering Fiend","id":163,"guid":168700,"type":"NPC","icon":"custom-icon-archaeology_5_0_crackedmogurunestone","fights":[{"id":16,"instances":14,"groups":2}]},{"name":"Rockbound Vanquisher","id":162,"guid":165764,"type":"NPC","icon":"custom-icon-ability_earthen_pillar","fights":[{"id":16,"instances":2,"groups":3}]}],"friendlyPets":[{"name":"Zepuri","id":31,"guid":52544458,"type":"Pet","icon":"abilities/spell_shadow_summonimp","petOwner":1,"fights":[{"id":1,"instances":1},{"id":2,"instances":1},{"id":3,"instances":1},{"id":4,"instances":1},{"id":5,"instances":1},{"id":6,"instances":1},{"id":7,"instances":1},{"id":8,"instances":1},{"id":9,"instances":1},{"id":10,"instances":1},{"id":11,"instances":1},{"id":13,"instances":1},{"id":14,"instances":1},{"id":16,"instances":1},{"id":17,"instances":1},{"id":18,"instances":1},{"id":19,"instances":1},{"id":20,"instances":1}]},{"name":"Xuen","id":50,"guid":63508,"type":"Pet","icon":"abilities/ability_monk_summontigerstatue","petOwner":10,"fights":[{"id":2,"instances":1},{"id":3,"instances":2},{"id":4,"instances":1},{"id":5,"instances":1},{"id":6,"instances":1},{"id":8,"instances":2},{"id":10,"instances":2},{"id":11,"instances":1},{"id":13,"instances":2},{"id":14,"instances":1},{"id":16,"instances":2},{"id":17,"instances":3}]},{"name":"Vilefiend","id":121,"guid":135816,"type":"Pet","icon":"abilities/inv_argusfelstalkermount","petOwner":20,"fights":[{"id":10,"instances":5},{"id":11,"instances":4},{"id":13,"instances":4}]},{"name":"Spirit Link Totem","id":75,"guid":53006,"type":"Pet","icon":"abilities/spell_shaman_spiritlink","petOwner":18,"fights":[{"id":2,"instances":2},{"id":3,"instances":1},{"id":4,"instances":2},{"id":5,"instances":1},{"id":6,"instances":2},{"id":8,"instances":1},{"id":10,"instances":1},{"id":11,"instances":1},{"id":14,"instances":1},{"id":16,"instances":1},{"id":17,"instances":1},{"id":18,"instances":1},{"id":19,"instances":1},{"id":20,"instances":1}]},{"name":"Fire Spirit","id":48,"guid":69791,"type":"Pet","icon":"abilities/inv_summerfest_firespirit","petOwner":7,"fights":[{"id":2,"instances":9},{"id":3,"instances":10},{"id":4,"instances":12},{"id":5,"instances":12},{"id":6,"instances":12},{"id":8,"instances":9},{"id":10,"instances":11},{"id":11,"instances":10},{"id":13,"instances":12},{"id":14,"instances":9},{"id":16,"instances":12},{"id":17,"instances":14},{"id":18,"instances":6},{"id":19,"instances":6},{"id":20,"instances":5}]},{"name":"Xuen","id":34,"guid":63508,"type":"Pet","icon":"abilities/ability_monk_summontigerstatue","petOwner":4,"fights":[{"id":1,"instances":1},{"id":2,"instances":1},{"id":3,"instances":1},{"id":4,"instances":3},{"id":5,"instances":2},{"id":6,"instances":2},{"id":8,"instances":2},{"id":10,"instances":2},{"id":11,"instances":2},{"id":13,"instances":2},{"id":14,"instances":1},{"id":16,"instances":2},{"id":17,"instances":2},{"id":18,"instances":1},{"id":20,"instances":1}]},{"name":"Darkhound","id":133,"guid":136408,"type":"Pet","icon":"abilities/inv_felhound3_shadow_mount","petOwner":20,"fights":[{"id":13,"instances":2}]},{"name":"Earth Spirit","id":36,"guid":69792,"type":"Pet","icon":"abilities/inv_elemental_primal_earth","petOwner":4,"fights":[{"id":1,"instances":1},{"id":2,"instances":1},{"id":3,"instances":1},{"id":4,"instances":10},{"id":5,"instances":8},{"id":6,"instances":8},{"id":8,"instances":7},{"id":9,"instances":1},{"id":10,"instances":12},{"id":11,"instances":7},{"id":13,"instances":10},{"id":14,"instances":6},{"id":16,"instances":11},{"id":17,"instances":7},{"id":18,"instances":1},{"id":19,"instances":1}]},{"name":"Regenerating Wildseed","id":84,"guid":164589,"type":"Pet","icon":"Pet","petOwner":22,"fights":[{"id":2,"instances":1}]},{"name":"Kowlmawl","id":115,"guid":52068561,"type":"Pet","icon":"custom-icon-ability_warrior_bladestorm","petOwner":20,"fights":[{"id":9,"instances":1},{"id":10,"instances":1},{"id":11,"instances":1},{"id":12,"instances":1},{"id":13,"instances":1}]},{"name":"Shadowfiend","id":55,"guid":19668,"type":"Pet","icon":"abilities/spell_shadow_shadowfiend","petOwner":3,"fights":[{"id":2,"instances":3},{"id":3,"instances":2},{"id":4,"instances":2},{"id":5,"instances":2},{"id":6,"instances":1},{"id":8,"instances":1},{"id":10,"instances":1},{"id":11,"instances":2},{"id":13,"instances":2},{"id":14,"instances":2},{"id":17,"instances":2},{"id":18,"instances":2},{"id":19,"instances":2},{"id":20,"instances":2}]},{"name":"Magus of the Dead","id":46,"guid":163366,"type":"Pet","icon":"abilities/artifactability_unholydeathknight_deathsembrace","petOwner":12,"fights":[{"id":2,"instances":9},{"id":3,"instances":8},{"id":4,"instances":8},{"id":5,"instances":9},{"id":6,"instances":8},{"id":8,"instances":4},{"id":10,"instances":5},{"id":11,"instances":5},{"id":13,"instances":5},{"id":14,"instances":7},{"id":16,"instances":4},{"id":17,"instances":8},{"id":18,"instances":8},{"id":19,"instances":4},{"id":20,"instances":7}]},{"name":"Healing Tide Totem","id":74,"guid":59764,"type":"Pet","icon":"abilities/ability_shaman_healingtide","petOwner":18,"fights":[{"id":2,"instances":2},{"id":3,"instances":2},{"id":4,"instances":2},{"id":5,"instances":2},{"id":6,"instances":2},{"id":8,"instances":1},{"id":10,"instances":1},{"id":11,"instances":1},{"id":13,"instances":1},{"id":14,"instances":2},{"id":16,"instances":1},{"id":17,"instances":1},{"id":18,"instances":2},{"id":19,"instances":2},{"id":20,"instances":1}]},{"name":"Earth Spirit","id":47,"guid":69792,"type":"Pet","icon":"abilities/inv_elemental_primal_earth","petOwner":7,"fights":[{"id":2,"instances":9},{"id":3,"instances":10},{"id":4,"instances":12},{"id":5,"instances":12},{"id":6,"instances":12},{"id":8,"instances":9},{"id":10,"instances":11},{"id":11,"instances":10},{"id":13,"instances":12},{"id":14,"instances":9},{"id":16,"instances":12},{"id":17,"instances":14},{"id":18,"instances":6},{"id":19,"instances":6},{"id":20,"instances":5}]},{"name":"Demonic Tyrant","id":123,"guid":135002,"type":"Pet","icon":"abilities/inv_summondemonictyrant","petOwner":20,"fights":[{"id":10,"instances":3},{"id":11,"instances":2},{"id":13,"instances":3}]},{"name":"Mirror Image","id":143,"guid":31216,"type":"Pet","icon":"abilities/spell_magic_managain","petOwner":6,"fights":[{"id":14,"instances":3},{"id":17,"instances":3},{"id":18,"instances":3},{"id":19,"instances":3}]},{"name":"Shadowfiend","id":58,"guid":19668,"type":"Pet","icon":"abilities/spell_shadow_shadowfiend","petOwner":15,"fights":[{"id":2,"instances":3},{"id":3,"instances":3},{"id":4,"instances":3},{"id":5,"instances":2},{"id":6,"instances":3},{"id":8,"instances":1},{"id":10,"instances":2},{"id":11,"instances":2},{"id":13,"instances":2},{"id":14,"instances":2},{"id":17,"instances":2},{"id":18,"instances":1},{"id":19,"instances":2},{"id":20,"instances":2}]},{"name":"Wild Imp","id":119,"guid":55659,"type":"Pet","icon":"abilities/ability_warlock_impoweredimp","petOwner":20,"fights":[{"id":9,"instances":3},{"id":10,"instances":99},{"id":11,"instances":104},{"id":13,"instances":112}]},{"name":"Vicious Hellhound","id":134,"guid":136399,"type":"Pet","icon":"abilities/inv_felhound3_shadow_fire","petOwner":20,"fights":[{"id":13,"instances":1}]},{"name":"Army of the Dead","id":49,"guid":24207,"type":"Pet","icon":"abilities/spell_shadow_coneofsilence","petOwner":12,"fights":[{"id":2,"instances":44},{"id":3,"instances":40},{"id":4,"instances":40},{"id":5,"instances":44},{"id":6,"instances":40},{"id":8,"instances":20},{"id":10,"instances":24},{"id":11,"instances":24},{"id":13,"instances":24},{"id":14,"instances":34},{"id":16,"instances":20},{"id":17,"instances":40},{"id":18,"instances":40},{"id":19,"instances":20},{"id":20,"instances":36}]},{"name":"Dreadstalker","id":117,"guid":98035,"type":"Pet","icon":"abilities/spell_warlock_calldreadstalkers","petOwner":20,"fights":[{"id":9,"instances":2},{"id":10,"instances":20},{"id":11,"instances":18},{"id":13,"instances":20}]},{"name":"Shivarra","id":136,"guid":136406,"type":"Pet","icon":"abilities/achievement_shivan","petOwner":20,"fights":[{"id":13,"instances":6}]},{"name":"Darkglare","id":62,"guid":103673,"type":"Pet","icon":"abilities/inv_beholderwarlock","petOwner":20,"fights":[{"id":2,"instances":2},{"id":3,"instances":2},{"id":4,"instances":2},{"id":5,"instances":2},{"id":6,"instances":2},{"id":8,"instances":1},{"id":14,"instances":2},{"id":16,"instances":2},{"id":18,"instances":2},{"id":19,"instances":2},{"id":20,"instances":2}]},{"name":"Demonic Gateway","id":176,"guid":59262,"type":"Pet","icon":"custom-icon-trade_engineering","petOwner":1,"fights":[{"id":17,"instances":2}]},{"name":"Rune Weapon","id":61,"guid":27893,"type":"Pet","icon":"abilities/inv_sword_07","petOwner":16,"fights":[{"id":2,"instances":4},{"id":3,"instances":4},{"id":4,"instances":3},{"id":5,"instances":4},{"id":6,"instances":4},{"id":8,"instances":2},{"id":10,"instances":2},{"id":11,"instances":2},{"id":13,"instances":2},{"id":14,"instances":3},{"id":16,"instances":2},{"id":17,"instances":3},{"id":18,"instances":3},{"id":19,"instances":2},{"id":20,"instances":3}]},{"name":"Illidari Satyr","id":132,"guid":136398,"type":"Pet","icon":"abilities/classicon_warlock","petOwner":20,"fights":[{"id":13,"instances":3}]},{"name":"Darkglare","id":63,"guid":103673,"type":"Pet","icon":"abilities/inv_beholderwarlock","petOwner":1,"fights":[{"id":2,"instances":3},{"id":3,"instances":2},{"id":4,"instances":2},{"id":5,"instances":2},{"id":6,"instances":2},{"id":8,"instances":1},{"id":11,"instances":2},{"id":13,"instances":2},{"id":14,"instances":2},{"id":17,"instances":2},{"id":18,"instances":2},{"id":19,"instances":2},{"id":20,"instances":2}]},{"name":"Earthen Wall Totem","id":68,"guid":100943,"type":"Pet","icon":"abilities/spell_nature_stoneskintotem","petOwner":19,"fights":[{"id":2,"instances":6},{"id":3,"instances":6},{"id":4,"instances":5},{"id":5,"instances":7},{"id":6,"instances":6},{"id":8,"instances":2},{"id":10,"instances":2},{"id":11,"instances":3},{"id":13,"instances":2},{"id":14,"instances":5},{"id":16,"instances":2},{"id":17,"instances":3},{"id":18,"instances":4},{"id":19,"instances":4},{"id":20,"instances":3}]},{"name":"Infernal","id":174,"guid":89,"type":"Pet","icon":"abilities/spell_shadow_summoninfernal","petOwner":20,"fights":[{"id":17,"instances":7}]},{"name":"Void Tendril","id":64,"guid":98167,"type":"Pet","icon":"abilities/spell_shadow_skull","petOwner":3,"fights":[{"id":2,"instances":4},{"id":3,"instances":2},{"id":4,"instances":2},{"id":5,"instances":1},{"id":6,"instances":2},{"id":8,"instances":2},{"id":10,"instances":3},{"id":11,"instances":5},{"id":13,"instances":2},{"id":14,"instances":4},{"id":17,"instances":3}]},{"name":"Demonic Gateway","id":185,"guid":59262,"type":"Pet","icon":"custom-icon-trade_engineering","petOwner":20,"fights":[{"id":20,"instances":1}]},{"name":"Demonic Gateway","id":177,"guid":59271,"type":"Pet","icon":"custom-icon-trade_engineering","petOwner":1,"fights":[{"id":17,"instances":2}]},{"name":"Rootcatcher","id":41,"guid":54202076,"type":"Pet","icon":"abilities/spell_shadow_animatedead","petOwner":12,"fights":[{"id":2,"instances":1},{"id":3,"instances":1},{"id":4,"instances":1},{"id":5,"instances":1},{"id":6,"instances":1},{"id":7,"instances":1},{"id":8,"instances":1},{"id":9,"instances":1},{"id":10,"instances":1},{"id":11,"instances":1},{"id":13,"instances":1},{"id":14,"instances":1},{"id":16,"instances":1},{"id":17,"instances":1},{"id":18,"instances":1},{"id":19,"instances":1},{"id":20,"instances":1}]},{"name":"Fire Spirit","id":38,"guid":69791,"type":"Pet","icon":"abilities/inv_summerfest_firespirit","petOwner":4,"fights":[{"id":1,"instances":1},{"id":2,"instances":1},{"id":3,"instances":1},{"id":4,"instances":10},{"id":5,"instances":8},{"id":6,"instances":8},{"id":8,"instances":7},{"id":9,"instances":1},{"id":10,"instances":12},{"id":11,"instances":7},{"id":13,"instances":10},{"id":14,"instances":6},{"id":16,"instances":11},{"id":17,"instances":7},{"id":18,"instances":1},{"id":19,"instances":1}]},{"name":"Infernal","id":120,"guid":89,"type":"Pet","icon":"abilities/spell_shadow_summoninfernal","petOwner":1,"fights":[{"id":10,"instances":2},{"id":16,"instances":2}]},{"name":"Gakuri","id":33,"guid":10862692,"type":"Pet","icon":"abilities/spell_shadow_summonimp","petOwner":21,"fights":[{"id":1,"instances":1},{"id":2,"instances":1},{"id":3,"instances":1},{"id":4,"instances":1},{"id":5,"instances":1},{"id":6,"instances":1},{"id":7,"instances":1},{"id":8,"instances":1},{"id":9,"instances":1},{"id":10,"instances":1},{"id":11,"instances":1},{"id":12,"instances":1},{"id":13,"instances":1},{"id":14,"instances":1},{"id":15,"instances":1},{"id":16,"instances":1},{"id":17,"instances":1},{"id":18,"instances":1},{"id":19,"instances":1},{"id":20,"instances":1}]},{"name":"Spirit Link Totem","id":71,"guid":53006,"type":"Pet","icon":"abilities/spell_shaman_spiritlink","petOwner":19,"fights":[{"id":2,"instances":2},{"id":3,"instances":2},{"id":4,"instances":1},{"id":5,"instances":2},{"id":6,"instances":2},{"id":8,"instances":1},{"id":10,"instances":1},{"id":11,"instances":1},{"id":14,"instances":1},{"id":16,"instances":1},{"id":17,"instances":1},{"id":18,"instances":1},{"id":19,"instances":2},{"id":20,"instances":1}]},{"name":"Bilescourge","id":131,"guid":136404,"type":"Pet","icon":"abilities/ability_hunter_pet_bat","petOwner":20,"fights":[{"id":13,"instances":2}]},{"name":"Wrathguard","id":140,"guid":136407,"type":"Pet","icon":"abilities/spell_warlock_summonwrathguard","petOwner":20,"fights":[{"id":13,"instances":1}]},{"name":"Fiznuk","id":40,"guid":52068551,"type":"Pet","icon":"abilities/spell_warlock_summonimpoutland","petOwner":20,"fights":[{"id":2,"instances":1},{"id":3,"instances":1},{"id":4,"instances":1},{"id":5,"instances":1},{"id":6,"instances":1},{"id":7,"instances":1},{"id":8,"instances":1},{"id":14,"instances":1},{"id":16,"instances":1},{"id":17,"instances":1},{"id":18,"instances":1},{"id":19,"instances":1},{"id":20,"instances":1}]},{"name":"Capacitor Totem","id":127,"guid":61245,"type":"Pet","icon":"abilities/spell_nature_brilliance","petOwner":19,"fights":[{"id":10,"instances":1},{"id":16,"instances":1}]},{"name":"Earthen Wall Totem","id":66,"guid":100943,"type":"Pet","icon":"abilities/spell_nature_stoneskintotem","petOwner":18,"fights":[{"id":2,"instances":8},{"id":3,"instances":7},{"id":4,"instances":6},{"id":5,"instances":7},{"id":6,"instances":7},{"id":8,"instances":3},{"id":10,"instances":3},{"id":11,"instances":4},{"id":13,"instances":4},{"id":14,"instances":5},{"id":16,"instances":3},{"id":17,"instances":6},{"id":18,"instances":5},{"id":19,"instances":6},{"id":20,"instances":4}]},{"name":"Fire Spirit","id":53,"guid":69791,"type":"Pet","icon":"abilities/inv_summerfest_firespirit","petOwner":10,"fights":[{"id":2,"instances":5},{"id":3,"instances":6},{"id":4,"instances":8},{"id":5,"instances":7},{"id":6,"instances":7},{"id":8,"instances":8},{"id":10,"instances":10},{"id":11,"instances":8},{"id":13,"instances":11},{"id":14,"instances":1},{"id":16,"instances":10},{"id":17,"instances":13}]},{"name":"Mana Tide Totem","id":82,"guid":10467,"type":"Pet","icon":"abilities/spell_frost_summonwaterelemental","petOwner":19,"fights":[{"id":2,"instances":1},{"id":3,"instances":1},{"id":5,"instances":1},{"id":13,"instances":1},{"id":16,"instances":1}]},{"name":"Xuen","id":44,"guid":63508,"type":"Pet","icon":"abilities/ability_monk_summontigerstatue","petOwner":7,"fights":[{"id":2,"instances":3},{"id":3,"instances":3},{"id":4,"instances":3},{"id":5,"instances":4},{"id":6,"instances":4},{"id":8,"instances":2},{"id":10,"instances":2},{"id":11,"instances":2},{"id":13,"instances":2},{"id":14,"instances":3},{"id":16,"instances":2},{"id":17,"instances":3},{"id":18,"instances":3},{"id":19,"instances":3},{"id":20,"instances":2}]},{"name":"Regenerating Wildseed","id":106,"guid":164589,"type":"Pet","icon":"Pet","petOwner":6,"fights":[{"id":4,"instances":1}]},{"name":"Primal Fire Elemental","id":43,"guid":61029,"type":"Pet","icon":"abilities/spell_fire_elemental_totem","petOwner":8,"fights":[{"id":2,"instances":3},{"id":3,"instances":3},{"id":10,"instances":2},{"id":16,"instances":2},{"id":17,"instances":5}]},{"name":"Void Lasher","id":90,"guid":175198,"type":"Pet","icon":"abilities/spell_shadow_skull","petOwner":3,"fights":[{"id":3,"instances":2},{"id":4,"instances":1},{"id":5,"instances":1},{"id":6,"instances":1}]},{"name":"Primal Earth Elemental","id":81,"guid":61056,"type":"Pet","icon":"abilities/spell_nature_earthelemental_totem","petOwner":8,"fights":[{"id":2,"instances":1},{"id":3,"instances":2},{"id":10,"instances":1},{"id":16,"instances":1},{"id":17,"instances":1}]},{"name":"Risen Skulker","id":88,"guid":99541,"type":"Pet","icon":"abilities/spell_shadow_animatedead","petOwner":12,"fights":[{"id":3,"instances":1},{"id":4,"instances":2},{"id":5,"instances":2},{"id":6,"instances":2},{"id":7,"instances":1},{"id":8,"instances":1},{"id":9,"instances":1},{"id":10,"instances":1},{"id":11,"instances":1},{"id":13,"instances":1},{"id":14,"instances":1},{"id":16,"instances":1},{"id":17,"instances":1},{"id":18,"instances":1},{"id":19,"instances":1},{"id":20,"instances":1}]},{"name":"Risen Ghoul","id":51,"guid":26125,"type":"Pet","icon":"abilities/inv_pet_ghoul","petOwner":16,"fights":[{"id":2,"instances":3},{"id":3,"instances":3},{"id":4,"instances":3},{"id":5,"instances":3},{"id":6,"instances":3},{"id":8,"instances":1},{"id":10,"instances":2},{"id":11,"instances":2},{"id":13,"instances":2},{"id":14,"instances":3},{"id":16,"instances":2},{"id":17,"instances":3},{"id":18,"instances":3},{"id":19,"instances":3},{"id":20,"instances":3}]},{"name":"Ur'zul","id":135,"guid":136402,"type":"Pet","icon":"abilities/inv_soulhoundmount_blue","petOwner":20,"fights":[{"id":13,"instances":1}]},{"name":"Void Tendril","id":67,"guid":98167,"type":"Pet","icon":"abilities/spell_shadow_skull","petOwner":15,"fights":[{"id":2,"instances":8},{"id":3,"instances":3},{"id":4,"instances":4},{"id":5,"instances":5},{"id":6,"instances":4},{"id":8,"instances":2},{"id":10,"instances":6},{"id":11,"instances":6},{"id":13,"instances":4},{"id":14,"instances":7},{"id":17,"instances":3},{"id":18,"instances":4},{"id":19,"instances":4},{"id":20,"instances":2}]},{"name":"Earth Spirit","id":52,"guid":69792,"type":"Pet","icon":"abilities/inv_elemental_primal_earth","petOwner":10,"fights":[{"id":2,"instances":5},{"id":3,"instances":6},{"id":4,"instances":8},{"id":5,"instances":7},{"id":6,"instances":7},{"id":8,"instances":8},{"id":10,"instances":10},{"id":11,"instances":8},{"id":13,"instances":11},{"id":14,"instances":1},{"id":16,"instances":10},{"id":17,"instances":13}]},{"name":"Darkglare","id":65,"guid":103673,"type":"Pet","icon":"abilities/inv_beholderwarlock","petOwner":21,"fights":[{"id":2,"instances":1},{"id":3,"instances":2},{"id":4,"instances":2},{"id":5,"instances":2},{"id":6,"instances":2},{"id":8,"instances":1},{"id":10,"instances":2},{"id":11,"instances":2},{"id":13,"instances":2},{"id":14,"instances":1},{"id":16,"instances":1},{"id":17,"instances":2},{"id":18,"instances":2},{"id":19,"instances":1},{"id":20,"instances":2}]},{"name":"Void Lasher","id":107,"guid":175198,"type":"Pet","icon":"abilities/spell_shadow_skull","petOwner":15,"fights":[{"id":5,"instances":1}]},{"name":"Healing Tide Totem","id":78,"guid":59764,"type":"Pet","icon":"abilities/ability_shaman_healingtide","petOwner":19,"fights":[{"id":2,"instances":2},{"id":3,"instances":2},{"id":4,"instances":2},{"id":5,"instances":2},{"id":6,"instances":2},{"id":8,"instances":1},{"id":10,"instances":1},{"id":11,"instances":1},{"id":13,"instances":1},{"id":14,"instances":2},{"id":16,"instances":1},{"id":17,"instances":2},{"id":18,"instances":2},{"id":19,"instances":1},{"id":20,"instances":1}]},{"name":"Demonic Gateway","id":186,"guid":59271,"type":"Pet","icon":"custom-icon-trade_engineering","petOwner":20,"fights":[{"id":20,"instances":1}]},{"name":"Greater Earth Elemental","id":105,"guid":95072,"type":"Pet","icon":"abilities/spell_nature_earthelemental_totem","petOwner":8,"fights":[{"id":4,"instances":1},{"id":5,"instances":2},{"id":6,"instances":2},{"id":8,"instances":1},{"id":11,"instances":1},{"id":13,"instances":1},{"id":14,"instances":1},{"id":18,"instances":1},{"id":19,"instances":1},{"id":20,"instances":1}]},{"name":"Greater Fire Elemental","id":104,"guid":95061,"type":"Pet","icon":"abilities/spell_fire_elemental_totem","petOwner":8,"fights":[{"id":4,"instances":3},{"id":5,"instances":3},{"id":6,"instances":3},{"id":8,"instances":2},{"id":11,"instances":2},{"id":13,"instances":2},{"id":14,"instances":2},{"id":18,"instances":2},{"id":19,"instances":2},{"id":20,"instances":2}]},{"name":"Mana Tide Totem","id":69,"guid":10467,"type":"Pet","icon":"abilities/spell_frost_summonwaterelemental","petOwner":18,"fights":[{"id":2,"instances":2},{"id":3,"instances":2},{"id":4,"instances":1},{"id":5,"instances":2},{"id":6,"instances":2},{"id":8,"instances":1},{"id":10,"instances":1},{"id":11,"instances":1},{"id":13,"instances":1},{"id":14,"instances":1},{"id":16,"instances":1},{"id":17,"instances":2},{"id":18,"instances":1},{"id":19,"instances":1},{"id":20,"instances":1}]},{"name":"Felguard","id":122,"guid":17252,"type":"Pet","icon":"abilities/spell_shadow_summonfelguard","petOwner":20,"fights":[{"id":10,"instances":2},{"id":11,"instances":2},{"id":13,"instances":2}]},{"name":"Bloodworm","id":45,"guid":99773,"type":"Pet","icon":"abilities/spell_shadow_soulleech","petOwner":16,"fights":[{"id":2,"instances":34},{"id":3,"instances":32},{"id":4,"instances":28},{"id":5,"instances":37},{"id":6,"instances":27},{"id":8,"instances":6},{"id":10,"instances":15},{"id":11,"instances":13},{"id":13,"instances":18},{"id":14,"instances":31},{"id":16,"instances":16},{"id":17,"instances":20},{"id":18,"instances":31},{"id":19,"instances":22},{"id":20,"instances":19}]},{"name":"Reaves","id":171,"guid":101462,"type":"Pet","icon":"custom-icon-inv_engineering_autohammer","petOwner":19,"fights":[{"id":17,"instances":1}]}],"enemyPets":[],"phases":[{"boss":2417,"phases":["General Kaal","Intermission One","General Grashaal","Intermission Two","Generals United"],"intermissions":[2,4]},{"boss":2418,"phases":["Margore","Bargast","Hecutis","Huntsman"]},{"boss":2405,"phases":["Crystal of Phantasms","Root of Extinction","Edge of Annihilation"]},{"boss":2407,"phases":["Stage One: Sinners Be Cleansed","Intermission: March of the Penitent","Stage Two: The Crimson Chorus","Stage Three: Indignation"],"intermissions":[2]},{"boss":2412,"phases":["Phase One","Phase Two","Phase Three"]},{"boss":2398,"phases":["Thirst for Blood","Terror of Castle Nathria"]}],"logVersion":16,"gameVersion":1,"title":"Castle Nathria","owner":"Mightyelf","start":1610228310722,"end":1610237172839,"zone":26,"exportedCharacters":[{"id":48539443,"name":"Abán","server":"Stormreaver","region":"EU"},{"id":39380424,"name":"Akenno","server":"Frostwolf","region":"EU"},{"id":53278910,"name":"Alecesletum","server":"Stormreaver","region":"EU"},{"id":43630763,"name":"Bawder","server":"Kazzak","region":"EU"},{"id":35211680,"name":"Boozee","server":"Draenor","region":"EU"},{"id":43806729,"name":"Borky","server":"Blackmoore","region":"EU"},{"id":38361968,"name":"Camphund","server":"Stormreaver","region":"EU"},{"id":33448870,"name":"Discolanciz","server":"Stormreaver","region":"EU"},{"id":21154272,"name":"Dödin","server":"Tarren Mill","region":"EU"},{"id":50764269,"name":"Elisham","server":"Draenor","region":"EU"},{"id":56137968,"name":"Eçstasy","server":"Tarren Mill","region":"EU"},{"id":47943284,"name":"Farmitroll","server":"Arygos","region":"EU"},{"id":952290,"name":"Gaia","server":"Stormreaver","region":"EU"},{"id":40978251,"name":"Galysham","server":"Kazzak","region":"EU"},{"id":39290092,"name":"Guccilemon","server":"Tarren Mill","region":"EU"},{"id":45136866,"name":"Hoodpa","server":"Tarren Mill","region":"EU"},{"id":21316305,"name":"Iraerus","server":"Draenor","region":"EU"},{"id":39905422,"name":"Maryus","server":"Stormreaver","region":"EU"},{"id":52700536,"name":"Milespriest","server":"Stormreaver","region":"EU"},{"id":33396988,"name":"Naztheridan","server":"Stormreaver","region":"EU"},{"id":55753138,"name":"Nerisi","server":"Blackhand","region":"EU"},{"id":54981584,"name":"Noscopes","server":"Blackmoore","region":"EU"},{"id":15670539,"name":"Nâtulcien","server":"Twisting Nether","region":"EU"},{"id":39358041,"name":"Olofsson","server":"Stormreaver","region":"EU"},{"id":26938962,"name":"Quacker","server":"Ragnaros","region":"EU"},{"id":42893385,"name":"Rmiin","server":"Stormreaver","region":"EU"},{"id":16588721,"name":"Sacant","server":"Ragnaros","region":"EU"},{"id":20661742,"name":"Sanhda","server":"Vashj","region":"EU"},{"id":55779245,"name":"Sehlor","server":"Twisting Nether","region":"EU"},{"id":21890984,"name":"Xirev","server":"Vashj","region":"EU"}]}