{"fights":[{"id":1,"boss":2329,"start_time":0,"end_time":272551,"name":"Wrathion","zoneID":1220,"zoneName":"The Great Sea","zoneDifficulty":0,"size":20,"difficulty":5,"kill":true,"partial":3,"bossPercentage":0,"fightPercentage":0,"lastPhaseForPercentageDisplay":1,"maps":[1580]},{"id":2,"boss":2337,"start_time":1569623,"end_time":2013560,"name":"Carapace of N'Zoth","zoneID":2217,"zoneName":"Ny'alotha, the Waking City","zoneDifficulty":5,"size":20,"difficulty":5,"kill":true,"partial":3,"bossPercentage":0,"fightPercentage":0,"lastPhaseForPercentageDisplay":3,"maps":[1597]}],"lang":"en","friendlies":[{"name":"Billebit","id":16,"guid":80593800,"type":"Mage","server":"Frostwolf","icon":"Mage-Fire","fights":[{"id":1}]},{"name":"Bärigerbär","id":8,"guid":153683917,"type":"Hunter","server":"Frostwolf","icon":"Hunter-BeastMastery","fights":[{"id":1},{"id":2}]},{"name":"Vollkornbrot","id":64,"guid":108915068,"type":"Shaman","server":"Frostwolf","icon":"Shaman-Restoration","fights":[{"id":2}]},{"name":"Ventana","id":18,"guid":98531726,"type":"DemonHunter","server":"Frostwolf","icon":"DemonHunter-Havoc","fights":[{"id":1},{"id":2}]},{"name":"Alaman","id":9,"guid":81171701,"type":"Warlock","server":"Frostwolf","icon":"Warlock-Destruction","fights":[{"id":1},{"id":2}]},{"name":"Mentalpunch","id":5,"guid":108038657,"type":"Monk","server":"Frostwolf","icon":"Monk-Brewmaster","fights":[{"id":1},{"id":2}]},{"name":"Kaibyo","id":1,"guid":87100628,"type":"Druid","server":"Frostwolf","icon":"Druid-Balance","fights":[{"id":1},{"id":2}]},{"name":"Mdmazingz","id":7,"guid":152604498,"type":"Warlock","server":"Frostwolf","icon":"Warlock-Destruction","fights":[{"id":1},{"id":2}]},{"name":"Mantifist","id":65,"guid":108569319,"type":"Druid","server":"Frostwolf","icon":"Druid-Balance","fights":[{"id":2}]},{"name":"Ðraign","id":6,"guid":105451106,"type":"Paladin","server":"Frostwolf","icon":"Paladin-Holy","fights":[{"id":1},{"id":2}]},{"name":"Moireananke","id":13,"guid":99262057,"type":"DemonHunter","server":"Frostwolf","icon":"DemonHunter-Havoc","fights":[{"id":1},{"id":2}]},{"name":"Tilidean","id":15,"guid":107467332,"type":"Rogue","server":"Frostwolf","icon":"Rogue-Outlaw","fights":[{"id":1}]},{"name":"Wøl","id":11,"guid":100969233,"type":"Shaman","server":"Frostwolf","icon":"Shaman","fights":[{"id":1},{"id":2}]},{"name":"Elnookie","id":63,"guid":154085594,"type":"Monk","server":"Frostwolf","icon":"Monk-Mistweaver","fights":[{"id":2}]},{"name":"Markarn","id":4,"guid":100353099,"type":"Warrior","server":"Frostwolf","icon":"Warrior-Fury","fights":[{"id":1},{"id":2}]},{"name":"Milun","id":2,"guid":80934602,"type":"Priest","server":"Frostwolf","icon":"Priest-Holy","fights":[{"id":1},{"id":2}]},{"name":"Tàylorswift","id":12,"guid":123873086,"type":"Hunter","server":"Frostwolf","icon":"Hunter-BeastMastery","fights":[{"id":1},{"id":2}]},{"name":"Arythiar","id":17,"guid":81126574,"type":"DeathKnight","server":"Frostwolf","icon":"DeathKnight-Frost","fights":[{"id":1},{"id":2}]},{"name":"Wrathion","id":67,"guid":160177,"type":"NPC","icon":"custom-icon-spell_fire_sealoffire","fights":[{"id":2,"instances":1,"groups":4}]},{"name":"Railay","id":20,"guid":154144247,"type":"Warlock","server":"Frostwolf","icon":"Warlock-Destruction","fights":[{"id":1}]},{"name":"Neustart","id":3,"guid":91047235,"type":"Mage","server":"Frostwolf","icon":"Mage-Arcane","fights":[{"id":1},{"id":2}]},{"name":"Bäshfloorpov","id":14,"guid":109571551,"type":"Druid","server":"Frostwolf","icon":"Druid-Balance","fights":[{"id":1},{"id":2}]},{"name":"Exspes","id":19,"guid":80361788,"type":"Warlock","server":"Frostwolf","icon":"Warlock-Destruction","fights":[{"id":1},{"id":2}]},{"name":"Noxar","id":10,"guid":79960807,"type":"Paladin","server":"Frostwolf","icon":"Paladin-Protection","fights":[{"id":1},{"id":2}]}],"enemies":[{"name":"Crackling Shard","id":55,"guid":158327,"type":"NPC","icon":"custom-icon-ability_rhyolith_volcano","fights":[{"id":1,"instances":30,"groups":1}]},{"name":"Synthesis Growth","id":82,"guid":157475,"type":"NPC","icon":"custom-icon-spell_necro_necroticsmash","fights":[{"id":2,"instances":16,"groups":2}]},{"name":"Horrific Hemorrhage","id":76,"guid":157486,"type":"NPC","icon":"custom-icon-ability_druid_ironfur","fights":[{"id":2,"instances":16,"groups":2}]},{"name":"Gaze of Madness","id":78,"guid":157442,"type":"NPC","icon":"custom-icon-inv_elemental_primal_shadow","fights":[{"id":2,"instances":4,"groups":2}]},{"name":"Fury of N'Zoth","id":66,"guid":157439,"type":"Boss","icon":"custom-icon-spell_priest_void-blast","fights":[{"id":2,"instances":1}]},{"name":"Wrathion","id":21,"guid":156818,"type":"Boss","icon":"custom-icon-ability_deathwing_cataclysm","fights":[{"id":1,"instances":1,"groups":2}]},{"name":"Ashwalker Assassin","id":57,"guid":160291,"type":"NPC","icon":"custom-icon-ability_stealth","fights":[{"id":1,"instances":4,"groups":1}]},{"name":"Mycelial Cyst","id":84,"guid":157461,"type":"NPC","icon":"custom-icon-spell_shadow_bloodboil","excludeFromReplayUnitFrames":true,"fights":[{"id":2,"instances":73,"groups":2}]},{"name":"Nightmare Antigen","id":77,"guid":157452,"type":"NPC","icon":"custom-icon-sha_spell_fire_ragnaros_supernova_nightmare","excludeFromReplayUnitFrames":true,"fights":[{"id":2,"instances":137,"groups":5}]}],"friendlyPets":[{"name":"Guardian of Azeroth","id":23,"guid":152396,"type":"Pet","icon":"abilities/inv_glowing-azerite-geode","petOwner":13,"fights":[{"id":1,"instances":2},{"id":2,"instances":3}]},{"name":"Guardian of Azeroth","id":33,"guid":152396,"type":"Pet","icon":"abilities/inv_glowing-azerite-geode","petOwner":17,"fights":[{"id":1,"instances":2}]},{"name":"Infernal","id":34,"guid":89,"type":"Pet","icon":"abilities/spell_shadow_summoninfernal","petOwner":9,"fights":[{"id":1,"instances":2},{"id":2,"instances":7}]},{"name":"Demonic Gateway","id":49,"guid":59271,"type":"Pet","icon":"custom-icon-trade_engineering","petOwner":9,"fights":[{"id":1,"instances":2},{"id":2,"instances":1}]},{"name":"Demonic Gateway","id":51,"guid":59262,"type":"Pet","icon":"custom-icon-trade_engineering","petOwner":20,"fights":[{"id":1,"instances":2}]},{"name":"Infernal","id":37,"guid":89,"type":"Pet","icon":"abilities/spell_shadow_summoninfernal","petOwner":19,"fights":[{"id":1,"instances":5},{"id":2,"instances":8}]},{"name":"Guardian of Azeroth","id":69,"guid":152396,"type":"Pet","icon":"abilities/inv_glowing-azerite-geode","petOwner":11,"fights":[{"id":2,"instances":2}]},{"name":"Igelschnitt","id":24,"guid":40717622,"type":"Pet","icon":"abilities/ability_hunter_beastcall","petOwner":12,"fights":[{"id":1,"instances":1},{"id":2,"instances":1}]},{"name":"Choqua","id":26,"guid":25254884,"type":"Pet","icon":"custom-icon-spell_fire_firebolt","petOwner":9,"fights":[{"id":1,"instances":1},{"id":2,"instances":1}]},{"name":"Withey","id":28,"guid":62988844,"type":"Pet","icon":"custom-icon-ability_warstomp","petOwner":8,"fights":[{"id":1,"instances":1},{"id":2,"instances":1}]},{"name":"Twisted Appendage","id":42,"guid":162764,"type":"Pet","icon":"abilities/achievement_boss_yoggsaron_01","petOwner":15,"fights":[{"id":1,"instances":8}]},{"name":"Spirit Link Totem","id":87,"guid":53006,"type":"Pet","icon":"abilities/spell_shaman_spiritlink","petOwner":64,"fights":[{"id":2,"instances":1}]},{"name":"Secret Fish","id":44,"guid":151583,"type":"Pet","icon":"custom-icon-trade_engineering","petOwner":10,"fights":[{"id":1,"instances":9},{"id":2,"instances":8}]},{"name":"Demonic Gateway","id":48,"guid":59271,"type":"Pet","icon":"custom-icon-trade_engineering","petOwner":7,"fights":[{"id":1,"instances":1},{"id":2,"instances":2}]},{"name":"Infernal","id":30,"guid":89,"type":"Pet","icon":"abilities/spell_shadow_summoninfernal","petOwner":7,"fights":[{"id":1,"instances":2},{"id":2,"instances":11}]},{"name":"Demonic Gateway","id":50,"guid":59262,"type":"Pet","icon":"custom-icon-trade_engineering","petOwner":9,"fights":[{"id":1,"instances":2},{"id":2,"instances":1}]},{"name":"Nheefenn","id":27,"guid":63216954,"type":"Pet","icon":"Pet","petOwner":20,"fights":[{"id":1,"instances":1}]},{"name":"Gakmir","id":31,"guid":24514185,"type":"Pet","icon":"custom-icon-spell_fire_firebolt","petOwner":19,"fights":[{"id":1,"instances":1},{"id":2,"instances":1}]},{"name":"Guardian of Azeroth","id":41,"guid":152396,"type":"Pet","icon":"abilities/inv_glowing-azerite-geode","petOwner":18,"fights":[{"id":1,"instances":2},{"id":2,"instances":2}]},{"name":"Demonic Gateway","id":47,"guid":59262,"type":"Pet","icon":"custom-icon-trade_engineering","petOwner":7,"fights":[{"id":1,"instances":1},{"id":2,"instances":2}]},{"name":"Healing Tide Totem","id":80,"guid":59764,"type":"Pet","icon":"abilities/ability_shaman_healingtide","petOwner":64,"fights":[{"id":2,"instances":8}]},{"name":"Demonic Gateway","id":52,"guid":59271,"type":"Pet","icon":"custom-icon-trade_engineering","petOwner":20,"fights":[{"id":1,"instances":2}]},{"name":"Gibsillin","id":22,"guid":61820917,"type":"Pet","icon":"custom-icon-spell_fire_firebolt","petOwner":7,"fights":[{"id":1,"instances":1},{"id":2,"instances":1}]},{"name":"Primal Fire Elemental","id":68,"guid":61029,"type":"Pet","icon":"abilities/spell_fire_elemental_totem","petOwner":11,"fights":[{"id":2,"instances":3}]},{"name":"Healing Stream Totem","id":53,"guid":3527,"type":"Pet","icon":"abilities/inv_spear_04","petOwner":11,"fights":[{"id":1,"instances":5}]},{"name":"Capacitor Totem","id":88,"guid":61245,"type":"Pet","icon":"abilities/spell_nature_brilliance","petOwner":11,"fights":[{"id":2,"instances":1}]},{"name":"Katze","id":25,"guid":40717615,"type":"Pet","icon":"custom-icon-ability_warstomp","petOwner":12,"fights":[{"id":1,"instances":1},{"id":2,"instances":1}]},{"name":"Guardian of Azeroth","id":39,"guid":152396,"type":"Pet","icon":"abilities/inv_glowing-azerite-geode","petOwner":15,"fights":[{"id":1,"instances":2}]},{"name":"Healing Tide Totem","id":61,"guid":59764,"type":"Pet","icon":"abilities/ability_shaman_healingtide","petOwner":11,"fights":[{"id":1,"instances":1}]},{"name":"Black Ox Statue","id":54,"guid":61146,"type":"Pet","icon":"abilities/monk_ability_summonoxstatue","petOwner":5,"fights":[{"id":1,"instances":2},{"id":2,"instances":11}]},{"name":"Gondria","id":29,"guid":62988855,"type":"Pet","icon":"custom-icon-ability_warstomp","petOwner":8,"fights":[{"id":1,"instances":1},{"id":2,"instances":1}]},{"name":"Infernal","id":32,"guid":89,"type":"Pet","icon":"abilities/spell_shadow_summoninfernal","petOwner":20,"fights":[{"id":1,"instances":5}]},{"name":"Earthen Wall Totem","id":45,"guid":100943,"type":"Pet","icon":"abilities/spell_nature_stoneskintotem","petOwner":11,"fights":[{"id":1,"instances":2}]}],"enemyPets":[],"phases":[{"boss":2337,"phases":["Stage One: Exterior Carapace","Stage Two: Subcutaneous Tunnel","Stage Three: Locus of Infinite Truths"]},{"boss":2329,"phases":["The Black Emperor","Smoke and Mirrors"]}],"logVersion":16,"gameVersion":1,"title":"Ny'alotha","owner":"Audiophil","start":1602432433995,"end":1602434447555,"zone":24,"exportedCharacters":[{"id":139553,"name":"Alaman","server":"Frostwolf","region":"EU"},{"id":133582,"name":"Arythiar","server":"Frostwolf","region":"EU"},{"id":5556203,"name":"Billebit","server":"Frostwolf","region":"EU"},{"id":51677223,"name":"Bärigerbär","server":"Frostwolf","region":"EU"},{"id":45446079,"name":"Bäshfloorpov","server":"Frostwolf","region":"EU"},{"id":52010049,"name":"Elnookie","server":"Frostwolf","region":"EU"},{"id":34148725,"name":"Exspes","server":"Frostwolf","region":"EU"},{"id":9922390,"name":"Kaibyo","server":"Frostwolf","region":"EU"},{"id":35882314,"name":"Mantifist","server":"Frostwolf","region":"EU"},{"id":24840538,"name":"Markarn","server":"Frostwolf","region":"EU"},{"id":51342528,"name":"Mdmazingz","server":"Frostwolf","region":"EU"},{"id":35025069,"name":"Mentalpunch","server":"Frostwolf","region":"EU"},{"id":133585,"name":"Milun","server":"Frostwolf","region":"EU"},{"id":22924724,"name":"Moireananke","server":"Frostwolf","region":"EU"},{"id":37681534,"name":"Neustart","server":"Frostwolf","region":"EU"},{"id":3512961,"name":"Noxar","server":"Frostwolf","region":"EU"},{"id":52044384,"name":"Railay","server":"Frostwolf","region":"EU"},{"id":37082743,"name":"Tilidean","server":"Frostwolf","region":"EU"},{"id":50837994,"name":"Tàylorswift","server":"Frostwolf","region":"EU"},{"id":24840537,"name":"Ventana","server":"Frostwolf","region":"EU"},{"id":39161474,"name":"Vollkornbrot","server":"Frostwolf","region":"EU"},{"id":26293125,"name":"Wøl","server":"Frostwolf","region":"EU"},{"id":32834614,"name":"Ðraign","server":"Frostwolf","region":"EU"}]}