{"fights":[{"id":1,"start_time":48,"end_time":36899,"boss":0,"name":"Monstrous Behemoth"},{"id":2,"start_time":48232,"end_time":84266,"boss":0,"name":"Maddened Conscript"},{"id":3,"start_time":129329,"end_time":193458,"boss":0,"name":"Prophet Skitra"},{"id":4,"start_time":243651,"end_time":385501,"boss":2334,"name":"Prophet Skitra","size":20,"difficulty":4,"kill":true,"partial":3,"bossPercentage":0,"fightPercentage":0,"lastPhaseForPercentageDisplay":0,"maps":[1581]},{"id":5,"start_time":433009,"end_time":538286,"boss":0,"name":"Monstrous Behemoth"},{"id":6,"start_time":551562,"end_time":608041,"boss":0,"name":"Hepthys"},{"id":7,"start_time":629792,"end_time":704489,"boss":0,"name":"Aqir Shadowcrafter"},{"id":8,"start_time":753196,"end_time":761734,"boss":0,"originalBoss":2327,"name":"Ma'ut"},{"id":9,"start_time":823255,"end_time":939502,"boss":2327,"name":"Maut","size":20,"difficulty":4,"kill":true,"partial":3,"bossPercentage":0,"fightPercentage":0,"lastPhaseForPercentageDisplay":1,"maps":[1581]}],"lang":"de","friendlies":[{"name":"Vozii","id":27,"guid":117845373,"type":"Hunter","server":"Blackhand","icon":"Hunter-BeastMastery","fights":[{"id":1},{"id":2},{"id":3},{"id":4},{"id":5},{"id":6},{"id":7},{"id":8},{"id":9}]},{"name":"Igníus","id":25,"guid":148691221,"type":"Mage","server":"Arthas","icon":"Mage-Fire","fights":[{"id":1},{"id":2},{"id":3},{"id":4},{"id":5},{"id":6},{"id":7},{"id":8},{"id":9}]},{"name":"Glattglatt","id":16,"guid":117853521,"type":"Mage","server":"Blackhand","icon":"Mage-Fire","fights":[{"id":1},{"id":2},{"id":3},{"id":4},{"id":5},{"id":6},{"id":7},{"id":8},{"id":9}]},{"name":"Kissnkill","id":5,"guid":118512205,"type":"DemonHunter","server":"Blackhand","icon":"DemonHunter-Havoc","fights":[{"id":1},{"id":2},{"id":3},{"id":4},{"id":5},{"id":6},{"id":7},{"id":8},{"id":9}]},{"name":"Punîî","id":9,"guid":118402929,"type":"Monk","server":"Blackhand","icon":"Monk-Mistweaver","fights":[{"id":1},{"id":2},{"id":3},{"id":4},{"id":5},{"id":6},{"id":7},{"id":8},{"id":9}]},{"name":"Sénox","id":17,"guid":116714795,"type":"Hunter","server":"Blackhand","icon":"Hunter-BeastMastery","fights":[{"id":1},{"id":2},{"id":3},{"id":4},{"id":5},{"id":6},{"id":7},{"id":8},{"id":9}]},{"name":"Haallii","id":11,"guid":117844053,"type":"Warlock","server":"Blackhand","icon":"Warlock-Demonology","fights":[{"id":1},{"id":2},{"id":3},{"id":4},{"id":5},{"id":6},{"id":7},{"id":8},{"id":9}]},{"name":"Søøkie","id":14,"guid":116837081,"type":"Druid","server":"Blackhand","icon":"Druid-Restoration","fights":[{"id":1},{"id":2},{"id":3},{"id":4},{"id":5},{"id":6},{"id":7},{"id":8},{"id":9}]},{"name":"Doffidh","id":24,"guid":116087160,"type":"DemonHunter","server":"Blackhand","icon":"DemonHunter-Havoc","fights":[{"id":1},{"id":2},{"id":3},{"id":4},{"id":5},{"id":6},{"id":7},{"id":8},{"id":9}]},{"name":"Shipune","id":7,"guid":117091948,"type":"Paladin","server":"Blackhand","icon":"Paladin-Retribution","fights":[{"id":1},{"id":2},{"id":3},{"id":4},{"id":5},{"id":6},{"id":7},{"id":8},{"id":9}]},{"name":"Urshek","id":18,"guid":96003664,"type":"Hunter","server":"Blackhand","icon":"Hunter-Survival","fights":[{"id":1},{"id":2},{"id":3},{"id":4},{"id":5},{"id":6},{"id":7},{"id":8},{"id":9}]},{"name":"Syrøøx","id":20,"guid":117276522,"type":"DemonHunter","server":"Blackhand","icon":"DemonHunter-Vengeance","fights":[{"id":1},{"id":2},{"id":3},{"id":4},{"id":5},{"id":6},{"id":7},{"id":8},{"id":9}]},{"name":"Lockettinho","id":19,"guid":109244115,"type":"Monk","server":"Blackhand","icon":"Monk-Windwalker","fights":[{"id":1},{"id":2},{"id":3},{"id":4},{"id":5},{"id":6},{"id":7},{"id":8},{"id":9}]},{"name":"Feggít","id":1,"guid":116204045,"type":"Druid","server":"Blackhand","icon":"Druid-Balance","fights":[{"id":1},{"id":2},{"id":3},{"id":4},{"id":5},{"id":6},{"id":7},{"id":8},{"id":9}]},{"name":"Peacedh","id":2,"guid":111990978,"type":"DemonHunter","server":"Blackhand","icon":"DemonHunter-Havoc","fights":[{"id":1},{"id":2},{"id":3},{"id":4},{"id":5},{"id":6},{"id":7},{"id":8},{"id":9}]},{"name":"Sunhyun","id":4,"guid":106094552,"type":"Monk","server":"Blackhand","icon":"Monk-Brewmaster","fights":[{"id":1},{"id":2},{"id":3},{"id":4},{"id":5},{"id":6},{"id":7},{"id":8},{"id":9}]},{"name":"Kynomi","id":10,"guid":111685145,"type":"Priest","server":"Blackhand","icon":"Priest-Holy","fights":[{"id":1},{"id":2},{"id":3},{"id":4},{"id":5},{"id":6},{"id":7},{"id":8},{"id":9}]},{"name":"Phrixos","id":22,"guid":110999249,"type":"Warrior","server":"Blackhand","icon":"Warrior-Arms","fights":[{"id":1},{"id":2},{"id":3},{"id":4},{"id":5},{"id":6},{"id":7},{"id":8},{"id":9}]},{"name":"Public","id":15,"guid":115589225,"type":"Mage","server":"Blackhand","icon":"Mage-Fire","fights":[{"id":1},{"id":2},{"id":3},{"id":4},{"id":5},{"id":6},{"id":7},{"id":8},{"id":9}]},{"name":"Lrdmrgl","id":12,"guid":148606598,"type":"Hunter","server":"Nazjatar","icon":"Hunter-BeastMastery","fights":[{"id":1},{"id":2},{"id":3},{"id":4},{"id":5},{"id":6},{"id":7},{"id":8},{"id":9}]}],"enemies":[{"name":"Aqir Scarab","id":74,"guid":159405,"type":"NPC","icon":"NPC","fights":[{"id":7,"instances":32,"groups":1}]},{"name":"Prophet Skitra","id":50,"guid":157238,"type":"Boss","icon":"custom-icon-inv_misc_shadowegg","fights":[{"id":3,"instances":1},{"id":4,"instances":1}]},{"name":"Aqir Shadowcrafter","id":73,"guid":161416,"type":"NPC","icon":"custom-icon-inv_icon_shadowcouncilorb_purple","fights":[{"id":7,"instances":4,"groups":1}]},{"name":"Anubisath Sentinel","id":46,"guid":161571,"type":"NPC","icon":"custom-icon-ability_warrior_savageblow","fights":[{"id":3,"instances":1}]},{"name":"Chittering Waspling","id":68,"guid":161837,"type":"NPC","icon":"NPC","fights":[{"id":5,"instances":1}]},{"name":"Anubisath Sentinel","id":44,"guid":162417,"type":"NPC","icon":"custom-icon-spell_nature_thorns","fights":[{"id":3,"instances":1}]},{"name":"Hepthys","id":66,"guid":161745,"type":"NPC","icon":"custom-icon-inv_weapon_hand_08","fights":[{"id":6,"instances":1}]},{"name":"Image of Absolution","id":63,"guid":160904,"type":"NPC","icon":"custom-icon-inv_enchant_dustillusion","fights":[{"id":4,"instances":21,"groups":2}]},{"name":"Maddened Conscript","id":8,"guid":159305,"type":"NPC","icon":"custom-icon-ability_racial_bloodrage","fights":[{"id":1,"instances":1,"groups":1},{"id":2,"instances":3,"groups":1},{"id":5,"instances":2,"groups":1}]},{"name":"Shath'Yar Scribe","id":40,"guid":163690,"type":"NPC","icon":"custom-icon-inv_enchant_voidsphere","fights":[{"id":2,"instances":3,"groups":1},{"id":5,"instances":2,"groups":2}]},{"name":"Anubisath Sentinel","id":45,"guid":162534,"type":"NPC","icon":"custom-icon-ability_warrior_trauma","fights":[{"id":3,"instances":1}]},{"name":"Ossirat","id":67,"guid":161746,"type":"NPC","icon":"custom-icon-inv_misc_archstone_01","fights":[{"id":6,"instances":1}]},{"name":"Void Initiate","id":38,"guid":160182,"type":"NPC","icon":"custom-icon-ability_ironmaidens_convulsiveshadows","fights":[{"id":2,"instances":2,"groups":1},{"id":5,"instances":26,"groups":2}]},{"name":"Occult Shadowmender","id":3,"guid":159425,"type":"NPC","icon":"custom-icon-spell_shadow_painspike","fights":[{"id":1,"instances":1,"groups":1},{"id":2,"instances":3,"groups":1}]},{"name":"Monstrous Behemoth","id":6,"guid":159303,"type":"NPC","icon":"custom-icon-ability_warlock_everlastingaffliction","fights":[{"id":1,"instances":1,"groups":1},{"id":5,"instances":2,"groups":1}]},{"name":"Onyx Scarab","id":72,"guid":161834,"type":"NPC","icon":"NPC","fights":[{"id":6,"instances":4,"groups":2}]},{"name":"Umbral Seer","id":69,"guid":159219,"type":"NPC","icon":"custom-icon-spell_shadow_painspike","fights":[{"id":5,"instances":1}]},{"name":"Void Fanatic","id":41,"guid":160183,"type":"NPC","icon":"NPC","fights":[{"id":2,"instances":1,"groups":1},{"id":5,"instances":3,"groups":1}]},{"name":"Shredded Psyche","id":61,"guid":158781,"type":"NPC","icon":"custom-icon-spell_shadow_painandsuffering","fights":[{"id":4,"instances":3}]},{"name":"Dark Manifestation","id":77,"guid":156650,"type":"NPC","icon":"NPC","fights":[{"id":9,"instances":3,"groups":1}]},{"name":"Anubisath Sentinel","id":47,"guid":162508,"type":"NPC","icon":"custom-icon-ability_xavius_tormentingdetonation","fights":[{"id":3,"instances":1}]},{"name":"Prophet Skitra","id":62,"guid":157620,"type":"NPC","icon":"NPC","fights":[{"id":4,"instances":1,"groups":2}]},{"name":"Maut","id":76,"guid":156523,"type":"Boss","icon":"custom-icon-inv_artifact_powerofthedarkside","fights":[{"id":8,"instances":1},{"id":9,"instances":1}]}],"friendlyPets":[{"name":"Demonic Tyrant","id":43,"guid":135002,"type":"Pet","icon":"abilities/inv_summondemonictyrant","petOwner":11,"fights":[{"id":2,"instances":1},{"id":4,"instances":2},{"id":6,"instances":1},{"id":7,"instances":1},{"id":9,"instances":2}]},{"name":"Guardian of Azeroth","id":54,"guid":152396,"type":"Pet","icon":"abilities/inv_glowing-azerite-geode","petOwner":2,"fights":[{"id":4,"instances":1},{"id":9,"instances":1}]},{"name":"Dreadstalker","id":21,"guid":98035,"type":"Pet","icon":"abilities/spell_warlock_calldreadstalkers","petOwner":11,"fights":[{"id":1,"instances":4},{"id":2,"instances":4},{"id":3,"instances":4},{"id":4,"instances":14},{"id":5,"instances":8},{"id":6,"instances":4},{"id":7,"instances":6},{"id":9,"instances":10}]},{"name":"Demonic Gateway","id":71,"guid":59271,"type":"Pet","icon":"custom-icon-trade_engineering","petOwner":11,"fights":[{"id":5,"instances":1}]},{"name":"Jade Serpent Statue","id":48,"guid":60849,"type":"Pet","icon":"abilities/ability_monk_summonserpentstatue","petOwner":9,"fights":[{"id":3,"instances":1},{"id":4,"instances":1},{"id":7,"instances":1},{"id":9,"instances":1}]},{"name":"Twisted Appendage","id":39,"guid":162764,"type":"Pet","icon":"abilities/achievement_boss_yoggsaron_01","petOwner":4,"fights":[{"id":2,"instances":1},{"id":3,"instances":2},{"id":5,"instances":1},{"id":6,"instances":1},{"id":7,"instances":2},{"id":9,"instances":2}]},{"name":"ThooAshak","id":13,"guid":35901478,"type":"Pet","icon":"abilities/spell_shadow_summonfelguard","petOwner":11,"fights":[{"id":1,"instances":1},{"id":2,"instances":1},{"id":3,"instances":1},{"id":4,"instances":1},{"id":5,"instances":1},{"id":6,"instances":1},{"id":7,"instances":1},{"id":8,"instances":1},{"id":9,"instances":1}]},{"name":"Haallii","id":28,"guid":35901887,"type":"Pet","icon":"abilities/ability_hunter_beastcall","petOwner":27,"fights":[{"id":1,"instances":1},{"id":2,"instances":1},{"id":3,"instances":1},{"id":4,"instances":1},{"id":5,"instances":1},{"id":6,"instances":1},{"id":7,"instances":1},{"id":8,"instances":1},{"id":9,"instances":1}]},{"name":"Earth Spirit","id":56,"guid":69792,"type":"Pet","icon":"abilities/inv_elemental_primal_earth","petOwner":19,"fights":[{"id":4,"instances":3},{"id":9,"instances":2}]},{"name":"Guardian of Azeroth","id":53,"guid":152396,"type":"Pet","icon":"abilities/inv_glowing-azerite-geode","petOwner":18,"fights":[{"id":4,"instances":1},{"id":6,"instances":1},{"id":9,"instances":1}]},{"name":"Xuen","id":36,"guid":63508,"type":"Pet","icon":"abilities/ability_monk_prideofthetiger","petOwner":19,"fights":[{"id":1,"instances":1},{"id":4,"instances":2},{"id":7,"instances":1},{"id":9,"instances":1}]},{"name":"Wild Imp","id":23,"guid":55659,"type":"Pet","icon":"abilities/ability_warlock_impoweredimp","petOwner":11,"fights":[{"id":1,"instances":30},{"id":2,"instances":44},{"id":3,"instances":30},{"id":4,"instances":123},{"id":5,"instances":63},{"id":6,"instances":48},{"id":7,"instances":51},{"id":9,"instances":106}]},{"name":"Black Ox Statue","id":70,"guid":61146,"type":"Pet","icon":"abilities/monk_ability_summonoxstatue","petOwner":4,"fights":[{"id":5,"instances":1},{"id":7,"instances":2}]},{"name":"Twisted Appendage","id":30,"guid":162764,"type":"Pet","icon":"abilities/achievement_boss_yoggsaron_01","petOwner":19,"fights":[{"id":1,"instances":1},{"id":3,"instances":1},{"id":4,"instances":3},{"id":5,"instances":5},{"id":7,"instances":2},{"id":9,"instances":2}]},{"name":"Hati","id":33,"guid":35764699,"type":"Pet","icon":"custom-icon-ability_hunter_sickem","petOwner":17,"fights":[{"id":1,"instances":1},{"id":2,"instances":1},{"id":3,"instances":1},{"id":4,"instances":1},{"id":5,"instances":1},{"id":6,"instances":1},{"id":7,"instances":1},{"id":8,"instances":1},{"id":9,"instances":1}]},{"name":"Gib der Bananenhorter","id":29,"guid":35901876,"type":"Pet","icon":"custom-icon-ability_hunter_sickem","petOwner":27,"fights":[{"id":1,"instances":1},{"id":2,"instances":1},{"id":3,"instances":1},{"id":4,"instances":1},{"id":5,"instances":1},{"id":6,"instances":1},{"id":7,"instances":1},{"id":8,"instances":1},{"id":9,"instances":1}]},{"name":"Fire Spirit","id":58,"guid":69791,"type":"Pet","icon":"abilities/inv_summerfest_firespirit","petOwner":19,"fights":[{"id":4,"instances":3},{"id":9,"instances":2}]},{"name":"Guardian of Azeroth","id":59,"guid":152396,"type":"Pet","icon":"abilities/inv_glowing-azerite-geode","petOwner":24,"fights":[{"id":4,"instances":1},{"id":6,"instances":1},{"id":9,"instances":1}]},{"name":"Hati","id":32,"guid":35764695,"type":"Pet","icon":"abilities/ability_hunter_beastcall","petOwner":17,"fights":[{"id":1,"instances":1},{"id":2,"instances":1},{"id":3,"instances":1},{"id":4,"instances":1},{"id":5,"instances":1},{"id":6,"instances":1},{"id":7,"instances":1},{"id":8,"instances":1},{"id":9,"instances":1}]},{"name":"CHAGGERS","id":31,"guid":35452922,"type":"Pet","icon":"abilities/ability_hunter_beastcall","petOwner":18,"fights":[{"id":1,"instances":1},{"id":2,"instances":1},{"id":3,"instances":1},{"id":4,"instances":1},{"id":5,"instances":1},{"id":6,"instances":1},{"id":7,"instances":1},{"id":8,"instances":1},{"id":9,"instances":1}]},{"name":"Efflorescence","id":42,"guid":47649,"type":"Pet","icon":"abilities/inv_misc_herb_talandrasrose","petOwner":14,"fights":[{"id":2,"instances":1},{"id":3,"instances":1},{"id":4,"instances":6},{"id":5,"instances":2},{"id":6,"instances":1},{"id":7,"instances":1},{"id":9,"instances":2}]}],"enemyPets":[],"phases":[{"boss":2327,"phases":["Obsidian Destroyer","Obsidian Statue"]}],"logVersion":16,"gameVersion":1,"title":"aa","owner":"poppi123","start":1591032918232,"end":1591033893062,"zone":24,"exportedCharacters":[{"id":43337880,"name":"Doffidh","server":"Blackhand","region":"EU"},{"id":43514367,"name":"Feggít","server":"Blackhand","region":"EU"},{"id":48581704,"name":"Glattglatt","server":"Blackhand","region":"EU"},{"id":47201525,"name":"Haallii","server":"Blackhand","region":"EU"},{"id":48647230,"name":"Igníus","server":"Arthas","region":"EU"},{"id":48647232,"name":"Kissnkill","server":"Blackhand","region":"EU"},{"id":39307269,"name":"Kynomi","server":"Blackhand","region":"EU"},{"id":36594854,"name":"Lockettinho","server":"Blackhand","region":"EU"},{"id":48583201,"name":"Lrdmrgl","server":"Nazjatar","region":"EU"},{"id":30656703,"name":"Peacedh","server":"Blackhand","region":"EU"},{"id":38483519,"name":"Phrixos","server":"Blackhand","region":"EU"},{"id":42772092,"name":"Public","server":"Blackhand","region":"EU"},{"id":48647218,"name":"Punîî","server":"Blackhand","region":"EU"},{"id":46894425,"name":"Shipune","server":"Blackhand","region":"EU"},{"id":42701654,"name":"Sunhyun","server":"Blackhand","region":"EU"},{"id":48067089,"name":"Syrøøx","server":"Blackhand","region":"EU"},{"id":45890141,"name":"Sénox","server":"Blackhand","region":"EU"},{"id":44987230,"name":"Søøkie","server":"Blackhand","region":"EU"},{"id":15868741,"name":"Urshek","server":"Blackhand","region":"EU"},{"id":47172337,"name":"Vozii","server":"Blackhand","region":"EU"}]}