{"fights":[{"id":1,"start_time":1293154,"end_time":1409046,"boss":2329,"name":"Wrathion","size":29,"difficulty":4,"kill":true,"partial":3,"bossPercentage":0,"fightPercentage":0,"lastPhaseForPercentageDisplay":1,"maps":[1580]},{"id":2,"start_time":1438933,"end_time":1533621,"boss":0,"name":"Anubisath Sentinel"},{"id":3,"start_time":1564012,"end_time":1611902,"boss":0,"name":"Anubisath Sentinel"},{"id":4,"start_time":1670270,"end_time":1820316,"boss":2334,"name":"Prophet Skitra","size":29,"difficulty":4,"kill":true,"partial":3,"bossPercentage":0,"fightPercentage":0,"lastPhaseForPercentageDisplay":0,"maps":[1581]},{"id":5,"start_time":1866200,"end_time":1903728,"boss":0,"name":"Umbral Seer"},{"id":6,"start_time":1914142,"end_time":1937799,"boss":0,"name":"Monstrous Behemoth"},{"id":7,"start_time":1950480,"end_time":1997020,"boss":0,"name":"Hepthys"},{"id":8,"start_time":2021541,"end_time":2088010,"boss":0,"name":"Aqir Shadowcrafter"},{"id":9,"start_time":2099650,"end_time":2113003,"boss":0,"originalBoss":2327,"name":"Maut"},{"id":10,"start_time":2228079,"end_time":2336200,"boss":2327,"name":"Maut","size":29,"difficulty":4,"kill":true,"partial":3,"bossPercentage":0,"fightPercentage":0,"lastPhaseForPercentageDisplay":1,"maps":[1581]},{"id":11,"start_time":2404919,"end_time":2473555,"boss":0,"name":"Gryth'ax the Executioner"},{"id":12,"start_time":2503450,"end_time":2557994,"boss":0,"name":"Umbral Gatekeeper"},{"id":13,"start_time":2570332,"end_time":2690975,"boss":0,"name":"Jesh'ra"},{"id":14,"start_time":2704042,"end_time":2808278,"boss":0,"name":"Aqir Swarmkeeper"},{"id":15,"start_time":2811745,"end_time":2815761,"boss":0,"originalBoss":2328,"name":"Dark Inquisitor Xanesh"},{"id":16,"start_time":2853964,"end_time":2859871,"boss":0,"originalBoss":2328,"name":"Dark Inquisitor Xanesh"},{"id":17,"start_time":2971992,"end_time":3165218,"boss":2328,"name":"Dark Inquisitor Xanesh","size":29,"difficulty":4,"kill":true,"partial":3,"bossPercentage":0,"fightPercentage":0,"lastPhaseForPercentageDisplay":0,"maps":[1592]},{"id":18,"start_time":3168780,"end_time":3168822,"boss":0,"name":"Queen Azshara"},{"id":19,"start_time":3221407,"end_time":3300915,"boss":0,"name":"Vexiona"},{"id":20,"start_time":3308442,"end_time":3323090,"boss":0,"originalBoss":2336,"name":"Vexiona"},{"id":21,"start_time":3406078,"end_time":3642249,"boss":2336,"name":"Vexiona","size":29,"difficulty":4,"kill":true,"partial":3,"bossPercentage":0,"fightPercentage":0,"lastPhaseForPercentageDisplay":1,"maps":[1593]},{"id":22,"start_time":3683581,"end_time":3787401,"boss":0,"name":"Deresh of the Nothingness"},{"id":23,"start_time":3798859,"end_time":3823890,"boss":0,"name":"Aqir Crusher"},{"id":24,"start_time":3849191,"end_time":3855783,"boss":0,"originalBoss":2333,"name":"The Hivemind"},{"id":25,"start_time":3950937,"end_time":4106687,"boss":2333,"name":"The Hivemind","size":29,"difficulty":4,"kill":true,"partial":3,"bossPercentage":0,"fightPercentage":0,"lastPhaseForPercentageDisplay":0,"maps":[1590]},{"id":26,"start_time":4121765,"end_time":4122799,"boss":0,"name":"Engorged Maggot"},{"id":27,"start_time":4147815,"end_time":4293497,"boss":0,"name":"Abyssal Watcher"},{"id":28,"start_time":4298781,"end_time":4308526,"boss":0,"originalBoss":2331,"name":"Ra-den the Despoiled"},{"id":29,"start_time":4455124,"end_time":4677839,"boss":2331,"name":"Ra-den the Despoiled","size":29,"difficulty":4,"kill":true,"partial":3,"bossPercentage":0,"fightPercentage":0,"lastPhaseForPercentageDisplay":2,"maps":[1591]},{"id":30,"start_time":4681656,"end_time":4681656,"boss":0,"name":"Unknown"},{"id":31,"start_time":4749988,"end_time":4923317,"boss":0,"name":"Drest'agath"},{"id":32,"start_time":5011411,"end_time":5255210,"boss":2343,"name":"Drest'agath","size":29,"difficulty":4,"kill":true,"partial":3,"bossPercentage":0,"fightPercentage":0,"lastPhaseForPercentageDisplay":0,"maps":[1595]},{"id":33,"start_time":5283818,"end_time":5400528,"boss":0,"name":"Eye of the Depths"},{"id":34,"start_time":5458010,"end_time":5621271,"boss":2335,"name":"Shad'har the Insatiable","size":29,"difficulty":4,"kill":true,"partial":3,"bossPercentage":0,"fightPercentage":0,"lastPhaseForPercentageDisplay":3,"maps":[1594]},{"id":35,"start_time":5642728,"end_time":5727936,"boss":0,"name":"Corrosive Digester"},{"id":36,"start_time":5807308,"end_time":6055878,"boss":2345,"name":"Il'gynoth, Corruption Reborn","size":29,"difficulty":4,"kill":true,"partial":3,"bossPercentage":65,"fightPercentage":65,"lastPhaseForPercentageDisplay":0,"maps":[1596]},{"id":37,"start_time":6059205,"end_time":6059205,"boss":0,"name":"Unknown"},{"id":38,"start_time":6075452,"end_time":6238318,"boss":0,"name":"Monstrous Behemoth"},{"id":39,"start_time":6283122,"end_time":6335678,"boss":0,"name":"Amalgamation of Flesh"},{"id":40,"start_time":6346980,"end_time":6397532,"boss":0,"name":"Amalgamation of Flesh"},{"id":41,"start_time":6494599,"end_time":6861842,"boss":2337,"name":"Carapace of N'Zoth","size":29,"difficulty":4,"kill":true,"partial":3,"bossPercentage":0,"fightPercentage":0,"lastPhaseForPercentageDisplay":3,"maps":[1597]},{"id":42,"start_time":6989124,"end_time":7467450,"boss":2344,"name":"N'Zoth the Corruptor","size":29,"difficulty":4,"kill":true,"partial":3,"bossPercentage":164,"fightPercentage":164,"lastPhaseForPercentageDisplay":2,"maps":[1597]},{"id":43,"start_time":7470568,"end_time":7471458,"boss":0,"name":"N'Zoth the Corruptor"}],"completeRaids":[{"id":10000,"start_time":1293154,"end_time":7467450,"boss":2346,"name":"Ny'alotha","size":29,"difficulty":4,"kill":true,"partial":3,"speedClear":true}],"lang":"en","friendlies":[{"name":"Xyani","id":7,"guid":180233817,"type":"Monk","server":"Aegwynn","icon":"Monk-Mistweaver","fights":[{"id":1},{"id":2},{"id":3},{"id":4},{"id":5},{"id":6},{"id":7},{"id":8},{"id":9},{"id":10},{"id":11},{"id":12},{"id":13},{"id":14},{"id":15},{"id":16},{"id":17},{"id":18},{"id":19},{"id":20},{"id":21},{"id":22},{"id":23},{"id":24},{"id":25},{"id":26},{"id":27},{"id":28},{"id":29},{"id":30},{"id":31},{"id":32},{"id":33},{"id":34},{"id":35},{"id":36},{"id":37},{"id":38},{"id":39},{"id":40},{"id":41},{"id":42},{"id":43}]},{"name":"Shanaiya","id":6,"guid":163513291,"type":"Druid","server":"Silvermoon","icon":"Druid-Balance","fights":[{"id":1},{"id":2},{"id":3},{"id":4},{"id":5},{"id":6},{"id":7},{"id":8},{"id":9},{"id":10},{"id":11},{"id":12},{"id":13},{"id":14},{"id":15},{"id":16},{"id":17},{"id":18},{"id":19},{"id":20},{"id":21},{"id":22},{"id":23},{"id":24},{"id":25},{"id":26},{"id":27},{"id":28},{"id":29},{"id":30},{"id":31},{"id":32},{"id":33},{"id":34},{"id":35},{"id":36},{"id":37},{"id":38},{"id":39},{"id":40},{"id":41},{"id":42},{"id":43}]},{"name":"Thing From Beyond","id":48,"guid":161895,"type":"Pet","icon":"custom-icon-ability_deathwing_assualtaspects","fights":[{"id":17,"instances":36},{"id":22,"instances":6},{"id":25,"instances":19}]},{"name":"Relikon","id":28,"guid":109766661,"type":"Monk","server":"Silvermoon","icon":"Monk-Mistweaver","fights":[{"id":1},{"id":2},{"id":3},{"id":4},{"id":5},{"id":6},{"id":7},{"id":8},{"id":9},{"id":10},{"id":11},{"id":12},{"id":13},{"id":14},{"id":15},{"id":16},{"id":17},{"id":19},{"id":20},{"id":21},{"id":22},{"id":23},{"id":24},{"id":25},{"id":27},{"id":28},{"id":29},{"id":31},{"id":32},{"id":33},{"id":34},{"id":35},{"id":36},{"id":37},{"id":38},{"id":39},{"id":40},{"id":41},{"id":42},{"id":43}]},{"name":"Isildron","id":8,"guid":145382997,"type":"DemonHunter","server":"Silvermoon","icon":"DemonHunter-Havoc","fights":[{"id":1},{"id":2},{"id":3},{"id":4},{"id":5},{"id":6},{"id":7},{"id":8},{"id":9},{"id":10},{"id":11},{"id":12},{"id":13},{"id":14},{"id":15},{"id":16},{"id":17},{"id":18},{"id":19},{"id":20},{"id":21},{"id":22},{"id":23},{"id":24},{"id":25},{"id":26},{"id":27},{"id":28},{"id":29},{"id":30},{"id":31},{"id":32},{"id":33},{"id":34},{"id":35},{"id":36},{"id":38},{"id":39},{"id":41},{"id":42},{"id":43}]},{"name":"Joeragon","id":14,"guid":117845433,"type":"Hunter","server":"Ravencrest","icon":"Hunter-Marksmanship","fights":[{"id":1},{"id":2},{"id":3},{"id":4},{"id":5},{"id":6},{"id":7},{"id":8},{"id":9},{"id":10},{"id":11},{"id":12},{"id":13},{"id":14},{"id":15},{"id":16},{"id":17},{"id":18},{"id":19},{"id":20},{"id":21},{"id":22},{"id":23},{"id":24},{"id":25},{"id":27},{"id":28},{"id":29},{"id":30},{"id":31},{"id":32},{"id":33},{"id":34},{"id":35},{"id":36},{"id":37},{"id":38},{"id":39},{"id":40},{"id":41},{"id":42},{"id":43}]},{"name":"Valrenia","id":20,"guid":139395998,"type":"DemonHunter","server":"Stormrage","icon":"DemonHunter-Havoc","fights":[{"id":1},{"id":2},{"id":3},{"id":4},{"id":5},{"id":6},{"id":7},{"id":8},{"id":9},{"id":10},{"id":11},{"id":12},{"id":13},{"id":14},{"id":15},{"id":16},{"id":17},{"id":18},{"id":19},{"id":20},{"id":21},{"id":22},{"id":23},{"id":24},{"id":25},{"id":26},{"id":27},{"id":28},{"id":29},{"id":30},{"id":31},{"id":32},{"id":33},{"id":34},{"id":35},{"id":36},{"id":37},{"id":38},{"id":39},{"id":40},{"id":41},{"id":42},{"id":43}]},{"name":"Brayclap","id":31,"guid":187140016,"type":"Warrior","server":"Silvermoon","icon":"Warrior-Arms","fights":[{"id":1},{"id":2},{"id":3},{"id":4},{"id":5},{"id":6},{"id":7},{"id":8},{"id":9},{"id":10},{"id":11},{"id":12},{"id":13},{"id":14},{"id":15},{"id":16},{"id":17},{"id":18},{"id":19},{"id":20},{"id":21},{"id":22},{"id":23},{"id":24},{"id":25},{"id":27},{"id":28},{"id":29},{"id":31},{"id":32},{"id":33},{"id":34},{"id":35},{"id":36},{"id":37},{"id":38},{"id":39},{"id":40},{"id":41},{"id":42},{"id":43}]},{"name":"Lilithexe","id":18,"guid":115833857,"type":"DemonHunter","server":"Ravencrest","icon":"DemonHunter-Havoc","fights":[{"id":1},{"id":2},{"id":3},{"id":4},{"id":5},{"id":6},{"id":7},{"id":8},{"id":9},{"id":10},{"id":11},{"id":12},{"id":13},{"id":14},{"id":15},{"id":16},{"id":17},{"id":18},{"id":19},{"id":20},{"id":21},{"id":22},{"id":23},{"id":24},{"id":25},{"id":26},{"id":27},{"id":28},{"id":29},{"id":30},{"id":31},{"id":32},{"id":33},{"id":34},{"id":35},{"id":36},{"id":38},{"id":39},{"id":40},{"id":41},{"id":42},{"id":43}]},{"name":"Kaìrí","id":13,"guid":148335441,"type":"DemonHunter","server":"Blackmoore","icon":"DemonHunter-Havoc","fights":[{"id":1},{"id":2},{"id":3},{"id":4},{"id":5},{"id":6},{"id":7},{"id":8},{"id":9},{"id":10},{"id":11},{"id":12},{"id":13},{"id":14},{"id":15},{"id":16},{"id":17},{"id":18},{"id":19},{"id":20},{"id":21},{"id":22},{"id":23},{"id":24},{"id":25},{"id":26},{"id":27},{"id":28},{"id":29},{"id":31},{"id":32},{"id":33},{"id":34},{"id":35},{"id":36},{"id":37},{"id":38},{"id":39},{"id":41},{"id":42}]},{"name":"Antiks","id":23,"guid":100325672,"type":"DemonHunter","server":"Ravencrest","icon":"DemonHunter-Havoc","fights":[{"id":1},{"id":2},{"id":3},{"id":4},{"id":5},{"id":6},{"id":7},{"id":8},{"id":9},{"id":10},{"id":11},{"id":12},{"id":13},{"id":14},{"id":15},{"id":16},{"id":17},{"id":19},{"id":20},{"id":21},{"id":22},{"id":23},{"id":24},{"id":25},{"id":27},{"id":28},{"id":29},{"id":31},{"id":32},{"id":33},{"id":34},{"id":35},{"id":36},{"id":37},{"id":38},{"id":40},{"id":41},{"id":42}]},{"name":"Spiderbreen","id":10,"guid":92111524,"type":"Hunter","server":"EmeraldDream","icon":"Hunter-BeastMastery","fights":[{"id":1},{"id":2},{"id":3},{"id":4},{"id":5},{"id":6},{"id":7},{"id":8},{"id":9},{"id":10},{"id":11},{"id":12},{"id":13},{"id":14},{"id":15},{"id":16},{"id":17},{"id":18},{"id":19},{"id":20},{"id":21},{"id":22},{"id":23},{"id":24},{"id":25},{"id":27},{"id":28},{"id":29},{"id":31},{"id":32},{"id":33},{"id":34},{"id":35},{"id":36},{"id":38},{"id":39},{"id":40},{"id":41},{"id":42},{"id":43}]},{"name":"Ssendnoots","id":9,"guid":178128652,"type":"Paladin","server":"Silvermoon","icon":"Paladin-Retribution","fights":[{"id":1},{"id":2},{"id":3},{"id":4},{"id":5},{"id":6},{"id":7},{"id":8},{"id":9},{"id":10},{"id":11},{"id":12},{"id":13},{"id":14},{"id":15},{"id":16},{"id":17},{"id":18},{"id":19},{"id":20},{"id":21},{"id":22},{"id":23},{"id":24},{"id":25},{"id":27},{"id":28},{"id":29},{"id":30},{"id":31},{"id":32},{"id":33},{"id":34},{"id":35},{"id":36},{"id":37},{"id":38},{"id":39},{"id":41},{"id":42},{"id":43}]},{"name":"Sillicious","id":33,"guid":117932998,"type":"Warlock","server":"Auchindoun","icon":"Warlock-Destruction","fights":[{"id":1},{"id":2},{"id":3},{"id":4},{"id":5},{"id":6},{"id":7},{"id":9},{"id":10},{"id":11},{"id":12},{"id":13},{"id":14},{"id":15},{"id":16},{"id":17},{"id":18},{"id":19},{"id":20},{"id":21},{"id":22},{"id":23},{"id":24},{"id":25},{"id":26},{"id":27},{"id":28},{"id":29},{"id":31},{"id":32},{"id":33},{"id":34},{"id":35},{"id":36},{"id":38},{"id":40},{"id":41},{"id":42}]},{"name":"Kentobi","id":26,"guid":199520111,"type":"Warrior","server":"Auchindoun","icon":"Warrior-Protection","fights":[{"id":1},{"id":2},{"id":3},{"id":4},{"id":5},{"id":6},{"id":7},{"id":8},{"id":9},{"id":10},{"id":11},{"id":12},{"id":13},{"id":14},{"id":15},{"id":16},{"id":17},{"id":18},{"id":19},{"id":20},{"id":21},{"id":22},{"id":23},{"id":24},{"id":25},{"id":27},{"id":28},{"id":29},{"id":31},{"id":32},{"id":33},{"id":34},{"id":35},{"id":36},{"id":37},{"id":38},{"id":41},{"id":42}]},{"name":"Raynx","id":2,"guid":178322619,"type":"Druid","server":"Aegwynn","icon":"Druid-Balance","fights":[{"id":1},{"id":2},{"id":3},{"id":4},{"id":5},{"id":6},{"id":7},{"id":8},{"id":9},{"id":10},{"id":11},{"id":12},{"id":13},{"id":14},{"id":15},{"id":16},{"id":17},{"id":18},{"id":19},{"id":20},{"id":21},{"id":22},{"id":23},{"id":24},{"id":25},{"id":26},{"id":27},{"id":28},{"id":29},{"id":30},{"id":31},{"id":32},{"id":33},{"id":34},{"id":35},{"id":36},{"id":37},{"id":38},{"id":39},{"id":40},{"id":41},{"id":42},{"id":43}]},{"name":"Tysunfury","id":12,"guid":178915492,"type":"Warrior","server":"Silvermoon","icon":"Warrior-Fury","fights":[{"id":1},{"id":2},{"id":3},{"id":4},{"id":5},{"id":6},{"id":7},{"id":8},{"id":9},{"id":10},{"id":11},{"id":12},{"id":13},{"id":14},{"id":15},{"id":16},{"id":17},{"id":18},{"id":19},{"id":20},{"id":21},{"id":22},{"id":23},{"id":24},{"id":25},{"id":27},{"id":28},{"id":29},{"id":30},{"id":31},{"id":32},{"id":33},{"id":34},{"id":35},{"id":36},{"id":37},{"id":38},{"id":39},{"id":40},{"id":41},{"id":42},{"id":43}]},{"name":"Scrubx","id":29,"guid":159104087,"type":"Warrior","server":"Aszune","icon":"Warrior-Fury","fights":[{"id":1},{"id":2},{"id":3},{"id":4},{"id":5},{"id":6},{"id":7},{"id":8},{"id":9},{"id":10},{"id":11},{"id":12},{"id":13},{"id":14},{"id":15},{"id":16},{"id":17},{"id":18},{"id":19},{"id":20},{"id":21},{"id":22},{"id":23},{"id":24},{"id":25},{"id":27},{"id":28},{"id":29},{"id":31},{"id":32},{"id":33},{"id":34},{"id":35},{"id":36},{"id":37},{"id":38},{"id":39},{"id":40},{"id":41},{"id":42},{"id":43}]},{"name":"Nildran","id":16,"guid":105464333,"type":"DemonHunter","server":"Doomhammer","icon":"DemonHunter-Havoc","fights":[{"id":1},{"id":2},{"id":3},{"id":4},{"id":5},{"id":6},{"id":7},{"id":8},{"id":9},{"id":10},{"id":11},{"id":12},{"id":13},{"id":14},{"id":15},{"id":16},{"id":17},{"id":18},{"id":19},{"id":20},{"id":21},{"id":22},{"id":23},{"id":24},{"id":25},{"id":27},{"id":28},{"id":29},{"id":30},{"id":31},{"id":32},{"id":33},{"id":34},{"id":35},{"id":36},{"id":37},{"id":38},{"id":39},{"id":40},{"id":41},{"id":42},{"id":43}]},{"name":"Caliptra","id":5,"guid":116549070,"type":"Warlock","server":"Ravencrest","icon":"Warlock-Destruction","fights":[{"id":1},{"id":2},{"id":3},{"id":4},{"id":5},{"id":6},{"id":7},{"id":8},{"id":9},{"id":10},{"id":11},{"id":12},{"id":13},{"id":14},{"id":15},{"id":16},{"id":17},{"id":18},{"id":19},{"id":20},{"id":21},{"id":22},{"id":23},{"id":24},{"id":25},{"id":26},{"id":27},{"id":28},{"id":29},{"id":30},{"id":31},{"id":32},{"id":33},{"id":34},{"id":35},{"id":36},{"id":37},{"id":38},{"id":39},{"id":40},{"id":41},{"id":42},{"id":43}]},{"name":"Ásilia","id":19,"guid":103822027,"type":"DemonHunter","server":"Ravencrest","icon":"DemonHunter-Havoc","fights":[{"id":1},{"id":2},{"id":3},{"id":4},{"id":5},{"id":6},{"id":7},{"id":8},{"id":9},{"id":10},{"id":11},{"id":12},{"id":13},{"id":14},{"id":15},{"id":16},{"id":17},{"id":18},{"id":19},{"id":20},{"id":21},{"id":22},{"id":23},{"id":24},{"id":25},{"id":27},{"id":28},{"id":29},{"id":30},{"id":31},{"id":32},{"id":33},{"id":34},{"id":35},{"id":36},{"id":38},{"id":39},{"id":40},{"id":41},{"id":42},{"id":43}]},{"name":"Snijder","id":11,"guid":170661524,"type":"Rogue","server":"Aegwynn","icon":"Rogue-Assassination","fights":[{"id":1},{"id":2},{"id":3},{"id":4},{"id":5},{"id":6},{"id":7},{"id":8},{"id":9},{"id":10},{"id":11},{"id":12},{"id":13},{"id":14},{"id":15},{"id":16},{"id":17},{"id":18},{"id":19},{"id":20},{"id":21},{"id":22},{"id":23},{"id":24},{"id":25},{"id":26},{"id":27},{"id":28},{"id":29},{"id":30},{"id":31},{"id":32},{"id":33},{"id":34},{"id":35},{"id":36},{"id":37},{"id":38},{"id":39},{"id":40},{"id":41},{"id":42},{"id":43}]},{"name":"Hidemodr","id":32,"guid":186030804,"type":"Rogue","server":"Outland","icon":"Rogue-Outlaw","fights":[{"id":1},{"id":2},{"id":3},{"id":4},{"id":5},{"id":6},{"id":7},{"id":8},{"id":9},{"id":10},{"id":11},{"id":12},{"id":13},{"id":14},{"id":15},{"id":16},{"id":17},{"id":18},{"id":19},{"id":20},{"id":21},{"id":22},{"id":23},{"id":24},{"id":25},{"id":27},{"id":28},{"id":29},{"id":31},{"id":32},{"id":33},{"id":34},{"id":35},{"id":36},{"id":38},{"id":39},{"id":41},{"id":42}]},{"name":"Anvarne","id":1,"guid":164450265,"type":"Druid","server":"Silvermoon","icon":"Druid-Guardian","fights":[{"id":1},{"id":2},{"id":3},{"id":4},{"id":5},{"id":6},{"id":7},{"id":8},{"id":9},{"id":10},{"id":11},{"id":12},{"id":13},{"id":14},{"id":15},{"id":16},{"id":17},{"id":18},{"id":19},{"id":20},{"id":21},{"id":22},{"id":23},{"id":24},{"id":25},{"id":26},{"id":27},{"id":28},{"id":29},{"id":30},{"id":31},{"id":32},{"id":33},{"id":34},{"id":35},{"id":36},{"id":37},{"id":38},{"id":39},{"id":40},{"id":41},{"id":42},{"id":43}]},{"name":"Wìz","id":34,"guid":111138868,"type":"Rogue","server":"Aman'thul","icon":"Rogue-Assassination","fights":[{"id":1},{"id":2},{"id":3},{"id":4},{"id":5},{"id":6},{"id":7},{"id":8},{"id":9},{"id":10},{"id":11},{"id":12},{"id":13},{"id":14},{"id":15},{"id":16},{"id":17},{"id":18},{"id":19},{"id":20},{"id":21},{"id":22},{"id":23},{"id":24},{"id":25},{"id":27},{"id":28},{"id":29},{"id":31},{"id":32},{"id":33},{"id":34},{"id":35},{"id":36},{"id":37},{"id":38},{"id":39},{"id":40},{"id":41},{"id":42},{"id":43}]},{"name":"Breach","id":30,"guid":108323826,"type":"Paladin","server":"Silvermoon","icon":"Paladin-Retribution","fights":[{"id":1},{"id":2},{"id":3},{"id":4},{"id":5},{"id":6},{"id":7},{"id":8},{"id":9},{"id":10},{"id":11},{"id":12},{"id":13},{"id":14},{"id":15},{"id":16},{"id":17},{"id":18},{"id":19},{"id":20},{"id":21},{"id":22},{"id":23},{"id":24},{"id":25},{"id":27},{"id":28},{"id":29},{"id":31},{"id":32},{"id":33},{"id":34},{"id":35},{"id":36},{"id":37},{"id":38},{"id":39},{"id":40},{"id":41},{"id":42},{"id":43}]},{"name":"Nancine","id":27,"guid":148070114,"type":"Rogue","server":"Blackmoore","icon":"Rogue-Outlaw","fights":[{"id":1},{"id":2},{"id":3},{"id":4},{"id":5},{"id":6},{"id":7},{"id":8},{"id":9},{"id":10},{"id":11},{"id":12},{"id":13},{"id":14},{"id":15},{"id":16},{"id":17},{"id":18},{"id":19},{"id":20},{"id":21},{"id":22},{"id":23},{"id":24},{"id":25},{"id":27},{"id":28},{"id":29},{"id":31},{"id":32},{"id":33},{"id":34},{"id":35},{"id":36},{"id":38},{"id":41},{"id":42}]},{"name":"Zhoé","id":3,"guid":111454053,"type":"Monk","server":"Suramar","icon":"Monk-Brewmaster","fights":[{"id":1},{"id":2},{"id":3},{"id":4},{"id":5},{"id":6},{"id":7},{"id":8},{"id":9},{"id":10},{"id":11},{"id":12},{"id":13},{"id":14},{"id":15},{"id":16},{"id":17},{"id":18},{"id":19},{"id":20},{"id":21},{"id":22},{"id":23},{"id":24},{"id":25},{"id":26},{"id":27},{"id":28},{"id":29},{"id":30},{"id":31},{"id":32},{"id":33},{"id":34},{"id":35},{"id":36},{"id":37},{"id":38},{"id":39},{"id":40},{"id":41},{"id":42},{"id":43}]},{"name":"Icyene","id":4,"guid":187175577,"type":"Hunter","server":"Silvermoon","icon":"Hunter-Marksmanship","fights":[{"id":1},{"id":2},{"id":3},{"id":4},{"id":5},{"id":6},{"id":7},{"id":8},{"id":9},{"id":10},{"id":11},{"id":12},{"id":13},{"id":14},{"id":15},{"id":16},{"id":17},{"id":19},{"id":20},{"id":21},{"id":22},{"id":23},{"id":24},{"id":25},{"id":27},{"id":28},{"id":29},{"id":30},{"id":31},{"id":32},{"id":33},{"id":34},{"id":35},{"id":36},{"id":37},{"id":38},{"id":39},{"id":41},{"id":42},{"id":43}]},{"name":"Thordelia","id":22,"guid":133414303,"type":"Priest","server":"Silvermoon","icon":"Priest-Holy","fights":[{"id":1},{"id":2},{"id":3},{"id":4},{"id":5},{"id":6},{"id":7},{"id":8},{"id":9},{"id":10},{"id":11},{"id":12},{"id":13},{"id":14},{"id":15},{"id":16},{"id":17},{"id":18},{"id":19},{"id":20},{"id":21},{"id":22},{"id":24},{"id":25},{"id":26},{"id":27},{"id":28},{"id":29},{"id":30},{"id":31},{"id":32},{"id":33},{"id":34},{"id":35},{"id":36},{"id":37},{"id":38},{"id":39},{"id":40},{"id":41},{"id":42},{"id":43}]}],"enemies":[{"name":"Aqir Crusher","id":130,"guid":161218,"type":"NPC","icon":"custom-icon-inv_misc_volatileearth","fights":[{"id":23,"instances":2,"groups":1},{"id":27,"instances":1,"groups":1}]},{"name":"N'Zoth the Corruptor","id":187,"guid":158041,"type":"Boss","icon":"custom-icon-spell_shadow_painandsuffering","fights":[{"id":42,"instances":1,"groups":2},{"id":43,"instances":1,"groups":1}]},{"name":"Eye of Drest'agath","id":159,"guid":157612,"type":"NPC","icon":"custom-icon-spell_shadow_siphonmana","fights":[{"id":32,"instances":6,"groups":3}]},{"name":"Zealous Adherent","id":101,"guid":159308,"type":"NPC","icon":"custom-icon-ability_ironmaidens_convulsiveshadows","fights":[{"id":13,"instances":4,"groups":2},{"id":14,"instances":2,"groups":1},{"id":27,"instances":12,"groups":1},{"id":38,"instances":3,"groups":2}]},{"name":"Aqir Scarab","id":85,"guid":159405,"type":"NPC","icon":"NPC","fights":[{"id":8,"instances":32,"groups":1}]},{"name":"Umbral Gatekeeper","id":93,"guid":163708,"type":"NPC","icon":"custom-icon-spell_priest_void-blast","fights":[{"id":12,"instances":2,"groups":1}]},{"name":"Gryth'ax the Executioner","id":91,"guid":159224,"type":"NPC","icon":"custom-icon-spell_shadow_painspike","fights":[{"id":11,"instances":1}]},{"name":"Spiked Tentacle","id":97,"guid":159416,"type":"NPC","icon":"custom-icon-achievement_boss_yoggsaron_01","fights":[{"id":38,"instances":3,"groups":1}]},{"name":"Ra-den","id":143,"guid":156866,"type":"Boss","icon":"custom-icon-ability_deathwing_bloodcorruption_death","fights":[{"id":28,"instances":1},{"id":29,"instances":1}]},{"name":"Void Ascendant","id":116,"guid":162719,"type":"NPC","icon":"custom-icon-spell_priest_voidsear","fights":[{"id":19,"instances":2,"groups":1}]},{"name":"Aqir Drone","id":127,"guid":162306,"type":"NPC","icon":"NPC","fights":[{"id":22,"instances":10,"groups":2}]},{"name":"Maw of Drest'agath","id":161,"guid":157613,"type":"NPC","icon":"custom-icon-ability_creature_poison_02","fights":[{"id":32,"instances":4,"groups":3}]},{"name":"Blood of Ny'alotha","id":174,"guid":159514,"type":"NPC","icon":"custom-icon-ability_warrior_bloodnova","fights":[{"id":36,"instances":21,"groups":1}]},{"name":"Ka'zir","id":131,"guid":157253,"type":"Boss","icon":"custom-icon-ability_pet_baneling","fights":[{"id":24,"instances":1},{"id":25,"instances":1}]},{"name":"Occult Shadowmender","id":64,"guid":159425,"type":"NPC","icon":"custom-icon-spell_shadow_painspike","fights":[{"id":2,"instances":4,"groups":2},{"id":12,"instances":1,"groups":1},{"id":13,"instances":1,"groups":1},{"id":14,"instances":3,"groups":2},{"id":38,"instances":2,"groups":1}]},{"name":"Spike Tentacle","id":197,"guid":160249,"type":"NPC","icon":"custom-icon-spell_shadow_painspike","fights":[{"id":42,"instances":18,"groups":6}]},{"name":"Essence of Vita","id":147,"guid":156884,"type":"NPC","icon":"custom-icon-ability_thunderking_lightningwhip","fights":[{"id":29,"instances":3,"groups":4}]},{"name":"Shredded Psyche","id":77,"guid":158781,"type":"NPC","icon":"custom-icon-spell_shadow_painandsuffering","fights":[{"id":4,"instances":3}]},{"name":"Essence of Void","id":149,"guid":156980,"type":"NPC","icon":"custom-icon-inv_enchant_voidsphere","fights":[{"id":29,"instances":3,"groups":5}]},{"name":"Nightmare Antigen","id":182,"guid":157452,"type":"NPC","icon":"custom-icon-sha_spell_fire_ragnaros_supernova_nightmare","fights":[{"id":41,"instances":60,"groups":2}]},{"name":"Ossirat","id":59,"guid":161746,"type":"NPC","icon":"custom-icon-inv_weapon_hand_08","fights":[{"id":7,"instances":1}]},{"name":"Sinister Soulcarver","id":120,"guid":157449,"type":"NPC","icon":"custom-icon-ability_theblackarrow","fights":[{"id":21,"instances":2}]},{"name":"Tentacle of Drest'agath","id":160,"guid":157614,"type":"NPC","icon":"custom-icon-ability_earthen_pillar","fights":[{"id":32,"instances":4,"groups":3}]},{"name":"Iron-Willed Enforcer","id":112,"guid":162718,"type":"NPC","icon":"custom-icon-ability_smash","fights":[{"id":19,"instances":4,"groups":2}]},{"name":"Umbral Seer","id":82,"guid":159219,"type":"NPC","icon":"custom-icon-spell_shadow_painspike","fights":[{"id":5,"instances":1,"groups":1},{"id":14,"instances":2,"groups":1},{"id":38,"instances":4,"groups":1}]},{"name":"Aqir Venomweaver","id":129,"guid":161229,"type":"NPC","icon":"NPC","fights":[{"id":23,"instances":2,"groups":1}]},{"name":"Maddened Conscript","id":63,"guid":159305,"type":"NPC","icon":"custom-icon-ability_racial_bloodrage","fights":[{"id":2,"instances":4,"groups":1},{"id":11,"instances":2,"groups":1},{"id":12,"instances":2,"groups":1},{"id":13,"instances":3,"groups":2},{"id":14,"instances":3,"groups":2},{"id":38,"instances":2,"groups":1}]},{"name":"Amalgamation of Flesh","id":176,"guid":163841,"type":"NPC","icon":"custom-icon-inv_enchant_voidsphere","fights":[{"id":39,"instances":24,"groups":1},{"id":40,"instances":9,"groups":1}]},{"name":"Aqir Shadowcrafter","id":84,"guid":161416,"type":"NPC","icon":"custom-icon-spell_shadow_shadowbolt","fights":[{"id":8,"instances":4,"groups":1}]},{"name":"Aqir Swarmkeeper","id":103,"guid":162303,"type":"NPC","icon":"custom-icon-inv_inscription_pigment_bug07","fights":[{"id":14,"instances":1},{"id":22,"instances":1}]},{"name":"Vita Portal","id":144,"guid":161943,"type":"NPC","icon":"custom-icon-trade_engineering","fights":[{"id":28,"instances":1},{"id":29,"instances":1}]},{"name":"Void Ascendant","id":117,"guid":157467,"type":"NPC","icon":"custom-icon-spell_priest_voidsear","fights":[{"id":19,"instances":1},{"id":20,"instances":1},{"id":21,"instances":2}]},{"name":"Deresh of the Nothingness","id":128,"guid":159768,"type":"NPC","icon":"custom-icon-ability_ironmaidens_convulsiveshadows","fights":[{"id":22,"instances":1}]},{"name":"Maut","id":88,"guid":156523,"type":"Boss","icon":"custom-icon-inv_artifact_powerofthedarkside","fights":[{"id":9,"instances":1},{"id":10,"instances":1}]},{"name":"Thought Harvester","id":201,"guid":162933,"type":"NPC","icon":"custom-icon-spell_shadow_brainwash","fights":[{"id":42,"instances":2,"groups":1}]},{"name":"Dark Inquisitor Xanesh","id":96,"guid":156575,"type":"Boss","icon":"custom-icon-inv_gauntlets_09","fights":[{"id":15,"instances":1},{"id":16,"instances":1},{"id":17,"instances":1}]},{"name":"Acidic Aqir","id":137,"guid":159173,"type":"NPC","icon":"custom-icon-ability_creature_poison_06","fights":[{"id":25,"instances":2}]},{"name":"Drest'agath","id":158,"guid":157602,"type":"Boss","icon":"custom-icon-spell_shaman_earthquake","fights":[{"id":31,"instances":1},{"id":32,"instances":1}]},{"name":"Vexiona","id":115,"guid":157354,"type":"Boss","icon":"custom-icon-ability_priest_voidentropy","fights":[{"id":19,"instances":1,"groups":2},{"id":20,"instances":1,"groups":1},{"id":21,"instances":1,"groups":1}]},{"name":"Aqir Drone","id":135,"guid":157255,"type":"NPC","icon":"custom-icon-ability_fixated_state_red","fights":[{"id":25,"instances":20,"groups":2}]},{"name":"Corrupted Neuron","id":193,"guid":162331,"type":"NPC","icon":"NPC","fights":[{"id":42,"instances":28,"groups":2}]},{"name":"Basher Tentacle","id":195,"guid":158367,"type":"NPC","icon":"custom-icon-spell_priest_voidtendrils","fights":[{"id":42,"instances":8,"groups":6}]},{"name":"Prophet Skitra","id":74,"guid":157238,"type":"Boss","icon":"custom-icon-inv_misc_shadowegg","fights":[{"id":4,"instances":1}]},{"name":"Organ of Corruption","id":171,"guid":158343,"type":"Boss","icon":"custom-icon-inv_misc_organ_06","fights":[{"id":36,"instances":6,"groups":3}]},{"name":"Eye of the Depths","id":92,"guid":159510,"type":"NPC","icon":"custom-icon-spell_shadow_shadowfury","fights":[{"id":13,"instances":1,"groups":1},{"id":22,"instances":1,"groups":2},{"id":31,"instances":1,"groups":1},{"id":33,"instances":1,"groups":1},{"id":38,"instances":1,"groups":1}]},{"name":"Shath'Yar Scribe","id":68,"guid":163690,"type":"NPC","icon":"custom-icon-inv_enchant_voidsphere","fights":[{"id":2,"instances":3,"groups":1},{"id":5,"instances":1,"groups":1},{"id":6,"instances":1,"groups":1},{"id":11,"instances":2,"groups":1}]},{"name":"Void Hunter","id":150,"guid":157366,"type":"NPC","icon":"custom-icon-ability_warlock_shadowfurytga","fights":[{"id":29,"instances":1}]},{"name":"Void Horror","id":155,"guid":161335,"type":"NPC","icon":"custom-icon-spell_shadow_siphonmana","fights":[{"id":31,"instances":4,"groups":2}]},{"name":"Dark Ritualist","id":107,"guid":161286,"type":"NPC","icon":"custom-icon-spell_priest_divinestar_shadow2","fights":[{"id":14,"instances":2,"groups":1}]},{"name":"Aqir Swarmer","id":105,"guid":162664,"type":"NPC","icon":"custom-icon-ability_fixated_state_red","fights":[{"id":14,"instances":4,"groups":1},{"id":22,"instances":3,"groups":1}]},{"name":"Mindgate","id":198,"guid":158374,"type":"NPC","icon":"custom-icon-ability_kaztik_dominatemind","fights":[{"id":42,"instances":2}]},{"name":"Sinister Soulcarver","id":114,"guid":162717,"type":"NPC","icon":"custom-icon-ability_theblackarrow","fights":[{"id":19,"instances":4,"groups":2}]},{"name":"Wrathion","id":25,"guid":156818,"type":"Boss","icon":"custom-icon-ability_deathwing_cataclysm","fights":[{"id":1,"instances":1}]},{"name":"Dying Voidspawn","id":95,"guid":163712,"type":"NPC","icon":"custom-icon-ability_fixated_state_red","fights":[{"id":12,"instances":14,"groups":1}]},{"name":"Leeching Parasite","id":164,"guid":159309,"type":"NPC","icon":"custom-icon-trade_engineering","fights":[{"id":33,"instances":3,"groups":1},{"id":35,"instances":3,"groups":1}]},{"name":"Dark Manifestation","id":90,"guid":156650,"type":"NPC","icon":"NPC","fights":[{"id":10,"instances":3,"groups":1}]},{"name":"N'Zoth the Corruptor","id":191,"guid":162480,"type":"NPC","icon":"custom-icon-spell_priest_void-blast","fights":[{"id":42,"instances":1,"groups":6}]},{"name":"Void Initiate","id":66,"guid":160182,"type":"NPC","icon":"custom-icon-ability_ironmaidens_convulsiveshadows","fights":[{"id":2,"instances":4,"groups":1},{"id":5,"instances":4,"groups":1},{"id":6,"instances":5,"groups":1},{"id":11,"instances":25,"groups":2},{"id":12,"instances":4,"groups":1},{"id":13,"instances":13,"groups":2},{"id":38,"instances":4,"groups":3}]},{"name":"Willing Sacrifice","id":81,"guid":162647,"type":"NPC","icon":"custom-icon-spell_shadow_grimward","fights":[{"id":5,"instances":1,"groups":2}]},{"name":"Chittering Waspling","id":140,"guid":161837,"type":"NPC","icon":"NPC","fights":[{"id":27,"instances":8,"groups":1}]},{"name":"Aqir Darter","id":138,"guid":157256,"type":"NPC","icon":"custom-icon-ability_vehicle_sonicshockwave","fights":[{"id":25,"instances":3,"groups":1}]},{"name":"Fanatical Cultist","id":119,"guid":157447,"type":"NPC","icon":"NPC","fights":[{"id":21,"instances":8,"groups":3}]},{"name":"Corrosive Digester","id":99,"guid":162828,"type":"NPC","icon":"custom-icon-inv_misc_food_legion_gooslime_multi","fights":[{"id":31,"instances":7,"groups":2},{"id":33,"instances":2,"groups":2},{"id":35,"instances":4,"groups":1}]},{"name":"Engorged Maggot","id":139,"guid":161833,"type":"NPC","icon":"NPC","fights":[{"id":26,"instances":3,"groups":1},{"id":27,"instances":5,"groups":1},{"id":31,"instances":16,"groups":2},{"id":33,"instances":8,"groups":1},{"id":38,"instances":1,"groups":1}]},{"name":"Crackling Stalker","id":151,"guid":157365,"type":"NPC","icon":"custom-icon-spell_lightning_lightningbolt01","fights":[{"id":29,"instances":1}]},{"name":"Living Blood","id":152,"guid":159312,"type":"NPC","icon":"custom-icon-ability_deathwing_bloodcorruption_earth","fights":[{"id":31,"instances":6,"groups":2},{"id":33,"instances":20,"groups":4}]},{"name":"Spellbound Ritualist","id":98,"guid":162716,"type":"NPC","icon":"custom-icon-spell_shadow_shadowbolt","fights":[{"id":19,"instances":5,"groups":2}]},{"name":"Prophet Skitra","id":78,"guid":157620,"type":"NPC","icon":"NPC","fights":[{"id":4,"instances":1,"groups":2}]},{"name":"Image of Absolution","id":80,"guid":160904,"type":"NPC","icon":"custom-icon-inv_enchant_dustillusion","fights":[{"id":4,"instances":21,"groups":2}]},{"name":"Gaze of Madness","id":179,"guid":157442,"type":"NPC","icon":"custom-icon-inv_elemental_primal_shadow","fights":[{"id":41,"instances":2}]},{"name":"Thrashing Tentacle","id":186,"guid":162159,"type":"NPC","icon":"custom-icon-ability_golemthunderclap","fights":[{"id":41,"instances":4,"groups":2}]},{"name":"Cursed Blood","id":172,"guid":159720,"type":"NPC","icon":"custom-icon-spell_deathknight_bloodtap","fights":[{"id":36,"instances":3}]},{"name":"Corruptor Tentacle","id":196,"guid":158375,"type":"NPC","icon":"custom-icon-spell_yorsahj_bloodboil_purple","fights":[{"id":42,"instances":11,"groups":6}]},{"name":"Mycelial Cyst","id":184,"guid":157461,"type":"NPC","icon":"NPC","fights":[{"id":41,"instances":37,"groups":1}]},{"name":"Growth-Covered Tentacle","id":180,"guid":157485,"type":"NPC","icon":"custom-icon-ability_golemthunderclap","fights":[{"id":41,"instances":1}]},{"name":"Queen Azshara","id":108,"guid":156579,"type":"NPC","icon":"custom-icon-ability_warlock_eradication","fights":[{"id":15,"instances":1},{"id":16,"instances":1},{"id":17,"instances":1},{"id":18,"instances":1}]},{"name":"Tek'ris","id":132,"guid":157254,"type":"Boss","icon":"custom-icon-ability_priest_voidentropy","fights":[{"id":24,"instances":1},{"id":25,"instances":1}]},{"name":"Living Miasma","id":167,"guid":157229,"type":"NPC","icon":"custom-icon-ability_priest_voidentropy","fights":[{"id":34,"instances":5}]},{"name":"Mind's Eye","id":190,"guid":158122,"type":"NPC","icon":"custom-icon-inv_eyeofnzothpet","fights":[{"id":42,"instances":1,"groups":2}]},{"name":"Flayed Soul","id":110,"guid":157005,"type":"NPC","icon":"custom-icon-ability_demonhunter_soulcleave2","fights":[{"id":17,"instances":60,"groups":3}]},{"name":"Spellbound Ritualist","id":124,"guid":157450,"type":"NPC","icon":"custom-icon-spell_shadow_shadowbolt","fights":[{"id":21,"instances":3,"groups":2}]},{"name":"Void Portal","id":145,"guid":161945,"type":"NPC","icon":"custom-icon-trade_engineering","fights":[{"id":28,"instances":1},{"id":29,"instances":1}]},{"name":"Hepthys","id":60,"guid":161745,"type":"NPC","icon":"custom-icon-inv_weapon_hand_08","fights":[{"id":7,"instances":1}]},{"name":"Aqir Heartpiercer","id":126,"guid":162305,"type":"NPC","icon":"custom-icon-inv_misc_organ_01","fights":[{"id":22,"instances":4,"groups":2}]},{"name":"Abyssal Watcher","id":141,"guid":161173,"type":"NPC","icon":"custom-icon-spell_priest_void-blast","fights":[{"id":27,"instances":5,"groups":1}]},{"name":"Fanatical Cultist","id":113,"guid":162715,"type":"NPC","icon":"NPC","fights":[{"id":19,"instances":21,"groups":2}]},{"name":"Jesh'ra","id":100,"guid":159764,"type":"NPC","icon":"custom-icon-ability_rogue_envelopingshadows","fights":[{"id":13,"instances":1}]},{"name":"Shad'har the Insatiable","id":165,"guid":157231,"type":"Boss","icon":"custom-icon-ability_warlock_everlastingaffliction","fights":[{"id":34,"instances":1}]},{"name":"Fury of N'Zoth","id":177,"guid":157439,"type":"Boss","icon":"custom-icon-spell_priest_void-blast","fights":[{"id":41,"instances":1}]},{"name":"Deathwing","id":199,"guid":160665,"type":"NPC","icon":"custom-icon-spell_fire_felflamering_red","fights":[{"id":42,"instances":1,"groups":3}]},{"name":"Horrific Hemorrhage","id":181,"guid":157486,"type":"NPC","icon":"custom-icon-ability_druid_ironfur","fights":[{"id":41,"instances":12,"groups":2}]},{"name":"Il'gynoth","id":170,"guid":158328,"type":"Boss","icon":"custom-icon-inv_eyeofnzothpet","fights":[{"id":36,"instances":1}]},{"name":"Acidic Aqir","id":136,"guid":161019,"type":"NPC","icon":"custom-icon-ability_creature_poison_06","fights":[{"id":25,"instances":8,"groups":2}]},{"name":"Onyx Scarab","id":83,"guid":161834,"type":"NPC","icon":"NPC","fights":[{"id":6,"instances":1,"groups":1},{"id":7,"instances":3,"groups":2}]},{"name":"Anubisath Sentinel","id":73,"guid":162508,"type":"NPC","icon":"custom-icon-ability_warrior_endlessrage","fights":[{"id":3,"instances":1}]},{"name":"Synthesis Growth","id":183,"guid":157475,"type":"NPC","icon":"custom-icon-spell_necro_necroticsmash","fights":[{"id":41,"instances":16,"groups":2}]},{"name":"Anubisath Sentinel","id":70,"guid":162534,"type":"NPC","icon":"custom-icon-ability_warrior_trauma","fights":[{"id":2,"instances":1},{"id":3,"instances":1}]},{"name":"Gnashing Terror","id":156,"guid":161334,"type":"NPC","icon":"custom-icon-ability_creature_poison_02","fights":[{"id":31,"instances":3,"groups":2}]},{"name":"Crushing Tendril","id":154,"guid":161312,"type":"NPC","icon":"custom-icon-achievement_boss_yoggsaron_01","fights":[{"id":31,"instances":5,"groups":2}]},{"name":"Exposed Synapse","id":188,"guid":159578,"type":"NPC","icon":"custom-icon-spell_nature_focusedmind","fights":[{"id":42,"instances":60,"groups":5}]},{"name":"Anubisath Sentinel","id":72,"guid":161571,"type":"NPC","icon":"custom-icon-ability_warrior_savageblow","fights":[{"id":3,"instances":1}]},{"name":"Demented Knife-Twister","id":102,"guid":159417,"type":"NPC","icon":"custom-icon-ability_rogue_shadowyduel","fights":[{"id":13,"instances":4,"groups":1},{"id":14,"instances":2,"groups":1},{"id":38,"instances":2,"groups":2}]},{"name":"Aqir Skitterer","id":104,"guid":161217,"type":"NPC","icon":"custom-icon-ability_fixated_state_red","fights":[{"id":14,"instances":7,"groups":1},{"id":22,"instances":40,"groups":2},{"id":23,"instances":13,"groups":1},{"id":27,"instances":21,"groups":1}]},{"name":"Void Fanatic","id":67,"guid":160183,"type":"NPC","icon":"NPC","fights":[{"id":2,"instances":1,"groups":1},{"id":5,"instances":8,"groups":1},{"id":13,"instances":14,"groups":2},{"id":38,"instances":2,"groups":2}]},{"name":"Anubisath Sentinel","id":71,"guid":162417,"type":"NPC","icon":"custom-icon-spell_nature_thunderclap","fights":[{"id":2,"instances":1},{"id":3,"instances":1}]},{"name":"Coagulated Monstrosity","id":157,"guid":161836,"type":"NPC","icon":"NPC","fights":[{"id":31,"instances":6,"groups":2}]},{"name":"Psychus","id":189,"guid":158376,"type":"NPC","icon":"custom-icon-spell_shadow_shadetruesight","fights":[{"id":42,"instances":3}]},{"name":"Monstrous Behemoth","id":62,"guid":159303,"type":"NPC","icon":"custom-icon-ability_warlock_everlastingaffliction","fights":[{"id":2,"instances":1},{"id":6,"instances":2},{"id":12,"instances":1},{"id":13,"instances":3},{"id":14,"instances":1},{"id":38,"instances":1}]},{"name":"Gibbering Ooze","id":153,"guid":161835,"type":"NPC","icon":"NPC","fights":[{"id":31,"instances":10,"groups":4},{"id":33,"instances":5,"groups":3},{"id":35,"instances":1,"groups":1}]},{"name":"Sylvanas Windrunner","id":200,"guid":160671,"type":"NPC","icon":"custom-icon-ability_theblackarrow","fights":[{"id":42,"instances":1,"groups":3}]},{"name":"Cultist Sycophant","id":106,"guid":161251,"type":"NPC","icon":"custom-icon-ability_ironmaidens_sanguinestrikes","fights":[{"id":14,"instances":8,"groups":1}]}],"friendlyPets":[{"name":"Twisted Appendage","id":55,"guid":162764,"type":"Pet","icon":"abilities/achievement_boss_yoggsaron_01","petOwner":2,"fights":[{"id":1,"instances":3},{"id":4,"instances":2},{"id":5,"instances":1},{"id":6,"instances":1},{"id":10,"instances":4},{"id":12,"instances":1},{"id":13,"instances":2},{"id":14,"instances":2},{"id":15,"instances":2},{"id":17,"instances":6},{"id":19,"instances":1},{"id":21,"instances":4},{"id":22,"instances":3},{"id":25,"instances":3},{"id":27,"instances":5},{"id":29,"instances":4},{"id":31,"instances":3},{"id":32,"instances":4},{"id":35,"instances":1},{"id":36,"instances":4},{"id":38,"instances":1},{"id":40,"instances":1},{"id":41,"instances":2},{"id":42,"instances":7}]},{"name":"Katy Stampwhistle","id":175,"guid":132969,"type":"Pet","icon":"abilities/inv_misc_cat_trinket06","petOwner":18,"fights":[{"id":38,"instances":1}]},{"name":"Guardian of Azeroth","id":47,"guid":152396,"type":"Pet","icon":"abilities/inv_glowing-azerite-geode","petOwner":16,"fights":[{"id":1,"instances":1},{"id":2,"instances":1},{"id":4,"instances":1},{"id":5,"instances":1},{"id":6,"instances":1},{"id":8,"instances":1},{"id":10,"instances":1},{"id":11,"instances":1},{"id":13,"instances":1},{"id":14,"instances":1},{"id":17,"instances":2},{"id":19,"instances":1},{"id":21,"instances":2},{"id":22,"instances":1},{"id":25,"instances":1},{"id":27,"instances":1},{"id":29,"instances":2},{"id":31,"instances":1},{"id":32,"instances":2},{"id":33,"instances":1},{"id":34,"instances":1},{"id":36,"instances":2},{"id":38,"instances":1},{"id":41,"instances":2},{"id":42,"instances":3}]},{"name":"Twisted Appendage","id":87,"guid":162764,"type":"Pet","icon":"abilities/achievement_boss_yoggsaron_01","petOwner":12,"fights":[{"id":8,"instances":1},{"id":10,"instances":5}]},{"name":"Pipsillin","id":39,"guid":35540770,"type":"Pet","icon":"abilities/spell_warlock_summonimpoutland","petOwner":5,"fights":[{"id":1,"instances":1},{"id":2,"instances":1},{"id":3,"instances":1},{"id":4,"instances":1},{"id":5,"instances":1},{"id":6,"instances":1},{"id":7,"instances":1},{"id":8,"instances":1},{"id":9,"instances":1},{"id":10,"instances":1},{"id":11,"instances":1},{"id":12,"instances":1},{"id":13,"instances":1},{"id":14,"instances":1},{"id":15,"instances":1},{"id":16,"instances":1},{"id":17,"instances":1},{"id":19,"instances":1},{"id":20,"instances":1},{"id":21,"instances":1},{"id":22,"instances":1},{"id":23,"instances":1},{"id":24,"instances":1},{"id":25,"instances":1},{"id":27,"instances":1},{"id":28,"instances":1},{"id":29,"instances":1},{"id":31,"instances":1},{"id":32,"instances":1},{"id":33,"instances":1},{"id":34,"instances":1},{"id":35,"instances":1},{"id":36,"instances":1},{"id":38,"instances":1},{"id":39,"instances":1},{"id":40,"instances":1},{"id":41,"instances":1},{"id":42,"instances":1},{"id":43,"instances":1}]},{"name":"Guardian of Azeroth","id":42,"guid":152396,"type":"Pet","icon":"abilities/inv_glowing-azerite-geode","petOwner":4,"fights":[{"id":1,"instances":1},{"id":4,"instances":1},{"id":10,"instances":1},{"id":17,"instances":2},{"id":21,"instances":2},{"id":25,"instances":1},{"id":29,"instances":2},{"id":32,"instances":2},{"id":34,"instances":1},{"id":36,"instances":2},{"id":41,"instances":2},{"id":42,"instances":3}]},{"name":"Hati","id":52,"guid":48494370,"type":"Pet","icon":"custom-icon-ability_hunter_sickem","petOwner":10,"fights":[{"id":1,"instances":1},{"id":2,"instances":1},{"id":3,"instances":1},{"id":4,"instances":1},{"id":5,"instances":1},{"id":6,"instances":1},{"id":7,"instances":1},{"id":8,"instances":1},{"id":9,"instances":1},{"id":10,"instances":1},{"id":11,"instances":1},{"id":12,"instances":1},{"id":13,"instances":1},{"id":14,"instances":1},{"id":17,"instances":1},{"id":19,"instances":1},{"id":20,"instances":1},{"id":21,"instances":1},{"id":23,"instances":1},{"id":24,"instances":1},{"id":25,"instances":1},{"id":27,"instances":1},{"id":28,"instances":1},{"id":29,"instances":1},{"id":31,"instances":1},{"id":32,"instances":1},{"id":33,"instances":1},{"id":34,"instances":1},{"id":35,"instances":1},{"id":36,"instances":1},{"id":38,"instances":1},{"id":39,"instances":1},{"id":40,"instances":1},{"id":41,"instances":1},{"id":42,"instances":1},{"id":43,"instances":1}]},{"name":"Fzuujhom","id":40,"guid":27588930,"type":"Pet","icon":"custom-icon-spell_shadow_soulleech_3","petOwner":33,"fights":[{"id":1,"instances":1},{"id":2,"instances":1},{"id":3,"instances":1},{"id":4,"instances":1},{"id":5,"instances":1},{"id":6,"instances":1},{"id":7,"instances":1},{"id":9,"instances":1},{"id":10,"instances":1},{"id":11,"instances":1},{"id":12,"instances":1},{"id":13,"instances":1},{"id":14,"instances":1},{"id":16,"instances":1},{"id":17,"instances":1},{"id":19,"instances":1},{"id":20,"instances":1},{"id":21,"instances":1}]},{"name":"Twisted Appendage","id":69,"guid":162764,"type":"Pet","icon":"abilities/achievement_boss_yoggsaron_01","petOwner":9,"fights":[{"id":2,"instances":1},{"id":4,"instances":1},{"id":5,"instances":1},{"id":10,"instances":2},{"id":11,"instances":4},{"id":17,"instances":4},{"id":19,"instances":2},{"id":29,"instances":4},{"id":31,"instances":3},{"id":32,"instances":6},{"id":33,"instances":1},{"id":34,"instances":2},{"id":36,"instances":6},{"id":42,"instances":4}]},{"name":"Guardian of Azeroth","id":38,"guid":152396,"type":"Pet","icon":"abilities/inv_glowing-azerite-geode","petOwner":19,"fights":[{"id":1,"instances":1},{"id":2,"instances":1},{"id":4,"instances":1},{"id":8,"instances":1},{"id":10,"instances":1},{"id":14,"instances":1},{"id":17,"instances":1},{"id":19,"instances":1},{"id":21,"instances":2},{"id":23,"instances":1},{"id":25,"instances":1},{"id":27,"instances":1},{"id":29,"instances":2},{"id":31,"instances":1},{"id":32,"instances":2},{"id":34,"instances":1},{"id":36,"instances":2},{"id":41,"instances":2},{"id":42,"instances":3}]},{"name":"Twisted Appendage","id":50,"guid":162764,"type":"Pet","icon":"abilities/achievement_boss_yoggsaron_01","petOwner":6,"fights":[{"id":1,"instances":1},{"id":2,"instances":1},{"id":3,"instances":1},{"id":4,"instances":3},{"id":7,"instances":2},{"id":8,"instances":2},{"id":10,"instances":2}]},{"name":"Thing From Beyond","id":79,"guid":161895,"type":"Pet","icon":"custom-icon-ability_deathwing_assualtaspects","petOwner":5,"fights":[{"id":25,"instances":11}]},{"name":"Demonic Gateway","id":56,"guid":59262,"type":"Pet","icon":"custom-icon-trade_engineering","petOwner":5,"fights":[{"id":1,"instances":1},{"id":8,"instances":1},{"id":33,"instances":1}]},{"name":"Demonic Gateway","id":57,"guid":59271,"type":"Pet","icon":"custom-icon-trade_engineering","petOwner":5,"fights":[{"id":1,"instances":1},{"id":8,"instances":1},{"id":33,"instances":1}]},{"name":"Infernal","id":41,"guid":89,"type":"Pet","icon":"abilities/spell_shadow_summoninfernal","petOwner":5,"fights":[{"id":1,"instances":1},{"id":4,"instances":2},{"id":7,"instances":1},{"id":10,"instances":1},{"id":11,"instances":1},{"id":14,"instances":1},{"id":15,"instances":1},{"id":17,"instances":2},{"id":19,"instances":2},{"id":21,"instances":3},{"id":22,"instances":2},{"id":23,"instances":1},{"id":25,"instances":6},{"id":27,"instances":3},{"id":29,"instances":5},{"id":31,"instances":4},{"id":32,"instances":5},{"id":33,"instances":5},{"id":34,"instances":2},{"id":35,"instances":1},{"id":36,"instances":5},{"id":38,"instances":3},{"id":41,"instances":9},{"id":42,"instances":13}]},{"name":"Infernal","id":49,"guid":89,"type":"Pet","icon":"abilities/spell_shadow_summoninfernal","petOwner":33,"fights":[{"id":1,"instances":3},{"id":4,"instances":4},{"id":6,"instances":2},{"id":7,"instances":1},{"id":10,"instances":1},{"id":12,"instances":1},{"id":14,"instances":1},{"id":17,"instances":2},{"id":19,"instances":3},{"id":25,"instances":1},{"id":27,"instances":2},{"id":29,"instances":4},{"id":31,"instances":1},{"id":32,"instances":1},{"id":33,"instances":1},{"id":34,"instances":1},{"id":36,"instances":4},{"id":42,"instances":10}]},{"name":"Twisted Appendage","id":86,"guid":162764,"type":"Pet","icon":"abilities/achievement_boss_yoggsaron_01","petOwner":19,"fights":[{"id":8,"instances":1},{"id":10,"instances":4},{"id":11,"instances":2},{"id":12,"instances":1},{"id":13,"instances":5},{"id":14,"instances":1},{"id":17,"instances":2},{"id":36,"instances":3}]},{"name":"Twisted Appendage","id":54,"guid":162764,"type":"Pet","icon":"abilities/achievement_boss_yoggsaron_01","petOwner":3,"fights":[{"id":1,"instances":1},{"id":4,"instances":2},{"id":10,"instances":3},{"id":17,"instances":3},{"id":19,"instances":2},{"id":21,"instances":7},{"id":34,"instances":5},{"id":36,"instances":6},{"id":38,"instances":4}]},{"name":"Guardian of Azeroth","id":36,"guid":152396,"type":"Pet","icon":"abilities/inv_glowing-azerite-geode","petOwner":14,"fights":[{"id":1,"instances":1},{"id":4,"instances":1},{"id":10,"instances":1},{"id":14,"instances":1},{"id":17,"instances":2},{"id":19,"instances":1},{"id":21,"instances":2},{"id":25,"instances":1},{"id":27,"instances":1},{"id":29,"instances":2},{"id":32,"instances":2},{"id":34,"instances":1},{"id":36,"instances":2},{"id":41,"instances":2},{"id":42,"instances":3}]},{"name":"Guardian of Azeroth","id":37,"guid":152396,"type":"Pet","icon":"abilities/inv_glowing-azerite-geode","petOwner":12,"fights":[{"id":1,"instances":1},{"id":4,"instances":1},{"id":7,"instances":1},{"id":10,"instances":1},{"id":13,"instances":1},{"id":17,"instances":2},{"id":34,"instances":1}]},{"name":"Twisted Appendage","id":162,"guid":162764,"type":"Pet","icon":"abilities/achievement_boss_yoggsaron_01","petOwner":8,"fights":[{"id":32,"instances":9},{"id":36,"instances":3}]},{"name":"Twisted Appendage","id":75,"guid":162764,"type":"Pet","icon":"abilities/achievement_boss_yoggsaron_01","petOwner":18,"fights":[{"id":4,"instances":3},{"id":10,"instances":1},{"id":17,"instances":4},{"id":27,"instances":2},{"id":29,"instances":6},{"id":36,"instances":7},{"id":42,"instances":13}]},{"name":"Myowmyow","id":53,"guid":48428666,"type":"Pet","icon":"abilities/ability_hunter_beastcall","petOwner":10,"fights":[{"id":1,"instances":1},{"id":2,"instances":1},{"id":3,"instances":1},{"id":4,"instances":1},{"id":5,"instances":1},{"id":6,"instances":1},{"id":7,"instances":1},{"id":8,"instances":1},{"id":9,"instances":1},{"id":10,"instances":1},{"id":11,"instances":1},{"id":12,"instances":1},{"id":13,"instances":1},{"id":14,"instances":1},{"id":17,"instances":1},{"id":19,"instances":1},{"id":20,"instances":1},{"id":21,"instances":1},{"id":23,"instances":1},{"id":24,"instances":1},{"id":25,"instances":1},{"id":27,"instances":1},{"id":28,"instances":1},{"id":29,"instances":1},{"id":31,"instances":1},{"id":32,"instances":1},{"id":33,"instances":1},{"id":34,"instances":1},{"id":35,"instances":1},{"id":36,"instances":1},{"id":38,"instances":1},{"id":39,"instances":1},{"id":40,"instances":1},{"id":41,"instances":1},{"id":42,"instances":1},{"id":43,"instances":1}]},{"name":"Guardian of Azeroth","id":44,"guid":152396,"type":"Pet","icon":"abilities/inv_glowing-azerite-geode","petOwner":18,"fights":[{"id":1,"instances":1},{"id":2,"instances":1},{"id":4,"instances":1},{"id":7,"instances":1},{"id":10,"instances":1},{"id":12,"instances":1},{"id":14,"instances":1},{"id":17,"instances":2},{"id":19,"instances":1},{"id":27,"instances":1},{"id":29,"instances":2},{"id":31,"instances":1},{"id":32,"instances":2},{"id":34,"instances":1},{"id":35,"instances":1},{"id":36,"instances":2},{"id":38,"instances":1},{"id":41,"instances":2},{"id":42,"instances":2}]},{"name":"Cat","id":35,"guid":35901913,"type":"Pet","icon":"abilities/ability_hunter_beastcall","petOwner":14,"fights":[{"id":1,"instances":1}]},{"name":"Guardian of Azeroth","id":43,"guid":152396,"type":"Pet","icon":"abilities/inv_glowing-azerite-geode","petOwner":8,"fights":[{"id":1,"instances":1},{"id":4,"instances":1},{"id":7,"instances":1},{"id":10,"instances":1},{"id":12,"instances":1},{"id":14,"instances":1},{"id":17,"instances":2},{"id":19,"instances":1},{"id":21,"instances":2},{"id":27,"instances":1},{"id":29,"instances":2},{"id":32,"instances":2},{"id":34,"instances":1},{"id":36,"instances":2},{"id":42,"instances":3}]},{"name":"Guardian of Azeroth","id":45,"guid":152396,"type":"Pet","icon":"abilities/inv_glowing-azerite-geode","petOwner":20,"fights":[{"id":1,"instances":1},{"id":4,"instances":1},{"id":8,"instances":1},{"id":10,"instances":1},{"id":17,"instances":1},{"id":19,"instances":1},{"id":21,"instances":2},{"id":23,"instances":1},{"id":25,"instances":1},{"id":27,"instances":1},{"id":29,"instances":2},{"id":32,"instances":2},{"id":34,"instances":1},{"id":36,"instances":2},{"id":41,"instances":3},{"id":42,"instances":3}]},{"name":"Twisted Appendage","id":51,"guid":162764,"type":"Pet","icon":"abilities/achievement_boss_yoggsaron_01","petOwner":11,"fights":[{"id":1,"instances":3},{"id":2,"instances":2},{"id":3,"instances":1},{"id":4,"instances":3},{"id":6,"instances":1},{"id":10,"instances":3},{"id":12,"instances":3},{"id":13,"instances":1},{"id":14,"instances":1},{"id":17,"instances":6},{"id":19,"instances":1},{"id":20,"instances":1},{"id":21,"instances":1},{"id":22,"instances":1},{"id":25,"instances":3},{"id":27,"instances":2},{"id":29,"instances":5},{"id":31,"instances":5},{"id":32,"instances":9},{"id":33,"instances":2},{"id":34,"instances":3},{"id":36,"instances":4},{"id":38,"instances":1},{"id":39,"instances":1},{"id":41,"instances":2},{"id":42,"instances":10}]},{"name":"Twisted Appendage","id":76,"guid":162764,"type":"Pet","icon":"abilities/achievement_boss_yoggsaron_01","petOwner":20,"fights":[{"id":4,"instances":3}]},{"name":"Guardian of Azeroth","id":46,"guid":152396,"type":"Pet","icon":"abilities/inv_glowing-azerite-geode","petOwner":11,"fights":[{"id":1,"instances":1},{"id":4,"instances":1},{"id":10,"instances":1},{"id":17,"instances":2},{"id":21,"instances":2},{"id":22,"instances":1},{"id":29,"instances":2},{"id":34,"instances":1},{"id":36,"instances":2}]}],"enemyPets":[],"phases":[{"boss":2336,"phases":["Stage One: Cult of the Void","Stage Two: Death from Above","Stage Three: The Void Unleashed"]},{"boss":2337,"phases":["Stage One: Exterior Carapace","Stage Two: Subcutaneous Tunnel","Stage Three: Locus of Infinite Truths"]},{"boss":2327,"phases":["Obsidian Destroyer","Obsidian Statue"]},{"boss":2344,"phases":["Stage One: Writhing Onslaught","Stage Two: Convergence"]},{"boss":2331,"phases":["Gathering Power","Unleashed Wrath"]},{"boss":2329,"phases":["The Black Emperor","Smoke and Mirrors"]},{"boss":2335,"phases":["Shadowy Carapace","Void-Tinged Carapace","Noxious Carapace"]}],"logVersion":16,"gameVersion":1,"title":"Ny'alotha","owner":"Caliptra","start":1590774374350,"end":1590782042155,"zone":24,"exportedCharacters":[{"id":34677342,"name":"Antiks","server":"Ravencrest","region":"EU"},{"id":34166062,"name":"Anvarne","server":"Silvermoon","region":"EU"},{"id":48460388,"name":"Brayclap","server":"Silvermoon","region":"EU"},{"id":28697618,"name":"Breach","server":"Silvermoon","region":"EU"},{"id":24176289,"name":"Caliptra","server":"Ravencrest","region":"EU"},{"id":47295990,"name":"Hidemodr","server":"Outland","region":"EU"},{"id":48432637,"name":"Icyene","server":"Silvermoon","region":"EU"},{"id":18057444,"name":"Isildron","server":"Silvermoon","region":"EU"},{"id":47153129,"name":"Joeragon","server":"Ravencrest","region":"EU"},{"id":47917865,"name":"Kaìrí","server":"Blackmoore","region":"EU"},{"id":72930,"name":"Kentobi","server":"Auchindoun","region":"EU"},{"id":43059862,"name":"Lilithexe","server":"Ravencrest","region":"EU"},{"id":23506246,"name":"Nancine","server":"Blackmoore","region":"EU"},{"id":16068005,"name":"Nildran","server":"Doomhammer","region":"EU"},{"id":40924644,"name":"Raynx","server":"Aegwynn","region":"EU"},{"id":48227864,"name":"Relikon","server":"Silvermoon","region":"EU"},{"id":47201944,"name":"Scrubx","server":"Aszune","region":"EU"},{"id":34848050,"name":"Shanaiya","server":"Silvermoon","region":"EU"},{"id":735168,"name":"Sillicious","server":"Auchindoun","region":"EU"},{"id":37636637,"name":"Snijder","server":"Aegwynn","region":"EU"},{"id":5511807,"name":"Spiderbreen","server":"Emerald Dream","region":"EU"},{"id":40839642,"name":"Ssendnoots","server":"Silvermoon","region":"EU"},{"id":13204573,"name":"Thordelia","server":"Silvermoon","region":"EU"},{"id":39956220,"name":"Tysunfury","server":"Silvermoon","region":"EU"},{"id":37633305,"name":"Valrenia","server":"Stormrage","region":"EU"},{"id":2876095,"name":"Wìz","server":"Aman'Thul","region":"EU"},{"id":42622095,"name":"Xyani","server":"Aegwynn","region":"EU"},{"id":38943019,"name":"Zhoé","server":"Suramar","region":"EU"},{"id":22573894,"name":"Ásilia","server":"Ravencrest","region":"EU"}]}