{"fights":[{"id":1,"boss":2412,"start_time":0,"end_time":441073,"name":"The Council of Blood","zoneID":2296,"zoneName":"Castle Nathria","zoneDifficulty":4,"size":30,"difficulty":4,"kill":true,"partial":3,"bossPercentage":0,"fightPercentage":0,"lastPhaseForPercentageDisplay":3,"maps":[1750]},{"id":2,"boss":2399,"start_time":869493,"end_time":1036254,"name":"Sludgefist","zoneID":2296,"zoneName":"Castle Nathria","zoneDifficulty":4,"size":29,"difficulty":4,"kill":false,"partial":3,"bossPercentage":5694,"fightPercentage":5694,"lastPhaseForPercentageDisplay":0,"maps":[1735]},{"id":3,"boss":2399,"start_time":1123932,"end_time":1256390,"name":"Sludgefist","zoneID":2296,"zoneName":"Castle Nathria","zoneDifficulty":4,"size":29,"difficulty":4,"kill":false,"partial":3,"bossPercentage":6444,"fightPercentage":6444,"lastPhaseForPercentageDisplay":0,"maps":[1735]},{"id":4,"boss":2399,"start_time":1390983,"end_time":1490176,"name":"Sludgefist","zoneID":2296,"zoneName":"Castle Nathria","zoneDifficulty":4,"size":29,"difficulty":4,"kill":false,"partial":3,"bossPercentage":6464,"fightPercentage":6464,"lastPhaseForPercentageDisplay":0,"maps":[1735]},{"id":5,"boss":2399,"start_time":1623488,"end_time":1892371,"name":"Sludgefist","zoneID":2296,"zoneName":"Castle Nathria","zoneDifficulty":4,"size":29,"difficulty":4,"kill":false,"partial":3,"bossPercentage":2989,"fightPercentage":2989,"lastPhaseForPercentageDisplay":0,"maps":[1735]},{"id":6,"boss":2399,"start_time":2001203,"end_time":2206498,"name":"Sludgefist","zoneID":2296,"zoneName":"Castle Nathria","zoneDifficulty":4,"size":29,"difficulty":4,"kill":false,"partial":3,"bossPercentage":4302,"fightPercentage":4302,"lastPhaseForPercentageDisplay":0,"maps":[1735]},{"id":7,"boss":2399,"start_time":2353617,"end_time":2624883,"name":"Sludgefist","zoneID":2296,"zoneName":"Castle Nathria","zoneDifficulty":4,"size":29,"difficulty":4,"kill":false,"partial":3,"bossPercentage":2688,"fightPercentage":2688,"lastPhaseForPercentageDisplay":0,"maps":[1735]},{"id":8,"boss":2399,"start_time":2735289,"end_time":2894642,"name":"Sludgefist","zoneID":2296,"zoneName":"Castle Nathria","zoneDifficulty":4,"size":29,"difficulty":4,"kill":false,"partial":3,"bossPercentage":4854,"fightPercentage":4854,"lastPhaseForPercentageDisplay":0,"maps":[1735]},{"id":9,"boss":2399,"start_time":2997172,"end_time":3293848,"name":"Sludgefist","zoneID":2296,"zoneName":"Castle Nathria","zoneDifficulty":4,"size":29,"difficulty":4,"kill":false,"partial":3,"bossPercentage":2046,"fightPercentage":2046,"lastPhaseForPercentageDisplay":0,"maps":[1735]},{"id":10,"boss":2399,"start_time":3553583,"end_time":3765056,"name":"Sludgefist","zoneID":2296,"zoneName":"Castle Nathria","zoneDifficulty":4,"size":30,"difficulty":4,"kill":false,"partial":3,"bossPercentage":4120,"fightPercentage":4120,"lastPhaseForPercentageDisplay":0,"maps":[1735]},{"id":11,"boss":2399,"start_time":3964003,"end_time":4263462,"name":"Sludgefist","zoneID":2296,"zoneName":"Castle Nathria","zoneDifficulty":4,"size":30,"difficulty":4,"kill":false,"partial":3,"bossPercentage":1698,"fightPercentage":1698,"lastPhaseForPercentageDisplay":0,"maps":[1735]},{"id":12,"boss":2399,"start_time":4371689,"end_time":4471433,"name":"Sludgefist","zoneID":2296,"zoneName":"Castle Nathria","zoneDifficulty":4,"size":30,"difficulty":4,"kill":false,"partial":3,"bossPercentage":6739,"fightPercentage":6739,"lastPhaseForPercentageDisplay":0,"maps":[1735]},{"id":13,"boss":2399,"start_time":5174034,"end_time":5480789,"name":"Sludgefist","zoneID":2296,"zoneName":"Castle Nathria","zoneDifficulty":4,"size":30,"difficulty":4,"kill":false,"partial":3,"bossPercentage":2259,"fightPercentage":2259,"lastPhaseForPercentageDisplay":0,"maps":[1735]},{"id":14,"boss":2399,"start_time":5598636,"end_time":5883646,"name":"Sludgefist","zoneID":2296,"zoneName":"Castle Nathria","zoneDifficulty":4,"size":30,"difficulty":4,"kill":false,"partial":3,"bossPercentage":2020,"fightPercentage":2020,"lastPhaseForPercentageDisplay":0,"maps":[1735]},{"id":15,"boss":2399,"start_time":5962036,"end_time":6257910,"name":"Sludgefist","zoneID":2296,"zoneName":"Castle Nathria","zoneDifficulty":4,"size":30,"difficulty":4,"kill":true,"partial":3,"bossPercentage":0,"fightPercentage":0,"lastPhaseForPercentageDisplay":0,"maps":[1735]},{"id":16,"boss":2417,"start_time":6713498,"end_time":6787498,"name":"Stone Legion Generals","zoneID":2296,"zoneName":"Castle Nathria","zoneDifficulty":4,"size":30,"difficulty":4,"kill":false,"partial":3,"bossPercentage":8209,"fightPercentage":8209,"lastPhaseForPercentageDisplay":1,"maps":[1747]},{"id":17,"boss":2417,"start_time":6918214,"end_time":6985165,"name":"Stone Legion Generals","zoneID":2296,"zoneName":"Castle Nathria","zoneDifficulty":4,"size":30,"difficulty":4,"kill":false,"partial":3,"bossPercentage":8600,"fightPercentage":8600,"lastPhaseForPercentageDisplay":1,"maps":[1747]},{"id":18,"boss":2417,"start_time":7068488,"end_time":7216233,"name":"Stone Legion Generals","zoneID":2296,"zoneName":"Castle Nathria","zoneDifficulty":4,"size":30,"difficulty":4,"kill":false,"partial":3,"bossPercentage":7477,"fightPercentage":7477,"lastPhaseForPercentageDisplay":1,"maps":[1747]},{"id":19,"boss":2417,"start_time":7336836,"end_time":7427818,"name":"Stone Legion Generals","zoneID":2296,"zoneName":"Castle Nathria","zoneDifficulty":4,"size":30,"difficulty":4,"kill":false,"partial":3,"bossPercentage":8222,"fightPercentage":8222,"lastPhaseForPercentageDisplay":1,"maps":[1747]},{"id":20,"boss":2417,"start_time":7497790,"end_time":7817933,"name":"Stone Legion Generals","zoneID":2296,"zoneName":"Castle Nathria","zoneDifficulty":4,"size":30,"difficulty":4,"kill":false,"partial":3,"bossPercentage":5724,"fightPercentage":5724,"lastPhaseForPercentageDisplay":2,"maps":[1747]},{"id":21,"boss":2417,"start_time":7952195,"end_time":8154323,"name":"Stone Legion Generals","zoneID":2296,"zoneName":"Castle Nathria","zoneDifficulty":4,"size":30,"difficulty":4,"kill":false,"partial":3,"bossPercentage":7164,"fightPercentage":7164,"lastPhaseForPercentageDisplay":2,"maps":[1747]},{"id":22,"boss":2417,"start_time":8840841,"end_time":9284834,"name":"Stone Legion Generals","zoneID":2296,"zoneName":"Castle Nathria","zoneDifficulty":4,"size":30,"difficulty":4,"kill":false,"partial":3,"bossPercentage":4828,"fightPercentage":4828,"lastPhaseForPercentageDisplay":3,"maps":[1747]},{"id":23,"boss":2417,"start_time":9388016,"end_time":9585134,"name":"Stone Legion Generals","zoneID":2296,"zoneName":"Castle Nathria","zoneDifficulty":4,"size":30,"difficulty":4,"kill":false,"partial":3,"bossPercentage":7446,"fightPercentage":7446,"lastPhaseForPercentageDisplay":1,"maps":[1747]},{"id":24,"boss":2417,"start_time":9659427,"end_time":9967954,"name":"Stone Legion Generals","zoneID":2296,"zoneName":"Castle Nathria","zoneDifficulty":4,"size":30,"difficulty":4,"kill":false,"partial":3,"bossPercentage":5193,"fightPercentage":5193,"lastPhaseForPercentageDisplay":2,"maps":[1747]},{"id":25,"boss":2417,"start_time":10045091,"end_time":10635968,"name":"Stone Legion Generals","zoneID":2296,"zoneName":"Castle Nathria","zoneDifficulty":4,"size":30,"difficulty":4,"kill":true,"partial":3,"bossPercentage":0,"fightPercentage":0,"lastPhaseForPercentageDisplay":3,"maps":[1747]},{"id":26,"boss":2407,"start_time":11023128,"end_time":11088495,"name":"Sire Denathrius","zoneID":2296,"zoneName":"Castle Nathria","zoneDifficulty":4,"size":30,"difficulty":4,"kill":false,"partial":3,"bossPercentage":8619,"fightPercentage":8619,"lastPhaseForPercentageDisplay":1,"maps":[1747]},{"id":27,"boss":2407,"start_time":11207117,"end_time":11368626,"name":"Sire Denathrius","zoneID":2296,"zoneName":"Castle Nathria","zoneDifficulty":4,"size":30,"difficulty":4,"kill":false,"partial":3,"bossPercentage":7511,"fightPercentage":7511,"lastPhaseForPercentageDisplay":1,"maps":[1747]},{"id":28,"boss":2407,"start_time":11484247,"end_time":11556432,"name":"Sire Denathrius","zoneID":2296,"zoneName":"Castle Nathria","zoneDifficulty":4,"size":30,"difficulty":4,"kill":false,"partial":3,"bossPercentage":8723,"fightPercentage":8723,"lastPhaseForPercentageDisplay":1,"maps":[1747]},{"id":29,"boss":2407,"start_time":11634701,"end_time":11699281,"name":"Sire Denathrius","zoneID":2296,"zoneName":"Castle Nathria","zoneDifficulty":4,"size":30,"difficulty":4,"kill":false,"partial":3,"bossPercentage":8609,"fightPercentage":8609,"lastPhaseForPercentageDisplay":1,"maps":[1747]},{"id":30,"boss":2407,"start_time":11793958,"end_time":12036622,"name":"Sire Denathrius","zoneID":2296,"zoneName":"Castle Nathria","zoneDifficulty":4,"size":30,"difficulty":4,"kill":false,"partial":3,"bossPercentage":6744,"fightPercentage":6744,"lastPhaseForPercentageDisplay":2,"maps":[1747,1748]},{"id":31,"boss":2407,"start_time":12162171,"end_time":12413941,"name":"Sire Denathrius","zoneID":2296,"zoneName":"Castle Nathria","zoneDifficulty":4,"size":30,"difficulty":4,"kill":false,"partial":3,"bossPercentage":6853,"fightPercentage":6853,"lastPhaseForPercentageDisplay":2,"maps":[1747,1748]}],"lang":"en","friendlies":[{"name":"Drwoerde","id":19,"guid":140958251,"type":"Priest","server":"Blackmoore","icon":"Priest-Holy","fights":[{"id":1},{"id":2},{"id":3},{"id":4},{"id":5},{"id":6},{"id":7},{"id":8},{"id":9},{"id":10},{"id":11},{"id":12},{"id":13},{"id":14},{"id":15},{"id":16},{"id":17},{"id":18},{"id":19},{"id":20},{"id":21},{"id":22},{"id":23},{"id":24},{"id":25},{"id":26},{"id":27},{"id":28},{"id":29},{"id":30},{"id":31}]},{"name":"Harryspottér","id":25,"guid":144194007,"type":"Shaman","server":"Blackmoore","icon":"Shaman-Restoration","fights":[{"id":1},{"id":2},{"id":3},{"id":4},{"id":5},{"id":6},{"id":7},{"id":8},{"id":9},{"id":10},{"id":11},{"id":12},{"id":13},{"id":14},{"id":15},{"id":16},{"id":17},{"id":18},{"id":19},{"id":20},{"id":21},{"id":22},{"id":23},{"id":24},{"id":25},{"id":26},{"id":27},{"id":28},{"id":29},{"id":30},{"id":31}]},{"name":"Zensiert","id":12,"guid":334882,"type":"Warlock","server":"Blackmoore","icon":"Warlock","fights":[{"id":1},{"id":2},{"id":3},{"id":4},{"id":5},{"id":6},{"id":7},{"id":8},{"id":9},{"id":10},{"id":11},{"id":12},{"id":13},{"id":14},{"id":15},{"id":16},{"id":17},{"id":18},{"id":19},{"id":20},{"id":21},{"id":22},{"id":23},{"id":24},{"id":25},{"id":26},{"id":27},{"id":28},{"id":29},{"id":30},{"id":31}]},{"name":"Ðecision","id":6,"guid":141830284,"type":"DeathKnight","server":"Blackmoore","icon":"DeathKnight-Unholy","fights":[{"id":1},{"id":2},{"id":3},{"id":4},{"id":5},{"id":6},{"id":7},{"id":8},{"id":9},{"id":10},{"id":11},{"id":12},{"id":13},{"id":14},{"id":15},{"id":16},{"id":17},{"id":18},{"id":19},{"id":20},{"id":21},{"id":22},{"id":23},{"id":24},{"id":25},{"id":26},{"id":27},{"id":28},{"id":29},{"id":30},{"id":31}]},{"name":"Zenyogan","id":8,"guid":135596321,"type":"Monk","server":"Blackmoore","icon":"Monk-Windwalker","fights":[{"id":1},{"id":2},{"id":3},{"id":4},{"id":5},{"id":6},{"id":7},{"id":8},{"id":9},{"id":10},{"id":11},{"id":12},{"id":13},{"id":14},{"id":15},{"id":16},{"id":17},{"id":18},{"id":19},{"id":20},{"id":21},{"id":22},{"id":23},{"id":24},{"id":25},{"id":26},{"id":27},{"id":28},{"id":29},{"id":30},{"id":31}]},{"name":"Larelulw","id":1,"guid":146899328,"type":"Hunter","server":"Blackmoore","icon":"Hunter-Marksmanship","fights":[{"id":1},{"id":2},{"id":3},{"id":4},{"id":5},{"id":6},{"id":7},{"id":8},{"id":9},{"id":10},{"id":11},{"id":12},{"id":13},{"id":14},{"id":15},{"id":16},{"id":17},{"id":18},{"id":19},{"id":20},{"id":21},{"id":22},{"id":23},{"id":24},{"id":25},{"id":26},{"id":27},{"id":28},{"id":29},{"id":30},{"id":31}]},{"name":"Druidinlea","id":17,"guid":137538824,"type":"Druid","server":"Blackmoore","icon":"Druid-Guardian","fights":[{"id":1},{"id":2},{"id":3},{"id":4},{"id":5},{"id":6},{"id":7},{"id":8},{"id":9},{"id":10},{"id":11},{"id":12},{"id":13},{"id":14},{"id":15},{"id":16},{"id":17},{"id":18},{"id":19},{"id":20},{"id":21},{"id":22},{"id":23},{"id":24},{"id":25},{"id":26},{"id":27},{"id":28},{"id":29},{"id":30},{"id":31}]},{"name":"Spøb","id":10,"guid":137662600,"type":"Hunter","server":"Blackmoore","icon":"Hunter-BeastMastery","fights":[{"id":1},{"id":2},{"id":3},{"id":4},{"id":5},{"id":6},{"id":7},{"id":8},{"id":9},{"id":10},{"id":11},{"id":12},{"id":13},{"id":14},{"id":15},{"id":16},{"id":17},{"id":18},{"id":19},{"id":20},{"id":21},{"id":22},{"id":23},{"id":24},{"id":25},{"id":26},{"id":27},{"id":28},{"id":29},{"id":30},{"id":31}]},{"name":"Sliggi","id":5,"guid":142646525,"type":"DeathKnight","server":"Blackmoore","icon":"DeathKnight-Unholy","fights":[{"id":1},{"id":2},{"id":3},{"id":4},{"id":5},{"id":6},{"id":7},{"id":8},{"id":9},{"id":10},{"id":11},{"id":12},{"id":13},{"id":14},{"id":15},{"id":16},{"id":17},{"id":18},{"id":19},{"id":20},{"id":21},{"id":22},{"id":23},{"id":24},{"id":25},{"id":26},{"id":27},{"id":28},{"id":29},{"id":30},{"id":31}]},{"name":"Wøød","id":9,"guid":143641738,"type":"Druid","server":"Blackmoore","icon":"Druid-Balance","fights":[{"id":1},{"id":2},{"id":3},{"id":4},{"id":5},{"id":6},{"id":7},{"id":8},{"id":9},{"id":10},{"id":11},{"id":12},{"id":13},{"id":14},{"id":15},{"id":16},{"id":17},{"id":18},{"id":19},{"id":20},{"id":21},{"id":22},{"id":23},{"id":24},{"id":25},{"id":26},{"id":27},{"id":28},{"id":29},{"id":30},{"id":31}]},{"name":"Flôppster","id":18,"guid":139058916,"type":"Shaman","server":"Blackmoore","icon":"Shaman-Restoration","fights":[{"id":1},{"id":2},{"id":3},{"id":4},{"id":5},{"id":6},{"id":7},{"id":8},{"id":9},{"id":10},{"id":11},{"id":12},{"id":13},{"id":14},{"id":15},{"id":16},{"id":17},{"id":18},{"id":19},{"id":20},{"id":21},{"id":22},{"id":23},{"id":24},{"id":25},{"id":26},{"id":27},{"id":28},{"id":29},{"id":30},{"id":31}]},{"name":"Nijirasu","id":24,"guid":137474429,"type":"Hunter","server":"Blackmoore","icon":"Hunter-Marksmanship","fights":[{"id":1},{"id":2},{"id":3},{"id":4},{"id":5},{"id":6},{"id":7},{"id":8},{"id":9},{"id":10},{"id":11},{"id":12},{"id":13},{"id":14},{"id":15},{"id":16},{"id":17},{"id":18},{"id":19},{"id":20},{"id":21},{"id":22},{"id":23},{"id":24},{"id":25},{"id":26},{"id":27},{"id":28},{"id":29},{"id":30},{"id":31}]},{"name":"Terrôrfussel","id":16,"guid":146917833,"type":"Warlock","server":"Blackmoore","icon":"Warlock","fights":[{"id":1},{"id":10},{"id":11},{"id":12},{"id":13},{"id":14},{"id":15},{"id":16},{"id":17},{"id":18},{"id":19},{"id":20},{"id":21},{"id":22},{"id":23},{"id":24},{"id":25},{"id":26},{"id":27},{"id":28},{"id":29},{"id":30},{"id":31}]},{"name":"Veereesawa","id":26,"guid":164546014,"type":"Warrior","server":"Blackmoore","icon":"Warrior-Arms","fights":[{"id":1},{"id":2},{"id":3},{"id":4},{"id":5},{"id":6},{"id":7},{"id":8},{"id":9},{"id":10},{"id":11},{"id":12},{"id":13},{"id":14},{"id":15},{"id":16},{"id":17},{"id":18},{"id":19},{"id":20},{"id":21},{"id":22},{"id":23},{"id":24},{"id":25},{"id":26},{"id":27},{"id":28},{"id":29},{"id":30},{"id":31}]},{"name":"Lothírìel","id":14,"guid":135894934,"type":"Warlock","server":"Blackmoore","icon":"Warlock-Affliction","fights":[{"id":1},{"id":2},{"id":3},{"id":4},{"id":5},{"id":6},{"id":7},{"id":8},{"id":9},{"id":10},{"id":11},{"id":12},{"id":13},{"id":14},{"id":15},{"id":16},{"id":17},{"id":18},{"id":19},{"id":20},{"id":21},{"id":22},{"id":23},{"id":24},{"id":25},{"id":26},{"id":27},{"id":28},{"id":29},{"id":30},{"id":31}]},{"name":"Aqri","id":27,"guid":137351501,"type":"Rogue","server":"Blackmoore","icon":"Rogue-Outlaw","fights":[{"id":1},{"id":2},{"id":3},{"id":4},{"id":5},{"id":6},{"id":7},{"id":8},{"id":9},{"id":10},{"id":11},{"id":12},{"id":13},{"id":14},{"id":15},{"id":16},{"id":17},{"id":18},{"id":19},{"id":20},{"id":21},{"id":22},{"id":23},{"id":24},{"id":25},{"id":26},{"id":27},{"id":28},{"id":29},{"id":30},{"id":31}]},{"name":"Derflamingo","id":28,"guid":124879324,"type":"Paladin","server":"Blackmoore","icon":"Paladin-Retribution","fights":[{"id":1},{"id":2},{"id":3},{"id":4},{"id":5},{"id":6},{"id":7},{"id":8},{"id":9},{"id":10},{"id":11},{"id":12},{"id":13},{"id":14},{"id":15},{"id":16},{"id":17},{"id":18},{"id":19},{"id":20},{"id":21},{"id":22},{"id":23},{"id":24},{"id":25},{"id":26},{"id":27},{"id":28},{"id":29},{"id":30},{"id":31}]},{"name":"Vortia","id":23,"guid":138090821,"type":"Mage","server":"Blackmoore","icon":"Mage-Fire","fights":[{"id":1},{"id":2},{"id":3},{"id":4},{"id":5},{"id":6},{"id":7},{"id":8},{"id":9},{"id":10},{"id":11},{"id":12},{"id":13},{"id":14},{"id":15},{"id":16},{"id":17},{"id":18},{"id":19},{"id":20},{"id":21},{"id":22},{"id":23},{"id":24},{"id":25},{"id":26},{"id":27},{"id":28},{"id":29},{"id":30},{"id":31}]},{"name":"Nabiratwo","id":13,"guid":166005581,"type":"Priest","server":"Blackmoore","icon":"Priest-Shadow","fights":[{"id":1},{"id":2},{"id":3},{"id":4},{"id":5},{"id":6},{"id":7},{"id":8},{"id":9},{"id":10},{"id":11},{"id":12},{"id":13},{"id":14},{"id":15},{"id":16},{"id":17},{"id":18},{"id":19},{"id":20},{"id":21},{"id":22},{"id":23},{"id":24},{"id":25},{"id":26},{"id":27},{"id":28},{"id":29},{"id":30},{"id":31}]},{"name":"Qyr","id":22,"guid":130600997,"type":"Rogue","server":"Blackmoore","icon":"Rogue-Subtlety","fights":[{"id":1},{"id":2},{"id":3},{"id":4},{"id":5},{"id":6},{"id":7},{"id":8},{"id":9},{"id":10},{"id":11},{"id":12},{"id":13},{"id":14},{"id":15},{"id":16},{"id":17},{"id":18},{"id":19},{"id":20},{"id":21},{"id":22},{"id":23},{"id":24},{"id":25},{"id":26},{"id":27},{"id":28},{"id":29},{"id":30},{"id":31}]},{"name":"General Draven","id":137,"guid":170404,"type":"NPC","icon":"custom-icon-spell_frost_stun","fights":[{"id":20,"instances":1,"groups":2},{"id":21,"instances":1,"groups":2},{"id":22,"instances":1,"groups":4},{"id":24,"instances":1,"groups":2},{"id":25,"instances":1,"groups":4}]},{"name":"Naûr","id":7,"guid":139140040,"type":"Warlock","server":"Blackmoore","icon":"Warlock-Affliction","fights":[{"id":1},{"id":2},{"id":3},{"id":4},{"id":5},{"id":6},{"id":7},{"id":8},{"id":9},{"id":10},{"id":11},{"id":12},{"id":13},{"id":14},{"id":15},{"id":16},{"id":17},{"id":18},{"id":19},{"id":20},{"id":21},{"id":22},{"id":23},{"id":24},{"id":25},{"id":26},{"id":27},{"id":28},{"id":29},{"id":30},{"id":31}]},{"name":"Missobvious","id":4,"guid":112127279,"type":"Priest","server":"Blackmoore","icon":"Priest-Shadow","fights":[{"id":1},{"id":2},{"id":3},{"id":4},{"id":5},{"id":6},{"id":7},{"id":8},{"id":9},{"id":10},{"id":11},{"id":12},{"id":13},{"id":14},{"id":15},{"id":16},{"id":17},{"id":18},{"id":19},{"id":20},{"id":21},{"id":22},{"id":23},{"id":24},{"id":25},{"id":26},{"id":27},{"id":28},{"id":29},{"id":30},{"id":31}]},{"name":"Thyyla","id":29,"guid":165491917,"type":"Mage","server":"Blackmoore","icon":"Mage-Frost","fights":[{"id":1},{"id":2},{"id":3},{"id":4},{"id":5},{"id":6},{"id":7},{"id":8},{"id":9},{"id":10},{"id":11},{"id":12},{"id":13},{"id":14},{"id":15},{"id":16},{"id":17},{"id":18},{"id":19},{"id":20},{"id":21},{"id":22},{"id":23},{"id":24},{"id":25},{"id":26},{"id":27},{"id":28},{"id":29},{"id":30},{"id":31}]},{"name":"Euergnaden","id":30,"guid":138064079,"type":"Priest","server":"Blackmoore","icon":"Priest-Holy","fights":[{"id":1},{"id":2},{"id":3},{"id":4},{"id":5},{"id":6},{"id":7},{"id":8},{"id":9},{"id":10},{"id":11},{"id":12},{"id":13},{"id":14},{"id":15},{"id":16},{"id":17},{"id":18},{"id":19},{"id":20},{"id":21},{"id":22},{"id":23},{"id":24},{"id":25},{"id":26},{"id":27},{"id":28},{"id":29},{"id":30},{"id":31}]},{"name":"Duidi","id":11,"guid":132846864,"type":"Druid","server":"Blackmoore","icon":"Druid-Restoration","fights":[{"id":1},{"id":2},{"id":3},{"id":4},{"id":5},{"id":6},{"id":7},{"id":8},{"id":9},{"id":10},{"id":11},{"id":12},{"id":13},{"id":14},{"id":15},{"id":16},{"id":17},{"id":18},{"id":19},{"id":20},{"id":21},{"id":22},{"id":23},{"id":24},{"id":25},{"id":26},{"id":27},{"id":28},{"id":29},{"id":30},{"id":31}]},{"name":"Loùis","id":15,"guid":121442154,"type":"Shaman","server":"Blackmoore","icon":"Shaman-Restoration","fights":[{"id":1},{"id":2},{"id":3},{"id":4},{"id":5},{"id":6},{"id":7},{"id":8},{"id":9},{"id":10},{"id":11},{"id":12},{"id":13},{"id":14},{"id":15},{"id":16},{"id":17},{"id":18},{"id":19},{"id":20},{"id":21},{"id":22},{"id":23},{"id":24},{"id":25},{"id":26},{"id":27},{"id":28},{"id":29},{"id":30},{"id":31}]},{"name":"Méphistoo","id":20,"guid":148699805,"type":"DemonHunter","server":"Blackmoore","icon":"DemonHunter-Havoc","fights":[{"id":1},{"id":2},{"id":3},{"id":4},{"id":5},{"id":6},{"id":7},{"id":8},{"id":9},{"id":10},{"id":11},{"id":12},{"id":13},{"id":14},{"id":15},{"id":16},{"id":17},{"id":18},{"id":19},{"id":20},{"id":21},{"id":22},{"id":23},{"id":24},{"id":25},{"id":26},{"id":27},{"id":28},{"id":29},{"id":30},{"id":31}]},{"name":"Belligerent Waiter","id":85,"guid":175474,"type":"NPC","icon":"custom-icon-ui_sigil_venthyr","fights":[{"id":1,"instances":3,"groups":6}]},{"name":"Shrukàn","id":3,"guid":135568445,"type":"Warrior","server":"Blackmoore","icon":"Warrior-Fury","fights":[{"id":1},{"id":2},{"id":3},{"id":4},{"id":5},{"id":6},{"id":7},{"id":8},{"id":9},{"id":10},{"id":11},{"id":12},{"id":13},{"id":14},{"id":15},{"id":16},{"id":17},{"id":18},{"id":19},{"id":20},{"id":21},{"id":22},{"id":23},{"id":24},{"id":25},{"id":26},{"id":27},{"id":28},{"id":29},{"id":30},{"id":31}]},{"name":"Fösen","id":21,"guid":132330125,"type":"Monk","server":"Blackmoore","icon":"Monk-Brewmaster","fights":[{"id":1},{"id":2},{"id":3},{"id":4},{"id":5},{"id":6},{"id":7},{"id":8},{"id":9},{"id":10},{"id":11},{"id":12},{"id":13},{"id":14},{"id":15},{"id":16},{"id":17},{"id":18},{"id":19},{"id":20},{"id":21},{"id":22},{"id":23},{"id":24},{"id":25},{"id":26},{"id":27},{"id":28},{"id":29},{"id":30},{"id":31}]},{"name":"Night Hunter","id":153,"guid":168474,"type":"NPC","icon":"custom-icon-sha_ability_rogue_bloodyeye_nightmare","fights":[{"id":26,"instances":4,"groups":2},{"id":27,"instances":12,"groups":6},{"id":28,"instances":6,"groups":3},{"id":29,"instances":4,"groups":2},{"id":30,"instances":10,"groups":5},{"id":31,"instances":12,"groups":6}]},{"name":"Iamcheeses","id":2,"guid":135656833,"type":"Mage","server":"Blackmoore","icon":"Mage-Frost","fights":[{"id":1},{"id":2},{"id":3},{"id":4},{"id":5},{"id":6},{"id":7},{"id":8},{"id":9},{"id":10},{"id":11},{"id":12},{"id":13},{"id":14},{"id":15},{"id":16},{"id":17},{"id":18},{"id":19},{"id":20},{"id":21},{"id":22},{"id":23},{"id":24},{"id":25},{"id":26},{"id":27},{"id":28},{"id":29},{"id":30},{"id":31}]},{"name":"Prince Renathal","id":135,"guid":169835,"type":"NPC","icon":"custom-icon-6bf_explosive_shard","fights":[{"id":18,"instances":1,"groups":2},{"id":20,"instances":1,"groups":4},{"id":21,"instances":1,"groups":3},{"id":22,"instances":1,"groups":6},{"id":23,"instances":1,"groups":5},{"id":24,"instances":1,"groups":3},{"id":25,"instances":1,"groups":7}]},{"name":"Belligerent Waiter","id":91,"guid":174878,"type":"NPC","icon":"custom-icon-ui_sigil_venthyr","fights":[{"id":1,"instances":16,"groups":2}]}],"enemies":[{"name":"General Kaal","id":132,"guid":168112,"type":"Boss","icon":"custom-icon-ability_revendreth_rogue","fights":[{"id":16,"instances":1},{"id":17,"instances":1},{"id":18,"instances":1},{"id":19,"instances":1},{"id":20,"instances":1},{"id":21,"instances":1},{"id":22,"instances":1},{"id":23,"instances":1},{"id":24,"instances":1},{"id":25,"instances":1}]},{"name":"Remornia","id":155,"guid":168158,"type":"NPC","icon":"custom-icon-spell_shadow_shadowfury","fights":[{"id":26,"instances":1,"groups":1},{"id":27,"instances":1,"groups":2},{"id":28,"instances":1,"groups":1},{"id":29,"instances":1,"groups":1},{"id":30,"instances":1,"groups":3},{"id":31,"instances":1,"groups":3}]},{"name":"Stone Legion Goliath","id":133,"guid":172858,"type":"NPC","icon":"custom-icon-ability_druid_mangle2","fights":[{"id":16,"instances":2},{"id":17,"instances":2},{"id":18,"instances":3},{"id":19,"instances":2},{"id":20,"instances":5},{"id":21,"instances":4},{"id":22,"instances":6},{"id":23,"instances":3},{"id":24,"instances":5},{"id":25,"instances":6}]},{"name":"Dance Controller","id":75,"guid":168870,"type":"NPC","icon":"custom-icon-trade_engineering","fights":[{"id":1,"instances":1,"groups":6}]},{"name":"Sludgefist","id":92,"guid":164407,"type":"Boss","icon":"custom-icon-ability_garrosh_hellscreams_warsong","fights":[{"id":2,"instances":1},{"id":3,"instances":1},{"id":4,"instances":1},{"id":5,"instances":1},{"id":6,"instances":1},{"id":7,"instances":1},{"id":8,"instances":1},{"id":9,"instances":1},{"id":10,"instances":1},{"id":11,"instances":1},{"id":12,"instances":1},{"id":13,"instances":1},{"id":14,"instances":1},{"id":15,"instances":1}]},{"name":"General Grashaal","id":134,"guid":168113,"type":"Boss","icon":"custom-icon-inv_elementalearth2","fights":[{"id":16,"instances":1},{"id":17,"instances":1},{"id":18,"instances":1},{"id":19,"instances":1},{"id":20,"instances":1},{"id":21,"instances":1},{"id":22,"instances":1},{"id":23,"instances":1},{"id":24,"instances":1},{"id":25,"instances":1}]},{"name":"Lord Stavros","id":31,"guid":166970,"type":"Boss","icon":"custom-icon-ability_warlock_soullink","fights":[{"id":1,"instances":1}]},{"name":"Crimson Cabalist","id":158,"guid":169196,"type":"NPC","icon":"custom-icon-spell_animarevendreth_missile","fights":[{"id":30,"instances":4,"groups":1},{"id":31,"instances":4,"groups":1}]},{"name":"Dutiful Attendant","id":65,"guid":175992,"type":"NPC","icon":"custom-icon-inv_shield_1h_revendrethquest_b_01","fights":[{"id":1,"instances":8,"groups":9}]},{"name":"Veteran Stoneguard","id":87,"guid":169924,"type":"NPC","icon":"custom-icon-trade_engineering","fights":[{"id":1,"instances":1}]},{"name":"Hand of Destruction","id":160,"guid":169813,"type":"NPC","icon":"custom-icon-spell_shadow_unholystrength","fights":[{"id":30,"instances":1},{"id":31,"instances":1}]},{"name":"Crimson Cabalist","id":159,"guid":169470,"type":"NPC","icon":"custom-icon-spell_animarevendreth_buff","fights":[{"id":30,"instances":1},{"id":31,"instances":1}]},{"name":"Stone Legion Commando","id":138,"guid":169601,"type":"NPC","icon":"custom-icon-spell_animarevendreth_missile","fights":[{"id":18,"instances":8,"groups":2},{"id":20,"instances":13,"groups":2},{"id":21,"instances":13,"groups":2},{"id":22,"instances":31,"groups":4},{"id":23,"instances":18,"groups":2},{"id":24,"instances":13,"groups":2},{"id":25,"instances":30,"groups":4}]},{"name":"Reverberating Eruption Stalker","id":141,"guid":175102,"type":"NPC","icon":"custom-icon-inv_elementalearth2","fights":[{"id":20,"instances":4,"groups":6},{"id":22,"instances":8,"groups":11},{"id":24,"instances":4,"groups":6},{"id":25,"instances":12,"groups":20}]},{"name":"Sire Denathrius","id":150,"guid":167406,"type":"Boss","icon":"custom-icon-inv_artifact_powerofthedarkside","fights":[{"id":26,"instances":1},{"id":27,"instances":1},{"id":28,"instances":1},{"id":29,"instances":1},{"id":30,"instances":1},{"id":31,"instances":1}]},{"name":"Remornia","id":151,"guid":168156,"type":"NPC","icon":"custom-icon-spell_shadow_lifedrain","fights":[{"id":26,"instances":1,"groups":2},{"id":27,"instances":1,"groups":4},{"id":28,"instances":1,"groups":2},{"id":29,"instances":1,"groups":2},{"id":30,"instances":1,"groups":2},{"id":31,"instances":1,"groups":2}]},{"name":"Begrudging Waiter","id":80,"guid":169925,"type":"NPC","icon":"custom-icon-ability_mage_conjurefoodrank9","fights":[{"id":1,"instances":30,"groups":3}]},{"name":"Castellan Niklaus","id":45,"guid":166971,"type":"Boss","icon":"custom-icon-inv_knife_1h_revendreth_d_01","fights":[{"id":1,"instances":1}]},{"name":"Echo of Sin","id":152,"guid":167999,"type":"NPC","icon":"custom-icon-spell_misc_emotionsad","fights":[{"id":26,"instances":24,"groups":2},{"id":27,"instances":60,"groups":5},{"id":28,"instances":25,"groups":1},{"id":29,"instances":30,"groups":2},{"id":30,"instances":79,"groups":5},{"id":31,"instances":82,"groups":6}]},{"name":"Baroness Frieda","id":38,"guid":166969,"type":"Boss","icon":"custom-icon-spell_animarevendreth_missile","fights":[{"id":1,"instances":1}]}],"friendlyPets":[{"name":"Gravelchewer","id":56,"guid":45556214,"type":"Pet","icon":"abilities/spell_shadow_animatedead","petOwner":6,"fights":[{"id":1,"instances":1},{"id":2,"instances":1},{"id":3,"instances":1},{"id":4,"instances":1},{"id":5,"instances":1},{"id":6,"instances":1},{"id":7,"instances":1},{"id":8,"instances":1},{"id":9,"instances":1},{"id":10,"instances":1},{"id":11,"instances":1},{"id":12,"instances":1},{"id":13,"instances":1},{"id":14,"instances":1},{"id":15,"instances":1},{"id":16,"instances":1},{"id":17,"instances":1},{"id":18,"instances":1},{"id":19,"instances":1},{"id":20,"instances":1},{"id":21,"instances":1},{"id":22,"instances":1},{"id":23,"instances":1},{"id":24,"instances":1},{"id":25,"instances":1},{"id":26,"instances":1},{"id":27,"instances":1},{"id":28,"instances":1},{"id":29,"instances":1},{"id":30,"instances":1},{"id":31,"instances":1}]},{"name":"Capacitor Totem","id":154,"guid":61245,"type":"Pet","icon":"abilities/spell_nature_brilliance","petOwner":15,"fights":[{"id":26,"instances":1},{"id":27,"instances":1}]},{"name":"Demonic Gateway","id":118,"guid":59271,"type":"Pet","icon":"custom-icon-trade_engineering","petOwner":16,"fights":[{"id":11,"instances":1}]},{"name":"Infernal","id":146,"guid":89,"type":"Pet","icon":"abilities/spell_shadow_summoninfernal","petOwner":16,"fights":[{"id":22,"instances":7},{"id":23,"instances":3},{"id":24,"instances":6},{"id":25,"instances":9},{"id":26,"instances":2},{"id":27,"instances":1},{"id":28,"instances":2},{"id":29,"instances":1},{"id":30,"instances":3},{"id":31,"instances":2}]},{"name":"Darkglare","id":69,"guid":103673,"type":"Pet","icon":"abilities/inv_beholderwarlock","petOwner":14,"fights":[{"id":1,"instances":3},{"id":2,"instances":1},{"id":4,"instances":1},{"id":5,"instances":1},{"id":6,"instances":1},{"id":7,"instances":1},{"id":8,"instances":1},{"id":9,"instances":1},{"id":10,"instances":1},{"id":11,"instances":1},{"id":12,"instances":1},{"id":13,"instances":2},{"id":14,"instances":1},{"id":15,"instances":2},{"id":16,"instances":1},{"id":17,"instances":1},{"id":18,"instances":1},{"id":19,"instances":1},{"id":20,"instances":2},{"id":21,"instances":1},{"id":22,"instances":2},{"id":23,"instances":1},{"id":24,"instances":2},{"id":25,"instances":3},{"id":26,"instances":1},{"id":27,"instances":1},{"id":28,"instances":1},{"id":30,"instances":1},{"id":31,"instances":1}]},{"name":"Earth Spirit","id":50,"guid":69792,"type":"Pet","icon":"abilities/inv_elemental_primal_earth","petOwner":8,"fights":[{"id":1,"instances":6},{"id":2,"instances":3},{"id":3,"instances":3},{"id":4,"instances":2},{"id":5,"instances":2},{"id":6,"instances":3},{"id":7,"instances":3},{"id":8,"instances":3},{"id":9,"instances":3},{"id":10,"instances":3},{"id":11,"instances":5},{"id":12,"instances":2},{"id":13,"instances":4},{"id":14,"instances":4},{"id":15,"instances":5},{"id":16,"instances":2},{"id":17,"instances":2},{"id":18,"instances":3},{"id":19,"instances":2},{"id":20,"instances":3},{"id":21,"instances":2},{"id":22,"instances":6},{"id":23,"instances":2},{"id":24,"instances":4},{"id":25,"instances":8},{"id":26,"instances":2},{"id":27,"instances":2},{"id":28,"instances":2},{"id":29,"instances":2},{"id":30,"instances":4},{"id":31,"instances":4}]},{"name":"Capacitor Totem","id":88,"guid":61245,"type":"Pet","icon":"abilities/spell_nature_brilliance","petOwner":18,"fights":[{"id":1,"instances":1}]},{"name":"Nik'tok","id":143,"guid":46571421,"type":"Pet","icon":"abilities/spell_warlock_summonimpoutland","petOwner":16,"fights":[{"id":22,"instances":1},{"id":23,"instances":1},{"id":24,"instances":1},{"id":25,"instances":1},{"id":26,"instances":1},{"id":27,"instances":1},{"id":28,"instances":1},{"id":29,"instances":1},{"id":30,"instances":1},{"id":31,"instances":1}]},{"name":"Spirit Link Totem","id":93,"guid":53006,"type":"Pet","icon":"abilities/spell_shaman_spiritlink","petOwner":15,"fights":[{"id":2,"instances":1},{"id":3,"instances":1},{"id":4,"instances":1},{"id":5,"instances":1},{"id":6,"instances":1},{"id":7,"instances":1},{"id":8,"instances":1},{"id":9,"instances":2},{"id":10,"instances":1},{"id":11,"instances":2},{"id":12,"instances":1},{"id":13,"instances":2},{"id":14,"instances":1},{"id":15,"instances":2},{"id":19,"instances":1},{"id":20,"instances":2},{"id":21,"instances":1},{"id":22,"instances":2},{"id":23,"instances":1},{"id":24,"instances":2},{"id":25,"instances":3},{"id":26,"instances":1},{"id":27,"instances":1},{"id":28,"instances":1},{"id":29,"instances":1},{"id":30,"instances":1},{"id":31,"instances":1}]},{"name":"Army of the Dead","id":32,"guid":24207,"type":"Pet","icon":"abilities/artifactability_unholydeathknight_deathsembrace","petOwner":5,"fights":[{"id":1,"instances":40},{"id":2,"instances":16},{"id":3,"instances":12},{"id":4,"instances":12},{"id":5,"instances":20},{"id":6,"instances":16},{"id":7,"instances":20},{"id":8,"instances":16},{"id":9,"instances":27},{"id":10,"instances":16},{"id":11,"instances":32},{"id":12,"instances":12},{"id":13,"instances":16},{"id":14,"instances":20},{"id":15,"instances":32},{"id":16,"instances":12},{"id":17,"instances":12},{"id":18,"instances":16},{"id":19,"instances":12},{"id":20,"instances":24},{"id":21,"instances":20},{"id":22,"instances":40},{"id":23,"instances":20},{"id":24,"instances":36},{"id":25,"instances":43},{"id":26,"instances":12},{"id":27,"instances":16},{"id":28,"instances":12},{"id":29,"instances":8},{"id":30,"instances":20},{"id":31,"instances":20}]},{"name":"Army of the Dead","id":33,"guid":24207,"type":"Pet","icon":"abilities/artifactability_unholydeathknight_deathsembrace","petOwner":6,"fights":[{"id":1,"instances":39},{"id":3,"instances":12},{"id":4,"instances":12},{"id":5,"instances":16},{"id":6,"instances":16},{"id":7,"instances":20},{"id":9,"instances":16},{"id":10,"instances":16},{"id":11,"instances":32},{"id":12,"instances":12},{"id":13,"instances":16},{"id":14,"instances":20},{"id":15,"instances":32},{"id":16,"instances":12},{"id":17,"instances":12},{"id":18,"instances":16},{"id":19,"instances":15},{"id":20,"instances":28},{"id":21,"instances":20},{"id":22,"instances":44},{"id":23,"instances":20},{"id":24,"instances":35},{"id":25,"instances":58},{"id":26,"instances":12},{"id":27,"instances":20},{"id":28,"instances":12},{"id":29,"instances":12},{"id":30,"instances":23},{"id":31,"instances":23}]},{"name":"Void Lasher","id":157,"guid":175198,"type":"Pet","icon":"abilities/spell_shadow_skull","petOwner":13,"fights":[{"id":27,"instances":1},{"id":30,"instances":2}]},{"name":"Magus of the Dead","id":48,"guid":163366,"type":"Pet","icon":"abilities/artifactability_unholydeathknight_deathsembrace","petOwner":5,"fights":[{"id":1,"instances":7},{"id":2,"instances":3},{"id":3,"instances":2},{"id":4,"instances":2},{"id":5,"instances":4},{"id":6,"instances":3},{"id":7,"instances":4},{"id":8,"instances":3},{"id":9,"instances":6},{"id":10,"instances":3},{"id":11,"instances":6},{"id":12,"instances":2},{"id":13,"instances":3},{"id":14,"instances":4},{"id":15,"instances":6},{"id":16,"instances":1},{"id":17,"instances":2},{"id":18,"instances":3},{"id":19,"instances":2},{"id":20,"instances":5},{"id":21,"instances":4},{"id":22,"instances":8},{"id":23,"instances":4},{"id":24,"instances":7},{"id":25,"instances":8},{"id":26,"instances":1},{"id":27,"instances":3},{"id":28,"instances":2},{"id":29,"instances":1},{"id":30,"instances":4},{"id":31,"instances":4}]},{"name":"Void Tendril","id":73,"guid":98167,"type":"Pet","icon":"abilities/spell_shadow_skull","petOwner":4,"fights":[{"id":1,"instances":6},{"id":2,"instances":3},{"id":3,"instances":2},{"id":5,"instances":4},{"id":6,"instances":3},{"id":7,"instances":6},{"id":8,"instances":1},{"id":9,"instances":6},{"id":10,"instances":4},{"id":11,"instances":1},{"id":12,"instances":1},{"id":13,"instances":3},{"id":14,"instances":1},{"id":15,"instances":9},{"id":16,"instances":2},{"id":17,"instances":1},{"id":20,"instances":6},{"id":21,"instances":4},{"id":22,"instances":3},{"id":23,"instances":3},{"id":24,"instances":3},{"id":25,"instances":11},{"id":28,"instances":1},{"id":30,"instances":2}]},{"name":"Earthen Wall Totem","id":89,"guid":100943,"type":"Pet","icon":"abilities/spell_nature_stoneskintotem","petOwner":15,"fights":[{"id":1,"instances":2},{"id":2,"instances":1},{"id":3,"instances":1},{"id":4,"instances":1},{"id":5,"instances":4},{"id":6,"instances":2},{"id":7,"instances":1},{"id":8,"instances":2},{"id":9,"instances":4},{"id":10,"instances":2},{"id":11,"instances":3},{"id":12,"instances":1},{"id":13,"instances":3},{"id":14,"instances":3},{"id":15,"instances":3},{"id":20,"instances":2},{"id":22,"instances":3},{"id":23,"instances":2},{"id":24,"instances":2},{"id":25,"instances":5},{"id":26,"instances":1},{"id":27,"instances":1},{"id":28,"instances":1},{"id":29,"instances":1},{"id":30,"instances":3},{"id":31,"instances":3}]},{"name":"Greater Earth Elemental","id":161,"guid":95072,"type":"Pet","icon":"abilities/spell_nature_earthelemental_totem","petOwner":18,"fights":[{"id":31,"instances":1}]},{"name":"Shadowgrasp Totem","id":61,"guid":170190,"type":"Pet","icon":"abilities/inv_alchemy_83_alchemiststone02","petOwner":8,"fights":[{"id":1,"instances":4},{"id":2,"instances":1},{"id":3,"instances":1},{"id":4,"instances":1},{"id":5,"instances":1},{"id":6,"instances":1},{"id":7,"instances":2},{"id":8,"instances":1},{"id":9,"instances":1},{"id":10,"instances":1},{"id":11,"instances":2},{"id":12,"instances":1},{"id":13,"instances":2},{"id":14,"instances":2},{"id":15,"instances":2},{"id":16,"instances":1},{"id":17,"instances":1},{"id":18,"instances":1},{"id":19,"instances":1},{"id":20,"instances":1},{"id":21,"instances":1},{"id":22,"instances":3},{"id":23,"instances":1},{"id":24,"instances":2},{"id":25,"instances":5},{"id":26,"instances":1},{"id":27,"instances":1},{"id":29,"instances":1},{"id":30,"instances":1},{"id":31,"instances":2}]},{"name":"Efflorescence","id":55,"guid":47649,"type":"Pet","icon":"abilities/inv_misc_herb_talandrasrose","petOwner":11,"fights":[{"id":1,"instances":6},{"id":2,"instances":1},{"id":4,"instances":2},{"id":5,"instances":2},{"id":6,"instances":1},{"id":7,"instances":2},{"id":8,"instances":1},{"id":9,"instances":4},{"id":10,"instances":2},{"id":11,"instances":4},{"id":12,"instances":2},{"id":13,"instances":5},{"id":14,"instances":3},{"id":15,"instances":5},{"id":16,"instances":1},{"id":17,"instances":1},{"id":18,"instances":2},{"id":19,"instances":1},{"id":20,"instances":3},{"id":21,"instances":1},{"id":22,"instances":6},{"id":23,"instances":4},{"id":24,"instances":4},{"id":25,"instances":5},{"id":26,"instances":1},{"id":27,"instances":3},{"id":28,"instances":2},{"id":29,"instances":2},{"id":30,"instances":5},{"id":31,"instances":4}]},{"name":"Geisterbestie","id":42,"guid":46951800,"type":"Pet","icon":"abilities/ability_hunter_beastcall","petOwner":10,"fights":[{"id":1,"instances":1},{"id":2,"instances":1},{"id":3,"instances":1},{"id":4,"instances":1},{"id":5,"instances":1},{"id":6,"instances":1},{"id":7,"instances":1},{"id":8,"instances":1},{"id":9,"instances":1},{"id":10,"instances":1},{"id":11,"instances":1},{"id":12,"instances":1},{"id":13,"instances":1},{"id":14,"instances":1},{"id":15,"instances":1},{"id":16,"instances":1},{"id":17,"instances":1},{"id":18,"instances":1},{"id":19,"instances":1},{"id":20,"instances":1},{"id":21,"instances":1},{"id":22,"instances":1},{"id":23,"instances":1},{"id":24,"instances":1},{"id":25,"instances":1},{"id":26,"instances":1},{"id":27,"instances":1},{"id":28,"instances":1},{"id":29,"instances":1},{"id":30,"instances":1},{"id":31,"instances":1}]},{"name":"Rotmasher","id":34,"guid":45772492,"type":"Pet","icon":"abilities/spell_shadow_animatedead","petOwner":5,"fights":[{"id":1,"instances":1},{"id":2,"instances":1},{"id":3,"instances":1},{"id":4,"instances":1},{"id":5,"instances":1},{"id":6,"instances":1},{"id":7,"instances":1},{"id":8,"instances":1},{"id":9,"instances":1},{"id":10,"instances":1},{"id":11,"instances":1},{"id":12,"instances":1},{"id":13,"instances":1},{"id":14,"instances":1},{"id":15,"instances":1},{"id":16,"instances":1},{"id":17,"instances":1},{"id":18,"instances":1},{"id":19,"instances":1},{"id":20,"instances":1},{"id":21,"instances":1},{"id":22,"instances":1},{"id":23,"instances":1},{"id":24,"instances":1},{"id":25,"instances":1},{"id":26,"instances":1},{"id":27,"instances":1},{"id":28,"instances":1},{"id":29,"instances":1},{"id":30,"instances":1},{"id":31,"instances":1}]},{"name":"Demonic Gateway","id":130,"guid":59262,"type":"Pet","icon":"custom-icon-trade_engineering","petOwner":14,"fights":[{"id":15,"instances":1},{"id":23,"instances":1}]},{"name":"Jubfip","id":35,"guid":44784036,"type":"Pet","icon":"abilities/spell_shadow_summonimp","petOwner":7,"fights":[{"id":1,"instances":1},{"id":2,"instances":1},{"id":3,"instances":1},{"id":4,"instances":1},{"id":5,"instances":1},{"id":6,"instances":1},{"id":7,"instances":1},{"id":8,"instances":1},{"id":9,"instances":1},{"id":10,"instances":1},{"id":11,"instances":1},{"id":12,"instances":1},{"id":13,"instances":1},{"id":14,"instances":1},{"id":15,"instances":1},{"id":16,"instances":1},{"id":17,"instances":1},{"id":18,"instances":1},{"id":19,"instances":1},{"id":20,"instances":1},{"id":21,"instances":1},{"id":22,"instances":1},{"id":23,"instances":1},{"id":24,"instances":1},{"id":25,"instances":1},{"id":26,"instances":1},{"id":27,"instances":1},{"id":28,"instances":1},{"id":29,"instances":1},{"id":30,"instances":1},{"id":31,"instances":1}]},{"name":"Darkglare","id":63,"guid":103673,"type":"Pet","icon":"abilities/inv_beholderwarlock","petOwner":7,"fights":[{"id":1,"instances":3},{"id":2,"instances":1},{"id":3,"instances":1},{"id":4,"instances":1},{"id":5,"instances":1},{"id":7,"instances":1},{"id":8,"instances":1},{"id":9,"instances":2},{"id":10,"instances":1},{"id":11,"instances":1},{"id":13,"instances":2},{"id":14,"instances":1},{"id":15,"instances":2},{"id":16,"instances":1},{"id":17,"instances":1},{"id":18,"instances":1},{"id":19,"instances":1},{"id":20,"instances":2},{"id":21,"instances":1},{"id":22,"instances":3},{"id":23,"instances":1},{"id":24,"instances":2},{"id":25,"instances":3},{"id":26,"instances":1},{"id":27,"instances":1},{"id":28,"instances":1},{"id":29,"instances":1},{"id":30,"instances":2},{"id":31,"instances":1}]},{"name":"Void Lasher","id":156,"guid":175198,"type":"Pet","icon":"abilities/spell_shadow_skull","petOwner":4,"fights":[{"id":27,"instances":2},{"id":28,"instances":2},{"id":29,"instances":2},{"id":30,"instances":4},{"id":31,"instances":2}]},{"name":"Infernal","id":72,"guid":89,"type":"Pet","icon":"abilities/spell_shadow_summoninfernal","petOwner":12,"fights":[{"id":1,"instances":3},{"id":2,"instances":1},{"id":4,"instances":1},{"id":5,"instances":1},{"id":6,"instances":1},{"id":7,"instances":1},{"id":8,"instances":1},{"id":9,"instances":1},{"id":10,"instances":1},{"id":11,"instances":1},{"id":12,"instances":1}]},{"name":"Frothing Pustule","id":78,"guid":175519,"type":"Pet","icon":"custom-icon-ability_creature_poison_02","petOwner":10,"fights":[{"id":1,"instances":20},{"id":2,"instances":4},{"id":3,"instances":2},{"id":4,"instances":5},{"id":5,"instances":16},{"id":6,"instances":13},{"id":7,"instances":14},{"id":8,"instances":4},{"id":9,"instances":15},{"id":10,"instances":8},{"id":11,"instances":15},{"id":12,"instances":6},{"id":13,"instances":18},{"id":14,"instances":14},{"id":15,"instances":14},{"id":16,"instances":4},{"id":17,"instances":3},{"id":18,"instances":4},{"id":19,"instances":3},{"id":20,"instances":13},{"id":21,"instances":7},{"id":22,"instances":17},{"id":23,"instances":9},{"id":24,"instances":11},{"id":25,"instances":21},{"id":26,"instances":1},{"id":27,"instances":3},{"id":28,"instances":4},{"id":29,"instances":2},{"id":30,"instances":13},{"id":31,"instances":11}]},{"name":"Mirror Image","id":126,"guid":31216,"type":"Pet","icon":"abilities/spell_magic_managain","petOwner":29,"fights":[{"id":14,"instances":3}]},{"name":"Demonic Gateway","id":117,"guid":59262,"type":"Pet","icon":"custom-icon-trade_engineering","petOwner":16,"fights":[{"id":11,"instances":1}]},{"name":"Void Tendril","id":81,"guid":98167,"type":"Pet","icon":"abilities/spell_shadow_skull","petOwner":13,"fights":[{"id":1,"instances":4},{"id":2,"instances":2},{"id":5,"instances":1},{"id":6,"instances":4},{"id":9,"instances":2},{"id":10,"instances":1},{"id":11,"instances":5},{"id":12,"instances":1},{"id":13,"instances":1},{"id":14,"instances":3},{"id":15,"instances":6},{"id":16,"instances":1},{"id":18,"instances":3},{"id":20,"instances":5},{"id":21,"instances":3},{"id":22,"instances":3},{"id":23,"instances":2},{"id":24,"instances":3},{"id":25,"instances":4},{"id":28,"instances":1},{"id":30,"instances":2}]},{"name":"Regenerating Wildseed","id":96,"guid":164589,"type":"Pet","icon":"Pet","petOwner":17,"fights":[{"id":7,"instances":1},{"id":9,"instances":1},{"id":11,"instances":1},{"id":13,"instances":1},{"id":25,"instances":1},{"id":27,"instances":1}]},{"name":"Healing Tide Totem","id":79,"guid":59764,"type":"Pet","icon":"abilities/ability_shaman_healingtide","petOwner":18,"fights":[{"id":1,"instances":2},{"id":6,"instances":1},{"id":7,"instances":1},{"id":10,"instances":1},{"id":11,"instances":1},{"id":13,"instances":1},{"id":14,"instances":1},{"id":15,"instances":1},{"id":20,"instances":1},{"id":22,"instances":1},{"id":23,"instances":1},{"id":25,"instances":2},{"id":27,"instances":1},{"id":30,"instances":1},{"id":31,"instances":1}]},{"name":"Shadowfiend","id":62,"guid":19668,"type":"Pet","icon":"abilities/spell_shadow_shadowfiend","petOwner":13,"fights":[{"id":1,"instances":2},{"id":2,"instances":1},{"id":3,"instances":1},{"id":4,"instances":1},{"id":5,"instances":2},{"id":6,"instances":1},{"id":8,"instances":1},{"id":9,"instances":1},{"id":11,"instances":2},{"id":12,"instances":1},{"id":13,"instances":1},{"id":14,"instances":2},{"id":15,"instances":2},{"id":16,"instances":1},{"id":17,"instances":1},{"id":18,"instances":1},{"id":19,"instances":1},{"id":20,"instances":2},{"id":21,"instances":1},{"id":22,"instances":2},{"id":23,"instances":1},{"id":24,"instances":2},{"id":25,"instances":3},{"id":26,"instances":1},{"id":27,"instances":1},{"id":28,"instances":1},{"id":29,"instances":1},{"id":30,"instances":1},{"id":31,"instances":1}]},{"name":"Healing Tide Totem","id":90,"guid":59764,"type":"Pet","icon":"abilities/ability_shaman_healingtide","petOwner":15,"fights":[{"id":1,"instances":1},{"id":2,"instances":1},{"id":3,"instances":1},{"id":4,"instances":1},{"id":5,"instances":1},{"id":6,"instances":1},{"id":7,"instances":1},{"id":8,"instances":1},{"id":9,"instances":2},{"id":10,"instances":1},{"id":11,"instances":1},{"id":12,"instances":1},{"id":13,"instances":2},{"id":14,"instances":1},{"id":15,"instances":2},{"id":19,"instances":1},{"id":20,"instances":2},{"id":21,"instances":1},{"id":22,"instances":2},{"id":23,"instances":1},{"id":24,"instances":2},{"id":25,"instances":3},{"id":26,"instances":1},{"id":27,"instances":1},{"id":28,"instances":1},{"id":29,"instances":1},{"id":30,"instances":1},{"id":31,"instances":2}]},{"name":"Mana Tide Totem","id":148,"guid":10467,"type":"Pet","icon":"abilities/spell_frost_summonwaterelemental","petOwner":15,"fights":[{"id":25,"instances":1}]},{"name":"Mana Tide Totem","id":129,"guid":10467,"type":"Pet","icon":"abilities/spell_frost_summonwaterelemental","petOwner":18,"fights":[{"id":15,"instances":1},{"id":25,"instances":1}]},{"name":"Healing Tide Totem","id":82,"guid":59764,"type":"Pet","icon":"abilities/ability_shaman_healingtide","petOwner":25,"fights":[{"id":1,"instances":2},{"id":5,"instances":1},{"id":6,"instances":1},{"id":7,"instances":1},{"id":9,"instances":1},{"id":10,"instances":1},{"id":11,"instances":1},{"id":13,"instances":1},{"id":14,"instances":1},{"id":15,"instances":1},{"id":20,"instances":1},{"id":21,"instances":1},{"id":22,"instances":2},{"id":23,"instances":1},{"id":24,"instances":1},{"id":25,"instances":3},{"id":27,"instances":1},{"id":30,"instances":1},{"id":31,"instances":1}]},{"name":"Demonic Gateway","id":131,"guid":59271,"type":"Pet","icon":"custom-icon-trade_engineering","petOwner":14,"fights":[{"id":15,"instances":1},{"id":23,"instances":1}]},{"name":"Mirror Image","id":102,"guid":31216,"type":"Pet","icon":"abilities/spell_magic_managain","petOwner":2,"fights":[{"id":4,"instances":3},{"id":6,"instances":3},{"id":7,"instances":3},{"id":8,"instances":3},{"id":9,"instances":3},{"id":10,"instances":3},{"id":11,"instances":3},{"id":12,"instances":3},{"id":13,"instances":6},{"id":14,"instances":3},{"id":15,"instances":3},{"id":17,"instances":3},{"id":18,"instances":3},{"id":19,"instances":3},{"id":20,"instances":3},{"id":21,"instances":3},{"id":22,"instances":3},{"id":23,"instances":3},{"id":24,"instances":3},{"id":25,"instances":3},{"id":26,"instances":3},{"id":27,"instances":3},{"id":28,"instances":3},{"id":29,"instances":3},{"id":30,"instances":3},{"id":31,"instances":3}]},{"name":"Fire Spirit","id":52,"guid":69791,"type":"Pet","icon":"abilities/inv_summerfest_firespirit","petOwner":8,"fights":[{"id":1,"instances":6},{"id":2,"instances":3},{"id":3,"instances":3},{"id":4,"instances":2},{"id":5,"instances":2},{"id":6,"instances":3},{"id":7,"instances":3},{"id":8,"instances":3},{"id":9,"instances":3},{"id":10,"instances":3},{"id":11,"instances":5},{"id":12,"instances":2},{"id":13,"instances":4},{"id":14,"instances":4},{"id":15,"instances":5},{"id":16,"instances":2},{"id":17,"instances":2},{"id":18,"instances":3},{"id":19,"instances":2},{"id":20,"instances":3},{"id":21,"instances":2},{"id":22,"instances":6},{"id":23,"instances":2},{"id":24,"instances":4},{"id":25,"instances":8},{"id":26,"instances":2},{"id":27,"instances":2},{"id":28,"instances":2},{"id":29,"instances":2},{"id":30,"instances":4},{"id":31,"instances":4}]},{"name":"Spirit Link Totem","id":106,"guid":53006,"type":"Pet","icon":"abilities/spell_shaman_spiritlink","petOwner":25,"fights":[{"id":5,"instances":1},{"id":6,"instances":1},{"id":7,"instances":1},{"id":9,"instances":1},{"id":10,"instances":1},{"id":11,"instances":1},{"id":13,"instances":1},{"id":14,"instances":1},{"id":15,"instances":1},{"id":18,"instances":1},{"id":20,"instances":1},{"id":21,"instances":1},{"id":22,"instances":2},{"id":23,"instances":1},{"id":24,"instances":1},{"id":25,"instances":3},{"id":27,"instances":1},{"id":30,"instances":1},{"id":31,"instances":1}]},{"name":"Jaknar","id":37,"guid":43605627,"type":"Pet","icon":"abilities/spell_shadow_summonimp","petOwner":14,"fights":[{"id":1,"instances":1},{"id":2,"instances":1},{"id":3,"instances":1},{"id":4,"instances":1},{"id":5,"instances":1},{"id":6,"instances":1},{"id":7,"instances":1},{"id":8,"instances":1},{"id":9,"instances":1},{"id":10,"instances":1},{"id":11,"instances":1},{"id":12,"instances":1},{"id":13,"instances":1},{"id":14,"instances":1},{"id":15,"instances":1},{"id":16,"instances":1},{"id":17,"instances":1},{"id":18,"instances":1},{"id":19,"instances":1},{"id":20,"instances":1},{"id":21,"instances":1},{"id":22,"instances":1},{"id":23,"instances":1},{"id":24,"instances":1},{"id":25,"instances":1},{"id":26,"instances":1},{"id":27,"instances":1},{"id":28,"instances":1},{"id":29,"instances":1},{"id":30,"instances":1},{"id":31,"instances":1}]},{"name":"Risen Skulker","id":58,"guid":99541,"type":"Pet","icon":"abilities/spell_shadow_animatedead","petOwner":6,"fights":[{"id":1,"instances":2},{"id":2,"instances":2},{"id":3,"instances":1},{"id":4,"instances":1},{"id":5,"instances":1},{"id":6,"instances":1},{"id":7,"instances":1},{"id":8,"instances":1},{"id":9,"instances":1},{"id":10,"instances":1},{"id":11,"instances":1},{"id":12,"instances":1},{"id":13,"instances":1},{"id":14,"instances":1},{"id":15,"instances":1},{"id":16,"instances":1},{"id":17,"instances":1},{"id":18,"instances":1},{"id":19,"instances":1},{"id":20,"instances":1},{"id":21,"instances":1},{"id":22,"instances":1},{"id":23,"instances":1},{"id":24,"instances":1},{"id":25,"instances":1},{"id":26,"instances":2},{"id":27,"instances":1},{"id":28,"instances":1},{"id":29,"instances":1},{"id":30,"instances":2},{"id":31,"instances":2}]},{"name":"Spirit Link Totem","id":95,"guid":53006,"type":"Pet","icon":"abilities/spell_shaman_spiritlink","petOwner":18,"fights":[{"id":2,"instances":1},{"id":7,"instances":1},{"id":11,"instances":1},{"id":13,"instances":1},{"id":14,"instances":1},{"id":15,"instances":1},{"id":18,"instances":1},{"id":20,"instances":1},{"id":22,"instances":1},{"id":23,"instances":1},{"id":24,"instances":1},{"id":25,"instances":2},{"id":30,"instances":1},{"id":31,"instances":1}]},{"name":"Earthen Wall Totem","id":66,"guid":100943,"type":"Pet","icon":"abilities/spell_nature_stoneskintotem","petOwner":25,"fights":[{"id":1,"instances":2},{"id":5,"instances":1},{"id":6,"instances":1},{"id":7,"instances":1},{"id":9,"instances":1},{"id":10,"instances":1},{"id":13,"instances":1},{"id":14,"instances":1},{"id":15,"instances":3},{"id":18,"instances":1},{"id":19,"instances":1},{"id":20,"instances":2},{"id":21,"instances":2},{"id":22,"instances":2},{"id":23,"instances":2},{"id":24,"instances":3},{"id":25,"instances":3},{"id":26,"instances":1},{"id":29,"instances":1},{"id":30,"instances":1},{"id":31,"instances":1}]},{"name":"Darkglare","id":125,"guid":103673,"type":"Pet","icon":"abilities/inv_beholderwarlock","petOwner":12,"fights":[{"id":13,"instances":1},{"id":14,"instances":1},{"id":15,"instances":2},{"id":16,"instances":1},{"id":17,"instances":1},{"id":18,"instances":1},{"id":19,"instances":1},{"id":20,"instances":1},{"id":21,"instances":1},{"id":22,"instances":3},{"id":23,"instances":1},{"id":24,"instances":2},{"id":25,"instances":1},{"id":26,"instances":1},{"id":27,"instances":1},{"id":28,"instances":1},{"id":29,"instances":1},{"id":30,"instances":1},{"id":31,"instances":1}]},{"name":"Mana Tide Totem","id":83,"guid":10467,"type":"Pet","icon":"abilities/spell_frost_summonwaterelemental","petOwner":25,"fights":[{"id":1,"instances":2},{"id":5,"instances":1},{"id":11,"instances":1},{"id":24,"instances":1},{"id":25,"instances":2}]},{"name":"Niuzao","id":59,"guid":73967,"type":"Pet","icon":"abilities/spell_monk_brewmaster_spec","petOwner":21,"fights":[{"id":1,"instances":3},{"id":2,"instances":1},{"id":3,"instances":1},{"id":4,"instances":1},{"id":5,"instances":2},{"id":6,"instances":2},{"id":7,"instances":2},{"id":8,"instances":1},{"id":9,"instances":2},{"id":10,"instances":2},{"id":11,"instances":2},{"id":12,"instances":1},{"id":13,"instances":2},{"id":14,"instances":2},{"id":15,"instances":2},{"id":16,"instances":1},{"id":17,"instances":1},{"id":18,"instances":1},{"id":19,"instances":1},{"id":20,"instances":2},{"id":21,"instances":1},{"id":22,"instances":3},{"id":23,"instances":1},{"id":24,"instances":2},{"id":25,"instances":4},{"id":26,"instances":1},{"id":27,"instances":1},{"id":28,"instances":1},{"id":29,"instances":1},{"id":30,"instances":2},{"id":31,"instances":2}]},{"name":"Diggah","id":43,"guid":44289945,"type":"Pet","icon":"custom-icon-ability_warstomp","petOwner":10,"fights":[{"id":1,"instances":1},{"id":2,"instances":1},{"id":3,"instances":1},{"id":4,"instances":1},{"id":5,"instances":1},{"id":6,"instances":1},{"id":7,"instances":1},{"id":8,"instances":1},{"id":9,"instances":1},{"id":10,"instances":1},{"id":11,"instances":1},{"id":12,"instances":1},{"id":13,"instances":1},{"id":14,"instances":1},{"id":15,"instances":1},{"id":16,"instances":1},{"id":17,"instances":1},{"id":18,"instances":1},{"id":19,"instances":1},{"id":20,"instances":1},{"id":21,"instances":1},{"id":22,"instances":1},{"id":23,"instances":1},{"id":24,"instances":1},{"id":25,"instances":1},{"id":26,"instances":1},{"id":27,"instances":1},{"id":28,"instances":1},{"id":29,"instances":1},{"id":30,"instances":1},{"id":31,"instances":1}]},{"name":"Magus of the Dead","id":57,"guid":163366,"type":"Pet","icon":"abilities/artifactability_unholydeathknight_deathsembrace","petOwner":6,"fights":[{"id":1,"instances":7},{"id":3,"instances":2},{"id":4,"instances":2},{"id":5,"instances":3},{"id":6,"instances":3},{"id":7,"instances":4},{"id":9,"instances":3},{"id":10,"instances":3},{"id":11,"instances":6},{"id":12,"instances":2},{"id":13,"instances":3},{"id":14,"instances":4},{"id":15,"instances":6},{"id":16,"instances":2},{"id":17,"instances":2},{"id":18,"instances":3},{"id":19,"instances":3},{"id":20,"instances":6},{"id":21,"instances":4},{"id":22,"instances":9},{"id":23,"instances":4},{"id":24,"instances":7},{"id":25,"instances":12},{"id":26,"instances":2},{"id":27,"instances":4},{"id":28,"instances":2},{"id":29,"instances":2},{"id":30,"instances":5},{"id":31,"instances":5}]},{"name":"Risen Skulker","id":54,"guid":99541,"type":"Pet","icon":"abilities/spell_shadow_animatedead","petOwner":5,"fights":[{"id":1,"instances":1},{"id":2,"instances":1},{"id":3,"instances":1},{"id":4,"instances":1},{"id":5,"instances":1},{"id":6,"instances":1},{"id":7,"instances":1},{"id":8,"instances":1},{"id":9,"instances":1},{"id":10,"instances":1},{"id":11,"instances":1},{"id":12,"instances":1},{"id":13,"instances":1},{"id":14,"instances":1},{"id":15,"instances":2},{"id":16,"instances":2},{"id":17,"instances":1},{"id":18,"instances":1},{"id":19,"instances":1},{"id":20,"instances":1},{"id":21,"instances":1},{"id":22,"instances":1},{"id":23,"instances":1},{"id":24,"instances":1},{"id":25,"instances":2},{"id":26,"instances":1},{"id":27,"instances":1},{"id":28,"instances":1},{"id":29,"instances":1},{"id":30,"instances":1},{"id":31,"instances":1}]},{"name":"Chofip","id":41,"guid":46571415,"type":"Pet","icon":"abilities/spell_shadow_summonimp","petOwner":16,"fights":[{"id":1,"instances":1},{"id":10,"instances":1},{"id":11,"instances":1},{"id":12,"instances":1},{"id":13,"instances":1},{"id":14,"instances":1},{"id":15,"instances":1},{"id":17,"instances":1},{"id":18,"instances":1},{"id":19,"instances":1},{"id":20,"instances":1},{"id":21,"instances":1}]},{"name":"Nokmat","id":44,"guid":704897,"type":"Pet","icon":"abilities/spell_shadow_summonimp","petOwner":12,"fights":[{"id":1,"instances":1},{"id":2,"instances":1},{"id":3,"instances":1},{"id":4,"instances":1},{"id":5,"instances":1},{"id":6,"instances":1},{"id":7,"instances":1},{"id":8,"instances":1},{"id":9,"instances":1},{"id":10,"instances":1},{"id":11,"instances":1},{"id":12,"instances":1},{"id":13,"instances":1},{"id":14,"instances":1},{"id":15,"instances":1},{"id":16,"instances":1},{"id":17,"instances":1},{"id":18,"instances":1},{"id":19,"instances":1},{"id":20,"instances":1},{"id":21,"instances":1},{"id":22,"instances":1},{"id":23,"instances":1},{"id":24,"instances":1},{"id":25,"instances":1},{"id":26,"instances":1},{"id":27,"instances":1},{"id":28,"instances":1},{"id":29,"instances":1},{"id":30,"instances":1},{"id":31,"instances":1}]},{"name":"Voidling","id":67,"guid":128142,"type":"Pet","icon":"abilities/spell_shadow_shadowfiend","petOwner":4,"fights":[{"id":1,"instances":2},{"id":2,"instances":1},{"id":3,"instances":1},{"id":4,"instances":1},{"id":5,"instances":2},{"id":6,"instances":1},{"id":7,"instances":1},{"id":8,"instances":1},{"id":9,"instances":2},{"id":10,"instances":1},{"id":12,"instances":1},{"id":13,"instances":1},{"id":14,"instances":1},{"id":15,"instances":2},{"id":16,"instances":1},{"id":17,"instances":1},{"id":18,"instances":1},{"id":19,"instances":1},{"id":20,"instances":1},{"id":21,"instances":1},{"id":22,"instances":2},{"id":23,"instances":1},{"id":24,"instances":2},{"id":25,"instances":3},{"id":26,"instances":1},{"id":27,"instances":1},{"id":28,"instances":1},{"id":29,"instances":1},{"id":30,"instances":1},{"id":31,"instances":1}]},{"name":"Xuen","id":53,"guid":63508,"type":"Pet","icon":"abilities/ability_monk_summontigerstatue","petOwner":8,"fights":[{"id":1,"instances":4},{"id":2,"instances":1},{"id":3,"instances":1},{"id":4,"instances":1},{"id":5,"instances":1},{"id":6,"instances":1},{"id":7,"instances":2},{"id":8,"instances":1},{"id":9,"instances":1},{"id":10,"instances":1},{"id":11,"instances":2},{"id":12,"instances":1},{"id":13,"instances":2},{"id":14,"instances":2},{"id":15,"instances":2},{"id":16,"instances":1},{"id":17,"instances":1},{"id":18,"instances":1},{"id":19,"instances":1},{"id":20,"instances":1},{"id":21,"instances":1},{"id":22,"instances":3},{"id":23,"instances":1},{"id":24,"instances":2},{"id":25,"instances":4},{"id":26,"instances":1},{"id":27,"instances":1},{"id":28,"instances":1},{"id":29,"instances":1},{"id":30,"instances":2},{"id":31,"instances":2}]},{"name":"Darkglare","id":71,"guid":103673,"type":"Pet","icon":"abilities/inv_beholderwarlock","petOwner":16,"fights":[{"id":1,"instances":2},{"id":10,"instances":1},{"id":11,"instances":1},{"id":12,"instances":1},{"id":13,"instances":1},{"id":14,"instances":1},{"id":15,"instances":1},{"id":16,"instances":1},{"id":17,"instances":1},{"id":18,"instances":1},{"id":19,"instances":1},{"id":20,"instances":1},{"id":21,"instances":1}]},{"name":"Mirror Image","id":128,"guid":31216,"type":"Pet","icon":"abilities/spell_magic_managain","petOwner":23,"fights":[{"id":15,"instances":3},{"id":23,"instances":3},{"id":25,"instances":3},{"id":27,"instances":3},{"id":28,"instances":3}]}],"enemyPets":[],"phases":[{"boss":2417,"phases":["General Kaal","General Grashaal","Generals United"]},{"boss":2407,"phases":["Stage One: Sinners Be Cleansed","Intermission: March of the Penitent","Stage Two: The Crimson Chorus","Stage Three: Indignation"],"intermissions":[2]},{"boss":2412,"phases":["Phase One","Phase Two","Phase Three"]}],"logVersion":16,"gameVersion":1,"title":"17.12.","owner":"Bolingoli","start":1608230106042,"end":1608242519983,"zone":26,"exportedCharacters":[{"id":35212457,"name":"Aqri","server":"Blackmoore","region":"EU"},{"id":18711084,"name":"Derflamingo","server":"Blackmoore","region":"EU"},{"id":20966442,"name":"Druidinlea","server":"Blackmoore","region":"EU"},{"id":39710504,"name":"Drwoerde","server":"Blackmoore","region":"EU"},{"id":35561064,"name":"Duidi","server":"Blackmoore","region":"EU"},{"id":43536876,"name":"Euergnaden","server":"Blackmoore","region":"EU"},{"id":37813118,"name":"Flôppster","server":"Blackmoore","region":"EU"},{"id":40662474,"name":"Fösen","server":"Blackmoore","region":"EU"},{"id":41881530,"name":"Harryspottér","server":"Blackmoore","region":"EU"},{"id":52582816,"name":"Iamcheeses","server":"Blackmoore","region":"EU"},{"id":44662627,"name":"Larelulw","server":"Blackmoore","region":"EU"},{"id":35479534,"name":"Lothírìel","server":"Blackmoore","region":"EU"},{"id":15240726,"name":"Loùis","server":"Blackmoore","region":"EU"},{"id":17801783,"name":"Missobvious","server":"Blackmoore","region":"EU"},{"id":48649958,"name":"Méphistoo","server":"Blackmoore","region":"EU"},{"id":53436789,"name":"Nabiratwo","server":"Blackmoore","region":"EU"},{"id":53448969,"name":"Naûr","server":"Blackmoore","region":"EU"},{"id":36400279,"name":"Nijirasu","server":"Blackmoore","region":"EU"},{"id":40873890,"name":"Qyr","server":"Blackmoore","region":"EU"},{"id":41410399,"name":"Shrukàn","server":"Blackmoore","region":"EU"},{"id":52297349,"name":"Sliggi","server":"Blackmoore","region":"EU"},{"id":35652288,"name":"Spøb","server":"Blackmoore","region":"EU"},{"id":44727220,"name":"Terrôrfussel","server":"Blackmoore","region":"EU"},{"id":52951707,"name":"Thyyla","server":"Blackmoore","region":"EU"},{"id":51653366,"name":"Veereesawa","server":"Blackmoore","region":"EU"},{"id":36527513,"name":"Vortia","server":"Blackmoore","region":"EU"},{"id":41404342,"name":"Wøød","server":"Blackmoore","region":"EU"},{"id":5558324,"name":"Zensiert","server":"Blackmoore","region":"EU"},{"id":34269590,"name":"Zenyogan","server":"Blackmoore","region":"EU"},{"id":5403106,"name":"Ðecision","server":"Blackmoore","region":"EU"}]}