[{"timestamp":1967282,"type":"combatantinfo","pin":"0","sourceID":27,"gear":[{"id":178860,"quality":3,"icon":"inv_helm_cloth_oribosdungeon_c_01.jpg","itemLevel":184,"bonusIDs":[6807,43,6935,1498,6646],"gems":[{"id":168638,"itemLevel":50,"icon":"inv_misc_metagem_b.jpg"}]},{"id":178827,"quality":3,"icon":"inv_7_0raid_necklace_03a.jpg","itemLevel":184,"bonusIDs":[6807,6652,7193,1498,6646]},{"id":173247,"quality":5,"icon":"inv_cloth_mawraid_d_01_shoulder.jpg","itemLevel":190,"bonusIDs":[7035,6716,6649,6648,1487],"effectID":337146,"effectIcon":"ability_warlock_handofguldan.jpg"},{"id":0,"quality":1,"icon":"inv_axe_02.jpg","itemLevel":0},{"id":184654,"quality":4,"icon":"inv_robe_cloth_oribosdungeon_c_01.jpg","itemLevel":183,"permanentEnchant":6265,"temporaryEnchant":6225,"bonusIDs":[6652]},{"id":178804,"quality":3,"icon":"inv_belt_cloth_oribosdungeon_c_01.jpg","itemLevel":184,"bonusIDs":[6807,6652,6935,1498,6646],"gems":[{"id":173128,"itemLevel":120,"icon":"inv_jewelcrafting_90_rarecut_yellow.jpg"}]},{"id":175868,"quality":3,"icon":"inv_pant_cloth_oribosdungeon_c_01.jpg","itemLevel":184,"bonusIDs":[6796,1498,6646]},{"id":180102,"quality":3,"icon":"inv_boot_cloth_oribosdungeon_c_01.jpg","itemLevel":184,"permanentEnchant":6207,"bonusIDs":[6807,6652,1498,6646]},{"id":178782,"quality":3,"icon":"inv_bracer_cloth_oribosdungeon_c_01.jpg","itemLevel":184,"permanentEnchant":6219,"bonusIDs":[6807,6652,7193,1498,6646]},{"id":178705,"quality":3,"icon":"inv_glove_cloth_oribosdungeon_c_01.jpg","itemLevel":184,"bonusIDs":[6807,6652,1498,6646]},{"id":179355,"quality":3,"icon":"inv_ring_ardenweald_02_green.jpg","itemLevel":184,"permanentEnchant":6166,"bonusIDs":[6807,6652,7194,1498,6646]},{"id":178871,"quality":3,"icon":"inv_ring_maldraxxus_01_red.jpg","itemLevel":184,"permanentEnchant":6166,"bonusIDs":[6807,6652,7194,1498,6646]},{"id":175884,"quality":3,"icon":"spell_holy_championsbond.jpg","itemLevel":184,"bonusIDs":[6782,1498,6646]},{"id":173069,"quality":3,"icon":"inv_inscription_darkmooncard_putrescence.jpg","itemLevel":200},{"id":180123,"quality":3,"icon":"inv_cape_mail_oribosdungeon_c_01.jpg","itemLevel":184,"permanentEnchant":6202,"bonusIDs":[6807,6652,1498,6646]},{"id":179339,"quality":3,"icon":"inv_staff_2h_oribosdungeon_c_01.jpg","itemLevel":194,"permanentEnchant":6229,"temporaryEnchant":6188,"bonusIDs":[7204,6652,1501,5852,6646]},{"id":0,"quality":1,"icon":"inv_axe_02.jpg","itemLevel":0},{"id":0,"quality":1,"icon":"inv_axe_02.jpg","itemLevel":0}],"auras":[{"source":27,"ability":327708,"stacks":1,"icon":"spell_misc_food.jpg","name":"Well Fed"},{"source":16,"ability":6673,"stacks":1,"icon":"ability_warrior_battleshout.jpg","name":"Battle Shout"},{"source":26,"ability":1459,"stacks":1,"icon":"spell_holy_magicalsentry.jpg","name":"Arcane Intellect"},{"source":27,"ability":307185,"stacks":1,"icon":"inv_alchemy_90_flask_green.jpg","name":"Spectral Flask of Power"},{"source":15,"ability":21562,"stacks":1,"icon":"spell_holy_wordfortitude.jpg","name":"Power Word: Fortitude"}],"expansion":"shadowlands","faction":0,"specID":266,"covenantID":4,"soulbindID":5,"strength":172,"agility":348,"stamina":1572,"intellect":1534,"dodge":0,"parry":0,"block":0,"armor":291,"critMelee":161,"critRanged":161,"critSpell":161,"speed":30,"leech":0,"hasteMelee":741,"hasteRanged":741,"hasteSpell":741,"avoidance":0,"mastery":391,"versatilityDamageDone":182,"versatilityHealingDone":182,"versatilityDamageReduction":182,"talents":[{"id":267171,"icon":"ability_warlock_demonicempowerment.jpg"},{"id":205145,"icon":"ability_warlock_impoweredimp.jpg"},{"id":219272,"icon":"spell_shadow_felarmour.jpg"},{"id":264119,"icon":"inv_argusfelstalkermount.jpg"},{"id":6789,"icon":"ability_warlock_mortalcoil.jpg"},{"id":111898,"icon":"spell_shadow_summonfelguard.jpg"},{"id":267215,"icon":"spell_warlock_soulburn.jpg"}],"pvpTalents":[{"id":0,"icon":"inv_axe_02.jpg"},{"id":212628,"icon":"inv_feldreadravenmount.jpg"},{"id":201996,"icon":"warlock_summon_-beholder.jpg"},{"id":212619,"icon":"spell_shadow_mindrot.jpg"}],"customPowerSet":[{"traitID":1154,"rank":1,"spellID":342156,"icon":"trade_archaeology_vrykul_runestick.jpg"},{"traitID":1163,"rank":1,"spellID":323921,"icon":"inv_helm_crown_c_01_black.jpg"},{"traitID":1168,"rank":1,"spellID":0,"icon":"inv_axe_02.jpg"}],"secondaryCustomPowerSet":[{"traitID":207,"rank":171,"spellID":339845,"icon":"spell_warlock_summonwrathguard.jpg"}]},{"timestamp":1967282,"type":"combatantinfo","pin":"0","sourceID":13,"gear":[{"id":178860,"quality":3,"icon":"inv_helm_cloth_oribosdungeon_c_01.jpg","itemLevel":184,"bonusIDs":[6807,6652,7193,1498,6646]},{"id":178827,"quality":3,"icon":"inv_7_0raid_necklace_03a.jpg","itemLevel":184,"bonusIDs":[6807,6652,7194,1498,6646]},{"id":178740,"quality":3,"icon":"inv_shoulder_cloth_oribosdungeon_c_01.jpg","itemLevel":184,"bonusIDs":[6807,6652,1498,6646]},{"id":6385,"quality":2,"icon":"inv_shirt_green_01.jpg","itemLevel":1,"bonusIDs":[6835]},{"id":178813,"quality":3,"icon":"inv_robe_cloth_oribosdungeon_c_01.jpg","itemLevel":184,"permanentEnchant":6230,"bonusIDs":[6807,6652,1498,6646]},{"id":175876,"quality":3,"icon":"inv_belt_cloth_oribosdungeon_c_01.jpg","itemLevel":184,"onUseEnchant":6192,"bonusIDs":[6782,1498,6646]},{"id":179351,"quality":3,"icon":"inv_pant_cloth_oribosdungeon_c_01.jpg","itemLevel":184,"bonusIDs":[6807,6652,1498,6646]},{"id":179322,"quality":3,"icon":"inv_boot_cloth_oribosdungeon_c_01.jpg","itemLevel":184,"permanentEnchant":6207,"bonusIDs":[6807,6652,1498,6646]},{"id":175880,"quality":3,"icon":"inv_bracer_cloth_oribosdungeon_c_01.jpg","itemLevel":184,"permanentEnchant":6219,"bonusIDs":[6789,1498,6646]},{"id":178705,"quality":3,"icon":"inv_glove_cloth_oribosdungeon_c_01.jpg","itemLevel":184,"bonusIDs":[6807,6652,1498,6646]},{"id":178933,"quality":3,"icon":"inv_ring_maldraxxus_02_brown.jpg","itemLevel":184,"permanentEnchant":6168,"bonusIDs":[6807,6652,7194,1498,6646]},{"id":179355,"quality":3,"icon":"inv_ring_ardenweald_02_green.jpg","itemLevel":184,"permanentEnchant":6168,"bonusIDs":[6807,6652,7193,1498,6646]},{"id":173069,"quality":3,"icon":"inv_inscription_darkmooncard_putrescence.jpg","itemLevel":200},{"id":178298,"quality":3,"icon":"inv_misc_token_argentdawn3.jpg","itemLevel":184,"bonusIDs":[6782,1498,6646]},{"id":178755,"quality":3,"icon":"inv_cape_mail_oribosdungeon_c_01.jpg","itemLevel":184,"permanentEnchant":6202,"onUseEnchant":4897,"bonusIDs":[6807,6652,1498,6646]},{"id":178753,"quality":3,"icon":"inv_knife_1h_oribosdungeon_c_02.jpg","itemLevel":184,"permanentEnchant":6229,"temporaryEnchant":6188,"bonusIDs":[6807,6652,1498,6646]},{"id":178868,"quality":3,"icon":"inv_offhand_1h_oribosdungeon_c_01.jpg","itemLevel":184,"bonusIDs":[6807,6652,1498,6646]},{"id":5976,"quality":2,"icon":"inv_shirt_guildtabard_01.jpg","itemLevel":1}],"auras":[{"source":15,"ability":21562,"stacks":1,"icon":"spell_holy_wordfortitude.jpg","name":"Power Word: Fortitude"},{"source":4,"ability":155777,"stacks":1,"icon":"spell_druid_germination.jpg","name":"Rejuvenation (Germination)"},{"source":4,"ability":774,"stacks":1,"icon":"spell_nature_rejuvenation.jpg","name":"Rejuvenation"},{"source":13,"ability":327708,"stacks":1,"icon":"spell_misc_food.jpg","name":"Well Fed"},{"source":13,"ability":307185,"stacks":1,"icon":"inv_alchemy_90_flask_green.jpg","name":"Spectral Flask of Power"},{"source":16,"ability":6673,"stacks":1,"icon":"ability_warrior_battleshout.jpg","name":"Battle Shout"},{"source":26,"ability":1459,"stacks":1,"icon":"spell_holy_magicalsentry.jpg","name":"Arcane Intellect"}],"expansion":"shadowlands","faction":0,"specID":265,"covenantID":3,"soulbindID":1,"strength":172,"agility":348,"stamina":1515,"intellect":1402,"dodge":0,"parry":0,"block":0,"armor":291,"critMelee":282,"critRanged":282,"critSpell":282,"speed":30,"leech":0,"hasteMelee":685,"hasteRanged":685,"hasteSpell":685,"avoidance":0,"mastery":287,"versatilityDamageDone":191,"versatilityHealingDone":191,"versatilityDamageReduction":191,"talents":[{"id":198590,"icon":"spell_shadow_haunting.jpg"},{"id":63106,"icon":"spell_shadow_requiem.jpg"},{"id":111400,"icon":"ability_deathwing_sealarmorbreachtga.jpg"},{"id":205179,"icon":"inv_enchant_voidsphere.jpg"},{"id":6789,"icon":"ability_warlock_mortalcoil.jpg"},{"id":48181,"icon":"ability_warlock_haunt.jpg"},{"id":113860,"icon":"spell_warlock_soulburn.jpg"}],"pvpTalents":[{"id":0,"icon":"inv_axe_02.jpg"},{"id":335052,"icon":"spell_shadow_unstableaffliction_3_purple.jpg"},{"id":285933,"icon":"spell_shadow_ragingscream.jpg"},{"id":248855,"icon":"spell_warlock_demonicportal_green.jpg"}],"customPowerSet":[{"traitID":850,"rank":1,"spellID":0,"icon":"inv_axe_02.jpg"},{"traitID":863,"rank":1,"spellID":342270,"icon":"ability_racial_runningwild.jpg"},{"traitID":864,"rank":1,"spellID":322721,"icon":"ability_druid_manatree.jpg"},{"traitID":1010,"rank":1,"spellID":0,"icon":"inv_axe_02.jpg"}],"secondaryCustomPowerSet":[{"traitID":202,"rank":171,"spellID":339500,"icon":"spell_shadow_unstableaffliction_3_purple.jpg"},{"traitID":171,"rank":171,"spellID":339411,"icon":"warrior_doubletime.jpg"}]},{"timestamp":1967282,"type":"combatantinfo","pin":"0","sourceID":10,"gear":[{"id":178759,"quality":3,"icon":"inv_helm_cloth_oribosdungeon_c_01.jpg","itemLevel":184,"bonusIDs":[6807,6652,7194,1498,6646]},{"id":173146,"quality":3,"icon":"inv_jewelcrafting_90_maxlvlneck_yellow.jpg","itemLevel":168,"bonusIDs":[7185],"gems":[{"id":173130,"itemLevel":120,"icon":"inv_jewelcrafting_90_rarecut_purple.jpg"}]},{"id":175873,"quality":3,"icon":"inv_shoulder_cloth_oribosdungeon_c_01.jpg","itemLevel":177,"bonusIDs":[6783,1491,6616]},{"id":0,"quality":1,"icon":"inv_axe_02.jpg","itemLevel":0},{"id":173214,"quality":3,"icon":"inv_robe_cloth_oribosdungeon_c_01.jpg","itemLevel":168,"permanentEnchant":6230,"bonusIDs":[6893,7185]},{"id":184788,"quality":4,"icon":"inv_belt_cloth_oribosdungeon_c_01.jpg","itemLevel":190,"bonusIDs":[6652,7193,1472,6646]},{"id":180107,"quality":3,"icon":"inv_pant_cloth_oribosdungeon_c_01.jpg","itemLevel":184,"bonusIDs":[6807,40,1498,6646]},{"id":178831,"quality":3,"icon":"inv_boot_cloth_oribosdungeon_c_01.jpg","itemLevel":184,"permanentEnchant":6207,"bonusIDs":[6807,6652,1498,6646]},{"id":178806,"quality":3,"icon":"inv_bracer_cloth_oribosdungeon_c_01.jpg","itemLevel":184,"permanentEnchant":6220,"bonusIDs":[6807,6652,7194,1498,6646]},{"id":178833,"quality":3,"icon":"inv_glove_cloth_oribosdungeon_c_01.jpg","itemLevel":184,"bonusIDs":[6807,6652,1498,6646]},{"id":184783,"quality":4,"icon":"inv_70_dungeon_ring4b.jpg","itemLevel":190,"permanentEnchant":6166,"bonusIDs":[6652,7193,1472,6646]},{"id":173133,"quality":3,"icon":"inv_jewelcrafting_90_maxlvlring_yellow.jpg","itemLevel":168,"permanentEnchant":6166,"bonusIDs":[7185],"gems":[{"id":173130,"itemLevel":120,"icon":"inv_jewelcrafting_90_rarecut_purple.jpg"}]},{"id":173069,"quality":3,"icon":"inv_inscription_darkmooncard_putrescence.jpg","itemLevel":200},{"id":179350,"quality":3,"icon":"inv_trinket_80_titan02a.jpg","itemLevel":184,"bonusIDs":[6807,6652,1498,6646]},{"id":184781,"quality":4,"icon":"inv_plate_oribosdungeon_c_01_cape.jpg","itemLevel":190,"permanentEnchant":6204,"bonusIDs":[6652,1472,6646]},{"id":184798,"quality":4,"icon":"inv_knife_1h_revendrethquest_b_01.jpg","itemLevel":190,"permanentEnchant":6229,"temporaryEnchant":6188,"bonusIDs":[6652,1472,6646]},{"id":179562,"quality":3,"icon":"inv_offhand_1h_ardenwealdquest_b_01.jpg","itemLevel":177,"bonusIDs":[6652,1472,5874,6616]},{"id":0,"quality":1,"icon":"inv_axe_02.jpg","itemLevel":0}],"auras":[{"source":10,"ability":308506,"stacks":1,"icon":"spell_misc_food.jpg","name":"Well Fed"},{"source":4,"ability":774,"stacks":1,"icon":"spell_nature_rejuvenation.jpg","name":"Rejuvenation"},{"source":10,"ability":307185,"stacks":1,"icon":"inv_alchemy_90_flask_green.jpg","name":"Spectral Flask of Power"},{"source":16,"ability":6673,"stacks":1,"icon":"ability_warrior_battleshout.jpg","name":"Battle Shout"},{"source":10,"ability":270058,"stacks":1,"icon":"creatureportrait_altarofearth_01.jpg","name":"Battle-Scarred Augmentation"},{"source":26,"ability":1459,"stacks":1,"icon":"spell_holy_magicalsentry.jpg","name":"Arcane Intellect"},{"source":15,"ability":21562,"stacks":1,"icon":"spell_holy_wordfortitude.jpg","name":"Power Word: Fortitude"}],"expansion":"shadowlands","faction":0,"specID":265,"covenantID":3,"soulbindID":1,"strength":172,"agility":348,"stamina":1486,"intellect":1658,"dodge":0,"parry":0,"block":0,"armor":288,"critMelee":289,"critRanged":289,"critSpell":289,"speed":0,"leech":30,"hasteMelee":600,"hasteRanged":600,"hasteSpell":600,"avoidance":48,"mastery":380,"versatilityDamageDone":113,"versatilityHealingDone":113,"versatilityDamageReduction":113,"talents":[{"id":198590,"icon":"spell_shadow_haunting.jpg"},{"id":63106,"icon":"spell_shadow_requiem.jpg"},{"id":111400,"icon":"ability_deathwing_sealarmorbreachtga.jpg"},{"id":205179,"icon":"inv_enchant_voidsphere.jpg"},{"id":6789,"icon":"ability_warlock_mortalcoil.jpg"},{"id":48181,"icon":"ability_warlock_haunt.jpg"},{"id":113860,"icon":"spell_warlock_soulburn.jpg"}],"pvpTalents":[{"id":0,"icon":"inv_axe_02.jpg"},{"id":344566,"icon":"spell_shadow_deathsembrace.jpg"},{"id":335052,"icon":"spell_shadow_unstableaffliction_3_purple.jpg"},{"id":285933,"icon":"spell_shadow_ragingscream.jpg"}],"customPowerSet":[{"traitID":850,"rank":1,"spellID":0,"icon":"inv_axe_02.jpg"},{"traitID":863,"rank":1,"spellID":342270,"icon":"ability_racial_runningwild.jpg"},{"traitID":864,"rank":1,"spellID":322721,"icon":"ability_druid_manatree.jpg"},{"traitID":1010,"rank":1,"spellID":0,"icon":"inv_axe_02.jpg"}],"secondaryCustomPowerSet":[{"traitID":202,"rank":158,"spellID":339500,"icon":"spell_shadow_unstableaffliction_3_purple.jpg"},{"traitID":144,"rank":184,"spellID":339130,"icon":"spell_shadow_felmending.jpg"}]},{"timestamp":1967282,"type":"combatantinfo","pin":"0","sourceID":14,"gear":[{"id":178816,"quality":3,"icon":"inv_helm_mail_oribosdungeon_c_01.jpg","itemLevel":171,"bonusIDs":[6806,6652,6935,1485,4785],"gems":[{"id":173127,"itemLevel":120,"icon":"inv_jewelcrafting_90_rarecut_orange.jpg"}]},{"id":178707,"quality":3,"icon":"inv_neck_ardenweald_01_silver.jpg","itemLevel":171,"bonusIDs":[6806,6652,7193,1485,4785]},{"id":178733,"quality":3,"icon":"inv_shoulder_mail_oribosdungeon_c_01.jpg","itemLevel":184,"bonusIDs":[6807,43,1498,6646]},{"id":0,"quality":1,"icon":"inv_axe_02.jpg","itemLevel":0},{"id":179353,"quality":3,"icon":"inv_chest_mail_oribosdungeon_c_01.jpg","itemLevel":184,"permanentEnchant":6217,"bonusIDs":[6807,6652,1498,6646]},{"id":180110,"quality":3,"icon":"inv_belt_mail_oribosdungeon_c_01.jpg","itemLevel":171,"bonusIDs":[6806,40,6935,1485,4785],"gems":[{"id":173127,"itemLevel":120,"icon":"inv_jewelcrafting_90_rarecut_orange.jpg"}]},{"id":178778,"quality":3,"icon":"inv_pant_mail_oribosdungeon_c_01.jpg","itemLevel":184,"bonusIDs":[6807,40,1498,6646]},{"id":179345,"quality":3,"icon":"inv_boot_mail_oribosdungeon_c_01.jpg","itemLevel":184,"permanentEnchant":6207,"bonusIDs":[6807,6652,1498,6646]},{"id":180114,"quality":3,"icon":"inv_bracer_mail_oribosdungeon_c_01.jpg","itemLevel":184,"permanentEnchant":6219,"bonusIDs":[6807,6652,7194,1498,6646]},{"id":179325,"quality":3,"icon":"inv_glove_mail_oribosdungeon_c_01.jpg","itemLevel":184,"bonusIDs":[6807,6652,1498,6646]},{"id":178872,"quality":3,"icon":"inv_ring_maldraxxus_01_violet.jpg","itemLevel":184,"permanentEnchant":6163,"bonusIDs":[6807,6652,6935,1498,6646],"gems":[{"id":173127,"itemLevel":120,"icon":"inv_jewelcrafting_90_rarecut_orange.jpg"}]},{"id":178870,"quality":3,"icon":"inv_ring_maldraxxus_02_green.jpg","itemLevel":184,"permanentEnchant":6163,"bonusIDs":[6807,6652,7193,1498,6646]},{"id":178849,"quality":3,"icon":"inv_trinket_revendreth_02_red.jpg","itemLevel":184,"bonusIDs":[6807,6652,1498,6646]},{"id":173078,"quality":3,"icon":"inv_inscription_darkmooncard_repose.jpg","itemLevel":200},{"id":178755,"quality":3,"icon":"inv_cape_mail_oribosdungeon_c_01.jpg","itemLevel":171,"permanentEnchant":6204,"bonusIDs":[6806,6652,1485,4785]},{"id":178829,"quality":3,"icon":"inv_staff_2h_oribosdungeon_c_01.jpg","itemLevel":184,"permanentEnchant":6229,"temporaryEnchant":6190,"bonusIDs":[6807,6652,1498,6646]},{"id":0,"quality":1,"icon":"inv_axe_02.jpg","itemLevel":0},{"id":52252,"quality":4,"icon":"inv_shirt_guildtabard_01.jpg","itemLevel":32}],"auras":[{"source":14,"ability":327708,"stacks":1,"icon":"spell_misc_food.jpg","name":"Well Fed"},{"source":14,"ability":307185,"stacks":1,"icon":"inv_alchemy_90_flask_green.jpg","name":"Spectral Flask of Power"},{"source":26,"ability":1459,"stacks":1,"icon":"spell_holy_magicalsentry.jpg","name":"Arcane Intellect"},{"source":16,"ability":6673,"stacks":1,"icon":"ability_warrior_battleshout.jpg","name":"Battle Shout"},{"source":15,"ability":21562,"stacks":1,"icon":"spell_holy_wordfortitude.jpg","name":"Power Word: Fortitude"}],"expansion":"shadowlands","faction":0,"specID":264,"covenantID":4,"soulbindID":5,"strength":196,"agility":447,"stamina":1335,"intellect":1436,"dodge":0,"parry":0,"block":0,"armor":676,"critMelee":526,"critRanged":526,"critSpell":526,"speed":0,"leech":30,"hasteMelee":372,"hasteRanged":372,"hasteSpell":372,"avoidance":81,"mastery":248,"versatilityDamageDone":372,"versatilityHealingDone":372,"versatilityDamageReduction":372,"talents":[{"id":73685,"icon":"spell_shaman_unleashweapon_life.jpg"},{"id":108283,"icon":"ability_shaman_echooftheelements.jpg"},{"id":260878,"icon":"spell_hunter_lonewolf.jpg"},{"id":198838,"icon":"spell_nature_stoneskintotem.jpg"},{"id":30884,"icon":"spell_nature_natureguardian.jpg"},{"id":280614,"icon":"spell_frost_summonwaterelemental.jpg"},{"id":114052,"icon":"spell_fire_elementaldevastation.jpg"}],"pvpTalents":[{"id":0,"icon":"inv_axe_02.jpg"},{"id":204264,"icon":"spell_shaman_tidalwaves.jpg"},{"id":204268,"icon":"spell_shaman_hex.jpg"},{"id":204336,"icon":"spell_nature_groundingtotem.jpg"}],"customPowerSet":[{"traitID":1154,"rank":1,"spellID":342156,"icon":"trade_archaeology_vrykul_runestick.jpg"},{"traitID":1163,"rank":1,"spellID":323921,"icon":"inv_helm_crown_c_01_black.jpg"},{"traitID":1168,"rank":1,"spellID":0,"icon":"inv_axe_02.jpg"}],"secondaryCustomPowerSet":[{"traitID":147,"rank":200,"spellID":339186,"icon":"spell_animamaldraxxus_wave.jpg"}]},{"timestamp":1967282,"type":"combatantinfo","pin":"0","sourceID":3,"gear":[{"id":178812,"quality":3,"icon":"inv_plate_oribosdungeon_c_01_helm.jpg","itemLevel":184,"bonusIDs":[6807,43,7193,1498,6646]},{"id":178707,"quality":3,"icon":"inv_neck_ardenweald_01_silver.jpg","itemLevel":184,"bonusIDs":[6807,6652,7193,1498,6646]},{"id":184809,"quality":4,"icon":"inv_plate_oribosdungeon_c_01_shoulder.jpg","itemLevel":190,"bonusIDs":[6652,1472,6646]},{"id":0,"quality":1,"icon":"inv_axe_02.jpg","itemLevel":0},{"id":178814,"quality":3,"icon":"inv_plate_oribosdungeon_c_01_chest.jpg","itemLevel":184,"bonusIDs":[6807,43,1498,6646]},{"id":178734,"quality":3,"icon":"inv_plate_oribosdungeon_c_01_buckle.jpg","itemLevel":171,"bonusIDs":[6806,6652,6935,1485,4785],"gems":[{"id":173130,"itemLevel":120,"icon":"inv_jewelcrafting_90_rarecut_purple.jpg"}]},{"id":178701,"quality":3,"icon":"inv_plate_oribosdungeon_c_01_pants.jpg","itemLevel":184,"bonusIDs":[6807,6652,1498,6646]},{"id":180101,"quality":3,"icon":"inv_plate_oribosdungeon_c_01_boots.jpg","itemLevel":184,"bonusIDs":[6807,6652,1498,6646]},{"id":180113,"quality":3,"icon":"inv_plate_oribosdungeon_c_01_bracer.jpg","itemLevel":184,"bonusIDs":[6807,6652,7194,1498,6646]},{"id":184808,"quality":4,"icon":"inv_plate_oribosdungeon_c_01_glove.jpg","itemLevel":190,"bonusIDs":[1472,6646]},{"id":178824,"quality":3,"icon":"inv_ring_revendrethraid_01_gold.jpg","itemLevel":184,"permanentEnchant":6168,"bonusIDs":[6807,6652,7193,1498,6646]},{"id":179355,"quality":3,"icon":"inv_ring_ardenweald_02_green.jpg","itemLevel":184,"permanentEnchant":6168,"bonusIDs":[6807,6652,6935,1498,6646],"gems":[{"id":173130,"itemLevel":120,"icon":"inv_jewelcrafting_90_rarecut_purple.jpg"}]},{"id":173087,"quality":3,"icon":"inv_inscription_darkmooncard_voracity.jpg","itemLevel":200},{"id":178808,"quality":3,"icon":"inv_misc_organ_04.jpg","itemLevel":184,"bonusIDs":[6807,6652,1498,6646]},{"id":184781,"quality":4,"icon":"inv_plate_oribosdungeon_c_01_cape.jpg","itemLevel":190,"permanentEnchant":6202,"bonusIDs":[6652,1472,6646]},{"id":184804,"quality":4,"icon":"inv_1h_oribosdungeon_c_01.jpg","itemLevel":190,"permanentEnchant":3368,"temporaryEnchant":6200,"bonusIDs":[6652,1472,6646]},{"id":0,"quality":1,"icon":"inv_axe_02.jpg","itemLevel":0},{"id":5976,"quality":2,"icon":"inv_shirt_guildtabard_01.jpg","itemLevel":1}],"auras":[{"source":3,"ability":307185,"stacks":1,"icon":"inv_alchemy_90_flask_green.jpg","name":"Spectral Flask of Power"},{"source":3,"ability":308506,"stacks":1,"icon":"spell_misc_food.jpg","name":"Well Fed"},{"source":15,"ability":21562,"stacks":1,"icon":"spell_holy_wordfortitude.jpg","name":"Power Word: Fortitude"},{"source":26,"ability":1459,"stacks":1,"icon":"spell_holy_magicalsentry.jpg","name":"Arcane Intellect"},{"source":16,"ability":6673,"stacks":1,"icon":"ability_warrior_battleshout.jpg","name":"Battle Shout"}],"expansion":"shadowlands","faction":0,"specID":252,"covenantID":4,"soulbindID":5,"strength":1142,"agility":370,"stamina":1530,"intellect":254,"dodge":0,"parry":0,"block":0,"armor":1022,"critMelee":192,"critRanged":192,"critSpell":192,"speed":67,"leech":0,"hasteMelee":397,"hasteRanged":397,"hasteSpell":397,"avoidance":0,"mastery":721,"versatilityDamageDone":126,"versatilityHealingDone":126,"versatilityDamageReduction":126,"talents":[{"id":194916,"icon":"ability_fiegndead.jpg"},{"id":115989,"icon":"spell_shadow_contagion.jpg"},{"id":108194,"icon":"ability_deathknight_asphixiate.jpg"},{"id":343294,"icon":"ability_deathknight_soulreaper.jpg"},{"id":48743,"icon":"spell_shadow_deathpact.jpg"},{"id":319230,"icon":"spell_shadow_deathsembrace.jpg"},{"id":276837,"icon":"artifactability_unholydeathknight_deathsembrace.jpg"}],"pvpTalents":[{"id":0,"icon":"inv_axe_02.jpg"},{"id":288853,"icon":"achievement_boss_patchwerk.jpg"},{"id":223829,"icon":"inv_axe_96.jpg"},{"id":328718,"icon":"spell_deathknight_antimagiczone.jpg"}],"customPowerSet":[{"traitID":1154,"rank":1,"spellID":342156,"icon":"trade_archaeology_vrykul_runestick.jpg"},{"traitID":1163,"rank":1,"spellID":323921,"icon":"inv_helm_crown_c_01_black.jpg"},{"traitID":1168,"rank":1,"spellID":0,"icon":"inv_axe_02.jpg"}],"secondaryCustomPowerSet":[{"traitID":65,"rank":158,"spellID":337381,"icon":"spell_animamaw_groundstate.jpg"}]},{"timestamp":1967282,"type":"combatantinfo","pin":"0","sourceID":28,"gear":[{"id":172317,"quality":5,"icon":"inv_helm_leather_mawraid_d_01.jpg","itemLevel":190,"bonusIDs":[7124,6716,7194,6647,6650,1487],"effectID":340090,"effectIcon":"ability_warlock_soullink.jpg"},{"id":178827,"quality":3,"icon":"inv_7_0raid_necklace_03a.jpg","itemLevel":184,"bonusIDs":[6807,40,6935,1498,6646],"gems":[{"id":173129,"itemLevel":120,"icon":"inv_jewelcrafting_90_rarecut_blue.jpg"}]},{"id":178763,"quality":3,"icon":"inv_shoulder_leather_oribosdungeon_c_01.jpg","itemLevel":184,"bonusIDs":[6807,6652,1498,6646]},{"id":0,"quality":1,"icon":"inv_axe_02.jpg","itemLevel":0},{"id":178795,"quality":3,"icon":"inv_chest_leather_oribosdungeon_c_01.jpg","itemLevel":184,"permanentEnchant":6214,"bonusIDs":[6807,6652,1498,6646]},{"id":175878,"quality":3,"icon":"inv_belt_leather_oribosdungeon_c_01.jpg","itemLevel":171,"bonusIDs":[6784,1485,6616]},{"id":178801,"quality":3,"icon":"inv_pant_leather_oribosdungeon_c_01.jpg","itemLevel":184,"bonusIDs":[6807,6652,1498,6646]},{"id":178731,"quality":3,"icon":"inv_boot_leather_oribosdungeon_c_01.jpg","itemLevel":184,"permanentEnchant":6211,"bonusIDs":[6807,6652,1498,6646]},{"id":184657,"quality":4,"icon":"inv_bracer_leather_oribosdungeon_c_01.jpg","itemLevel":183,"bonusIDs":[6652,7193]},{"id":178757,"quality":3,"icon":"inv_glove_leather_oribosdungeon_c_01.jpg","itemLevel":184,"bonusIDs":[6807,6652,1498,6646]},{"id":178781,"quality":3,"icon":"inv_ring_revendreth_01_brown.jpg","itemLevel":184,"permanentEnchant":6170,"bonusIDs":[6807,6652,7193,1498,6646]},{"id":178870,"quality":3,"icon":"inv_ring_maldraxxus_02_green.jpg","itemLevel":171,"permanentEnchant":6164,"bonusIDs":[6806,6652,6935,1485,4785],"gems":[{"id":173129,"itemLevel":120,"icon":"inv_jewelcrafting_90_rarecut_blue.jpg"}]},{"id":178742,"quality":3,"icon":"inv_alchemy_70_potion2.jpg","itemLevel":184,"bonusIDs":[6807,6652,1498,6646]},{"id":173087,"quality":3,"icon":"inv_inscription_darkmooncard_voracity.jpg","itemLevel":200},{"id":178851,"quality":3,"icon":"inv_plate_oribosdungeon_c_01_cape.jpg","itemLevel":184,"permanentEnchant":6202,"bonusIDs":[6807,6652,1498,6646]},{"id":178743,"quality":3,"icon":"inv_knife_1h_oribosdungeon_c_01.jpg","itemLevel":184,"permanentEnchant":6228,"temporaryEnchant":6200,"bonusIDs":[6807,6652,1498,6646]},{"id":178470,"quality":3,"icon":"inv_knife_1h_oribosdungeon_c_01.jpg","itemLevel":177,"permanentEnchant":6229,"temporaryEnchant":6200,"bonusIDs":[7155,1491,6616]},{"id":45581,"quality":2,"icon":"inv_misc_tournaments_tabard_orc.jpg","itemLevel":1}],"auras":[{"source":28,"ability":307185,"stacks":1,"icon":"inv_alchemy_90_flask_green.jpg","name":"Spectral Flask of Power"},{"source":28,"ability":327709,"stacks":1,"icon":"spell_misc_food.jpg","name":"Well Fed"},{"source":16,"ability":6673,"stacks":1,"icon":"ability_warrior_battleshout.jpg","name":"Battle Shout"},{"source":26,"ability":1459,"stacks":1,"icon":"spell_holy_magicalsentry.jpg","name":"Arcane Intellect"},{"source":15,"ability":21562,"stacks":1,"icon":"spell_holy_wordfortitude.jpg","name":"Power Word: Fortitude"}],"expansion":"shadowlands","faction":0,"specID":261,"covenantID":3,"soulbindID":1,"strength":370,"agility":1187,"stamina":1361,"intellect":323,"dodge":0,"parry":0,"block":0,"armor":476,"critMelee":494,"critRanged":494,"critSpell":494,"speed":30,"leech":0,"hasteMelee":181,"hasteRanged":181,"hasteSpell":181,"avoidance":25,"mastery":208,"versatilityDamageDone":486,"versatilityHealingDone":486,"versatilityDamageReduction":486,"talents":[{"id":193537,"icon":"ability_ironmaidens_bladerush.jpg"},{"id":108209,"icon":"rogue_shadowfocus.jpg"},{"id":193531,"icon":"archaeology_5_0_changkiboard.jpg"},{"id":31230,"icon":"ability_rogue_cheatdeath.jpg"},{"id":131511,"icon":"ability_rogue_preyontheweak.jpg"},{"id":238104,"icon":"ability_rogue_envelopingshadows.jpg"},{"id":196976,"icon":"spell_shadow_charm.jpg"}],"pvpTalents":[{"id":0,"icon":"inv_axe_02.jpg"},{"id":198675,"icon":"ability_rogue_surpriseattack2.jpg"},{"id":212182,"icon":"ability_rogue_smoke.jpg"},{"id":198032,"icon":"ability_rogue_honoramongstthieves.jpg"}],"customPowerSet":[{"traitID":850,"rank":1,"spellID":0,"icon":"inv_axe_02.jpg"},{"traitID":863,"rank":1,"spellID":342270,"icon":"ability_racial_runningwild.jpg"},{"traitID":864,"rank":1,"spellID":322721,"icon":"ability_druid_manatree.jpg"},{"traitID":1010,"rank":1,"spellID":0,"icon":"inv_axe_02.jpg"}],"secondaryCustomPowerSet":[{"traitID":246,"rank":184,"spellID":341556,"icon":"spell_shadow_rune.jpg"},{"traitID":235,"rank":171,"spellID":341534,"icon":"ability_rogue_unfairadvantage.jpg"}]},{"timestamp":1967282,"type":"combatantinfo","pin":"0","sourceID":26,"gear":[{"id":178759,"quality":3,"icon":"inv_helm_cloth_oribosdungeon_c_01.jpg","itemLevel":184,"bonusIDs":[6807,6652,7194,1498,6646]},{"id":175885,"quality":3,"icon":"inv_7_0raid_necklace_03a.jpg","itemLevel":184,"bonusIDs":[6789,1498,6646]},{"id":173247,"quality":5,"icon":"inv_cloth_mawraid_d_01_shoulder.jpg","itemLevel":190,"bonusIDs":[6932,6716,6649,6650,1487],"effectID":333097,"effectIcon":"spell_fire_burnout.jpg"},{"id":0,"quality":1,"icon":"inv_axe_02.jpg","itemLevel":0},{"id":184654,"quality":4,"icon":"inv_robe_cloth_oribosdungeon_c_01.jpg","itemLevel":183,"permanentEnchant":6216,"bonusIDs":[6652]},{"id":175876,"quality":3,"icon":"inv_belt_cloth_oribosdungeon_c_01.jpg","itemLevel":184,"bonusIDs":[6782,1498,6646]},{"id":180107,"quality":3,"icon":"inv_pant_cloth_oribosdungeon_c_01.jpg","itemLevel":184,"bonusIDs":[6807,41,1498,6646]},{"id":175857,"quality":3,"icon":"inv_boot_cloth_oribosdungeon_c_01.jpg","itemLevel":184,"bonusIDs":[6782,1498,6646]},{"id":178704,"quality":3,"icon":"inv_bracer_cloth_oribosdungeon_c_01.jpg","itemLevel":187,"permanentEnchant":6219,"bonusIDs":[6808,6652,7194,1501,6646]},{"id":178705,"quality":3,"icon":"inv_glove_cloth_oribosdungeon_c_01.jpg","itemLevel":184,"bonusIDs":[6807,6652,1498,6646]},{"id":179355,"quality":3,"icon":"inv_ring_ardenweald_02_green.jpg","itemLevel":184,"permanentEnchant":6169,"bonusIDs":[6807,6652,7193,1498,6646]},{"id":178824,"quality":3,"icon":"inv_ring_revendrethraid_01_gold.jpg","itemLevel":184,"permanentEnchant":6169,"bonusIDs":[6807,41,7193,1498,6646]},{"id":178298,"quality":3,"icon":"inv_misc_token_argentdawn3.jpg","itemLevel":184,"bonusIDs":[6782,1498,6646]},{"id":175884,"quality":3,"icon":"spell_holy_championsbond.jpg","itemLevel":184,"bonusIDs":[6782,1498,6646]},{"id":179349,"quality":3,"icon":"inv_cape_cloth_oribosdungeon_c_01.jpg","itemLevel":184,"permanentEnchant":6202,"bonusIDs":[6807,6652,1498,6646]},{"id":178829,"quality":3,"icon":"inv_staff_2h_oribosdungeon_c_01.jpg","itemLevel":184,"permanentEnchant":6229,"temporaryEnchant":6188,"bonusIDs":[6807,6652,1498,6646]},{"id":0,"quality":1,"icon":"inv_axe_02.jpg","itemLevel":0},{"id":0,"quality":1,"icon":"inv_axe_02.jpg","itemLevel":0}],"auras":[{"source":15,"ability":21562,"stacks":1,"icon":"spell_holy_wordfortitude.jpg","name":"Power Word: Fortitude"},{"source":26,"ability":327708,"stacks":1,"icon":"spell_misc_food.jpg","name":"Well Fed"},{"source":26,"ability":307185,"stacks":1,"icon":"inv_alchemy_90_flask_green.jpg","name":"Spectral Flask of Power"},{"source":16,"ability":6673,"stacks":1,"icon":"ability_warrior_battleshout.jpg","name":"Battle Shout"},{"source":26,"ability":1459,"stacks":1,"icon":"spell_holy_magicalsentry.jpg","name":"Arcane Intellect"}],"expansion":"shadowlands","faction":0,"specID":63,"covenantID":3,"soulbindID":1,"strength":199,"agility":308,"stamina":1383,"intellect":1540,"dodge":0,"parry":0,"block":0,"armor":292,"critMelee":295,"critRanged":295,"critSpell":295,"speed":30,"leech":73,"hasteMelee":770,"hasteRanged":770,"hasteSpell":770,"avoidance":0,"mastery":343,"versatilityDamageDone":298,"versatilityHealingDone":298,"versatilityDamageReduction":298,"talents":[{"id":269644,"icon":"ability_warlock_backdraft.jpg"},{"id":212653,"icon":"spell_arcane_massdispel.jpg"},{"id":116011,"icon":"spell_mage_runeofpower.jpg"},{"id":205029,"icon":"inv_helm_circlet_firelands_d_01.jpg"},{"id":236058,"icon":"spell_fire_burningspeed.jpg"},{"id":205023,"icon":"spell_shaman_firenova.jpg"},{"id":155148,"icon":"spell_mage_kindling.jpg"}],"pvpTalents":[{"id":0,"icon":"inv_axe_02.jpg"},{"id":203283,"icon":"ability_mage_firestarter.jpg"},{"id":203284,"icon":"ability_mage_flamecannon.jpg"},{"id":203286,"icon":"ability_mage_greaterpyroblast.jpg"}],"customPowerSet":[{"traitID":850,"rank":1,"spellID":0,"icon":"inv_axe_02.jpg"},{"traitID":863,"rank":1,"spellID":342270,"icon":"ability_racial_runningwild.jpg"},{"traitID":864,"rank":1,"spellID":322721,"icon":"ability_druid_manatree.jpg"},{"traitID":1010,"rank":1,"spellID":0,"icon":"inv_axe_02.jpg"}],"secondaryCustomPowerSet":[{"traitID":30,"rank":184,"spellID":336821,"icon":"ability_rhyolith_immolation.jpg"},{"traitID":26,"rank":184,"spellID":336636,"icon":"spell_arcane_blink.jpg"}]},{"timestamp":1967282,"type":"combatantinfo","pin":"0","sourceID":22,"gear":[{"id":178860,"quality":3,"icon":"inv_helm_cloth_oribosdungeon_c_01.jpg","itemLevel":184,"bonusIDs":[6807,6652,6935,1498,6646],"gems":[{"id":173128,"itemLevel":120,"icon":"inv_jewelcrafting_90_rarecut_yellow.jpg"}]},{"id":178707,"quality":3,"icon":"inv_neck_ardenweald_01_silver.jpg","itemLevel":184,"bonusIDs":[6807,6652,7194,1498,6646]},{"id":178740,"quality":3,"icon":"inv_shoulder_cloth_oribosdungeon_c_01.jpg","itemLevel":184,"bonusIDs":[6807,6652,1498,6646]},{"id":0,"quality":1,"icon":"inv_axe_02.jpg","itemLevel":0},{"id":178792,"quality":3,"icon":"inv_robe_cloth_oribosdungeon_c_01.jpg","itemLevel":184,"permanentEnchant":6265,"temporaryEnchant":6225,"bonusIDs":[6807,6652,1498,6646]},{"id":179343,"quality":3,"icon":"inv_belt_cloth_oribosdungeon_c_01.jpg","itemLevel":184,"bonusIDs":[6807,6652,7194,1498,6646]},{"id":179351,"quality":3,"icon":"inv_pant_cloth_oribosdungeon_c_01.jpg","itemLevel":184,"bonusIDs":[6807,6652,1498,6646]},{"id":180102,"quality":3,"icon":"inv_boot_cloth_oribosdungeon_c_01.jpg","itemLevel":184,"bonusIDs":[6807,6652,1498,6646]},{"id":175880,"quality":3,"icon":"inv_bracer_cloth_oribosdungeon_c_01.jpg","itemLevel":184,"permanentEnchant":6220,"bonusIDs":[6789,1498,6646]},{"id":178748,"quality":3,"icon":"inv_glove_cloth_oribosdungeon_c_01.jpg","itemLevel":184,"bonusIDs":[6807,6652,1498,6646]},{"id":178848,"quality":3,"icon":"inv_70_raid_ring5b.jpg","itemLevel":184,"permanentEnchant":6166,"bonusIDs":[6807,6652,7193,1498,6646]},{"id":178781,"quality":3,"icon":"inv_ring_revendreth_01_brown.jpg","itemLevel":184,"permanentEnchant":6166,"bonusIDs":[6807,6652,6935,1498,6646],"gems":[{"id":173128,"itemLevel":120,"icon":"inv_jewelcrafting_90_rarecut_yellow.jpg"}]},{"id":178298,"quality":3,"icon":"inv_misc_token_argentdawn3.jpg","itemLevel":184,"bonusIDs":[6782,1498,6646]},{"id":173069,"quality":3,"icon":"inv_inscription_darkmooncard_putrescence.jpg","itemLevel":200},{"id":180123,"quality":3,"icon":"inv_cape_mail_oribosdungeon_c_01.jpg","itemLevel":184,"permanentEnchant":6204,"bonusIDs":[6807,40,1498,6646]},{"id":178829,"quality":3,"icon":"inv_staff_2h_oribosdungeon_c_01.jpg","itemLevel":184,"permanentEnchant":6228,"temporaryEnchant":6188,"bonusIDs":[6807,6652,1498,6646]},{"id":0,"quality":1,"icon":"inv_axe_02.jpg","itemLevel":0},{"id":0,"quality":1,"icon":"inv_axe_02.jpg","itemLevel":0}],"auras":[{"source":22,"ability":327708,"stacks":1,"icon":"spell_misc_food.jpg","name":"Well Fed"},{"source":22,"ability":307185,"stacks":1,"icon":"inv_alchemy_90_flask_green.jpg","name":"Spectral Flask of Power"},{"source":15,"ability":21562,"stacks":1,"icon":"spell_holy_wordfortitude.jpg","name":"Power Word: Fortitude"},{"source":26,"ability":1459,"stacks":1,"icon":"spell_holy_magicalsentry.jpg","name":"Arcane Intellect"},{"source":16,"ability":6673,"stacks":1,"icon":"ability_warrior_battleshout.jpg","name":"Battle Shout"}],"expansion":"shadowlands","faction":0,"specID":258,"covenantID":2,"soulbindID":8,"strength":258,"agility":374,"stamina":1412,"intellect":1404,"dodge":0,"parry":0,"block":0,"armor":291,"critMelee":406,"critRanged":406,"critSpell":406,"speed":0,"leech":30,"hasteMelee":438,"hasteRanged":438,"hasteSpell":438,"avoidance":27,"mastery":419,"versatilityDamageDone":216,"versatilityHealingDone":216,"versatilityDamageReduction":216,"talents":[{"id":193195,"icon":"ability_mage_studentofthemind.jpg"},{"id":64129,"icon":"spell_holy_symbolofhope.jpg"},{"id":109142,"icon":"spell_shadow_mindtwisting.jpg"},{"id":64044,"icon":"spell_shadow_psychichorrors.jpg"},{"id":155271,"icon":"ability_priest_auspiciousspirits.jpg"},{"id":263165,"icon":"spell_priest_voidsear.jpg"},{"id":345218,"icon":"ability_ironmaidens_convulsiveshadows.jpg"}],"pvpTalents":[{"id":0,"icon":"inv_axe_02.jpg"},{"id":211522,"icon":"spell_priest_psyfiend.jpg"},{"id":341167,"icon":"spell_shadow_devouringplague.jpg"},{"id":228630,"icon":"ability_priest_shadowyapparition.jpg"}],"customPowerSet":[{"traitID":1393,"rank":1,"spellID":331576,"icon":"spell_shadow_deathsembrace.jpg"},{"traitID":1395,"rank":1,"spellID":0,"icon":"inv_axe_02.jpg"},{"traitID":1406,"rank":1,"spellID":331586,"icon":"ability_rogue_bloodsplatter.jpg"}],"secondaryCustomPowerSet":[{"traitID":115,"rank":158,"spellID":338342,"icon":"spell_shadow_shadowpower.jpg"}]},{"timestamp":1967282,"type":"combatantinfo","pin":"0","sourceID":19,"gear":[{"id":178812,"quality":3,"icon":"inv_plate_oribosdungeon_c_01_helm.jpg","itemLevel":184,"bonusIDs":[6807,6652,7193,1498,6646]},{"id":178335,"quality":3,"icon":"inv_7_0raid_necklace_03a.jpg","itemLevel":184,"bonusIDs":[6789,1498,6646]},{"id":178802,"quality":3,"icon":"inv_plate_oribosdungeon_c_01_shoulder.jpg","itemLevel":184,"bonusIDs":[6807,6652,1498,6646]},{"id":52019,"quality":2,"icon":"inv_misc_ribbon_01.jpg","itemLevel":1},{"id":180099,"quality":3,"icon":"inv_plate_oribosdungeon_c_01_chest.jpg","itemLevel":184,"permanentEnchant":6214,"bonusIDs":[6807,6652,1498,6646]},{"id":178734,"quality":3,"icon":"inv_plate_oribosdungeon_c_01_buckle.jpg","itemLevel":184,"onUseEnchant":4223,"bonusIDs":[6807,43,7194,1498,6646]},{"id":178701,"quality":3,"icon":"inv_plate_oribosdungeon_c_01_pants.jpg","itemLevel":184,"bonusIDs":[6807,6652,1498,6646]},{"id":179338,"quality":3,"icon":"inv_plate_oribosdungeon_c_01_boots.jpg","itemLevel":184,"permanentEnchant":6207,"bonusIDs":[6807,6652,1498,6646]},{"id":178807,"quality":3,"icon":"inv_plate_oribosdungeon_c_01_bracer.jpg","itemLevel":184,"permanentEnchant":6222,"bonusIDs":[6807,6652,7194,1498,6646]},{"id":184808,"quality":4,"icon":"inv_plate_oribosdungeon_c_01_glove.jpg","itemLevel":190,"permanentEnchant":6209,"bonusIDs":[1472,6646]},{"id":178869,"quality":3,"icon":"inv_jewelry_ring_45.jpg","itemLevel":184,"permanentEnchant":6168,"bonusIDs":[6807,6652,7194,1498,6646]},{"id":184143,"quality":4,"icon":"inv_ring_maldraxxus_02_blue.jpg","itemLevel":207,"permanentEnchant":6168,"bonusIDs":[6652,7193,1492,6646]},{"id":180118,"quality":3,"icon":"inv_trinket_oribos_01_silver.jpg","itemLevel":184,"bonusIDs":[6807,6652,1498,6646]},{"id":178771,"quality":3,"icon":"inv_trinket_maldraxxus_02_green.jpg","itemLevel":184,"bonusIDs":[6807,6652,1498,6646]},{"id":184781,"quality":4,"icon":"inv_plate_oribosdungeon_c_01_cape.jpg","itemLevel":190,"permanentEnchant":6202,"onUseEnchant":4897,"bonusIDs":[6652,1472,6646]},{"id":184804,"quality":4,"icon":"inv_1h_oribosdungeon_c_01.jpg","itemLevel":190,"permanentEnchant":3368,"bonusIDs":[6652,1472,6646]},{"id":0,"quality":1,"icon":"inv_axe_02.jpg","itemLevel":0},{"id":52252,"quality":4,"icon":"inv_shirt_guildtabard_01.jpg","itemLevel":32}],"auras":[{"source":19,"ability":327706,"stacks":1,"icon":"spell_misc_food.jpg","name":"Well Fed"},{"source":19,"ability":307185,"stacks":1,"icon":"inv_alchemy_90_flask_green.jpg","name":"Spectral Flask of Power"},{"source":16,"ability":6673,"stacks":1,"icon":"ability_warrior_battleshout.jpg","name":"Battle Shout"},{"source":26,"ability":1459,"stacks":1,"icon":"spell_holy_magicalsentry.jpg","name":"Arcane Intellect"},{"source":15,"ability":21562,"stacks":1,"icon":"spell_holy_wordfortitude.jpg","name":"Power Word: Fortitude"}],"expansion":"shadowlands","faction":0,"specID":252,"covenantID":4,"soulbindID":5,"strength":1181,"agility":374,"stamina":1556,"intellect":257,"dodge":0,"parry":0,"block":0,"armor":1024,"critMelee":212,"critRanged":212,"critSpell":212,"speed":67,"leech":0,"hasteMelee":305,"hasteRanged":305,"hasteSpell":305,"avoidance":0,"mastery":719,"versatilityDamageDone":177,"versatilityHealingDone":177,"versatilityDamageReduction":177,"talents":[{"id":194916,"icon":"ability_fiegndead.jpg"},{"id":115989,"icon":"spell_shadow_contagion.jpg"},{"id":108194,"icon":"ability_deathknight_asphixiate.jpg"},{"id":343294,"icon":"ability_deathknight_soulreaper.jpg"},{"id":212552,"icon":"inv_helm_plate_raiddeathknight_p_01.jpg"},{"id":319230,"icon":"spell_shadow_deathsembrace.jpg"},{"id":276837,"icon":"artifactability_unholydeathknight_deathsembrace.jpg"}],"pvpTalents":[{"id":0,"icon":"inv_axe_02.jpg"},{"id":288853,"icon":"achievement_boss_patchwerk.jpg"},{"id":199642,"icon":"ability_deathknight_decomposingaura.jpg"},{"id":201995,"icon":"spell_holy_turnundead.jpg"}],"customPowerSet":[{"traitID":1154,"rank":1,"spellID":342156,"icon":"trade_archaeology_vrykul_runestick.jpg"},{"traitID":1163,"rank":1,"spellID":323921,"icon":"inv_helm_crown_c_01_black.jpg"},{"traitID":1168,"rank":1,"spellID":0,"icon":"inv_axe_02.jpg"},{"traitID":1767,"rank":1,"spellID":0,"icon":"inv_axe_02.jpg"}],"secondaryCustomPowerSet":[{"traitID":127,"rank":184,"spellID":338651,"icon":"ability_maldraxxus_deathknight.jpg"},{"traitID":70,"rank":171,"spellID":337705,"icon":"spell_deathknight_mindfreeze.jpg"}]},{"timestamp":1967282,"type":"combatantinfo","pin":"0","sourceID":4,"gear":[{"id":178760,"quality":3,"icon":"inv_helm_leather_oribosdungeon_c_01.jpg","itemLevel":184,"bonusIDs":[6807,6652,7193,1498,6646]},{"id":178827,"quality":3,"icon":"inv_7_0raid_necklace_03a.jpg","itemLevel":184,"bonusIDs":[6807,6652,7193,1498,6646]},{"id":179344,"quality":3,"icon":"inv_shoulder_leather_oribosdungeon_c_01.jpg","itemLevel":184,"bonusIDs":[6807,6652,1498,6646]},{"id":0,"quality":1,"icon":"inv_axe_02.jpg","itemLevel":0},{"id":178744,"quality":3,"icon":"inv_chest_leather_oribosdungeon_c_01.jpg","itemLevel":184,"permanentEnchant":6230,"bonusIDs":[6807,6652,1498,6646]},{"id":178823,"quality":3,"icon":"inv_belt_leather_oribosdungeon_c_01.jpg","itemLevel":184,"bonusIDs":[6807,6652,7194,1498,6646]},{"id":178819,"quality":3,"icon":"inv_pant_leather_oribosdungeon_c_01.jpg","itemLevel":187,"bonusIDs":[6808,6652,1501,6646]},{"id":172315,"quality":5,"icon":"inv_boot_leather_mawraid_d_01.jpg","itemLevel":190,"bonusIDs":[7099,6716,6649,6648,1487],"effectID":338832,"effectIcon":"achievement_dungeon_everbloom.jpg"},{"id":178702,"quality":3,"icon":"inv_bracer_leather_oribosdungeon_c_01.jpg","itemLevel":184,"bonusIDs":[6807,6652,6935,1498,6646],"gems":[{"id":173128,"itemLevel":120,"icon":"inv_jewelcrafting_90_rarecut_yellow.jpg"}]},{"id":178757,"quality":3,"icon":"inv_glove_leather_oribosdungeon_c_01.jpg","itemLevel":184,"permanentEnchant":6205,"bonusIDs":[6807,6652,1498,6646]},{"id":178933,"quality":3,"icon":"inv_ring_maldraxxus_02_brown.jpg","itemLevel":184,"permanentEnchant":6166,"bonusIDs":[6807,6652,7194,1498,6646]},{"id":178869,"quality":3,"icon":"inv_jewelry_ring_45.jpg","itemLevel":184,"permanentEnchant":6166,"bonusIDs":[6807,6652,7193,1498,6646]},{"id":178708,"quality":1,"icon":"inv_axe_02.jpg","itemLevel":184,"bonusIDs":[6807,41,6917,1498,6646]},{"id":173078,"quality":3,"icon":"inv_inscription_darkmooncard_repose.jpg","itemLevel":200},{"id":180123,"quality":3,"icon":"inv_cape_mail_oribosdungeon_c_01.jpg","itemLevel":184,"bonusIDs":[6807,6652,1498,6646]},{"id":178829,"quality":3,"icon":"inv_staff_2h_oribosdungeon_c_01.jpg","itemLevel":184,"bonusIDs":[6807,6652,1498,6646]},{"id":0,"quality":1,"icon":"inv_axe_02.jpg","itemLevel":0},{"id":43349,"quality":4,"icon":"inv_chest_cloth_30.jpg","itemLevel":1}],"auras":[{"source":26,"ability":1459,"stacks":1,"icon":"spell_holy_magicalsentry.jpg","name":"Arcane Intellect"},{"source":4,"ability":327708,"stacks":1,"icon":"spell_misc_food.jpg","name":"Well Fed"},{"source":16,"ability":6673,"stacks":1,"icon":"ability_warrior_battleshout.jpg","name":"Battle Shout"},{"source":15,"ability":21562,"stacks":1,"icon":"spell_holy_wordfortitude.jpg","name":"Power Word: Fortitude"},{"source":4,"ability":307185,"stacks":1,"icon":"inv_alchemy_90_flask_green.jpg","name":"Spectral Flask of Power"}],"expansion":"shadowlands","faction":0,"specID":105,"covenantID":3,"soulbindID":1,"strength":194,"agility":452,"stamina":1365,"intellect":1455,"dodge":0,"parry":0,"block":0,"armor":480,"critMelee":536,"critRanged":536,"critSpell":536,"speed":0,"leech":35,"hasteMelee":478,"hasteRanged":478,"hasteSpell":478,"avoidance":0,"mastery":443,"versatilityDamageDone":94,"versatilityHealingDone":94,"versatilityDamageReduction":94,"talents":[{"id":207383,"icon":"ability_druid_empoweredrejuvination.jpg"},{"id":252216,"icon":"ability_druid_dash_orange.jpg"},{"id":197491,"icon":"talentspec_druid_feral_bear.jpg"},{"id":5211,"icon":"ability_druid_bash.jpg"},{"id":200390,"icon":"spell_nature_healingtouch.jpg"},{"id":197073,"icon":"ability_druid_dreamstate.jpg"},{"id":155675,"icon":"spell_druid_germination.jpg"}],"pvpTalents":[{"id":0,"icon":"inv_axe_02.jpg"},{"id":233673,"icon":"inv_misc_herb_talandrasrose.jpg"},{"id":203624,"icon":"ability_druid_flourish.jpg"},{"id":305497,"icon":"spell_nature_thorns.jpg"}],"customPowerSet":[{"traitID":850,"rank":1,"spellID":0,"icon":"inv_axe_02.jpg"},{"traitID":863,"rank":1,"spellID":342270,"icon":"ability_racial_runningwild.jpg"},{"traitID":864,"rank":1,"spellID":322721,"icon":"ability_druid_manatree.jpg"}],"secondaryCustomPowerSet":[{"traitID":275,"rank":184,"spellID":340621,"icon":"item_herbd.jpg"}]},{"timestamp":1967282,"type":"combatantinfo","pin":"0","sourceID":5,"gear":[{"id":178732,"quality":3,"icon":"inv_helm_cloth_oribosdungeon_c_01.jpg","itemLevel":184,"bonusIDs":[6807,6652,6935,1498,6646],"gems":[{"id":154126,"itemLevel":50,"icon":"inv_jewelcrafting_80_cutgem02_orange.jpg"}]},{"id":180115,"quality":3,"icon":"inv_7_0raid_necklace_03a.jpg","itemLevel":184,"bonusIDs":[6807,6652,6935,1498,6646],"gems":[{"id":153709,"itemLevel":50,"icon":"inv_jewelcrafting_80_specialgemcut01.jpg"}]},{"id":178740,"quality":3,"icon":"inv_shoulder_cloth_oribosdungeon_c_01.jpg","itemLevel":184,"bonusIDs":[6807,42,1498,6646]},{"id":0,"quality":1,"icon":"inv_axe_02.jpg","itemLevel":0},{"id":173241,"quality":5,"icon":"inv_cloth_mawraid_d_01_robe.jpg","itemLevel":190,"bonusIDs":[7028,6716,6649,6650,1487],"effectID":337065,"effectIcon":"spell_warlock_demonicportal_green.jpg"},{"id":184788,"quality":4,"icon":"inv_belt_cloth_oribosdungeon_c_01.jpg","itemLevel":190,"bonusIDs":[6652,7193,1472,6646]},{"id":178838,"quality":3,"icon":"inv_pant_cloth_oribosdungeon_c_01.jpg","itemLevel":171,"bonusIDs":[6806,6652,1485,4785]},{"id":178831,"quality":3,"icon":"inv_boot_cloth_oribosdungeon_c_01.jpg","itemLevel":184,"bonusIDs":[6807,6652,1498,6646]},{"id":178704,"quality":3,"icon":"inv_bracer_cloth_oribosdungeon_c_01.jpg","itemLevel":171,"permanentEnchant":6219,"bonusIDs":[6806,6652,7194,1485,4785]},{"id":178833,"quality":3,"icon":"inv_glove_cloth_oribosdungeon_c_01.jpg","itemLevel":184,"bonusIDs":[6807,6652,1498,6646]},{"id":184783,"quality":4,"icon":"inv_70_dungeon_ring4b.jpg","itemLevel":190,"permanentEnchant":6168,"bonusIDs":[6652,7194,1472,6646]},{"id":184783,"quality":4,"icon":"inv_70_dungeon_ring4b.jpg","itemLevel":190,"permanentEnchant":6168,"bonusIDs":[6652,7193,1472,6646]},{"id":178772,"quality":3,"icon":"inv_misc_coinbag07.jpg","itemLevel":187,"bonusIDs":[6808,6652,1501,6646]},{"id":173069,"quality":3,"icon":"inv_inscription_darkmooncard_putrescence.jpg","itemLevel":200},{"id":184781,"quality":4,"icon":"inv_plate_oribosdungeon_c_01_cape.jpg","itemLevel":190,"bonusIDs":[6652,1472,6646]},{"id":184798,"quality":4,"icon":"inv_knife_1h_revendrethquest_b_01.jpg","itemLevel":190,"permanentEnchant":6228,"temporaryEnchant":6188,"bonusIDs":[6652,1472,6646]},{"id":178852,"quality":3,"icon":"inv_offhand_1h_oribosdungeon_c_01.jpg","itemLevel":184,"bonusIDs":[6807,6652,1498,6646]},{"id":0,"quality":1,"icon":"inv_axe_02.jpg","itemLevel":0}],"auras":[{"source":5,"ability":327708,"stacks":1,"icon":"spell_misc_food.jpg","name":"Well Fed"},{"source":16,"ability":6673,"stacks":1,"icon":"ability_warrior_battleshout.jpg","name":"Battle Shout"},{"source":26,"ability":1459,"stacks":1,"icon":"spell_holy_magicalsentry.jpg","name":"Arcane Intellect"},{"source":5,"ability":251837,"stacks":1,"icon":"inv_alchemy_80_flask01purple.jpg","name":"Flask of Endless Fathoms"},{"source":15,"ability":21562,"stacks":1,"icon":"spell_holy_wordfortitude.jpg","name":"Power Word: Fortitude"}],"expansion":"shadowlands","faction":0,"specID":265,"covenantID":3,"soulbindID":1,"strength":174,"agility":343,"stamina":1499,"intellect":1501,"dodge":0,"parry":0,"block":0,"armor":290,"critMelee":816,"critRanged":816,"critSpell":816,"speed":35,"leech":0,"hasteMelee":309,"hasteRanged":309,"hasteSpell":309,"avoidance":0,"mastery":272,"versatilityDamageDone":152,"versatilityHealingDone":152,"versatilityDamageReduction":152,"talents":[{"id":198590,"icon":"spell_shadow_haunting.jpg"},{"id":63106,"icon":"spell_shadow_requiem.jpg"},{"id":111400,"icon":"ability_deathwing_sealarmorbreachtga.jpg"},{"id":278350,"icon":"sha_spell_shadow_shadesofdarkness_nightborne.jpg"},{"id":6789,"icon":"ability_warlock_mortalcoil.jpg"},{"id":48181,"icon":"ability_warlock_haunt.jpg"},{"id":113860,"icon":"spell_warlock_soulburn.jpg"}],"pvpTalents":[{"id":0,"icon":"inv_axe_02.jpg"},{"id":212295,"icon":"spell_fire_felfireward.jpg"},{"id":285933,"icon":"spell_shadow_ragingscream.jpg"},{"id":335052,"icon":"spell_shadow_unstableaffliction_3_purple.jpg"}],"customPowerSet":[{"traitID":850,"rank":1,"spellID":0,"icon":"inv_axe_02.jpg"},{"traitID":863,"rank":1,"spellID":342270,"icon":"ability_racial_runningwild.jpg"},{"traitID":864,"rank":1,"spellID":322721,"icon":"ability_druid_manatree.jpg"}],"secondaryCustomPowerSet":[{"traitID":202,"rank":158,"spellID":339500,"icon":"spell_shadow_unstableaffliction_3_purple.jpg"}]},{"timestamp":1967282,"type":"combatantinfo","pin":"0","sourceID":1,"gear":[{"id":180106,"quality":3,"icon":"inv_helm_leather_oribosdungeon_c_01.jpg","itemLevel":184,"bonusIDs":[6807,6652,7194,1498,6646]},{"id":178299,"quality":3,"icon":"inv_7_0raid_necklace_03a.jpg","itemLevel":184,"bonusIDs":[6789,1498,6646]},{"id":178763,"quality":3,"icon":"inv_shoulder_leather_oribosdungeon_c_01.jpg","itemLevel":171,"bonusIDs":[6806,6652,1485,4785]},{"id":0,"quality":1,"icon":"inv_axe_02.jpg","itemLevel":0},{"id":178744,"quality":3,"icon":"inv_chest_leather_oribosdungeon_c_01.jpg","itemLevel":184,"bonusIDs":[6807,6652,1498,6646]},{"id":180111,"quality":3,"icon":"inv_belt_leather_oribosdungeon_c_01.jpg","itemLevel":184,"bonusIDs":[6807,6652,7194,1498,6646]},{"id":178819,"quality":3,"icon":"inv_pant_leather_oribosdungeon_c_01.jpg","itemLevel":184,"bonusIDs":[6807,6652,1498,6646]},{"id":175859,"quality":3,"icon":"inv_boot_leather_oribosdungeon_c_01.jpg","itemLevel":171,"bonusIDs":[6784,1485,6616]},{"id":175883,"quality":3,"icon":"inv_bracer_leather_oribosdungeon_c_01.jpg","itemLevel":171,"bonusIDs":[6791,1485,6616]},{"id":178757,"quality":3,"icon":"inv_glove_leather_oribosdungeon_c_01.jpg","itemLevel":184,"bonusIDs":[6807,6652,1498,6646]},{"id":178781,"quality":3,"icon":"inv_ring_revendreth_01_brown.jpg","itemLevel":184,"permanentEnchant":6164,"bonusIDs":[6807,7194,1498,6646]},{"id":178848,"quality":3,"icon":"inv_70_raid_ring5b.jpg","itemLevel":184,"permanentEnchant":6164,"bonusIDs":[6807,6652,7193,1498,6646]},{"id":179350,"quality":3,"icon":"inv_trinket_80_titan02a.jpg","itemLevel":184,"bonusIDs":[6807,6652,1498,6646]},{"id":173078,"quality":3,"icon":"inv_inscription_darkmooncard_repose.jpg","itemLevel":200},{"id":175851,"quality":3,"icon":"inv_cape_leather_oribosdungeon_c_01.jpg","itemLevel":177,"permanentEnchant":6204,"bonusIDs":[6790,1491,6616]},{"id":184801,"quality":4,"icon":"inv_mace_1h_revendrethquest_b_01.jpg","itemLevel":190,"permanentEnchant":6226,"bonusIDs":[41,1472,6646]},{"id":178852,"quality":3,"icon":"inv_offhand_1h_oribosdungeon_c_01.jpg","itemLevel":184,"bonusIDs":[6807,6652,1498,6646]},{"id":52252,"quality":4,"icon":"inv_shirt_guildtabard_01.jpg","itemLevel":32}],"auras":[{"source":1,"ability":327708,"stacks":1,"icon":"spell_misc_food.jpg","name":"Well Fed"},{"source":15,"ability":21562,"stacks":1,"icon":"spell_holy_wordfortitude.jpg","name":"Power Word: Fortitude"},{"source":16,"ability":6673,"stacks":1,"icon":"ability_warrior_battleshout.jpg","name":"Battle Shout"},{"source":1,"ability":307185,"stacks":1,"icon":"inv_alchemy_90_flask_green.jpg","name":"Spectral Flask of Power"},{"source":26,"ability":1459,"stacks":1,"icon":"spell_holy_magicalsentry.jpg","name":"Arcane Intellect"}],"expansion":"shadowlands","faction":0,"specID":270,"covenantID":1,"soulbindID":13,"strength":193,"agility":448,"stamina":1345,"intellect":1434,"dodge":0,"parry":0,"block":0,"armor":468,"critMelee":446,"critRanged":446,"critSpell":446,"speed":0,"leech":55,"hasteMelee":136,"hasteRanged":136,"hasteSpell":136,"avoidance":0,"mastery":219,"versatilityDamageDone":548,"versatilityHealingDone":548,"versatilityDamageReduction":548,"talents":[{"id":197900,"icon":"ability_monk_pathofmists.jpg"},{"id":115008,"icon":"ability_monk_quitornado.jpg"},{"id":197908,"icon":"monk_ability_cherrymanatea.jpg"},{"id":116844,"icon":"spell_monk_ringofpeace.jpg"},{"id":122783,"icon":"spell_monk_diffusemagic.jpg"},{"id":196725,"icon":"ability_monk_rushingjadewind.jpg"},{"id":274963,"icon":"ability_monk_surgingmist.jpg"}],"pvpTalents":[{"id":0,"icon":"inv_axe_02.jpg"},{"id":202428,"icon":"ability_monk_counteractmagic.jpg"},{"id":202424,"icon":"ability_monk_chicocoon.jpg"},{"id":202523,"icon":"ability_monk_uplift.jpg"}],"customPowerSet":[{"traitID":1366,"rank":1,"spellID":0,"icon":"inv_axe_02.jpg"},{"traitID":1368,"rank":1,"spellID":334066,"icon":"achievement_reputation_05.jpg"},{"traitID":1378,"rank":1,"spellID":329791,"icon":"spell_holy_prayerofspirit.jpg"}],"secondaryCustomPowerSet":[{"traitID":44,"rank":171,"spellID":337099,"icon":"spell_monk_revival.jpg"}]},{"timestamp":1967282,"type":"combatantinfo","pin":"0","sourceID":2,"gear":[{"id":178738,"quality":3,"icon":"inv_helm_mail_oribosdungeon_c_01.jpg","itemLevel":184,"bonusIDs":[6807,6652,7194,1498,6646]},{"id":184757,"quality":3,"icon":"inv_neck_oribos_01_copper.jpg","itemLevel":161},{"id":178764,"quality":3,"icon":"inv_shoulder_mail_oribosdungeon_c_01.jpg","itemLevel":184,"bonusIDs":[6807,6652,1498,6646]},{"id":0,"quality":1,"icon":"inv_axe_02.jpg","itemLevel":0},{"id":179353,"quality":3,"icon":"inv_chest_mail_oribosdungeon_c_01.jpg","itemLevel":184,"bonusIDs":[6807,6652,1498,6646]},{"id":178932,"quality":3,"icon":"inv_belt_mail_oribosdungeon_c_01.jpg","itemLevel":184,"bonusIDs":[6807,41,7193,1498,6646]},{"id":178762,"quality":3,"icon":"inv_pant_mail_oribosdungeon_c_01.jpg","itemLevel":184,"bonusIDs":[6807,6652,1498,6646]},{"id":178796,"quality":3,"icon":"inv_boot_mail_oribosdungeon_c_01.jpg","itemLevel":171,"bonusIDs":[6806,6652,1485,4785]},{"id":178703,"quality":3,"icon":"inv_bracer_mail_oribosdungeon_c_01.jpg","itemLevel":184,"bonusIDs":[6807,6652,7194,1498,6646]},{"id":178841,"quality":3,"icon":"inv_glove_mail_oribosdungeon_c_01.jpg","itemLevel":184,"bonusIDs":[6807,6652,1498,6646]},{"id":178926,"quality":5,"icon":"inv_jewelcrafting_90_maxlvlring_red.jpg","itemLevel":190,"bonusIDs":[7013,6716,7193,6647,6648,1487],"effectID":336870,"effectIcon":"inv_spear_07.jpg"},{"id":178933,"quality":3,"icon":"inv_ring_maldraxxus_02_brown.jpg","itemLevel":184,"bonusIDs":[6807,6652,7194,1498,6646]},{"id":179356,"quality":3,"icon":"inv_alchemy_83_alchemiststone02.jpg","itemLevel":171,"bonusIDs":[6806,6652,1485,4785]},{"id":178742,"quality":3,"icon":"inv_alchemy_70_potion2.jpg","itemLevel":184,"bonusIDs":[6807,6652,1498,6646]},{"id":178755,"quality":3,"icon":"inv_cape_mail_oribosdungeon_c_01.jpg","itemLevel":184,"bonusIDs":[6807,6652,1498,6646]},{"id":178735,"quality":3,"icon":"inv_firearm_2h_revendrethquest_b_01.jpg","itemLevel":171,"temporaryEnchant":6188,"bonusIDs":[6806,6652,1485,4785]},{"id":0,"quality":1,"icon":"inv_axe_02.jpg","itemLevel":0},{"id":0,"quality":1,"icon":"inv_axe_02.jpg","itemLevel":0}],"auras":[{"source":2,"ability":327709,"stacks":1,"icon":"spell_misc_food.jpg","name":"Well Fed"},{"source":2,"ability":307185,"stacks":1,"icon":"inv_alchemy_90_flask_green.jpg","name":"Spectral Flask of Power"},{"source":2,"ability":34477,"stacks":1,"icon":"ability_hunter_misdirection.jpg","name":"Misdirection"},{"source":16,"ability":6673,"stacks":1,"icon":"ability_warrior_battleshout.jpg","name":"Battle Shout"},{"source":26,"ability":1459,"stacks":1,"icon":"spell_holy_magicalsentry.jpg","name":"Arcane Intellect"},{"source":15,"ability":21562,"stacks":1,"icon":"spell_holy_wordfortitude.jpg","name":"Power Word: Fortitude"},{"source":2,"ability":155228,"stacks":1,"icon":"spell_hunter_lonewolf.jpg"}],"expansion":"shadowlands","faction":0,"specID":254,"covenantID":3,"soulbindID":1,"strength":277,"agility":1123,"stamina":1324,"intellect":386,"dodge":0,"parry":0,"block":0,"armor":683,"critMelee":592,"critRanged":592,"critSpell":592,"speed":0,"leech":35,"hasteMelee":218,"hasteRanged":218,"hasteSpell":218,"avoidance":0,"mastery":281,"versatilityDamageDone":195,"versatilityHealingDone":195,"versatilityDamageReduction":195,"talents":[{"id":260309,"icon":"ability_hunter_mastermarksman.jpg"},{"id":260228,"icon":"ability_hunter_zenarchery.jpg"},{"id":199921,"icon":"ability_hunter_aspectmastery.jpg"},{"id":193533,"icon":"ability_hunter_improvedsteadyshot.jpg"},{"id":109215,"icon":"ability_hunter_posthaste.jpg"},{"id":260402,"icon":"ability_hunter_crossfire.jpg"},{"id":194595,"icon":"ability_hunter_lockandload.jpg"}],"pvpTalents":[{"id":0,"icon":"inv_axe_02.jpg"},{"id":0,"icon":"inv_axe_02.jpg"},{"id":0,"icon":"inv_axe_02.jpg"},{"id":0,"icon":"inv_axe_02.jpg"}],"customPowerSet":[{"traitID":850,"rank":1,"spellID":0,"icon":"inv_axe_02.jpg"},{"traitID":863,"rank":1,"spellID":342270,"icon":"ability_racial_runningwild.jpg"},{"traitID":864,"rank":1,"spellID":322721,"icon":"ability_druid_manatree.jpg"}],"secondaryCustomPowerSet":[{"traitID":140,"rank":145,"spellID":339109,"icon":"inv_archaeology_70_spiritofechero.jpg"}]},{"timestamp":1967282,"type":"combatantinfo","pin":"0","sourceID":11,"gear":[{"id":172325,"quality":5,"icon":"inv_mail_mawraid_d_01_helm.jpg","itemLevel":190,"bonusIDs":[6999,6716,7194,6650,6647,1487],"effectID":335889,"effectIcon":"ability_shaman_repulsiontotem.jpg"},{"id":178827,"quality":3,"icon":"inv_7_0raid_necklace_03a.jpg","itemLevel":184,"bonusIDs":[6807,6652,7193,1498,6646]},{"id":178764,"quality":3,"icon":"inv_shoulder_mail_oribosdungeon_c_01.jpg","itemLevel":171,"bonusIDs":[6806,6652,1485,4785]},{"id":52019,"quality":2,"icon":"inv_misc_ribbon_01.jpg","itemLevel":1},{"id":180100,"quality":3,"icon":"inv_chest_mail_oribosdungeon_c_01.jpg","itemLevel":171,"permanentEnchant":6216,"bonusIDs":[6806,43,1485,4785]},{"id":178932,"quality":3,"icon":"inv_belt_mail_oribosdungeon_c_01.jpg","itemLevel":184,"bonusIDs":[6807,6652,7193,1498,6646]},{"id":178762,"quality":3,"icon":"inv_pant_mail_oribosdungeon_c_01.jpg","itemLevel":171,"bonusIDs":[6806,40,1485,4785]},{"id":178745,"quality":3,"icon":"inv_boot_mail_oribosdungeon_c_01.jpg","itemLevel":171,"bonusIDs":[6806,6652,1485,4785]},{"id":180114,"quality":3,"icon":"inv_bracer_mail_oribosdungeon_c_01.jpg","itemLevel":184,"permanentEnchant":6219,"bonusIDs":[6807,6652,7194,1498,6646]},{"id":178841,"quality":3,"icon":"inv_glove_mail_oribosdungeon_c_01.jpg","itemLevel":184,"bonusIDs":[6807,6652,1498,6646]},{"id":178781,"quality":3,"icon":"inv_ring_revendreth_01_brown.jpg","itemLevel":184,"permanentEnchant":6164,"bonusIDs":[6807,6652,7193,1498,6646]},{"id":178848,"quality":3,"icon":"inv_70_raid_ring5b.jpg","itemLevel":171,"permanentEnchant":6164,"bonusIDs":[6806,6652,7194,1485,4785]},{"id":178708,"quality":1,"icon":"inv_axe_02.jpg","itemLevel":171,"bonusIDs":[6806,6652,6917,1485,4785]},{"id":173078,"quality":3,"icon":"inv_inscription_darkmooncard_repose.jpg","itemLevel":200},{"id":180123,"quality":3,"icon":"inv_cape_mail_oribosdungeon_c_01.jpg","itemLevel":171,"permanentEnchant":6202,"bonusIDs":[6806,6652,1485,4785]},{"id":178753,"quality":3,"icon":"inv_knife_1h_oribosdungeon_c_02.jpg","itemLevel":171,"permanentEnchant":6229,"bonusIDs":[6806,6652,1485,4785]},{"id":178750,"quality":3,"icon":"inv_shield_1h_oribosdungeon_c_01.jpg","itemLevel":171,"bonusIDs":[6806,6652,1485,4785]},{"id":45582,"quality":2,"icon":"inv_misc_tournaments_tabard_troll.jpg","itemLevel":1}],"auras":[{"source":11,"ability":327708,"stacks":1,"icon":"spell_misc_food.jpg","name":"Well Fed"},{"source":11,"ability":307185,"stacks":1,"icon":"inv_alchemy_90_flask_green.jpg","name":"Spectral Flask of Power"},{"source":15,"ability":21562,"stacks":1,"icon":"spell_holy_wordfortitude.jpg","name":"Power Word: Fortitude"},{"source":16,"ability":6673,"stacks":1,"icon":"ability_warrior_battleshout.jpg","name":"Battle Shout"},{"source":26,"ability":1459,"stacks":1,"icon":"spell_holy_magicalsentry.jpg","name":"Arcane Intellect"}],"expansion":"shadowlands","faction":0,"specID":264,"covenantID":4,"soulbindID":4,"strength":196,"agility":447,"stamina":1301,"intellect":1388,"dodge":0,"parry":0,"block":0,"armor":1154,"critMelee":566,"critRanged":566,"critSpell":566,"speed":30,"leech":0,"hasteMelee":182,"hasteRanged":182,"hasteSpell":182,"avoidance":44,"mastery":148,"versatilityDamageDone":405,"versatilityHealingDone":405,"versatilityDamageReduction":405,"talents":[{"id":73685,"icon":"spell_shaman_unleashweapon_life.jpg"},{"id":108283,"icon":"ability_shaman_echooftheelements.jpg"},{"id":260878,"icon":"spell_hunter_lonewolf.jpg"},{"id":198838,"icon":"spell_nature_stoneskintotem.jpg"},{"id":192088,"icon":"spell_shaman_spectraltransformation.jpg"},{"id":280614,"icon":"spell_frost_summonwaterelemental.jpg"},{"id":114052,"icon":"spell_fire_elementaldevastation.jpg"}],"pvpTalents":[{"id":0,"icon":"inv_axe_02.jpg"},{"id":236501,"icon":"spell_nature_healingwavegreater.jpg"},{"id":204261,"icon":"ability_shaman_freedomwolf.jpg"},{"id":204336,"icon":"spell_nature_groundingtotem.jpg"}],"customPowerSet":[{"traitID":1124,"rank":1,"spellID":323074,"icon":"inv_misc_food_legion_gooslime_pool.jpg"},{"traitID":1126,"rank":1,"spellID":323091,"icon":"inv_maldraxxusslime_green.jpg"},{"traitID":1135,"rank":1,"spellID":0,"icon":"inv_axe_02.jpg"}],"secondaryCustomPowerSet":[{"traitID":118,"rank":171,"spellID":338339,"icon":"spell_holy_serendipity.jpg"}]},{"timestamp":1967282,"type":"combatantinfo","pin":"0","sourceID":15,"gear":[{"id":178860,"quality":3,"icon":"inv_helm_cloth_oribosdungeon_c_01.jpg","itemLevel":184,"bonusIDs":[6807,6652,7194,1498,6646]},{"id":184757,"quality":3,"icon":"inv_neck_oribos_01_copper.jpg","itemLevel":161},{"id":178740,"quality":3,"icon":"inv_shoulder_cloth_oribosdungeon_c_01.jpg","itemLevel":184,"bonusIDs":[6807,6652,1498,6646]},{"id":0,"quality":1,"icon":"inv_axe_02.jpg","itemLevel":0},{"id":178813,"quality":3,"icon":"inv_robe_cloth_oribosdungeon_c_01.jpg","itemLevel":158,"permanentEnchant":6216,"temporaryEnchant":6225,"bonusIDs":[6805,6652,1472,4785]},{"id":178822,"quality":3,"icon":"inv_belt_cloth_oribosdungeon_c_01.jpg","itemLevel":171,"bonusIDs":[6806,6652,7193,1485,4785]},{"id":179351,"quality":3,"icon":"inv_pant_cloth_oribosdungeon_c_01.jpg","itemLevel":184,"bonusIDs":[6807,6652,1498,6646]},{"id":178831,"quality":3,"icon":"inv_boot_cloth_oribosdungeon_c_01.jpg","itemLevel":184,"bonusIDs":[6807,6652,1498,6646]},{"id":178704,"quality":3,"icon":"inv_bracer_cloth_oribosdungeon_c_01.jpg","itemLevel":184,"permanentEnchant":6220,"bonusIDs":[6807,6652,7194,1498,6646]},{"id":178833,"quality":3,"icon":"inv_glove_cloth_oribosdungeon_c_01.jpg","itemLevel":184,"permanentEnchant":6205,"bonusIDs":[6807,40,1498,6646]},{"id":178736,"quality":3,"icon":"inv_argus_ring02.jpg","itemLevel":171,"permanentEnchant":6166,"bonusIDs":[6806,6652,7194,1485,4785]},{"id":178933,"quality":3,"icon":"inv_ring_maldraxxus_02_brown.jpg","itemLevel":184,"permanentEnchant":6166,"bonusIDs":[6807,6652,7193,1498,6646]},{"id":173069,"quality":3,"icon":"inv_inscription_darkmooncard_putrescence.jpg","itemLevel":200},{"id":178826,"quality":3,"icon":"inv_jewelcrafting_nightseye_01.jpg","itemLevel":158,"bonusIDs":[6805,6652,1472,4785]},{"id":180123,"quality":3,"icon":"inv_cape_mail_oribosdungeon_c_01.jpg","itemLevel":184,"permanentEnchant":6204,"bonusIDs":[6807,6652,1498,6646]},{"id":179339,"quality":3,"icon":"inv_staff_2h_oribosdungeon_c_01.jpg","itemLevel":184,"permanentEnchant":6229,"temporaryEnchant":6188,"bonusIDs":[6807,1498,6646]},{"id":0,"quality":1,"icon":"inv_axe_02.jpg","itemLevel":0},{"id":0,"quality":1,"icon":"inv_axe_02.jpg","itemLevel":0}],"auras":[{"source":15,"ability":327708,"stacks":1,"icon":"spell_misc_food.jpg","name":"Well Fed"},{"source":4,"ability":774,"stacks":1,"icon":"spell_nature_rejuvenation.jpg","name":"Rejuvenation"},{"source":16,"ability":6673,"stacks":1,"icon":"ability_warrior_battleshout.jpg","name":"Battle Shout"},{"source":26,"ability":1459,"stacks":1,"icon":"spell_holy_magicalsentry.jpg","name":"Arcane Intellect"},{"source":15,"ability":21562,"stacks":1,"icon":"spell_holy_wordfortitude.jpg","name":"Power Word: Fortitude"},{"source":15,"ability":307185,"stacks":1,"icon":"inv_alchemy_90_flask_green.jpg","name":"Spectral Flask of Power"}],"expansion":"shadowlands","faction":0,"specID":258,"covenantID":2,"soulbindID":8,"strength":263,"agility":372,"stamina":1364,"intellect":1381,"dodge":0,"parry":0,"block":0,"armor":284,"critMelee":514,"critRanged":514,"critSpell":514,"speed":0,"leech":30,"hasteMelee":630,"hasteRanged":630,"hasteSpell":630,"avoidance":35,"mastery":218,"versatilityDamageDone":142,"versatilityHealingDone":142,"versatilityDamageReduction":142,"talents":[{"id":321291,"icon":"spell_shadow_demonicfortitude.jpg"},{"id":64129,"icon":"spell_holy_symbolofhope.jpg"},{"id":238558,"icon":"ability_rogue_envelopingshadows.jpg"},{"id":263716,"icon":"ability_priest_silence.jpg"},{"id":155271,"icon":"ability_priest_auspiciousspirits.jpg"},{"id":263165,"icon":"spell_priest_voidsear.jpg"},{"id":345218,"icon":"ability_ironmaidens_convulsiveshadows.jpg"}],"pvpTalents":[{"id":0,"icon":"inv_axe_02.jpg"},{"id":213602,"icon":"spell_magic_lesserinvisibilty.jpg"},{"id":316262,"icon":"ability_priest_thoughtsteal01.jpg"},{"id":228630,"icon":"ability_priest_shadowyapparition.jpg"}],"customPowerSet":[{"traitID":1393,"rank":1,"spellID":331576,"icon":"spell_shadow_deathsembrace.jpg"},{"traitID":1395,"rank":1,"spellID":0,"icon":"inv_axe_02.jpg"},{"traitID":1406,"rank":1,"spellID":331586,"icon":"ability_rogue_bloodsplatter.jpg"}],"secondaryCustomPowerSet":[{"traitID":115,"rank":158,"spellID":338342,"icon":"spell_shadow_shadowpower.jpg"}]},{"timestamp":1967282,"type":"combatantinfo","pin":"0","sourceID":31,"gear":[{"id":178812,"quality":3,"icon":"inv_plate_oribosdungeon_c_01_helm.jpg","itemLevel":184,"bonusIDs":[6807,6652,7193,1498,6646]},{"id":175885,"quality":3,"icon":"inv_7_0raid_necklace_03a.jpg","itemLevel":171,"bonusIDs":[6791,1485,6616]},{"id":184809,"quality":4,"icon":"inv_plate_oribosdungeon_c_01_shoulder.jpg","itemLevel":190,"bonusIDs":[6652,1472,6646]},{"id":0,"quality":1,"icon":"inv_axe_02.jpg","itemLevel":0},{"id":178814,"quality":3,"icon":"inv_plate_oribosdungeon_c_01_chest.jpg","itemLevel":184,"permanentEnchant":6230,"bonusIDs":[6807,6652,1498,6646]},{"id":178931,"quality":3,"icon":"inv_plate_oribosdungeon_c_01_buckle.jpg","itemLevel":184,"bonusIDs":[6807,6652,7194,1498,6646]},{"id":171416,"quality":5,"icon":"inv_pant_plate_mawraid_d_01.jpg","itemLevel":190,"bonusIDs":[7066,6716,6649,6650,1487],"effectID":337297,"effectIcon":"spell_holy_divinepurpose.jpg"},{"id":175856,"quality":3,"icon":"inv_plate_oribosdungeon_c_01_boots.jpg","itemLevel":171,"permanentEnchant":6212,"bonusIDs":[6784,1485,6616]},{"id":180113,"quality":3,"icon":"inv_plate_oribosdungeon_c_01_bracer.jpg","itemLevel":184,"bonusIDs":[6807,6652,7194,1498,6646]},{"id":184808,"quality":4,"icon":"inv_plate_oribosdungeon_c_01_glove.jpg","itemLevel":190,"permanentEnchant":6210,"bonusIDs":[1472,6646]},{"id":184783,"quality":4,"icon":"inv_70_dungeon_ring4b.jpg","itemLevel":190,"permanentEnchant":6166,"bonusIDs":[6652,7193,1472,6646]},{"id":178736,"quality":3,"icon":"inv_argus_ring02.jpg","itemLevel":184,"permanentEnchant":6166,"bonusIDs":[6807,6652,7194,1498,6646]},{"id":178298,"quality":3,"icon":"inv_misc_token_argentdawn3.jpg","itemLevel":184,"bonusIDs":[6782,1498,6646]},{"id":175884,"quality":3,"icon":"spell_holy_championsbond.jpg","itemLevel":184,"bonusIDs":[6782,1498,6646]},{"id":184781,"quality":4,"icon":"inv_plate_oribosdungeon_c_01_cape.jpg","itemLevel":190,"permanentEnchant":6202,"bonusIDs":[6652,1472,6646]},{"id":179340,"quality":3,"icon":"inv_mace_1h_oribosdungeon_c_02.jpg","itemLevel":194,"permanentEnchant":6223,"bonusIDs":[7204,41,1501,5852,6646]},{"id":181393,"quality":4,"icon":"inv_shield_1h_ardenwealdquest_b_01.jpg","itemLevel":190,"bonusIDs":[6652,1472,6646]},{"id":0,"quality":1,"icon":"inv_axe_02.jpg","itemLevel":0}],"auras":[{"source":2,"ability":34477,"stacks":1,"icon":"ability_hunter_misdirection.jpg","name":"Misdirection"},{"source":11,"ability":61295,"stacks":1,"icon":"spell_nature_riptide.jpg","name":"Riptide"},{"source":31,"ability":327706,"stacks":1,"icon":"spell_misc_food.jpg","name":"Well Fed"},{"source":4,"ability":774,"stacks":1,"icon":"spell_nature_rejuvenation.jpg","name":"Rejuvenation"},{"source":27,"ability":20707,"stacks":1,"icon":"spell_shadow_soulgem.jpg","name":"Soulstone"},{"source":31,"ability":347901,"stacks":1,"icon":"inv_misc_gem_azuredraenite_01.jpg","name":"Veiled Augmentation"},{"source":16,"ability":6673,"stacks":1,"icon":"ability_warrior_battleshout.jpg","name":"Battle Shout"},{"source":15,"ability":21562,"stacks":1,"icon":"spell_holy_wordfortitude.jpg","name":"Power Word: Fortitude"},{"source":31,"ability":307185,"stacks":1,"icon":"inv_alchemy_90_flask_green.jpg","name":"Spectral Flask of Power"},{"source":26,"ability":1459,"stacks":1,"icon":"spell_holy_magicalsentry.jpg","name":"Arcane Intellect"}],"expansion":"shadowlands","faction":0,"specID":66,"covenantID":2,"soulbindID":8,"strength":1060,"agility":159,"stamina":2123,"intellect":469,"dodge":0,"parry":208,"block":0,"armor":1718,"critMelee":208,"critRanged":208,"critSpell":208,"speed":67,"leech":25,"hasteMelee":650,"hasteRanged":650,"hasteSpell":650,"avoidance":0,"mastery":291,"versatilityDamageDone":377,"versatilityHealingDone":377,"versatilityDamageReduction":377,"talents":[{"id":152261,"icon":"inv_shield_1h_hyrja_d_01.jpg"},{"id":204023,"icon":"ability_paladin_enlightenedjudgements.jpg"},{"id":234299,"icon":"spell_holy_fistofjustice.jpg"},{"id":114154,"icon":"spell_holy_holyguidance.jpg"},{"id":223817,"icon":"spell_holy_divinepurpose.jpg"},{"id":315924,"icon":"ability_paladin_blessedhands.jpg"},{"id":204074,"icon":"ability_paladin_shieldofthetemplar.jpg"}],"pvpTalents":[{"id":0,"icon":"inv_axe_02.jpg"},{"id":199542,"icon":"spell_holy_crusaderaura.jpg"},{"id":210341,"icon":"ability_paladin_empoweredsealsrighteous.jpg"},{"id":207028,"icon":"spell_holy_unyieldingfaith.jpg"}],"customPowerSet":[{"traitID":1393,"rank":1,"spellID":331576,"icon":"spell_shadow_deathsembrace.jpg"},{"traitID":1395,"rank":1,"spellID":0,"icon":"inv_axe_02.jpg"},{"traitID":1406,"rank":1,"spellID":331586,"icon":"ability_rogue_bloodsplatter.jpg"}],"secondaryCustomPowerSet":[{"traitID":196,"rank":184,"spellID":340012,"icon":"inv_shield_1h_armyoflight_c_01.jpg"}]},{"timestamp":1967282,"type":"combatantinfo","pin":"0","sourceID":7,"gear":[{"id":178777,"quality":3,"icon":"inv_plate_oribosdungeon_c_01_helm.jpg","itemLevel":184,"bonusIDs":[6807,6652,7194,1498,6646]},{"id":175885,"quality":3,"icon":"inv_7_0raid_necklace_03a.jpg","itemLevel":171,"bonusIDs":[6791,1485,6616]},{"id":178820,"quality":3,"icon":"inv_plate_oribosdungeon_c_01_shoulder.jpg","itemLevel":184,"bonusIDs":[6807,6652,1498,6646]},{"id":98084,"quality":3,"icon":"inv_chest_chain_13.jpg","itemLevel":1},{"id":178793,"quality":3,"icon":"inv_plate_oribosdungeon_c_01_chest.jpg","itemLevel":171,"bonusIDs":[6806,6652,1485,4785]},{"id":178734,"quality":3,"icon":"inv_plate_oribosdungeon_c_01_buckle.jpg","itemLevel":184,"bonusIDs":[6807,40,7194,1498,6646]},{"id":175867,"quality":3,"icon":"inv_plate_oribosdungeon_c_01_pants.jpg","itemLevel":171,"bonusIDs":[6798,1485,6616]},{"id":171413,"quality":5,"icon":"inv_boot_plate_mawraidmythic_d_01.jpg","itemLevel":190,"bonusIDs":[6940,6716,6649,6650,1487],"effectID":334501,"effectIcon":"ability_creature_cursed_04.jpg"},{"id":178807,"quality":3,"icon":"inv_plate_oribosdungeon_c_01_bracer.jpg","itemLevel":184,"bonusIDs":[6807,6652,7194,1498,6646]},{"id":178706,"quality":3,"icon":"inv_plate_oribosdungeon_c_01_glove.jpg","itemLevel":184,"bonusIDs":[6807,40,1498,6646]},{"id":178870,"quality":3,"icon":"inv_ring_maldraxxus_02_green.jpg","itemLevel":184,"bonusIDs":[6807,6652,7194,1498,6646]},{"id":178736,"quality":3,"icon":"inv_argus_ring02.jpg","itemLevel":184,"bonusIDs":[6807,6652,7194,1498,6646]},{"id":178861,"quality":3,"icon":"inv_trinket_revendreth_01_gold.jpg","itemLevel":184,"bonusIDs":[6807,41,1498,6646]},{"id":178808,"quality":3,"icon":"inv_misc_organ_04.jpg","itemLevel":184,"bonusIDs":[6807,6652,1498,6646]},{"id":179349,"quality":3,"icon":"inv_cape_cloth_oribosdungeon_c_01.jpg","itemLevel":184,"bonusIDs":[6807,6652,1498,6646]},{"id":179330,"quality":3,"icon":"inv_sword_2h_oribosdungeon_c_01.jpg","itemLevel":184,"permanentEnchant":3368,"bonusIDs":[6807,6652,1498,6646]},{"id":0,"quality":1,"icon":"inv_axe_02.jpg","itemLevel":0},{"id":172651,"quality":4,"icon":"inv_tabard_battlepvps4_horde.jpg","itemLevel":40}],"auras":[{"source":45,"ability":774,"stacks":1,"icon":"spell_nature_rejuvenation.jpg","name":"Rejuvenation"},{"source":45,"ability":8936,"stacks":1,"icon":"spell_nature_resistnature.jpg","name":"Regrowth"},{"source":7,"ability":327706,"stacks":1,"icon":"spell_misc_food.jpg","name":"Well Fed"},{"source":16,"ability":6673,"stacks":1,"icon":"ability_warrior_battleshout.jpg","name":"Battle Shout"},{"source":7,"ability":334501,"stacks":1,"icon":"ability_creature_cursed_04.jpg"},{"source":7,"ability":347901,"stacks":1,"icon":"inv_misc_gem_azuredraenite_01.jpg","name":"Veiled Augmentation"},{"source":4,"ability":774,"stacks":1,"icon":"spell_nature_rejuvenation.jpg","name":"Rejuvenation"},{"source":15,"ability":21562,"stacks":1,"icon":"spell_holy_wordfortitude.jpg","name":"Power Word: Fortitude"},{"source":26,"ability":1459,"stacks":1,"icon":"spell_holy_magicalsentry.jpg","name":"Arcane Intellect"}],"expansion":"shadowlands","faction":0,"specID":250,"covenantID":2,"soulbindID":8,"strength":1026,"agility":374,"stamina":2223,"intellect":257,"dodge":0,"parry":137,"block":0,"armor":1003,"critMelee":137,"critRanged":137,"critSpell":137,"speed":0,"leech":35,"hasteMelee":274,"hasteRanged":274,"hasteSpell":274,"avoidance":70,"mastery":281,"versatilityDamageDone":601,"versatilityHealingDone":601,"versatilityDamageReduction":601,"talents":[{"id":206931,"icon":"ability_animusdraw.jpg"},{"id":273946,"icon":"ability_deathwing_bloodcorruption_earth.jpg"},{"id":317610,"icon":"ability_deathknight_roilingblood.jpg"},{"id":206967,"icon":"achievement_boss_kelthuzad_01.jpg"},{"id":212552,"icon":"inv_helm_plate_raiddeathknight_p_01.jpg"},{"id":195679,"icon":"spell_shadow_soulleech.jpg"},{"id":114556,"icon":"inv_misc_shadowegg.jpg"}],"pvpTalents":[{"id":0,"icon":"inv_axe_02.jpg"},{"id":199642,"icon":"ability_deathknight_decomposingaura.jpg"},{"id":199720,"icon":"ability_deathknight_necroticaura.jpg"},{"id":207018,"icon":"spell_nature_shamanrage.jpg"}],"customPowerSet":[{"traitID":1393,"rank":1,"spellID":331576,"icon":"spell_shadow_deathsembrace.jpg"},{"traitID":1395,"rank":1,"spellID":0,"icon":"inv_axe_02.jpg"},{"traitID":1406,"rank":1,"spellID":331586,"icon":"ability_rogue_bloodsplatter.jpg"}],"secondaryCustomPowerSet":[{"traitID":80,"rank":184,"spellID":337884,"icon":"spell_holiday_tow_spicecloud.jpg"}]},{"timestamp":1967282,"type":"combatantinfo","pin":"0","sourceID":30,"gear":[{"id":180106,"quality":3,"icon":"inv_helm_leather_oribosdungeon_c_01.jpg","itemLevel":171,"bonusIDs":[6806,6652,6935,1485,4785],"gems":[{"id":173128,"itemLevel":120,"icon":"inv_jewelcrafting_90_rarecut_yellow.jpg"}]},{"id":180115,"quality":3,"icon":"inv_7_0raid_necklace_03a.jpg","itemLevel":171,"bonusIDs":[6806,6652,7194,1485,4785]},{"id":178763,"quality":3,"icon":"inv_shoulder_leather_oribosdungeon_c_01.jpg","itemLevel":171,"bonusIDs":[6806,6652,1485,4785]},{"id":0,"quality":1,"icon":"inv_axe_02.jpg","itemLevel":0},{"id":184656,"quality":4,"icon":"inv_chest_leather_oribosdungeon_c_01.jpg","itemLevel":183,"permanentEnchant":6214,"bonusIDs":[6652]},{"id":178805,"quality":3,"icon":"inv_belt_leather_oribosdungeon_c_01.jpg","itemLevel":184,"bonusIDs":[6807,6652,7194,1498,6646]},{"id":180108,"quality":3,"icon":"inv_pant_leather_oribosdungeon_c_01.jpg","itemLevel":184,"bonusIDs":[6807,6652,1498,6646]},{"id":178731,"quality":3,"icon":"inv_boot_leather_oribosdungeon_c_01.jpg","itemLevel":171,"permanentEnchant":6211,"bonusIDs":[6806,6652,1485,4785]},{"id":178702,"quality":3,"icon":"inv_bracer_leather_oribosdungeon_c_01.jpg","itemLevel":184,"bonusIDs":[6807,6652,7193,1498,6646]},{"id":178832,"quality":3,"icon":"inv_glove_leather_oribosdungeon_c_01.jpg","itemLevel":158,"bonusIDs":[6805,6652,1472,4785]},{"id":184783,"quality":4,"icon":"inv_70_dungeon_ring4b.jpg","itemLevel":190,"permanentEnchant":6166,"bonusIDs":[6652,7194,1472,6646]},{"id":178736,"quality":3,"icon":"inv_argus_ring02.jpg","itemLevel":171,"permanentEnchant":6166,"bonusIDs":[6806,6652,7194,1485,4785]},{"id":173087,"quality":3,"icon":"inv_inscription_darkmooncard_voracity.jpg","itemLevel":200},{"id":178771,"quality":3,"icon":"inv_trinket_maldraxxus_02_green.jpg","itemLevel":184,"bonusIDs":[6807,40,1498,6646]},{"id":180123,"quality":3,"icon":"inv_cape_mail_oribosdungeon_c_01.jpg","itemLevel":171,"permanentEnchant":6204,"bonusIDs":[6806,6652,1485,4785]},{"id":184799,"quality":4,"icon":"inv_hand_1h_shaman_d_02.jpg","itemLevel":190,"permanentEnchant":6229,"temporaryEnchant":6188,"bonusIDs":[6652,1472,6646]},{"id":184799,"quality":4,"icon":"inv_hand_1h_shaman_d_02.jpg","itemLevel":190,"permanentEnchant":6223,"temporaryEnchant":6188,"bonusIDs":[6652,1472,6646]},{"id":0,"quality":1,"icon":"inv_axe_02.jpg","itemLevel":0}],"auras":[{"source":30,"ability":327709,"stacks":1,"icon":"spell_misc_food.jpg","name":"Well Fed"},{"source":15,"ability":21562,"stacks":1,"icon":"spell_holy_wordfortitude.jpg","name":"Power Word: Fortitude"},{"source":16,"ability":6673,"stacks":1,"icon":"ability_warrior_battleshout.jpg","name":"Battle Shout"},{"source":26,"ability":1459,"stacks":1,"icon":"spell_holy_magicalsentry.jpg","name":"Arcane Intellect"},{"source":30,"ability":307185,"stacks":1,"icon":"inv_alchemy_90_flask_green.jpg","name":"Spectral Flask of Power"}],"expansion":"shadowlands","faction":0,"specID":577,"covenantID":1,"soulbindID":7,"strength":370,"agility":1165,"stamina":1309,"intellect":323,"dodge":0,"parry":0,"block":0,"armor":460,"critMelee":420,"critRanged":420,"critSpell":420,"speed":0,"leech":30,"hasteMelee":333,"hasteRanged":333,"hasteSpell":333,"avoidance":35,"mastery":51,"versatilityDamageDone":506,"versatilityHealingDone":506,"versatilityDamageReduction":506,"talents":[{"id":203550,"icon":"ability_bosskilrogg_deadeye.jpg"},{"id":258876,"icon":"ability_rogue_hungerforblood.jpg"},{"id":342817,"icon":"inv_glaive_1h_artifactazgalor_d_06dual.jpg"},{"id":196555,"icon":"spell_warlock_demonsoul.jpg"},{"id":258887,"icon":"ability_ironmaidens_whirlofblood.jpg"},{"id":206477,"icon":"ability_demonhunter_chaosnova.jpg"},{"id":213410,"icon":"spell_shadow_demonform.jpg"}],"pvpTalents":[{"id":0,"icon":"inv_axe_02.jpg"},{"id":206649,"icon":"ability_demonhunter_eyeofleotheras.jpg"},{"id":213480,"icon":"ability_demonhunter_brandofthehunt.jpg"},{"id":235903,"icon":"spell_mage_supernova.jpg"}],"customPowerSet":[{"traitID":1305,"rank":1,"spellID":0,"icon":"inv_axe_02.jpg"},{"traitID":1308,"rank":1,"spellID":328261,"icon":"spell_arcane_focusedpower.jpg"},{"traitID":1316,"rank":1,"spellID":328266,"icon":"spell_animabastion_buff.jpg"}],"secondaryCustomPowerSet":[{"traitID":153,"rank":184,"spellID":339231,"icon":"spell_fel_incinerate.jpg"}]},{"timestamp":1967282,"type":"combatantinfo","pin":"0","sourceID":16,"gear":[{"id":178773,"quality":3,"icon":"inv_plate_oribosdungeon_c_01_helm.jpg","itemLevel":184,"bonusIDs":[6807,6652,7194,1498,6646]},{"id":178827,"quality":3,"icon":"inv_7_0raid_necklace_03a.jpg","itemLevel":194,"bonusIDs":[7203,6652,7193,1501,5852,6646]},{"id":178697,"quality":3,"icon":"inv_plate_oribosdungeon_c_01_shoulder.jpg","itemLevel":184,"bonusIDs":[6807,6652,1498,6646]},{"id":0,"quality":1,"icon":"inv_axe_02.jpg","itemLevel":0},{"id":180099,"quality":3,"icon":"inv_plate_oribosdungeon_c_01_chest.jpg","itemLevel":171,"bonusIDs":[6806,6652,1485,4785]},{"id":179326,"quality":3,"icon":"inv_plate_oribosdungeon_c_01_buckle.jpg","itemLevel":184,"bonusIDs":[6807,6652,7194,1498,6646]},{"id":178739,"quality":3,"icon":"inv_plate_oribosdungeon_c_01_pants.jpg","itemLevel":184,"bonusIDs":[6807,6652,1498,6646]},{"id":178774,"quality":3,"icon":"inv_plate_oribosdungeon_c_01_boots.jpg","itemLevel":184,"bonusIDs":[6807,6652,1498,6646]},{"id":184661,"quality":4,"icon":"inv_plate_oribosdungeon_c_01_bracer.jpg","itemLevel":183,"bonusIDs":[6652,7194]},{"id":180104,"quality":3,"icon":"inv_plate_oribosdungeon_c_01_glove.jpg","itemLevel":184,"permanentEnchant":6210,"bonusIDs":[6807,42,1498,6646]},{"id":178933,"quality":3,"icon":"inv_ring_maldraxxus_02_brown.jpg","itemLevel":184,"permanentEnchant":6164,"bonusIDs":[6807,6652,7194,1498,6646]},{"id":178871,"quality":3,"icon":"inv_ring_maldraxxus_01_red.jpg","itemLevel":184,"permanentEnchant":6164,"bonusIDs":[6807,6652,7193,1498,6646]},{"id":178861,"quality":3,"icon":"inv_trinket_revendreth_01_gold.jpg","itemLevel":184,"bonusIDs":[6807,6652,1498,6646]},{"id":179342,"quality":3,"icon":"spell_mage_focusingcrystal.jpg","itemLevel":184,"bonusIDs":[6807,6652,1498,6646]},{"id":180123,"quality":3,"icon":"inv_cape_mail_oribosdungeon_c_01.jpg","itemLevel":184,"permanentEnchant":6203,"bonusIDs":[6807,6652,1498,6646]},{"id":180273,"quality":4,"icon":"inv_sword_104.jpg","itemLevel":180,"temporaryEnchant":6188,"bonusIDs":[6652,1567]},{"id":0,"quality":1,"icon":"inv_axe_02.jpg","itemLevel":0},{"id":0,"quality":1,"icon":"inv_axe_02.jpg","itemLevel":0}],"auras":[{"source":16,"ability":327706,"stacks":1,"icon":"spell_misc_food.jpg","name":"Well Fed"},{"source":16,"ability":307185,"stacks":1,"icon":"inv_alchemy_90_flask_green.jpg","name":"Spectral Flask of Power"},{"source":16,"ability":6673,"stacks":1,"icon":"ability_warrior_battleshout.jpg","name":"Battle Shout"},{"source":26,"ability":1459,"stacks":1,"icon":"spell_holy_magicalsentry.jpg","name":"Arcane Intellect"},{"source":15,"ability":21562,"stacks":1,"icon":"spell_holy_wordfortitude.jpg","name":"Power Word: Fortitude"}],"expansion":"shadowlands","faction":0,"specID":71,"covenantID":3,"soulbindID":1,"strength":1152,"agility":312,"stamina":1365,"intellect":318,"dodge":0,"parry":0,"block":0,"armor":1008,"critMelee":451,"critRanged":451,"critSpell":451,"speed":35,"leech":0,"hasteMelee":522,"hasteRanged":522,"hasteSpell":522,"avoidance":30,"mastery":240,"versatilityDamageDone":161,"versatilityHealingDone":161,"versatilityDamageReduction":161,"talents":[{"id":29725,"icon":"ability_warrior_improveddisciplines.jpg"},{"id":103827,"icon":"inv_misc_horn_04.jpg"},{"id":772,"icon":"ability_gouge.jpg"},{"id":197690,"icon":"ability_warrior_defensivestance.jpg"},{"id":262161,"icon":"inv_warbreaker.jpg"},{"id":107574,"icon":"warrior_talent_icon_avatar.jpg"},{"id":262150,"icon":"inv_sword_05.jpg"}],"pvpTalents":[{"id":0,"icon":"inv_axe_02.jpg"},{"id":198807,"icon":"ability_meleedamage.jpg"},{"id":198817,"icon":"spell_warrior_sharpenblade.jpg"},{"id":236077,"icon":"ability_warrior_disarm.jpg"}],"customPowerSet":[{"traitID":850,"rank":1,"spellID":0,"icon":"inv_axe_02.jpg"},{"traitID":863,"rank":1,"spellID":342270,"icon":"ability_racial_runningwild.jpg"},{"traitID":864,"rank":1,"spellID":322721,"icon":"ability_druid_manatree.jpg"},{"traitID":1010,"rank":1,"spellID":0,"icon":"inv_axe_02.jpg"}],"secondaryCustomPowerSet":[{"traitID":12,"rank":184,"spellID":335242,"icon":"inv_mace_1h_draenorraid_d_04yellow.jpg"},{"traitID":8,"rank":145,"spellID":335034,"icon":"ability_toughness.jpg"}]},{"timestamp":1967282,"type":"combatantinfo","pin":"0","sourceID":21,"gear":[{"id":178693,"quality":3,"icon":"inv_helm_cloth_oribosdungeon_c_01.jpg","itemLevel":184,"bonusIDs":[6807,40,7193,1498,6646]},{"id":180115,"quality":3,"icon":"inv_7_0raid_necklace_03a.jpg","itemLevel":184,"bonusIDs":[6807,6652,7193,1498,6646]},{"id":178803,"quality":3,"icon":"inv_shoulder_cloth_oribosdungeon_c_01.jpg","itemLevel":184,"bonusIDs":[6807,6652,1498,6646]},{"id":0,"quality":1,"icon":"inv_axe_02.jpg","itemLevel":0},{"id":179335,"quality":3,"icon":"inv_robe_cloth_oribosdungeon_c_01.jpg","itemLevel":184,"permanentEnchant":6265,"bonusIDs":[6807,6652,1498,6646]},{"id":184655,"quality":4,"icon":"inv_belt_cloth_oribosdungeon_c_01.jpg","itemLevel":183,"bonusIDs":[6652,7194]},{"id":180107,"quality":3,"icon":"inv_pant_cloth_oribosdungeon_c_01.jpg","itemLevel":184,"bonusIDs":[6807,6652,1498,6646]},{"id":178831,"quality":3,"icon":"inv_boot_cloth_oribosdungeon_c_01.jpg","itemLevel":184,"bonusIDs":[6807,6652,1498,6646]},{"id":178806,"quality":3,"icon":"inv_bracer_cloth_oribosdungeon_c_01.jpg","itemLevel":184,"permanentEnchant":6219,"bonusIDs":[6807,6652,7194,1498,6646]},{"id":178748,"quality":3,"icon":"inv_glove_cloth_oribosdungeon_c_01.jpg","itemLevel":184,"permanentEnchant":6205,"bonusIDs":[6807,6652,1498,6646]},{"id":178872,"quality":3,"icon":"inv_ring_maldraxxus_01_violet.jpg","itemLevel":184,"permanentEnchant":6166,"bonusIDs":[6807,42,7194,1498,6646]},{"id":178926,"quality":5,"icon":"inv_jewelcrafting_90_maxlvlring_red.jpg","itemLevel":190,"permanentEnchant":6166,"bonusIDs":[6932,6716,7194,6649,6648,1487],"effectID":333097,"effectIcon":"spell_fire_burnout.jpg"},{"id":175884,"quality":3,"icon":"spell_holy_championsbond.jpg","itemLevel":184,"bonusIDs":[6782,1498,6646]},{"id":178298,"quality":3,"icon":"inv_misc_token_argentdawn3.jpg","itemLevel":184,"bonusIDs":[6782,1498,6646]},{"id":178755,"quality":3,"icon":"inv_cape_mail_oribosdungeon_c_01.jpg","itemLevel":184,"permanentEnchant":6203,"bonusIDs":[6807,6652,1498,6646]},{"id":178829,"quality":3,"icon":"inv_staff_2h_oribosdungeon_c_01.jpg","itemLevel":194,"permanentEnchant":6229,"temporaryEnchant":6188,"bonusIDs":[7204,6652,1501,5852,6646]},{"id":0,"quality":1,"icon":"inv_axe_02.jpg","itemLevel":0},{"id":0,"quality":1,"icon":"inv_axe_02.jpg","itemLevel":0}],"auras":[{"source":21,"ability":327708,"stacks":1,"icon":"spell_misc_food.jpg","name":"Well Fed"},{"source":26,"ability":1459,"stacks":1,"icon":"spell_holy_magicalsentry.jpg","name":"Arcane Intellect"},{"source":15,"ability":21562,"stacks":1,"icon":"spell_holy_wordfortitude.jpg","name":"Power Word: Fortitude"},{"source":4,"ability":774,"stacks":1,"icon":"spell_nature_rejuvenation.jpg","name":"Rejuvenation"},{"source":16,"ability":6673,"stacks":1,"icon":"ability_warrior_battleshout.jpg","name":"Battle Shout"},{"source":21,"ability":307185,"stacks":1,"icon":"inv_alchemy_90_flask_green.jpg","name":"Spectral Flask of Power"}],"expansion":"shadowlands","faction":0,"specID":63,"covenantID":3,"soulbindID":1,"strength":199,"agility":308,"stamina":1395,"intellect":1561,"dodge":0,"parry":0,"block":0,"armor":291,"critMelee":420,"critRanged":420,"critSpell":420,"speed":25,"leech":0,"hasteMelee":530,"hasteRanged":530,"hasteSpell":530,"avoidance":78,"mastery":493,"versatilityDamageDone":346,"versatilityHealingDone":346,"versatilityDamageReduction":346,"talents":[{"id":269644,"icon":"ability_warlock_backdraft.jpg"},{"id":212653,"icon":"spell_arcane_massdispel.jpg"},{"id":116011,"icon":"spell_mage_runeofpower.jpg"},{"id":205029,"icon":"inv_helm_circlet_firelands_d_01.jpg"},{"id":236058,"icon":"spell_fire_burningspeed.jpg"},{"id":205023,"icon":"spell_shaman_firenova.jpg"},{"id":155148,"icon":"spell_mage_kindling.jpg"}],"pvpTalents":[{"id":0,"icon":"inv_axe_02.jpg"},{"id":198062,"icon":"spell_magearmor.jpg"},{"id":203283,"icon":"ability_mage_firestarter.jpg"},{"id":198100,"icon":"spell_arcane_arcane02.jpg"}],"customPowerSet":[{"traitID":850,"rank":1,"spellID":0,"icon":"inv_axe_02.jpg"},{"traitID":863,"rank":1,"spellID":342270,"icon":"ability_racial_runningwild.jpg"},{"traitID":864,"rank":1,"spellID":322721,"icon":"ability_druid_manatree.jpg"},{"traitID":1010,"rank":1,"spellID":0,"icon":"inv_axe_02.jpg"}],"secondaryCustomPowerSet":[{"traitID":30,"rank":184,"spellID":336821,"icon":"ability_rhyolith_immolation.jpg"},{"traitID":26,"rank":145,"spellID":336636,"icon":"spell_arcane_blink.jpg"}]},{"timestamp":1967282,"type":"combatantinfo","pin":"0","sourceID":25,"gear":[{"id":184660,"quality":4,"icon":"inv_plate_oribosdungeon_c_01_helm.jpg","itemLevel":183,"bonusIDs":[6652,7194]},{"id":178827,"quality":3,"icon":"inv_7_0raid_necklace_03a.jpg","itemLevel":171,"bonusIDs":[6806,6652,7194,1485,4785]},{"id":178820,"quality":3,"icon":"inv_plate_oribosdungeon_c_01_shoulder.jpg","itemLevel":171,"bonusIDs":[6806,6652,1485,4785]},{"id":52019,"quality":2,"icon":"inv_misc_ribbon_01.jpg","itemLevel":1},{"id":180099,"quality":3,"icon":"inv_plate_oribosdungeon_c_01_chest.jpg","itemLevel":184,"permanentEnchant":6214,"bonusIDs":[6807,6652,1498,6646]},{"id":178931,"quality":3,"icon":"inv_plate_oribosdungeon_c_01_buckle.jpg","itemLevel":184,"bonusIDs":[6807,6652,7193,1498,6646]},{"id":178701,"quality":3,"icon":"inv_plate_oribosdungeon_c_01_pants.jpg","itemLevel":184,"bonusIDs":[6807,6652,1498,6646]},{"id":178836,"quality":3,"icon":"inv_plate_oribosdungeon_c_01_boots.jpg","itemLevel":184,"bonusIDs":[6807,6652,1498,6646]},{"id":178845,"quality":3,"icon":"inv_plate_oribosdungeon_c_01_bracer.jpg","itemLevel":184,"bonusIDs":[6807,6652,7193,1498,6646]},{"id":178706,"quality":3,"icon":"inv_plate_oribosdungeon_c_01_glove.jpg","itemLevel":184,"permanentEnchant":6210,"bonusIDs":[6807,6652,1498,6646]},{"id":179355,"quality":3,"icon":"inv_ring_ardenweald_02_green.jpg","itemLevel":184,"permanentEnchant":6168,"bonusIDs":[6807,40,7194,1498,6646]},{"id":178824,"quality":3,"icon":"inv_ring_revendrethraid_01_gold.jpg","itemLevel":184,"permanentEnchant":6168,"bonusIDs":[6807,6652,7193,1498,6646]},{"id":178861,"quality":3,"icon":"inv_trinket_revendreth_01_gold.jpg","itemLevel":184,"bonusIDs":[6807,41,1498,6646]},{"id":173087,"quality":3,"icon":"inv_inscription_darkmooncard_voracity.jpg","itemLevel":200},{"id":180123,"quality":3,"icon":"inv_cape_mail_oribosdungeon_c_01.jpg","itemLevel":184,"permanentEnchant":6202,"bonusIDs":[6807,6652,1498,6646]},{"id":178780,"quality":3,"icon":"inv_1h_oribosdungeon_c_01.jpg","itemLevel":184,"permanentEnchant":3368,"bonusIDs":[6807,41,1498,6646]},{"id":0,"quality":1,"icon":"inv_axe_02.jpg","itemLevel":0},{"id":52252,"quality":4,"icon":"inv_shirt_guildtabard_01.jpg","itemLevel":32}],"auras":[{"source":25,"ability":327706,"stacks":1,"icon":"spell_misc_food.jpg","name":"Well Fed"},{"source":4,"ability":774,"stacks":1,"icon":"spell_nature_rejuvenation.jpg","name":"Rejuvenation"},{"source":25,"ability":307185,"stacks":1,"icon":"inv_alchemy_90_flask_green.jpg","name":"Spectral Flask of Power"},{"source":16,"ability":6673,"stacks":1,"icon":"ability_warrior_battleshout.jpg","name":"Battle Shout"},{"source":26,"ability":1459,"stacks":1,"icon":"spell_holy_magicalsentry.jpg","name":"Arcane Intellect"},{"source":15,"ability":21562,"stacks":1,"icon":"spell_holy_wordfortitude.jpg","name":"Power Word: Fortitude"}],"expansion":"shadowlands","faction":0,"specID":252,"covenantID":4,"soulbindID":4,"strength":1188,"agility":370,"stamina":1493,"intellect":254,"dodge":0,"parry":0,"block":0,"armor":1013,"critMelee":124,"critRanged":124,"critSpell":124,"speed":30,"leech":83,"hasteMelee":481,"hasteRanged":481,"hasteSpell":481,"avoidance":25,"mastery":525,"versatilityDamageDone":211,"versatilityHealingDone":211,"versatilityDamageReduction":211,"talents":[{"id":194916,"icon":"ability_fiegndead.jpg"},{"id":115989,"icon":"spell_shadow_contagion.jpg"},{"id":276079,"icon":"spell_deathknight_strangulate.jpg"},{"id":343294,"icon":"ability_deathknight_soulreaper.jpg"},{"id":212552,"icon":"inv_helm_plate_raiddeathknight_p_01.jpg"},{"id":319230,"icon":"spell_shadow_deathsembrace.jpg"},{"id":276837,"icon":"artifactability_unholydeathknight_deathsembrace.jpg"}],"pvpTalents":[{"id":0,"icon":"inv_axe_02.jpg"},{"id":288853,"icon":"achievement_boss_patchwerk.jpg"},{"id":199642,"icon":"ability_deathknight_decomposingaura.jpg"},{"id":288855,"icon":"spell_deathvortex.jpg"}],"customPowerSet":[{"traitID":1124,"rank":1,"spellID":323074,"icon":"inv_misc_food_legion_gooslime_pool.jpg"},{"traitID":1126,"rank":1,"spellID":323091,"icon":"inv_maldraxxusslime_green.jpg"},{"traitID":1135,"rank":1,"spellID":0,"icon":"inv_axe_02.jpg"}],"secondaryCustomPowerSet":[{"traitID":124,"rank":145,"spellID":338553,"icon":"ability_deathknight_deathsiphon2.jpg"}]},{"timestamp":1967282,"type":"combatantinfo","pin":"0","sourceID":45,"gear":[{"id":178691,"quality":3,"icon":"inv_helm_leather_oribosdungeon_c_01.jpg","itemLevel":184,"bonusIDs":[6807,41,7193,1498,6646]},{"id":180115,"quality":3,"icon":"inv_7_0raid_necklace_03a.jpg","itemLevel":184,"bonusIDs":[6807,6652,7194,1498,6646]},{"id":178779,"quality":3,"icon":"inv_shoulder_leather_oribosdungeon_c_01.jpg","itemLevel":184,"bonusIDs":[6807,6652,1498,6646]},{"id":0,"quality":1,"icon":"inv_axe_02.jpg","itemLevel":0},{"id":178744,"quality":3,"icon":"inv_chest_leather_oribosdungeon_c_01.jpg","itemLevel":184,"bonusIDs":[6807,6652,1498,6646]},{"id":178699,"quality":3,"icon":"inv_belt_leather_oribosdungeon_c_01.jpg","itemLevel":184,"bonusIDs":[6807,6652,7194,1498,6646]},{"id":179324,"quality":3,"icon":"inv_pant_leather_oribosdungeon_c_01.jpg","itemLevel":184,"bonusIDs":[6807,6652,1498,6646]},{"id":179352,"quality":3,"icon":"inv_boot_leather_oribosdungeon_c_01.jpg","itemLevel":171,"bonusIDs":[6806,6652,1485,4785]},{"id":178847,"quality":3,"icon":"inv_bracer_leather_oribosdungeon_c_01.jpg","itemLevel":171,"bonusIDs":[6806,6652,7193,1485,4785]},{"id":180103,"quality":3,"icon":"inv_glove_leather_oribosdungeon_c_01.jpg","itemLevel":171,"permanentEnchant":6205,"bonusIDs":[6806,6652,1485,4785]},{"id":178933,"quality":3,"icon":"inv_ring_maldraxxus_02_brown.jpg","itemLevel":184,"permanentEnchant":6166,"bonusIDs":[6807,6652,7194,1498,6646]},{"id":179355,"quality":3,"icon":"inv_ring_ardenweald_02_green.jpg","itemLevel":171,"permanentEnchant":6166,"bonusIDs":[6806,6652,7194,1485,4785]},{"id":175884,"quality":3,"icon":"spell_holy_championsbond.jpg","itemLevel":171,"bonusIDs":[6784,1485,6616]},{"id":178298,"quality":3,"icon":"inv_misc_token_argentdawn3.jpg","itemLevel":171,"bonusIDs":[6784,1485,6616]},{"id":178851,"quality":3,"icon":"inv_plate_oribosdungeon_c_01_cape.jpg","itemLevel":184,"bonusIDs":[6807,6652,1498,6646]},{"id":179339,"quality":3,"icon":"inv_staff_2h_oribosdungeon_c_01.jpg","itemLevel":171,"permanentEnchant":6229,"bonusIDs":[6806,1485,4785]},{"id":0,"quality":1,"icon":"inv_axe_02.jpg","itemLevel":0},{"id":0,"quality":1,"icon":"inv_axe_02.jpg","itemLevel":0}],"auras":[{"source":45,"ability":327708,"stacks":1,"icon":"spell_misc_food.jpg","name":"Well Fed"},{"source":26,"ability":1459,"stacks":1,"icon":"spell_holy_magicalsentry.jpg","name":"Arcane Intellect"},{"source":15,"ability":21562,"stacks":1,"icon":"spell_holy_wordfortitude.jpg","name":"Power Word: Fortitude"},{"source":45,"ability":307185,"stacks":1,"icon":"inv_alchemy_90_flask_green.jpg","name":"Spectral Flask of Power"}],"expansion":"shadowlands","faction":0,"specID":105,"covenantID":1,"soulbindID":7,"strength":194,"agility":452,"stamina":1301,"intellect":1248,"dodge":0,"parry":0,"block":0,"armor":469,"critMelee":329,"critRanged":329,"critSpell":329,"speed":0,"leech":48,"hasteMelee":565,"hasteRanged":565,"hasteSpell":565,"avoidance":0,"mastery":383,"versatilityDamageDone":184,"versatilityHealingDone":184,"versatilityDamageReduction":184,"talents":[{"id":207383,"icon":"ability_druid_empoweredrejuvination.jpg"},{"id":108238,"icon":"spell_nature_natureblessing.jpg"},{"id":197632,"icon":"ability_druid_improvedmoonkinform.jpg"},{"id":319454,"icon":"spell_holy_blessingofagility.jpg"},{"id":33891,"icon":"ability_druid_improvedtreeform.jpg"},{"id":207385,"icon":"inv_misc_trailofflowers.jpg"},{"id":197721,"icon":"spell_druid_wildburst.jpg"}],"pvpTalents":[{"id":0,"icon":"inv_axe_02.jpg"},{"id":289237,"icon":"ability_druid_mastershapeshifter.jpg"},{"id":247543,"icon":"spell_druid_ironbark.jpg"},{"id":203553,"icon":"ability_druid_focusedgrowth.jpg"}],"customPowerSet":[{"traitID":1305,"rank":1,"spellID":0,"icon":"inv_axe_02.jpg"},{"traitID":1308,"rank":1,"spellID":328261,"icon":"spell_arcane_focusedpower.jpg"},{"traitID":1316,"rank":1,"spellID":328266,"icon":"spell_animabastion_buff.jpg"}],"secondaryCustomPowerSet":[{"traitID":262,"rank":171,"spellID":340706,"icon":"spell_nature_natureguardian.jpg"}]}]