{"fights":[{"id":1,"boss":2398,"start_time":416888,"end_time":514113,"name":"Shriekwing","size":22,"difficulty":4,"kill":false,"partial":3,"bossPercentage":6018,"fightPercentage":6018,"lastPhaseForPercentageDisplay":1,"maps":[1735]},{"id":2,"boss":2398,"start_time":729368,"end_time":931353,"name":"Shriekwing","size":21,"difficulty":4,"kill":false,"partial":3,"bossPercentage":4232,"fightPercentage":4232,"lastPhaseForPercentageDisplay":1,"maps":[1735]},{"id":3,"boss":2398,"start_time":1082150,"end_time":1213262,"name":"Shriekwing","size":22,"difficulty":4,"kill":false,"partial":3,"bossPercentage":5256,"fightPercentage":5256,"lastPhaseForPercentageDisplay":1,"maps":[1735]},{"id":4,"boss":2398,"start_time":1466469,"end_time":1759696,"name":"Shriekwing","size":22,"difficulty":4,"kill":false,"partial":3,"bossPercentage":2847,"fightPercentage":2847,"lastPhaseForPercentageDisplay":1,"maps":[1735]},{"id":5,"boss":2398,"start_time":1967282,"end_time":2349704,"name":"Shriekwing","size":22,"difficulty":4,"kill":true,"partial":3,"bossPercentage":0,"fightPercentage":0,"lastPhaseForPercentageDisplay":1,"maps":[1735]},{"id":6,"boss":0,"start_time":2443259,"end_time":2578805,"name":"Nathrian Tracker"},{"id":7,"boss":0,"start_time":2601055,"end_time":2630776,"name":"Court Enforcer"},{"id":8,"boss":0,"start_time":2644058,"end_time":2721927,"name":"Nathrian Hawkeye"},{"id":9,"boss":0,"start_time":2734646,"end_time":2759775,"name":"Nathrian Hawkeye"},{"id":10,"boss":0,"start_time":2813227,"end_time":2943087,"name":"Court Enforcer"},{"id":11,"boss":0,"start_time":3021327,"end_time":3027127,"name":"Sinister Antiquarian"},{"id":12,"boss":2405,"start_time":3254848,"end_time":3377645,"name":"Artificer Xy'mox","size":22,"difficulty":4,"kill":false,"partial":3,"bossPercentage":7220,"fightPercentage":7220,"lastPhaseForPercentageDisplay":0,"maps":[1745]},{"id":13,"boss":2405,"start_time":3636432,"end_time":3783297,"name":"Artificer Xy'mox","size":22,"difficulty":4,"kill":false,"partial":3,"bossPercentage":6619,"fightPercentage":6619,"lastPhaseForPercentageDisplay":0,"maps":[1745]},{"id":14,"boss":2405,"start_time":4053372,"end_time":4190637,"name":"Artificer Xy'mox","size":22,"difficulty":4,"kill":false,"partial":3,"bossPercentage":6286,"fightPercentage":6286,"lastPhaseForPercentageDisplay":0,"maps":[1745]},{"id":15,"boss":2405,"start_time":4445873,"end_time":4612519,"name":"Artificer Xy'mox","size":22,"difficulty":4,"kill":false,"partial":3,"bossPercentage":6032,"fightPercentage":6032,"lastPhaseForPercentageDisplay":0,"maps":[1745]},{"id":16,"boss":2405,"start_time":4796474,"end_time":4931581,"name":"Artificer Xy'mox","size":22,"difficulty":4,"kill":false,"partial":3,"bossPercentage":6893,"fightPercentage":6893,"lastPhaseForPercentageDisplay":0,"maps":[1745]},{"id":17,"boss":2405,"start_time":5082233,"end_time":5229398,"name":"Artificer Xy'mox","size":20,"difficulty":4,"kill":false,"partial":3,"bossPercentage":6505,"fightPercentage":6505,"lastPhaseForPercentageDisplay":0,"maps":[1745]},{"id":18,"boss":2405,"start_time":5622283,"end_time":5793514,"name":"Artificer Xy'mox","size":20,"difficulty":4,"kill":false,"partial":3,"bossPercentage":5807,"fightPercentage":5807,"lastPhaseForPercentageDisplay":0,"maps":[1745]},{"id":19,"boss":0,"start_time":6262328,"end_time":6356589,"name":"Moldovaak","zoneID":2296,"zoneName":"Castle Nathria","zoneDifficulty":3},{"id":20,"boss":2398,"start_time":6477079,"end_time":6717415,"name":"Shriekwing","zoneID":2296,"zoneName":"Castle Nathria","zoneDifficulty":3,"size":22,"difficulty":3,"kill":true,"partial":3,"bossPercentage":0,"fightPercentage":0,"lastPhaseForPercentageDisplay":1,"maps":[1735]},{"id":21,"boss":0,"start_time":6742252,"end_time":6837179,"name":"Nathrian Tracker","zoneID":2296,"zoneName":"Castle Nathria","zoneDifficulty":3},{"id":22,"boss":0,"start_time":6850144,"end_time":6876515,"name":"Court Enforcer","zoneID":2296,"zoneName":"Castle Nathria","zoneDifficulty":3},{"id":23,"boss":0,"start_time":6889786,"end_time":6968526,"name":"Nathrian Hawkeye","zoneID":2296,"zoneName":"Castle Nathria","zoneDifficulty":3},{"id":24,"boss":0,"start_time":6999430,"end_time":7145241,"name":"Court Enforcer","zoneID":2296,"zoneName":"Castle Nathria","zoneDifficulty":3},{"id":25,"boss":2405,"start_time":7246180,"end_time":7469956,"name":"Artificer Xy'mox","zoneID":2296,"zoneName":"Castle Nathria","zoneDifficulty":3,"size":22,"difficulty":3,"kill":false,"partial":3,"bossPercentage":3567,"fightPercentage":3567,"lastPhaseForPercentageDisplay":0,"maps":[1745]}],"lang":"en","friendlies":[{"name":"Gekyo","id":11,"guid":179334171,"type":"Shaman","server":"Mal'Ganis","icon":"Shaman-Restoration","fights":[{"id":1},{"id":2},{"id":3},{"id":4},{"id":5},{"id":6},{"id":7},{"id":8},{"id":9},{"id":10},{"id":11},{"id":12},{"id":13},{"id":14},{"id":15},{"id":16},{"id":17},{"id":18},{"id":19},{"id":20},{"id":21},{"id":22},{"id":23},{"id":24},{"id":25}]},{"name":"Zuuzu","id":16,"guid":221208110,"type":"Warrior","server":"Mal'Ganis","icon":"Warrior-Arms","fights":[{"id":1},{"id":2},{"id":3},{"id":4},{"id":5},{"id":6},{"id":7},{"id":8},{"id":9},{"id":10},{"id":12},{"id":13},{"id":14},{"id":15},{"id":16},{"id":17},{"id":18},{"id":19},{"id":20},{"id":21},{"id":22},{"id":23},{"id":24},{"id":25}]},{"name":"Micromowhawk","id":29,"guid":159609926,"type":"Mage","server":"Mal'Ganis","icon":"Mage-Frost","fights":[{"id":23},{"id":24},{"id":25}]},{"name":"Papislots","id":15,"guid":216616611,"type":"Priest","server":"Mal'Ganis","icon":"Priest-Shadow","fights":[{"id":1},{"id":2},{"id":3},{"id":4},{"id":5},{"id":6},{"id":7},{"id":8},{"id":9},{"id":10},{"id":11},{"id":12},{"id":13},{"id":14},{"id":15},{"id":16},{"id":19},{"id":20},{"id":21},{"id":22},{"id":23},{"id":24},{"id":25}]},{"name":"Presbuteros","id":22,"guid":220954070,"type":"Priest","server":"Mal'Ganis","icon":"Priest-Shadow","fights":[{"id":1},{"id":2},{"id":3},{"id":4},{"id":5},{"id":6},{"id":7},{"id":8},{"id":9},{"id":10},{"id":11},{"id":12},{"id":13},{"id":14},{"id":15},{"id":16},{"id":17},{"id":18},{"id":19},{"id":20},{"id":21},{"id":22},{"id":23},{"id":24},{"id":25}]},{"name":"Ifrosty","id":21,"guid":218846911,"type":"Mage","server":"Mal'Ganis","icon":"Mage-Fire","fights":[{"id":1},{"id":3},{"id":4},{"id":5},{"id":6},{"id":7},{"id":8},{"id":9},{"id":10},{"id":11},{"id":12},{"id":13},{"id":14},{"id":15},{"id":16},{"id":17},{"id":18},{"id":19},{"id":20},{"id":21},{"id":22},{"id":23},{"id":24},{"id":25}]},{"name":"Ukahenqt","id":1,"guid":179915801,"type":"Monk","server":"Mal'Ganis","icon":"Monk-Mistweaver","fights":[{"id":1},{"id":2},{"id":3},{"id":4},{"id":5},{"id":6},{"id":7},{"id":8},{"id":9},{"id":10},{"id":12},{"id":13},{"id":14},{"id":15},{"id":16},{"id":17},{"id":18},{"id":19},{"id":20},{"id":21},{"id":22},{"id":23},{"id":24},{"id":25}]},{"name":"Rowei","id":10,"guid":172462152,"type":"Warlock","server":"Mal'Ganis","icon":"Warlock-Affliction","fights":[{"id":1},{"id":2},{"id":3},{"id":4},{"id":5},{"id":6},{"id":7},{"id":8},{"id":9},{"id":10},{"id":11},{"id":12},{"id":13},{"id":14},{"id":15},{"id":16},{"id":17},{"id":18},{"id":19},{"id":20},{"id":21},{"id":22},{"id":23},{"id":24},{"id":25}]},{"name":"Sjwvegan","id":31,"guid":218567067,"type":"Paladin","server":"Mal'Ganis","icon":"Paladin-Protection","fights":[{"id":1},{"id":2},{"id":3},{"id":4},{"id":5},{"id":6},{"id":7},{"id":8},{"id":9},{"id":10},{"id":11},{"id":12},{"id":13},{"id":14},{"id":15},{"id":16},{"id":17},{"id":18},{"id":19},{"id":20},{"id":21},{"id":22},{"id":23},{"id":24},{"id":25}]},{"name":"Dreadstalker","id":104,"guid":98035,"type":"Pet","icon":"abilities/spell_warlock_calldreadstalkers","fights":[{"id":4,"instances":1}]},{"name":"Bahlzonya","id":4,"guid":222353787,"type":"Druid","server":"Mal'Ganis","icon":"Druid-Restoration","fights":[{"id":1},{"id":2},{"id":3},{"id":4},{"id":5},{"id":6},{"id":7},{"id":8},{"id":9},{"id":10},{"id":11},{"id":12},{"id":13},{"id":14},{"id":15},{"id":16},{"id":17},{"id":18},{"id":19},{"id":20},{"id":21},{"id":22},{"id":23},{"id":24},{"id":25}]},{"name":"Drseiz","id":19,"guid":160898434,"type":"DeathKnight","server":"Mal'Ganis","icon":"DeathKnight-Unholy","fights":[{"id":1},{"id":2},{"id":3},{"id":4},{"id":5},{"id":6},{"id":7},{"id":8},{"id":9},{"id":10},{"id":11},{"id":12},{"id":13},{"id":14},{"id":15},{"id":16},{"id":17},{"id":18},{"id":19},{"id":20},{"id":21},{"id":22},{"id":23},{"id":24},{"id":25}]},{"name":"Moonfalauras","id":45,"guid":220903933,"type":"Druid","server":"Mal'Ganis","icon":"Druid","fights":[{"id":1},{"id":2},{"id":3},{"id":4},{"id":5},{"id":6},{"id":7},{"id":8},{"id":9},{"id":10},{"id":11},{"id":12},{"id":13},{"id":14},{"id":15},{"id":16},{"id":17},{"id":18},{"id":19},{"id":20},{"id":21},{"id":22},{"id":23},{"id":24},{"id":25}]},{"name":"Drevm","id":3,"guid":219767097,"type":"DeathKnight","server":"Mal'Ganis","icon":"DeathKnight-Unholy","fights":[{"id":1},{"id":2},{"id":3},{"id":4},{"id":5},{"id":6},{"id":7},{"id":8},{"id":9},{"id":10},{"id":12},{"id":13},{"id":14},{"id":15},{"id":16},{"id":17},{"id":18},{"id":19},{"id":20},{"id":21},{"id":22},{"id":23}]},{"name":"Motivate","id":14,"guid":221208388,"type":"Shaman","server":"Mal'Ganis","icon":"Shaman-Restoration","fights":[{"id":1},{"id":2},{"id":3},{"id":4},{"id":5},{"id":6},{"id":7},{"id":8},{"id":9},{"id":10},{"id":11},{"id":12},{"id":13},{"id":14},{"id":15},{"id":16},{"id":17},{"id":18},{"id":19},{"id":20},{"id":21},{"id":22},{"id":23},{"id":24},{"id":25}]},{"name":"Splitmind","id":2,"guid":213597122,"type":"Hunter","server":"Mal'Ganis","icon":"Hunter-Marksmanship","fights":[{"id":1},{"id":2},{"id":3},{"id":4},{"id":5},{"id":6},{"id":7},{"id":8},{"id":9},{"id":10},{"id":12},{"id":13},{"id":14},{"id":15},{"id":16},{"id":17},{"id":18},{"id":19},{"id":20},{"id":21},{"id":22},{"id":23},{"id":24},{"id":25}]},{"name":"Siighrene","id":13,"guid":218741725,"type":"Warlock","server":"Mal'Ganis","icon":"Warlock-Affliction","fights":[{"id":1},{"id":2},{"id":3},{"id":4},{"id":5},{"id":6},{"id":7},{"id":8},{"id":9},{"id":10},{"id":11},{"id":12},{"id":13},{"id":14},{"id":15},{"id":16},{"id":17},{"id":18},{"id":19},{"id":20},{"id":21},{"id":22},{"id":23},{"id":24},{"id":25}]},{"name":"Mcd","id":25,"guid":157771114,"type":"DeathKnight","server":"Mal'Ganis","icon":"DeathKnight","fights":[{"id":1},{"id":2},{"id":3},{"id":4},{"id":5},{"id":6},{"id":7},{"id":8},{"id":9},{"id":10},{"id":11},{"id":12},{"id":13},{"id":14},{"id":15},{"id":16},{"id":17},{"id":18},{"id":19},{"id":20},{"id":21},{"id":22},{"id":23},{"id":24},{"id":25}]},{"name":"Viletaint","id":5,"guid":221453035,"type":"Warlock","server":"Mal'Ganis","icon":"Warlock-Affliction","fights":[{"id":1},{"id":2},{"id":3},{"id":4},{"id":5},{"id":6},{"id":7},{"id":8},{"id":9},{"id":10},{"id":12},{"id":13},{"id":14},{"id":15},{"id":16}]},{"name":"Flawkinator","id":28,"guid":213516719,"type":"Rogue","server":"Illidan","icon":"Rogue-Subtlety","fights":[{"id":1},{"id":2},{"id":3},{"id":4},{"id":5},{"id":6},{"id":7},{"id":8},{"id":9},{"id":10},{"id":12},{"id":13},{"id":14},{"id":15},{"id":16},{"id":17},{"id":18},{"id":19},{"id":20},{"id":21},{"id":22},{"id":23},{"id":24},{"id":25}]},{"name":"Spõóky","id":7,"guid":220834505,"type":"DeathKnight","server":"Mal'Ganis","icon":"DeathKnight-Blood","fights":[{"id":1},{"id":2},{"id":3},{"id":4},{"id":5},{"id":6},{"id":7},{"id":8},{"id":9},{"id":10},{"id":11},{"id":12},{"id":13},{"id":14},{"id":15},{"id":16},{"id":17},{"id":18},{"id":19},{"id":20},{"id":21},{"id":22},{"id":23},{"id":24},{"id":25}]},{"name":"Seed of Extinction","id":155,"guid":169219,"type":"NPC","icon":"custom-icon-ability_ardenweald_mage","fights":[{"id":13,"instances":4,"groups":2},{"id":14,"instances":4,"groups":2},{"id":15,"instances":8,"groups":4},{"id":17,"instances":4,"groups":2},{"id":18,"instances":8,"groups":3},{"id":25,"instances":12,"groups":6}]},{"name":"Nphect","id":12,"guid":219021586,"type":"Priest","server":"Mal'Ganis","icon":"Priest-Shadow","fights":[{"id":19},{"id":20},{"id":21},{"id":22},{"id":23},{"id":24},{"id":25}]},{"name":"Eternalded","id":27,"guid":221612111,"type":"Warlock","server":"Mal'Ganis","icon":"Warlock-Demonology","fights":[{"id":1},{"id":2},{"id":3},{"id":4},{"id":5},{"id":6},{"id":7},{"id":8},{"id":9},{"id":10},{"id":12},{"id":13},{"id":14},{"id":15},{"id":16},{"id":17},{"id":18},{"id":19},{"id":20},{"id":21},{"id":22},{"id":23},{"id":24},{"id":25}]},{"name":"Bartie","id":30,"guid":221219686,"type":"DemonHunter","server":"Mal'Ganis","icon":"DemonHunter-Havoc","fights":[{"id":1},{"id":2},{"id":3},{"id":4},{"id":5},{"id":6},{"id":7},{"id":8},{"id":9},{"id":10},{"id":12},{"id":13},{"id":14},{"id":15},{"id":16},{"id":17},{"id":18},{"id":19},{"id":20},{"id":21},{"id":22},{"id":23},{"id":24},{"id":25}]},{"name":"Ixredfire","id":26,"guid":221654585,"type":"Mage","server":"Mal'Ganis","icon":"Mage-Fire","fights":[{"id":1},{"id":2},{"id":3},{"id":4},{"id":5},{"id":6},{"id":7},{"id":8},{"id":9},{"id":10},{"id":12},{"id":13},{"id":14},{"id":15},{"id":16},{"id":17},{"id":18},{"id":19},{"id":20},{"id":21},{"id":22},{"id":23},{"id":24},{"id":25}]}],"enemies":[{"name":"Court Hierarch","id":120,"guid":165483,"type":"NPC","icon":"custom-icon-spell_animarevendreth_orb","fights":[{"id":8,"instances":2},{"id":23,"instances":2}]},{"name":"Shriekwing","id":47,"guid":164406,"type":"Boss","icon":"custom-icon-ability_ironmaidens_whirlofblood","fights":[{"id":1,"instances":1},{"id":2,"instances":1},{"id":3,"instances":1},{"id":4,"instances":1},{"id":5,"instances":1},{"id":20,"instances":1}]},{"name":"Nathrian Gargon Rider","id":118,"guid":174092,"type":"NPC","icon":"custom-icon-ability_hunter_traplauncher","fights":[{"id":7,"instances":2,"groups":1},{"id":22,"instances":2,"groups":1}]},{"name":"Nathrian Assassin","id":121,"guid":165474,"type":"NPC","icon":"custom-icon-ability_rogue_shadowstrike","fights":[{"id":8,"instances":3,"groups":2},{"id":9,"instances":2,"groups":1},{"id":23,"instances":4,"groups":1}]},{"name":"Sinister Antiquarian","id":130,"guid":173604,"type":"NPC","icon":"custom-icon-ability_ironmaidens_whirlofblood","fights":[{"id":10,"instances":2,"groups":1},{"id":11,"instances":1,"groups":1},{"id":24,"instances":2,"groups":1}]},{"name":"Court Enforcer","id":117,"guid":165479,"type":"NPC","icon":"custom-icon-spell_animarevendreth_orb","fights":[{"id":7,"instances":1},{"id":10,"instances":2},{"id":22,"instances":1},{"id":24,"instances":2}]},{"name":"Nathrian Hierarch","id":110,"guid":174090,"type":"NPC","icon":"custom-icon-spell_animarevendreth_orb","fights":[{"id":6,"instances":1},{"id":21,"instances":1}]},{"name":"Court Executor","id":124,"guid":174208,"type":"NPC","icon":"custom-icon-spell_animarevendreth_missile","fights":[{"id":10,"instances":1},{"id":24,"instances":1}]},{"name":"Artificer Xy'mox","id":137,"guid":166644,"type":"Boss","icon":"custom-icon-ability_shootwand","fights":[{"id":12,"instances":1},{"id":13,"instances":1},{"id":14,"instances":1},{"id":15,"instances":1},{"id":16,"instances":1},{"id":17,"instances":1},{"id":18,"instances":1},{"id":25,"instances":1}]},{"name":"Root of Extinction","id":154,"guid":169267,"type":"NPC","icon":"custom-icon-ability_ardenweald_mage","fights":[{"id":13,"instances":1,"groups":1},{"id":14,"instances":1,"groups":1},{"id":15,"instances":1,"groups":1},{"id":16,"instances":1,"groups":1},{"id":17,"instances":1,"groups":1},{"id":18,"instances":1,"groups":2},{"id":25,"instances":1,"groups":1}]},{"name":"Sindrel","id":207,"guid":173445,"type":"NPC","icon":"custom-icon-inv_misc_volatileearth","fights":[{"id":19,"instances":1}]},{"name":"Court Assassin","id":108,"guid":165481,"type":"NPC","icon":"custom-icon-inv_artifact_bloodoftheassassinated","fights":[{"id":8,"instances":1},{"id":23,"instances":1}]},{"name":"Caramain","id":209,"guid":173444,"type":"NPC","icon":"custom-icon-inv_misc_volatileearth","fights":[{"id":19,"instances":1}]},{"name":"Court Executor","id":81,"guid":174194,"type":"NPC","icon":"custom-icon-spell_animarevendreth_nova","fights":[{"id":6,"instances":1,"groups":1},{"id":21,"instances":1,"groups":2}]},{"name":"Moldovaak","id":208,"guid":168337,"type":"NPC","icon":"custom-icon-inv_ring_revendrethraid_01_silver","fights":[{"id":19,"instances":1}]},{"name":"Nathrian Conservator","id":128,"guid":173609,"type":"NPC","icon":"custom-icon-ability_backstab","fights":[{"id":10,"instances":4,"groups":1},{"id":24,"instances":4,"groups":1}]},{"name":"Edge of Annihilation","id":218,"guid":169062,"type":"NPC","icon":"custom-icon-inv_archaeology_80_witch_guillotineaxe","fights":[{"id":25,"instances":1}]},{"name":"Nathrian Siphoner","id":119,"guid":165472,"type":"NPC","icon":"custom-icon-spell_animarevendreth_missile","fights":[{"id":7,"instances":4,"groups":1},{"id":8,"instances":4,"groups":1},{"id":21,"instances":2,"groups":1},{"id":22,"instances":4,"groups":1},{"id":23,"instances":4,"groups":1}]},{"name":"Hargitas","id":206,"guid":173446,"type":"NPC","icon":"custom-icon-spell_druid_bloodythrash","fights":[{"id":19,"instances":1}]},{"name":"Nathrian Soldier","id":115,"guid":173949,"type":"NPC","icon":"custom-icon-ability_revendreth_rogue","fights":[{"id":6,"instances":4,"groups":1},{"id":21,"instances":4,"groups":1}]},{"name":"Nathrian Tracker","id":113,"guid":173973,"type":"NPC","icon":"custom-icon-ability_hunter_traplauncher","fights":[{"id":6,"instances":2,"groups":1},{"id":10,"instances":1,"groups":1},{"id":21,"instances":2,"groups":1},{"id":24,"instances":1,"groups":1}]},{"name":"Nathrian Duelist","id":125,"guid":165471,"type":"NPC","icon":"custom-icon-ability_rogue_shadowstrike","fights":[{"id":10,"instances":1},{"id":24,"instances":1}]},{"name":"Nathrian Executor","id":122,"guid":165470,"type":"NPC","icon":"custom-icon-spell_animarevendreth_missile","fights":[{"id":9,"instances":1,"groups":1},{"id":10,"instances":2,"groups":1},{"id":21,"instances":1,"groups":1},{"id":23,"instances":1,"groups":1},{"id":24,"instances":2,"groups":1}]},{"name":"Crystal of Phantasms","id":143,"guid":168512,"type":"NPC","icon":"custom-icon-spell_necro_deathrift","fights":[{"id":12,"instances":1,"groups":5},{"id":13,"instances":1,"groups":5},{"id":14,"instances":1,"groups":3},{"id":15,"instances":1,"groups":4},{"id":16,"instances":1,"groups":5},{"id":17,"instances":1,"groups":5},{"id":18,"instances":1,"groups":3},{"id":25,"instances":1,"groups":3}]},{"name":"Court Hawkeye","id":116,"guid":173190,"type":"NPC","icon":"custom-icon-ability_hunter_traplauncher","fights":[{"id":6,"instances":1},{"id":8,"instances":1},{"id":21,"instances":1},{"id":23,"instances":1}]},{"name":"Nathrian Hawkeye","id":111,"guid":173189,"type":"NPC","icon":"custom-icon-ability_hunter_traplauncher","fights":[{"id":6,"instances":1,"groups":1},{"id":8,"instances":1,"groups":1},{"id":9,"instances":1,"groups":1},{"id":21,"instances":1,"groups":1},{"id":23,"instances":2,"groups":1}]},{"name":"Nathrian Singuard","id":112,"guid":174100,"type":"NPC","icon":"custom-icon-ability_warrior_sunder","fights":[{"id":6,"instances":3},{"id":21,"instances":3}]},{"name":"Nathrian Enforcer","id":109,"guid":165469,"type":"NPC","icon":"custom-icon-ability_warrior_sunder","fights":[{"id":6,"instances":4,"groups":2},{"id":8,"instances":3,"groups":1},{"id":21,"instances":4,"groups":2},{"id":23,"instances":3,"groups":1}]},{"name":"Nathrian Archivist","id":129,"guid":173633,"type":"NPC","icon":"custom-icon-spell_animarevendreth_orb","fights":[{"id":10,"instances":4,"groups":1},{"id":24,"instances":4,"groups":1}]},{"name":"Rift Blast Portal","id":141,"guid":169271,"type":"NPC","icon":"custom-icon-spell_animabastion_beam","fights":[{"id":12,"instances":15,"groups":3},{"id":13,"instances":20,"groups":4},{"id":14,"instances":20,"groups":4},{"id":15,"instances":25,"groups":5},{"id":16,"instances":18,"groups":4},{"id":17,"instances":20,"groups":4},{"id":18,"instances":20,"groups":4},{"id":25,"instances":25,"groups":5}]},{"name":"Nathrian Registrar","id":127,"guid":173613,"type":"NPC","icon":"custom-icon-ability_deathknight_sanguinfortitude","fights":[{"id":10,"instances":1},{"id":24,"instances":1}]}],"friendlyPets":[{"name":"Felguard","id":67,"guid":17252,"type":"Pet","icon":"abilities/spell_shadow_summonfelguard","petOwner":27,"fights":[{"id":1,"instances":1},{"id":2,"instances":2},{"id":3,"instances":1},{"id":4,"instances":2},{"id":5,"instances":3},{"id":6,"instances":1},{"id":7,"instances":1},{"id":10,"instances":1},{"id":12,"instances":1},{"id":13,"instances":1},{"id":14,"instances":2},{"id":15,"instances":1},{"id":16,"instances":1},{"id":17,"instances":2},{"id":18,"instances":1},{"id":20,"instances":2},{"id":21,"instances":1},{"id":23,"instances":1},{"id":24,"instances":1},{"id":25,"instances":2}]},{"name":"Fizsy","id":33,"guid":47870874,"type":"Pet","icon":"abilities/spell_warlock_summonimpoutland","petOwner":10,"fights":[{"id":1,"instances":1},{"id":2,"instances":1},{"id":3,"instances":1},{"id":4,"instances":1},{"id":5,"instances":1},{"id":6,"instances":1},{"id":7,"instances":1},{"id":8,"instances":1},{"id":9,"instances":1},{"id":10,"instances":1},{"id":11,"instances":1},{"id":12,"instances":1},{"id":13,"instances":1},{"id":14,"instances":1},{"id":15,"instances":1},{"id":16,"instances":1},{"id":17,"instances":1},{"id":18,"instances":1},{"id":19,"instances":1},{"id":20,"instances":1},{"id":21,"instances":1},{"id":22,"instances":1},{"id":23,"instances":1},{"id":24,"instances":1},{"id":25,"instances":1}]},{"name":"Blightdrinker","id":18,"guid":73082161,"type":"Pet","icon":"abilities/spell_shadow_animatedead","petOwner":3,"fights":[{"id":1,"instances":1},{"id":2,"instances":1},{"id":3,"instances":1},{"id":4,"instances":1},{"id":5,"instances":1},{"id":6,"instances":1},{"id":7,"instances":1},{"id":8,"instances":1},{"id":9,"instances":1},{"id":10,"instances":1},{"id":12,"instances":1},{"id":13,"instances":1},{"id":14,"instances":1},{"id":15,"instances":1},{"id":16,"instances":1},{"id":17,"instances":1},{"id":18,"instances":1},{"id":19,"instances":1},{"id":20,"instances":1},{"id":21,"instances":1},{"id":22,"instances":1},{"id":23,"instances":1}]},{"name":"Darkglare","id":72,"guid":103673,"type":"Pet","icon":"abilities/inv_beholderwarlock","petOwner":5,"fights":[{"id":1,"instances":1},{"id":2,"instances":1},{"id":3,"instances":1},{"id":4,"instances":1},{"id":5,"instances":2},{"id":12,"instances":1},{"id":13,"instances":1},{"id":14,"instances":1},{"id":15,"instances":1},{"id":16,"instances":1}]},{"name":"Shadowfiend","id":71,"guid":19668,"type":"Pet","icon":"abilities/spell_shadow_shadowfiend","petOwner":22,"fights":[{"id":1,"instances":1},{"id":2,"instances":2},{"id":3,"instances":1},{"id":4,"instances":1},{"id":5,"instances":2},{"id":12,"instances":1},{"id":13,"instances":1},{"id":14,"instances":1},{"id":15,"instances":1},{"id":16,"instances":1},{"id":17,"instances":1},{"id":18,"instances":1},{"id":20,"instances":2},{"id":25,"instances":2}]},{"name":"Earthbind Totem","id":145,"guid":2630,"type":"Pet","icon":"abilities/spell_nature_strengthofearthtotem02","petOwner":14,"fights":[{"id":12,"instances":1}]},{"name":"Bloodworm","id":75,"guid":99773,"type":"Pet","icon":"abilities/spell_shadow_soulleech","petOwner":7,"fights":[{"id":1,"instances":2},{"id":2,"instances":4},{"id":3,"instances":4},{"id":4,"instances":13},{"id":5,"instances":15},{"id":6,"instances":13},{"id":7,"instances":3},{"id":8,"instances":4},{"id":9,"instances":3},{"id":10,"instances":7},{"id":11,"instances":1},{"id":12,"instances":5},{"id":13,"instances":7},{"id":14,"instances":8},{"id":15,"instances":11},{"id":16,"instances":9},{"id":17,"instances":8},{"id":18,"instances":9},{"id":19,"instances":10},{"id":20,"instances":18},{"id":21,"instances":6},{"id":22,"instances":1},{"id":23,"instances":4},{"id":24,"instances":12},{"id":25,"instances":11}]},{"name":"Earthen Wall Totem","id":78,"guid":100943,"type":"Pet","icon":"abilities/spell_nature_stoneskintotem","petOwner":11,"fights":[{"id":1,"instances":1},{"id":5,"instances":2},{"id":10,"instances":1},{"id":14,"instances":1},{"id":15,"instances":1},{"id":20,"instances":1},{"id":25,"instances":2}]},{"name":"Risen Ghoul","id":48,"guid":26125,"type":"Pet","icon":"abilities/inv_pet_ghoul","petOwner":7,"fights":[{"id":1,"instances":1},{"id":3,"instances":1},{"id":4,"instances":2},{"id":5,"instances":2},{"id":13,"instances":1},{"id":14,"instances":1},{"id":15,"instances":1},{"id":16,"instances":1},{"id":17,"instances":1},{"id":18,"instances":2},{"id":20,"instances":2},{"id":21,"instances":1},{"id":25,"instances":1}]},{"name":"Spirit Link Totem","id":97,"guid":53006,"type":"Pet","icon":"abilities/spell_shaman_spiritlink","petOwner":11,"fights":[{"id":2,"instances":1},{"id":3,"instances":1},{"id":4,"instances":1},{"id":5,"instances":2},{"id":8,"instances":1},{"id":18,"instances":1},{"id":20,"instances":1},{"id":25,"instances":1}]},{"name":"Mirror Image","id":215,"guid":31216,"type":"Pet","icon":"abilities/spell_magic_managain","petOwner":29,"fights":[{"id":25,"instances":6}]},{"name":"Shadowfiend","id":57,"guid":19668,"type":"Pet","icon":"abilities/spell_shadow_shadowfiend","petOwner":15,"fights":[{"id":1,"instances":1},{"id":2,"instances":1},{"id":3,"instances":1},{"id":4,"instances":1},{"id":5,"instances":1},{"id":6,"instances":1},{"id":12,"instances":1},{"id":13,"instances":1},{"id":19,"instances":1},{"id":20,"instances":1},{"id":25,"instances":1}]},{"name":"Capacitor Totem","id":126,"guid":61245,"type":"Pet","icon":"abilities/spell_nature_brilliance","petOwner":11,"fights":[{"id":10,"instances":2},{"id":21,"instances":1},{"id":23,"instances":1},{"id":24,"instances":1}]},{"name":"Rune Weapon","id":60,"guid":27893,"type":"Pet","icon":"abilities/inv_sword_07","petOwner":7,"fights":[{"id":1,"instances":1},{"id":2,"instances":1},{"id":3,"instances":1},{"id":4,"instances":2},{"id":5,"instances":3},{"id":6,"instances":1},{"id":7,"instances":1},{"id":10,"instances":1},{"id":12,"instances":1},{"id":13,"instances":1},{"id":14,"instances":1},{"id":15,"instances":1},{"id":16,"instances":1},{"id":17,"instances":1},{"id":18,"instances":2},{"id":20,"instances":2},{"id":21,"instances":1},{"id":25,"instances":2}]},{"name":"Magus of the Dead","id":51,"guid":163366,"type":"Pet","icon":"abilities/artifactability_unholydeathknight_deathsembrace","petOwner":3,"fights":[{"id":1,"instances":3},{"id":2,"instances":3},{"id":3,"instances":3},{"id":4,"instances":5},{"id":5,"instances":7},{"id":6,"instances":1},{"id":10,"instances":2},{"id":12,"instances":2},{"id":13,"instances":2},{"id":14,"instances":3},{"id":15,"instances":4},{"id":16,"instances":3},{"id":17,"instances":3},{"id":18,"instances":4},{"id":20,"instances":5},{"id":21,"instances":1}]},{"name":"Demonic Tyrant","id":69,"guid":135002,"type":"Pet","icon":"abilities/inv_summondemonictyrant","petOwner":27,"fights":[{"id":1,"instances":1},{"id":2,"instances":1},{"id":3,"instances":1},{"id":4,"instances":2},{"id":5,"instances":3},{"id":6,"instances":1},{"id":12,"instances":1},{"id":13,"instances":2},{"id":14,"instances":2},{"id":15,"instances":2},{"id":16,"instances":1},{"id":17,"instances":2},{"id":18,"instances":1},{"id":19,"instances":1},{"id":20,"instances":2},{"id":21,"instances":1},{"id":23,"instances":1},{"id":25,"instances":2}]},{"name":"Stonebasher","id":23,"guid":43353791,"type":"Pet","icon":"abilities/spell_shadow_animatedead","petOwner":25,"fights":[{"id":1,"instances":1},{"id":2,"instances":1},{"id":3,"instances":1},{"id":5,"instances":1},{"id":6,"instances":1},{"id":7,"instances":1},{"id":8,"instances":1},{"id":9,"instances":1},{"id":10,"instances":1},{"id":11,"instances":1},{"id":12,"instances":1},{"id":13,"instances":1},{"id":14,"instances":1},{"id":15,"instances":1},{"id":16,"instances":1},{"id":17,"instances":1},{"id":18,"instances":1},{"id":19,"instances":1},{"id":20,"instances":1},{"id":21,"instances":1},{"id":22,"instances":1},{"id":23,"instances":1},{"id":24,"instances":1},{"id":25,"instances":1}]},{"name":"Efflorescence","id":63,"guid":47649,"type":"Pet","icon":"abilities/inv_misc_herb_talandrasrose","petOwner":4,"fights":[{"id":1,"instances":2},{"id":2,"instances":5},{"id":3,"instances":2},{"id":4,"instances":4},{"id":5,"instances":4},{"id":6,"instances":3},{"id":7,"instances":2},{"id":8,"instances":4},{"id":9,"instances":1},{"id":10,"instances":2},{"id":12,"instances":1},{"id":13,"instances":1},{"id":15,"instances":1},{"id":18,"instances":1},{"id":19,"instances":3},{"id":20,"instances":5},{"id":21,"instances":2},{"id":22,"instances":1},{"id":23,"instances":2},{"id":24,"instances":3},{"id":25,"instances":3}]},{"name":"Greater Earth Elemental","id":217,"guid":95072,"type":"Pet","icon":"abilities/spell_nature_earthelemental_totem","petOwner":11,"fights":[{"id":25,"instances":1}]},{"name":"Healing Tide Totem","id":79,"guid":59764,"type":"Pet","icon":"abilities/ability_shaman_healingtide","petOwner":11,"fights":[{"id":1,"instances":1},{"id":2,"instances":1},{"id":3,"instances":1},{"id":5,"instances":2},{"id":7,"instances":1},{"id":10,"instances":1},{"id":12,"instances":1},{"id":13,"instances":1},{"id":14,"instances":1},{"id":15,"instances":1},{"id":16,"instances":1},{"id":17,"instances":1},{"id":18,"instances":1},{"id":20,"instances":1},{"id":23,"instances":1},{"id":25,"instances":1}]},{"name":"Kupkin","id":38,"guid":72873279,"type":"Pet","icon":"abilities/spell_shadow_summonimp","petOwner":13,"fights":[{"id":1,"instances":1},{"id":2,"instances":1},{"id":3,"instances":1},{"id":4,"instances":1},{"id":5,"instances":1},{"id":6,"instances":1},{"id":7,"instances":1},{"id":8,"instances":1},{"id":9,"instances":1},{"id":10,"instances":1},{"id":12,"instances":1},{"id":13,"instances":1},{"id":14,"instances":1},{"id":15,"instances":1},{"id":16,"instances":1},{"id":17,"instances":1},{"id":18,"instances":1},{"id":19,"instances":1},{"id":20,"instances":1},{"id":21,"instances":1},{"id":22,"instances":1},{"id":23,"instances":1},{"id":24,"instances":1},{"id":25,"instances":1}]},{"name":"Magus of the Dead","id":54,"guid":163366,"type":"Pet","icon":"abilities/artifactability_unholydeathknight_deathsembrace","petOwner":19,"fights":[{"id":1,"instances":3},{"id":2,"instances":4},{"id":3,"instances":3},{"id":4,"instances":5},{"id":5,"instances":7},{"id":6,"instances":1},{"id":12,"instances":2},{"id":13,"instances":3},{"id":14,"instances":3},{"id":15,"instances":4},{"id":16,"instances":2},{"id":17,"instances":4},{"id":18,"instances":4},{"id":19,"instances":1},{"id":20,"instances":5},{"id":25,"instances":4}]},{"name":"Efflorescence","id":106,"guid":47649,"type":"Pet","icon":"abilities/inv_misc_herb_talandrasrose","petOwner":45,"fights":[{"id":5,"instances":18},{"id":6,"instances":6},{"id":7,"instances":1},{"id":8,"instances":3},{"id":9,"instances":1},{"id":10,"instances":4},{"id":12,"instances":3},{"id":13,"instances":2},{"id":14,"instances":3},{"id":15,"instances":5},{"id":16,"instances":3},{"id":17,"instances":5},{"id":18,"instances":6},{"id":19,"instances":3},{"id":20,"instances":13},{"id":21,"instances":4},{"id":22,"instances":2},{"id":23,"instances":2},{"id":24,"instances":2},{"id":25,"instances":10}]},{"name":"Army of the Dead","id":55,"guid":24207,"type":"Pet","icon":"abilities/artifactability_unholydeathknight_deathsembrace","petOwner":3,"fights":[{"id":1,"instances":16},{"id":2,"instances":16},{"id":3,"instances":13},{"id":4,"instances":24},{"id":5,"instances":36},{"id":6,"instances":4},{"id":10,"instances":8},{"id":12,"instances":12},{"id":13,"instances":12},{"id":14,"instances":16},{"id":15,"instances":18},{"id":16,"instances":16},{"id":17,"instances":16},{"id":18,"instances":20},{"id":20,"instances":22},{"id":21,"instances":3}]},{"name":"Shadowfiend","id":211,"guid":67235,"type":"Pet","icon":"abilities/spell_shadow_shadowfiend","petOwner":12,"fights":[{"id":20,"instances":2},{"id":21,"instances":1},{"id":25,"instances":1}]},{"name":"Army of the Dead","id":56,"guid":24207,"type":"Pet","icon":"abilities/artifactability_unholydeathknight_deathsembrace","petOwner":19,"fights":[{"id":1,"instances":16},{"id":2,"instances":20},{"id":3,"instances":16},{"id":4,"instances":23},{"id":5,"instances":36},{"id":6,"instances":3},{"id":10,"instances":4},{"id":12,"instances":12},{"id":13,"instances":16},{"id":14,"instances":16},{"id":15,"instances":20},{"id":16,"instances":12},{"id":17,"instances":20},{"id":18,"instances":20},{"id":19,"instances":4},{"id":20,"instances":24},{"id":25,"instances":20}]},{"name":"Darkglare","id":70,"guid":103673,"type":"Pet","icon":"abilities/inv_beholderwarlock","petOwner":13,"fights":[{"id":1,"instances":1},{"id":2,"instances":1},{"id":3,"instances":1},{"id":4,"instances":1},{"id":5,"instances":2},{"id":12,"instances":1},{"id":13,"instances":1},{"id":14,"instances":1},{"id":15,"instances":1},{"id":16,"instances":1},{"id":17,"instances":1},{"id":18,"instances":1},{"id":19,"instances":1},{"id":20,"instances":2},{"id":21,"instances":1},{"id":25,"instances":2}]},{"name":"Risen Skulker","id":17,"guid":99541,"type":"Pet","icon":"abilities/spell_shadow_animatedead","petOwner":3,"fights":[{"id":1,"instances":1},{"id":2,"instances":1},{"id":3,"instances":1},{"id":4,"instances":1},{"id":5,"instances":1},{"id":6,"instances":1},{"id":7,"instances":1},{"id":8,"instances":1},{"id":9,"instances":1},{"id":10,"instances":1},{"id":12,"instances":1},{"id":13,"instances":1},{"id":14,"instances":1},{"id":15,"instances":1},{"id":16,"instances":1},{"id":17,"instances":1},{"id":18,"instances":1},{"id":19,"instances":1},{"id":20,"instances":1},{"id":21,"instances":1},{"id":22,"instances":1},{"id":23,"instances":2}]},{"name":"Demonic Gateway","id":42,"guid":59262,"type":"Pet","icon":"custom-icon-trade_engineering","petOwner":5,"fights":[{"id":2,"instances":2},{"id":5,"instances":2}]},{"name":"Darkglare","id":68,"guid":103673,"type":"Pet","icon":"abilities/inv_beholderwarlock","petOwner":10,"fights":[{"id":1,"instances":1},{"id":2,"instances":1},{"id":3,"instances":1},{"id":4,"instances":2},{"id":5,"instances":2},{"id":12,"instances":1},{"id":13,"instances":1},{"id":14,"instances":1},{"id":15,"instances":1},{"id":16,"instances":1},{"id":17,"instances":1},{"id":18,"instances":1},{"id":20,"instances":2},{"id":25,"instances":1}]},{"name":"Magus of the Dead","id":50,"guid":163366,"type":"Pet","icon":"abilities/artifactability_unholydeathknight_deathsembrace","petOwner":25,"fights":[{"id":1,"instances":2},{"id":2,"instances":4},{"id":3,"instances":3},{"id":5,"instances":6},{"id":6,"instances":2},{"id":10,"instances":1},{"id":12,"instances":3},{"id":13,"instances":3},{"id":14,"instances":3},{"id":15,"instances":4},{"id":16,"instances":3},{"id":17,"instances":4},{"id":18,"instances":4},{"id":19,"instances":2},{"id":20,"instances":5},{"id":21,"instances":1},{"id":25,"instances":4}]},{"name":"Flaadhun","id":37,"guid":73374698,"type":"Pet","icon":"abilities/spell_shadow_summonfelguard","petOwner":27,"fights":[{"id":1,"instances":1},{"id":2,"instances":1},{"id":3,"instances":1},{"id":4,"instances":1},{"id":5,"instances":1},{"id":6,"instances":1},{"id":7,"instances":1},{"id":8,"instances":1},{"id":9,"instances":1},{"id":10,"instances":1},{"id":12,"instances":1},{"id":13,"instances":1},{"id":14,"instances":1},{"id":15,"instances":1},{"id":16,"instances":1},{"id":17,"instances":1},{"id":18,"instances":1},{"id":19,"instances":1},{"id":20,"instances":1},{"id":21,"instances":1},{"id":22,"instances":1},{"id":23,"instances":1},{"id":24,"instances":1},{"id":25,"instances":1}]},{"name":"Healing Stream Totem","id":76,"guid":3527,"type":"Pet","icon":"abilities/inv_spear_04","petOwner":14,"fights":[{"id":1,"instances":3},{"id":2,"instances":5},{"id":3,"instances":5},{"id":4,"instances":8},{"id":5,"instances":9},{"id":6,"instances":4},{"id":7,"instances":1},{"id":8,"instances":4},{"id":9,"instances":2},{"id":10,"instances":5},{"id":12,"instances":3},{"id":13,"instances":3},{"id":14,"instances":5},{"id":15,"instances":5},{"id":16,"instances":4},{"id":17,"instances":4},{"id":18,"instances":2},{"id":19,"instances":3},{"id":20,"instances":5},{"id":21,"instances":3},{"id":22,"instances":2},{"id":23,"instances":3},{"id":24,"instances":5},{"id":25,"instances":5}]},{"name":"Dreadstalker","id":61,"guid":98035,"type":"Pet","icon":"abilities/spell_warlock_calldreadstalkers","petOwner":27,"fights":[{"id":1,"instances":8},{"id":2,"instances":14},{"id":3,"instances":10},{"id":4,"instances":19},{"id":5,"instances":26},{"id":6,"instances":12},{"id":7,"instances":2},{"id":8,"instances":8},{"id":9,"instances":2},{"id":10,"instances":8},{"id":12,"instances":12},{"id":13,"instances":12},{"id":14,"instances":12},{"id":15,"instances":12},{"id":16,"instances":12},{"id":17,"instances":12},{"id":18,"instances":10},{"id":19,"instances":8},{"id":20,"instances":20},{"id":21,"instances":8},{"id":22,"instances":2},{"id":23,"instances":8},{"id":24,"instances":12},{"id":25,"instances":12}]},{"name":"Army of the Dead","id":53,"guid":24207,"type":"Pet","icon":"abilities/artifactability_unholydeathknight_deathsembrace","petOwner":25,"fights":[{"id":1,"instances":12},{"id":2,"instances":20},{"id":3,"instances":16},{"id":5,"instances":28},{"id":6,"instances":8},{"id":10,"instances":4},{"id":12,"instances":16},{"id":13,"instances":14},{"id":14,"instances":16},{"id":15,"instances":20},{"id":16,"instances":16},{"id":17,"instances":20},{"id":18,"instances":19},{"id":19,"instances":6},{"id":20,"instances":24},{"id":21,"instances":8},{"id":25,"instances":19}]},{"name":"Mana Tide Totem","id":96,"guid":10467,"type":"Pet","icon":"abilities/spell_frost_summonwaterelemental","petOwner":14,"fights":[{"id":2,"instances":1},{"id":3,"instances":1},{"id":4,"instances":1},{"id":5,"instances":2},{"id":13,"instances":1},{"id":14,"instances":1},{"id":15,"instances":1},{"id":16,"instances":1},{"id":17,"instances":1},{"id":18,"instances":1},{"id":20,"instances":2},{"id":25,"instances":1}]},{"name":"Healing Tide Totem","id":99,"guid":59764,"type":"Pet","icon":"abilities/ability_shaman_healingtide","petOwner":14,"fights":[{"id":2,"instances":1},{"id":4,"instances":1},{"id":5,"instances":1},{"id":7,"instances":1},{"id":10,"instances":1},{"id":12,"instances":1},{"id":13,"instances":1},{"id":14,"instances":1},{"id":15,"instances":1},{"id":17,"instances":1},{"id":18,"instances":1},{"id":20,"instances":1},{"id":23,"instances":1},{"id":25,"instances":1}]},{"name":"Risen Skulker","id":58,"guid":99541,"type":"Pet","icon":"abilities/spell_shadow_animatedead","petOwner":25,"fights":[{"id":1,"instances":1},{"id":2,"instances":1},{"id":3,"instances":1},{"id":5,"instances":1},{"id":6,"instances":1},{"id":7,"instances":1},{"id":8,"instances":1},{"id":9,"instances":1},{"id":10,"instances":1},{"id":11,"instances":1},{"id":12,"instances":1},{"id":13,"instances":1},{"id":14,"instances":1},{"id":15,"instances":1},{"id":16,"instances":1},{"id":17,"instances":1},{"id":18,"instances":1},{"id":19,"instances":1},{"id":20,"instances":1},{"id":21,"instances":1},{"id":22,"instances":1},{"id":23,"instances":1},{"id":24,"instances":1},{"id":25,"instances":1}]},{"name":"Hologram","id":216,"guid":176474,"type":"Pet","icon":"custom-icon-inv_trinket_80_titan02a","petOwner":10,"fights":[{"id":25,"instances":1}]},{"name":"Rune Weapon","id":105,"guid":27893,"type":"Pet","icon":"abilities/inv_sword_07","petOwner":25,"fights":[{"id":4,"instances":1}]},{"name":"Earthen Wall Totem","id":73,"guid":100943,"type":"Pet","icon":"abilities/spell_nature_stoneskintotem","petOwner":14,"fights":[{"id":1,"instances":1},{"id":2,"instances":2},{"id":3,"instances":1},{"id":4,"instances":3},{"id":5,"instances":5},{"id":6,"instances":2},{"id":8,"instances":1},{"id":10,"instances":2},{"id":12,"instances":1},{"id":13,"instances":1},{"id":14,"instances":2},{"id":15,"instances":2},{"id":16,"instances":2},{"id":17,"instances":2},{"id":18,"instances":2},{"id":19,"instances":1},{"id":20,"instances":4},{"id":21,"instances":1},{"id":23,"instances":1},{"id":24,"instances":2},{"id":25,"instances":3}]},{"name":"Spirit Link Totem","id":77,"guid":53006,"type":"Pet","icon":"abilities/spell_shaman_spiritlink","petOwner":14,"fights":[{"id":1,"instances":1},{"id":2,"instances":1},{"id":3,"instances":1},{"id":4,"instances":1},{"id":5,"instances":2},{"id":17,"instances":1},{"id":18,"instances":1},{"id":20,"instances":1},{"id":25,"instances":1}]},{"name":"Demonic Gateway","id":43,"guid":59271,"type":"Pet","icon":"custom-icon-trade_engineering","petOwner":5,"fights":[{"id":2,"instances":2},{"id":5,"instances":2}]},{"name":"Risen Skulker","id":59,"guid":99541,"type":"Pet","icon":"abilities/spell_shadow_animatedead","petOwner":19,"fights":[{"id":1,"instances":1},{"id":2,"instances":1},{"id":3,"instances":1},{"id":4,"instances":1},{"id":5,"instances":1},{"id":6,"instances":1},{"id":7,"instances":1},{"id":8,"instances":1},{"id":9,"instances":1},{"id":10,"instances":2},{"id":12,"instances":1},{"id":13,"instances":1},{"id":14,"instances":1},{"id":15,"instances":1},{"id":16,"instances":1},{"id":17,"instances":1},{"id":18,"instances":1},{"id":19,"instances":2},{"id":20,"instances":1},{"id":21,"instances":1},{"id":22,"instances":1},{"id":23,"instances":1},{"id":24,"instances":2},{"id":25,"instances":1}]},{"name":"Healing Stream Totem","id":74,"guid":3527,"type":"Pet","icon":"abilities/inv_spear_04","petOwner":11,"fights":[{"id":1,"instances":2},{"id":2,"instances":2},{"id":3,"instances":3},{"id":4,"instances":1},{"id":5,"instances":10},{"id":6,"instances":1},{"id":12,"instances":1},{"id":14,"instances":2},{"id":16,"instances":2},{"id":17,"instances":1},{"id":20,"instances":5},{"id":25,"instances":1}]},{"name":"Mana Tide Totem","id":98,"guid":10467,"type":"Pet","icon":"abilities/spell_frost_summonwaterelemental","petOwner":11,"fights":[{"id":2,"instances":1},{"id":5,"instances":1},{"id":16,"instances":1},{"id":17,"instances":1},{"id":20,"instances":1},{"id":25,"instances":1}]},{"name":"Luunom","id":34,"guid":73352091,"type":"Pet","icon":"abilities/spell_shadow_summonfelhunter","petOwner":5,"fights":[{"id":1,"instances":1},{"id":2,"instances":1},{"id":3,"instances":1},{"id":4,"instances":1},{"id":5,"instances":1},{"id":6,"instances":1},{"id":7,"instances":1},{"id":8,"instances":1},{"id":9,"instances":1},{"id":10,"instances":1},{"id":12,"instances":1},{"id":13,"instances":1},{"id":14,"instances":1},{"id":15,"instances":1},{"id":16,"instances":1}]},{"name":"Yu'lon","id":95,"guid":165374,"type":"Pet","icon":"abilities/ability_monk_dragonkick","petOwner":1,"fights":[{"id":2,"instances":1},{"id":3,"instances":1},{"id":4,"instances":2},{"id":5,"instances":2},{"id":7,"instances":1},{"id":8,"instances":1},{"id":10,"instances":1},{"id":12,"instances":1},{"id":13,"instances":1},{"id":14,"instances":1},{"id":15,"instances":1},{"id":16,"instances":1},{"id":17,"instances":1},{"id":18,"instances":1},{"id":19,"instances":1},{"id":20,"instances":1},{"id":23,"instances":1},{"id":25,"instances":1}]},{"name":"Capacitor Totem","id":213,"guid":61245,"type":"Pet","icon":"abilities/spell_nature_brilliance","petOwner":14,"fights":[{"id":24,"instances":1}]},{"name":"Vilefiend","id":66,"guid":135816,"type":"Pet","icon":"abilities/inv_argusfelstalkermount","petOwner":27,"fights":[{"id":1,"instances":2},{"id":2,"instances":3},{"id":3,"instances":2},{"id":4,"instances":4},{"id":5,"instances":7},{"id":6,"instances":2},{"id":8,"instances":2},{"id":10,"instances":1},{"id":12,"instances":1},{"id":13,"instances":3},{"id":14,"instances":3},{"id":15,"instances":3},{"id":16,"instances":3},{"id":17,"instances":3},{"id":18,"instances":2},{"id":19,"instances":1},{"id":20,"instances":4},{"id":21,"instances":2},{"id":23,"instances":1},{"id":24,"instances":3},{"id":25,"instances":3}]},{"name":"Wild Imp","id":62,"guid":55659,"type":"Pet","icon":"abilities/ability_warlock_impoweredimp","petOwner":27,"fights":[{"id":1,"instances":34},{"id":2,"instances":64},{"id":3,"instances":67},{"id":4,"instances":97},{"id":5,"instances":128},{"id":6,"instances":54},{"id":7,"instances":18},{"id":8,"instances":32},{"id":9,"instances":18},{"id":10,"instances":55},{"id":12,"instances":70},{"id":13,"instances":62},{"id":14,"instances":86},{"id":15,"instances":70},{"id":16,"instances":72},{"id":17,"instances":47},{"id":18,"instances":42},{"id":19,"instances":59},{"id":20,"instances":102},{"id":21,"instances":34},{"id":22,"instances":15},{"id":23,"instances":52},{"id":24,"instances":78},{"id":25,"instances":72}]},{"name":"Ribflayer","id":35,"guid":44201567,"type":"Pet","icon":"abilities/spell_shadow_animatedead","petOwner":19,"fights":[{"id":1,"instances":1},{"id":2,"instances":1},{"id":3,"instances":1},{"id":4,"instances":1},{"id":5,"instances":1},{"id":6,"instances":1},{"id":7,"instances":1},{"id":8,"instances":1},{"id":9,"instances":1},{"id":10,"instances":1},{"id":12,"instances":1},{"id":13,"instances":1},{"id":14,"instances":1},{"id":15,"instances":1},{"id":16,"instances":1},{"id":17,"instances":1},{"id":18,"instances":1},{"id":19,"instances":1},{"id":20,"instances":1},{"id":21,"instances":1},{"id":22,"instances":1},{"id":23,"instances":1},{"id":24,"instances":1},{"id":25,"instances":1}]},{"name":"Mirror Image","id":46,"guid":31216,"type":"Pet","icon":"abilities/spell_magic_managain","petOwner":26,"fights":[{"id":1,"instances":3},{"id":2,"instances":6},{"id":3,"instances":6},{"id":4,"instances":9},{"id":5,"instances":12},{"id":6,"instances":3},{"id":10,"instances":6},{"id":12,"instances":3},{"id":13,"instances":6},{"id":14,"instances":6},{"id":15,"instances":6},{"id":16,"instances":6},{"id":17,"instances":6},{"id":18,"instances":6},{"id":20,"instances":6},{"id":21,"instances":3},{"id":22,"instances":3},{"id":24,"instances":3},{"id":25,"instances":6}]},{"name":"Mirror Image","id":107,"guid":31216,"type":"Pet","icon":"abilities/spell_magic_managain","petOwner":21,"fights":[{"id":5,"instances":3},{"id":20,"instances":3}]}],"enemyPets":[{"name":"Stasis Trap","id":147,"guid":167691,"type":"Pet","icon":"Pet","petOwner":5,"fights":[{"id":12,"instances":1},{"id":13,"instances":1}]},{"name":"Loyal Gargon","id":114,"guid":173953,"type":"Pet","icon":"custom-icon-spell_shadow_lifedrain","petOwner":113,"fights":[{"id":6,"instances":2},{"id":10,"instances":1},{"id":21,"instances":2},{"id":24,"instances":1}]},{"name":"Stasis Trap","id":161,"guid":167691,"type":"Pet","icon":"Pet","petOwner":19,"fights":[{"id":16,"instances":1}]},{"name":"Stasis Trap","id":156,"guid":167691,"type":"Pet","icon":"Pet","petOwner":30,"fights":[{"id":14,"instances":1},{"id":16,"instances":1}]},{"name":"Stasis Trap","id":160,"guid":167691,"type":"Pet","icon":"Pet","petOwner":15,"fights":[{"id":15,"instances":1},{"id":16,"instances":1}]},{"name":"Stasis Trap","id":138,"guid":167691,"type":"Pet","icon":"Pet","petOwner":26,"fights":[{"id":12,"instances":1}]},{"name":"Stasis Trap","id":140,"guid":167691,"type":"Pet","icon":"Pet","petOwner":45,"fights":[{"id":12,"instances":1},{"id":14,"instances":1}]},{"name":"Stasis Trap","id":148,"guid":167691,"type":"Pet","icon":"Pet","petOwner":27,"fights":[{"id":12,"instances":1},{"id":13,"instances":1},{"id":16,"instances":1},{"id":18,"instances":1}]},{"name":"Stasis Trap","id":162,"guid":167691,"type":"Pet","icon":"Pet","petOwner":4,"fights":[{"id":16,"instances":1}]},{"name":"Stasis Trap","id":153,"guid":167691,"type":"Pet","icon":"Pet","petOwner":1,"fights":[{"id":13,"instances":1},{"id":16,"instances":3}]},{"name":"Stasis Trap","id":163,"guid":167691,"type":"Pet","icon":"Pet","petOwner":11,"fights":[{"id":17,"instances":1},{"id":18,"instances":1}]},{"name":"Stasis Trap","id":142,"guid":167691,"type":"Pet","icon":"Pet","petOwner":13,"fights":[{"id":12,"instances":1},{"id":17,"instances":2},{"id":18,"instances":1}]},{"name":"Stasis Trap","id":146,"guid":167691,"type":"Pet","icon":"Pet","petOwner":14,"fights":[{"id":12,"instances":1},{"id":16,"instances":2},{"id":18,"instances":1}]}],"phases":[{"boss":2398,"phases":["Thirst for Blood","Terror of Castle Nathria"]}],"logVersion":16,"gameVersion":1,"title":"Castle Nathria","owner":"Presbuteros","start":1607476927515,"end":1607484397471,"zone":26,"exportedCharacters":[{"id":53656772,"name":"Bahlzonya","server":"Mal'Ganis","region":"US"},{"id":53613155,"name":"Bartie","server":"Mal'Ganis","region":"US"},{"id":53613158,"name":"Drevm","server":"Mal'Ganis","region":"US"},{"id":517676,"name":"Drseiz","server":"Mal'Ganis","region":"US"},{"id":53613160,"name":"Eternalded","server":"Mal'Ganis","region":"US"},{"id":53390833,"name":"Flawkinator","server":"Illidan","region":"US"},{"id":42239601,"name":"Gekyo","server":"Mal'Ganis","region":"US"},{"id":53613134,"name":"Ifrosty","server":"Mal'Ganis","region":"US"},{"id":53613163,"name":"Ixredfire","server":"Mal'Ganis","region":"US"},{"id":26721482,"name":"Mcd","server":"Mal'Ganis","region":"US"},{"id":17969453,"name":"Moonfalauras","server":"Mal'Ganis","region":"US"},{"id":53613153,"name":"Motivate","server":"Mal'Ganis","region":"US"},{"id":53613139,"name":"Nphect","server":"Mal'Ganis","region":"US"},{"id":53613127,"name":"Papislots","server":"Mal'Ganis","region":"US"},{"id":53538969,"name":"Presbuteros","server":"Mal'Ganis","region":"US"},{"id":3217539,"name":"Rowei","server":"Mal'Ganis","region":"US"},{"id":53418247,"name":"Siighrene","server":"Mal'Ganis","region":"US"},{"id":53613129,"name":"Sjwvegan","server":"Mal'Ganis","region":"US"},{"id":52397652,"name":"Splitmind","server":"Mal'Ganis","region":"US"},{"id":53613149,"name":"Spõóky","server":"Mal'Ganis","region":"US"},{"id":45148712,"name":"Ukahenqt","server":"Mal'Ganis","region":"US"},{"id":53613161,"name":"Viletaint","server":"Mal'Ganis","region":"US"},{"id":53613157,"name":"Zuuzu","server":"Mal'Ganis","region":"US"}]}