{"fights":[{"id":1,"boss":2512,"start_time":14572,"end_time":483348,"name":"Vigilant Guardian","zoneID":2481,"zoneName":"Sepulcher of the First Ones","zoneDifficulty":4,"size":29,"difficulty":4,"kill":true,"partial":3,"inProgress":false,"bossPercentage":1,"fightPercentage":1,"lastPhaseAsAbsoluteIndex":2,"lastPhaseForPercentageDisplay":3,"maps":[2047]},{"id":2,"boss":2540,"start_time":1093585,"end_time":1366514,"name":"Dausegne, the Fallen Oracle","zoneID":2481,"zoneName":"Sepulcher of the First Ones","zoneDifficulty":4,"size":29,"difficulty":4,"kill":true,"partial":3,"inProgress":false,"bossPercentage":1,"fightPercentage":1,"lastPhaseAsAbsoluteIndex":0,"lastPhaseForPercentageDisplay":0,"maps":[2048]},{"id":3,"boss":0,"start_time":1366529,"end_time":1366529,"name":"Domination Core","zoneID":2481,"zoneName":"Sepulcher of the First Ones","zoneDifficulty":4},{"id":4,"boss":2544,"start_time":2030530,"end_time":2296231,"name":"Prototype Pantheon","zoneID":2481,"zoneName":"Sepulcher of the First Ones","zoneDifficulty":4,"size":25,"difficulty":4,"kill":false,"partial":3,"inProgress":false,"bossPercentage":4939,"fightPercentage":3259,"lastPhaseAsAbsoluteIndex":2,"lastPhaseForPercentageDisplay":3,"maps":[2049]},{"id":5,"boss":2544,"start_time":2600497,"end_time":2988545,"name":"Prototype Pantheon","zoneID":2481,"zoneName":"Sepulcher of the First Ones","zoneDifficulty":4,"size":25,"difficulty":4,"kill":false,"partial":3,"inProgress":false,"bossPercentage":141,"fightPercentage":93,"lastPhaseAsAbsoluteIndex":2,"lastPhaseForPercentageDisplay":3,"maps":[2049]},{"id":6,"boss":2544,"start_time":3077844,"end_time":3459469,"name":"Prototype Pantheon","zoneID":2481,"zoneName":"Sepulcher of the First Ones","zoneDifficulty":4,"size":25,"difficulty":4,"kill":true,"partial":3,"inProgress":false,"bossPercentage":1,"fightPercentage":0,"lastPhaseAsAbsoluteIndex":2,"lastPhaseForPercentageDisplay":3,"maps":[2049]},{"id":7,"boss":2539,"start_time":3980986,"end_time":4050164,"name":"Lihuvim, Principal Architect","zoneID":2481,"zoneName":"Sepulcher of the First Ones","zoneDifficulty":4,"size":24,"difficulty":4,"kill":false,"partial":3,"inProgress":false,"bossPercentage":8032,"fightPercentage":8032,"lastPhaseAsAbsoluteIndex":1,"lastPhaseForPercentageDisplay":1,"maps":[2049]},{"id":8,"boss":2539,"start_time":4178644,"end_time":4267598,"name":"Lihuvim, Principal Architect","zoneID":2481,"zoneName":"Sepulcher of the First Ones","zoneDifficulty":4,"size":24,"difficulty":4,"kill":false,"partial":3,"inProgress":false,"bossPercentage":7929,"fightPercentage":7929,"lastPhaseAsAbsoluteIndex":1,"lastPhaseForPercentageDisplay":1,"maps":[2049]},{"id":9,"boss":2539,"start_time":4365229,"end_time":4613275,"name":"Lihuvim, Principal Architect","zoneID":2481,"zoneName":"Sepulcher of the First Ones","zoneDifficulty":4,"size":24,"difficulty":4,"kill":false,"partial":3,"inProgress":false,"bossPercentage":6657,"fightPercentage":6657,"lastPhaseAsAbsoluteIndex":4,"lastPhaseForPercentageDisplay":1,"maps":[2049]},{"id":10,"boss":2539,"start_time":4755647,"end_time":4838102,"name":"Lihuvim, Principal Architect","zoneID":2481,"zoneName":"Sepulcher of the First Ones","zoneDifficulty":4,"size":24,"difficulty":4,"kill":false,"partial":3,"inProgress":false,"bossPercentage":8464,"fightPercentage":8464,"lastPhaseAsAbsoluteIndex":1,"lastPhaseForPercentageDisplay":1,"maps":[2049]},{"id":11,"boss":2539,"start_time":4948456,"end_time":5198563,"name":"Lihuvim, Principal Architect","zoneID":2481,"zoneName":"Sepulcher of the First Ones","zoneDifficulty":4,"size":24,"difficulty":4,"kill":false,"partial":3,"inProgress":false,"bossPercentage":6574,"fightPercentage":6574,"lastPhaseAsAbsoluteIndex":4,"lastPhaseForPercentageDisplay":1,"maps":[2049]},{"id":12,"boss":2542,"start_time":6544917,"end_time":6794461,"name":"Skolex, the Insatiable Ravener","zoneID":2481,"zoneName":"Sepulcher of the First Ones","zoneDifficulty":4,"size":24,"difficulty":4,"kill":false,"partial":3,"inProgress":false,"bossPercentage":3190,"fightPercentage":3190,"lastPhaseAsAbsoluteIndex":0,"lastPhaseForPercentageDisplay":0,"maps":[2061]},{"id":13,"boss":2542,"start_time":6884830,"end_time":7162820,"name":"Skolex, the Insatiable Ravener","zoneID":2481,"zoneName":"Sepulcher of the First Ones","zoneDifficulty":4,"size":24,"difficulty":4,"kill":true,"partial":3,"inProgress":false,"bossPercentage":1,"fightPercentage":1,"lastPhaseAsAbsoluteIndex":0,"lastPhaseForPercentageDisplay":0,"maps":[2061]},{"id":14,"boss":2553,"start_time":7820780,"end_time":7923604,"name":"Artificer Xy'mox","zoneID":2481,"zoneName":"Sepulcher of the First Ones","zoneDifficulty":4,"size":24,"difficulty":4,"kill":false,"partial":3,"inProgress":false,"bossPercentage":7496,"fightPercentage":7496,"lastPhaseAsAbsoluteIndex":1,"lastPhaseForPercentageDisplay":2,"maps":[2061]},{"id":15,"boss":2553,"start_time":8044196,"end_time":8337745,"name":"Artificer Xy'mox","zoneID":2481,"zoneName":"Sepulcher of the First Ones","zoneDifficulty":4,"size":24,"difficulty":4,"kill":false,"partial":3,"inProgress":false,"bossPercentage":3486,"fightPercentage":3486,"lastPhaseAsAbsoluteIndex":4,"lastPhaseForPercentageDisplay":1,"maps":[2061]},{"id":16,"boss":2553,"start_time":8413145,"end_time":8621059,"name":"Artificer Xy'mox","zoneID":2481,"zoneName":"Sepulcher of the First Ones","zoneDifficulty":4,"size":24,"difficulty":4,"kill":false,"partial":3,"inProgress":false,"bossPercentage":4932,"fightPercentage":4932,"lastPhaseAsAbsoluteIndex":3,"lastPhaseForPercentageDisplay":2,"maps":[2061]},{"id":17,"boss":2553,"start_time":8713064,"end_time":9128779,"name":"Artificer Xy'mox","zoneID":2481,"zoneName":"Sepulcher of the First Ones","zoneDifficulty":4,"size":24,"difficulty":4,"kill":true,"partial":3,"inProgress":false,"bossPercentage":1,"fightPercentage":1,"lastPhaseAsAbsoluteIndex":4,"lastPhaseForPercentageDisplay":1,"maps":[2061]},{"id":18,"boss":2529,"start_time":9859747,"end_time":9945912,"name":"Halondrus the Reclaimer","zoneID":2481,"zoneName":"Sepulcher of the First Ones","zoneDifficulty":4,"size":24,"difficulty":4,"kill":false,"partial":3,"inProgress":false,"bossPercentage":8118,"fightPercentage":8118,"lastPhaseAsAbsoluteIndex":0,"lastPhaseForPercentageDisplay":1,"maps":[2061]},{"id":19,"boss":2529,"start_time":10033602,"end_time":10115189,"name":"Halondrus the Reclaimer","zoneID":2481,"zoneName":"Sepulcher of the First Ones","zoneDifficulty":4,"size":24,"difficulty":4,"kill":false,"partial":3,"inProgress":false,"bossPercentage":8057,"fightPercentage":8057,"lastPhaseAsAbsoluteIndex":0,"lastPhaseForPercentageDisplay":1,"maps":[2061]},{"id":20,"boss":2529,"start_time":10236874,"end_time":10385175,"name":"Halondrus the Reclaimer","zoneID":2481,"zoneName":"Sepulcher of the First Ones","zoneDifficulty":4,"size":24,"difficulty":4,"kill":false,"partial":3,"inProgress":false,"bossPercentage":7466,"fightPercentage":7466,"lastPhaseAsAbsoluteIndex":1,"lastPhaseForPercentageDisplay":2,"maps":[2061]}],"lang":"en","friendlies":[{"name":"Holysheêsh","id":8,"guid":227118695,"type":"Paladin","server":"Area52","icon":"Paladin-Holy","fights":[{"id":1},{"id":2},{"id":4},{"id":5},{"id":6},{"id":7},{"id":8},{"id":9},{"id":10},{"id":11},{"id":12},{"id":13},{"id":14},{"id":15},{"id":16},{"id":17},{"id":18},{"id":19},{"id":20}]},{"name":"Hurv","id":6,"guid":229728520,"type":"Paladin","server":"Area52","icon":"Paladin-Retribution","fights":[{"id":1},{"id":2},{"id":3},{"id":4},{"id":5},{"id":6},{"id":7},{"id":8},{"id":9},{"id":10},{"id":11},{"id":12},{"id":13},{"id":14},{"id":15},{"id":16},{"id":17},{"id":18},{"id":19},{"id":20}]},{"name":"Exina","id":29,"guid":116693512,"type":"Priest","server":"Area52","icon":"Priest-Holy","fights":[{"id":1},{"id":2},{"id":4},{"id":5},{"id":6},{"id":7},{"id":8},{"id":9},{"id":10},{"id":11},{"id":12},{"id":13},{"id":14},{"id":15},{"id":16},{"id":17},{"id":18},{"id":19},{"id":20}]},{"name":"Leogán","id":15,"guid":182126272,"type":"Warrior","server":"Area52","icon":"Warrior-Arms","fights":[{"id":1},{"id":2},{"id":4},{"id":5},{"id":6},{"id":7},{"id":8},{"id":9},{"id":10},{"id":11},{"id":12},{"id":13},{"id":14},{"id":15},{"id":16},{"id":17},{"id":18},{"id":19},{"id":20}]},{"name":"Vanatides","id":154,"guid":228431205,"type":"Shaman","server":"Area52","icon":"Shaman-Restoration","fights":[{"id":5},{"id":6}]},{"name":"Joeybb","id":7,"guid":230896068,"type":"Priest","server":"Area52","icon":"Priest-Shadow","fights":[{"id":1},{"id":2},{"id":3},{"id":4},{"id":5},{"id":6},{"id":7},{"id":8},{"id":9},{"id":10},{"id":11},{"id":12},{"id":13},{"id":14},{"id":15},{"id":16},{"id":17},{"id":18},{"id":19},{"id":20}]},{"name":"Destrucdk","id":27,"guid":231312653,"type":"DeathKnight","server":"Area52","icon":"DeathKnight-Unholy","fights":[{"id":1},{"id":2},{"id":3},{"id":4},{"id":5},{"id":6},{"id":7},{"id":8},{"id":9},{"id":10},{"id":11},{"id":12},{"id":13},{"id":14},{"id":15},{"id":16},{"id":17},{"id":18},{"id":19},{"id":20}]},{"name":"Krystaline","id":26,"guid":230977559,"type":"Monk","server":"Area52","icon":"Monk-Brewmaster","fights":[{"id":1},{"id":2},{"id":3},{"id":4},{"id":5},{"id":6},{"id":7},{"id":8},{"id":9},{"id":10},{"id":11},{"id":12},{"id":13},{"id":14},{"id":15},{"id":16},{"id":17},{"id":18},{"id":19},{"id":20}]},{"name":"Claytonsmage","id":2,"guid":231208440,"type":"Mage","server":"Area52","icon":"Mage","fights":[{"id":1},{"id":2},{"id":3},{"id":4},{"id":5},{"id":6},{"id":7},{"id":8},{"id":9},{"id":10},{"id":11},{"id":12},{"id":13},{"id":14},{"id":15},{"id":16},{"id":17},{"id":18},{"id":19},{"id":20}]},{"name":"Withering Seed","id":148,"guid":182822,"type":"NPC","icon":"custom-icon-ability_ardenweald_mage.jpg","fights":[{"id":4,"instances":12,"groups":2},{"id":5,"instances":16,"groups":3},{"id":6,"instances":16,"groups":4}]},{"name":"Brofu","id":21,"guid":154651176,"type":"Warlock","server":"Area52","icon":"Warlock-Demonology","fights":[{"id":1},{"id":2}]},{"name":"Zafkíel","id":16,"guid":182146024,"type":"Rogue","server":"Area52","icon":"Rogue-Subtlety","fights":[{"id":1},{"id":2},{"id":4},{"id":5},{"id":6},{"id":7},{"id":8},{"id":9},{"id":10},{"id":11},{"id":12},{"id":13},{"id":14},{"id":15},{"id":16},{"id":17},{"id":18},{"id":19},{"id":20}]},{"name":"Holypäin","id":3,"guid":230886527,"type":"Paladin","server":"Area52","icon":"Paladin-Protection","fights":[{"id":1},{"id":2},{"id":4},{"id":5},{"id":6},{"id":7},{"id":8},{"id":9},{"id":10},{"id":11},{"id":12},{"id":13},{"id":14},{"id":15},{"id":16},{"id":17},{"id":18},{"id":19},{"id":20}]},{"name":"Druidzony","id":14,"guid":229120812,"type":"Druid","server":"Area52","icon":"Druid-Balance","fights":[{"id":1},{"id":2},{"id":4},{"id":5},{"id":6},{"id":7},{"id":8},{"id":9},{"id":10},{"id":11},{"id":12},{"id":13},{"id":14},{"id":15},{"id":16},{"id":17},{"id":18},{"id":19},{"id":20}]},{"name":"Soundofchaos","id":25,"guid":221304551,"type":"Warlock","server":"Illidan","icon":"Warlock","fights":[{"id":1},{"id":2},{"id":4},{"id":5},{"id":6},{"id":7},{"id":8},{"id":9},{"id":10},{"id":11},{"id":12},{"id":13},{"id":14},{"id":15},{"id":16},{"id":17},{"id":18},{"id":19},{"id":20}]},{"name":"Vanashock","id":1,"guid":225740537,"type":"Paladin","server":"Area52","icon":"Paladin-Holy","fights":[{"id":1},{"id":2},{"id":4}]},{"name":"Grapet","id":5,"guid":231052213,"type":"Shaman","server":"Area52","icon":"Shaman-Restoration","fights":[{"id":1},{"id":2},{"id":3},{"id":4},{"id":5},{"id":6},{"id":7},{"id":8},{"id":9},{"id":10},{"id":11},{"id":12},{"id":13},{"id":14},{"id":15},{"id":16},{"id":17},{"id":18},{"id":19},{"id":20}]},{"name":"Çhæd","id":17,"guid":231162230,"type":"Priest","server":"Area52","icon":"Priest-Shadow","fights":[{"id":1},{"id":2}]},{"name":"Broguerino","id":19,"guid":175838970,"type":"Rogue","server":"Area52","icon":"Rogue","fights":[{"id":1},{"id":2},{"id":4},{"id":5},{"id":6},{"id":7},{"id":8},{"id":9},{"id":10},{"id":11},{"id":12},{"id":13},{"id":14},{"id":15},{"id":16},{"id":17},{"id":18},{"id":19},{"id":20}]},{"name":"Coronaxtraa","id":24,"guid":226210877,"type":"Warlock","server":"Area52","icon":"Warlock","fights":[{"id":1},{"id":2},{"id":3},{"id":4},{"id":5},{"id":6},{"id":7},{"id":8},{"id":9},{"id":10},{"id":11},{"id":12},{"id":13},{"id":14},{"id":15},{"id":16},{"id":17},{"id":18},{"id":19},{"id":20}]},{"name":"Bolders","id":22,"guid":227240924,"type":"Mage","server":"Area52","icon":"Mage-Frost","fights":[{"id":1},{"id":2},{"id":3},{"id":4},{"id":5},{"id":6},{"id":7},{"id":8},{"id":9},{"id":10},{"id":11},{"id":12},{"id":13},{"id":14},{"id":15},{"id":16},{"id":17},{"id":18},{"id":19},{"id":20}]},{"name":"Hugewarrior","id":4,"guid":219417832,"type":"Warrior","server":"Area52","icon":"Warrior","fights":[{"id":1},{"id":2},{"id":4},{"id":5},{"id":6},{"id":7},{"id":8},{"id":9},{"id":10},{"id":11},{"id":12},{"id":13},{"id":14},{"id":15},{"id":16},{"id":17},{"id":18},{"id":19},{"id":20}]},{"name":"Atticús","id":23,"guid":230433342,"type":"Druid","server":"Area52","icon":"Druid-Restoration","fights":[{"id":1},{"id":2},{"id":3},{"id":4},{"id":5},{"id":6},{"id":7},{"id":8},{"id":9},{"id":10},{"id":11},{"id":12},{"id":13},{"id":14},{"id":15},{"id":16},{"id":17},{"id":18},{"id":19},{"id":20}]},{"name":"Rambogg","id":18,"guid":229740784,"type":"Hunter","server":"Area52","icon":"Hunter-BeastMastery","fights":[{"id":1},{"id":2}]},{"name":"Yolkinir","id":28,"guid":229655064,"type":"Druid","server":"Area52","icon":"Druid-Balance","fights":[{"id":1},{"id":2},{"id":3},{"id":4},{"id":5},{"id":6},{"id":7},{"id":8},{"id":9},{"id":10},{"id":11},{"id":12},{"id":13},{"id":14},{"id":15},{"id":16},{"id":17},{"id":18},{"id":19},{"id":20}]},{"name":"Dreadstalker","id":59,"guid":98035,"type":"Pet","icon":"abilities/spell_warlock_calldreadstalkers.jpg","fights":[{"id":19,"instances":14},{"id":20,"instances":20}]},{"name":"Ironboxy","id":10,"guid":230314467,"type":"Shaman","server":"Area52","icon":"Shaman-Enhancement","fights":[{"id":1},{"id":2}]},{"name":"Xhullidan","id":9,"guid":230999957,"type":"DemonHunter","server":"Area52","icon":"DemonHunter-Havoc","fights":[{"id":1},{"id":2},{"id":4},{"id":5},{"id":6},{"id":7},{"id":8},{"id":9},{"id":10},{"id":11},{"id":12},{"id":13},{"id":14},{"id":15},{"id":16},{"id":17},{"id":18},{"id":19},{"id":20}]},{"name":"Bjt","id":20,"guid":231024757,"type":"Mage","server":"Area52","icon":"Mage","fights":[{"id":1},{"id":2},{"id":3},{"id":4},{"id":5},{"id":6},{"id":7},{"id":8},{"id":9},{"id":10},{"id":11},{"id":12},{"id":13},{"id":14},{"id":15},{"id":16},{"id":17},{"id":18},{"id":19},{"id":20}]},{"name":"Enhancedtaco","id":11,"guid":231342531,"type":"Shaman","server":"Area52","icon":"Shaman","fights":[{"id":1},{"id":2},{"id":3},{"id":4},{"id":5},{"id":6},{"id":7},{"id":8},{"id":9},{"id":10},{"id":11},{"id":12},{"id":13},{"id":14},{"id":15},{"id":16},{"id":17},{"id":18},{"id":19},{"id":20}]},{"name":"Mâze","id":13,"guid":228782751,"type":"Druid","server":"Area52","icon":"Druid-Balance","fights":[{"id":1},{"id":2},{"id":3},{"id":4},{"id":5},{"id":6},{"id":7},{"id":8},{"id":9},{"id":10},{"id":11},{"id":12},{"id":13},{"id":14},{"id":15},{"id":16},{"id":17},{"id":18},{"id":19},{"id":20}]},{"name":"Kaotics","id":12,"guid":167975672,"type":"Mage","server":"Area52","icon":"Mage","fights":[{"id":1},{"id":2},{"id":3},{"id":4},{"id":5},{"id":6},{"id":7},{"id":8},{"id":9},{"id":10},{"id":11},{"id":12},{"id":13},{"id":14},{"id":15},{"id":16},{"id":17},{"id":18},{"id":19},{"id":20}]}],"enemies":[{"name":"Hyperlight Archon","id":203,"guid":184143,"type":"NPC","icon":"custom-icon-spell_broker_nova.jpg","fights":[{"id":14,"instances":1,"groups":1},{"id":16,"instances":2,"groups":1}]},{"name":"Pinning Weapon","id":143,"guid":183409,"type":"NPC","icon":"custom-icon-inv_staff_2h_progenitorraid_d_03.jpg","fights":[{"id":4,"instances":2,"groups":1},{"id":5,"instances":4,"groups":2},{"id":6,"instances":2,"groups":1}]},{"name":"Point Defense Drone","id":80,"guid":181856,"type":"NPC","icon":"custom-icon-inv_enchant_essencecosmicgreater.jpg","fights":[{"id":1,"instances":12,"groups":4}]},{"name":"Prototype of Absolution","id":145,"guid":181548,"type":"Boss","icon":"custom-icon-inv_artifact_powerofthedarkside.jpg","fights":[{"id":4,"instances":1},{"id":5,"instances":1},{"id":6,"instances":1}]},{"name":"Pre-Fabricated Sentry","id":90,"guid":182311,"type":"NPC","icon":"custom-icon-spell_holy_harmundeadaura.jpg","fights":[{"id":1,"instances":4,"groups":3}]},{"name":"Prototype of War","id":134,"guid":181549,"type":"Boss","icon":"custom-icon-spell_necro_deathsdoor.jpg","fights":[{"id":4,"instances":1},{"id":5,"instances":1},{"id":6,"instances":1}]},{"name":"Artificer Xy'mox","id":195,"guid":183501,"type":"Boss","icon":"custom-icon-spell_progenitor_nova.jpg","fights":[{"id":14,"instances":1},{"id":15,"instances":1},{"id":16,"instances":1},{"id":17,"instances":1}]},{"name":"Hand of Destruction","id":152,"guid":183149,"type":"NPC","icon":"custom-icon-spell_shadow_unholystrength.jpg","fights":[{"id":4,"instances":1},{"id":5,"instances":2},{"id":6,"instances":2}]},{"name":"Pre-Fabricated Sentry","id":81,"guid":181850,"type":"NPC","icon":"custom-icon-spell_holy_harmundeadaura.jpg","fights":[{"id":1,"instances":4,"groups":6}]},{"name":"Dausegne","id":119,"guid":181224,"type":"Boss","icon":"custom-icon-spell_animamaw_groundstate.jpg","fights":[{"id":2,"instances":1}]},{"name":"Hyperlight Reinforcer","id":196,"guid":184146,"type":"NPC","icon":"custom-icon-spell_broker_missile.jpg","fights":[{"id":14,"instances":2,"groups":3},{"id":17,"instances":5,"groups":6}]},{"name":"Necrotic Ritualist","id":137,"guid":182045,"type":"NPC","icon":"custom-icon-ability_warlock_cremation.jpg","fights":[{"id":4,"instances":8,"groups":2},{"id":5,"instances":12,"groups":3},{"id":6,"instances":8,"groups":2}]},{"name":"Automated Defense Matrix","id":89,"guid":183992,"type":"NPC","icon":"custom-icon-spell_holy_searinglight.jpg","fights":[{"id":1,"instances":3,"groups":5}]},{"name":"Lihuvim","id":169,"guid":182169,"type":"Boss","icon":"custom-icon-spell_progenitor_nova.jpg","fights":[{"id":7,"instances":1},{"id":8,"instances":1},{"id":9,"instances":1},{"id":10,"instances":1},{"id":11,"instances":1}]},{"name":"Wild Stampede","id":146,"guid":183421,"type":"NPC","icon":"custom-icon-spell_druid_wildcharge.jpg","fights":[{"id":4,"instances":4,"groups":5},{"id":5,"instances":4,"groups":6},{"id":6,"instances":3,"groups":4}]},{"name":"Vigilant Custodian","id":38,"guid":184522,"type":"NPC","icon":"custom-icon-spell_holy_harmundeadaura.jpg","fights":[{"id":1,"instances":1,"groups":2}]},{"name":"Acquisitions Automa","id":177,"guid":182074,"type":"NPC","icon":"custom-icon-spell_progenitor_areadenial.jpg","fights":[{"id":8,"instances":1,"groups":1},{"id":9,"instances":2,"groups":1},{"id":10,"instances":1,"groups":1},{"id":11,"instances":2,"groups":1}]},{"name":"Hyperlight Reinforcer","id":206,"guid":184149,"type":"NPC","icon":"custom-icon-spell_broker_missile.jpg","fights":[{"id":15,"instances":2,"groups":3},{"id":17,"instances":2,"groups":2}]},{"name":"Unstable Core","id":96,"guid":182102,"type":"NPC","icon":"custom-icon-inv_gizmo_khoriumpowercore.jpg","fights":[{"id":1,"instances":3}]},{"name":"Defense Matrix Automa","id":181,"guid":184126,"type":"NPC","icon":"custom-icon-spell_progenitor_buff.jpg","fights":[{"id":8,"instances":1},{"id":9,"instances":2},{"id":11,"instances":2}]},{"name":"Ossein Ritual","id":139,"guid":182144,"type":"NPC","icon":"custom-icon-inv_misc_bone_humanskull_01.jpg","fights":[{"id":4,"instances":2,"groups":3},{"id":5,"instances":3,"groups":4},{"id":6,"instances":2,"groups":3}]},{"name":"Halondrus","id":215,"guid":181047,"type":"NPC","icon":"custom-icon-spell_progenitor_missile.jpg","fights":[{"id":18,"instances":1,"groups":1},{"id":19,"instances":1,"groups":1},{"id":20,"instances":1,"groups":3}]},{"name":"Prototype of Renewal","id":144,"guid":181546,"type":"Boss","icon":"custom-icon-spell_animaardenweald_missile.jpg","fights":[{"id":4,"instances":1},{"id":5,"instances":1},{"id":6,"instances":1}]},{"name":"Volatile Materium","id":58,"guid":181859,"type":"NPC","icon":"NPC","fights":[{"id":1,"instances":24,"groups":3}]},{"name":"Wild Stampede","id":147,"guid":182664,"type":"NPC","icon":"custom-icon-spell_druid_wildcharge.jpg","fights":[{"id":4,"instances":4},{"id":5,"instances":5},{"id":6,"instances":3}]},{"name":"Xy Spellslinger","id":202,"guid":183707,"type":"NPC","icon":"custom-icon-spell_broker_beam.jpg","fights":[{"id":14,"instances":2,"groups":1},{"id":15,"instances":5,"groups":2},{"id":16,"instances":5,"groups":2},{"id":17,"instances":4,"groups":2}]},{"name":"Skolex","id":188,"guid":181395,"type":"Boss","icon":"custom-icon-ability_butcher_whirl.jpg","fights":[{"id":12,"instances":1},{"id":13,"instances":1}]},{"name":"Domination Core","id":122,"guid":181244,"type":"NPC","icon":"custom-icon-spell_broker_nova.jpg","fights":[{"id":2,"instances":5,"groups":6},{"id":3,"instances":5,"groups":1}]},{"name":"Prototype of Duty","id":135,"guid":181551,"type":"Boss","icon":"custom-icon-inv_icon_wing06b.jpg","fights":[{"id":4,"instances":1},{"id":5,"instances":1},{"id":6,"instances":1}]},{"name":"Sentry","id":180,"guid":184540,"type":"NPC","icon":"custom-icon-spell_progenitor_missile.jpg","fights":[{"id":8,"instances":1,"groups":1},{"id":9,"instances":6,"groups":2},{"id":10,"instances":1,"groups":1},{"id":11,"instances":6,"groups":2}]},{"name":"Guardian Automa","id":178,"guid":182071,"type":"NPC","icon":"custom-icon-spell_progenitor_orb2.jpg","fights":[{"id":8,"instances":1},{"id":9,"instances":2},{"id":10,"instances":1},{"id":11,"instances":2}]},{"name":"Hyperlight Reinforcer","id":198,"guid":184119,"type":"NPC","icon":"custom-icon-spell_broker_missile.jpg","fights":[{"id":14,"instances":1,"groups":1},{"id":15,"instances":2,"groups":3}]},{"name":"Guardian Sphere","id":217,"guid":181447,"type":"NPC","icon":"custom-icon-spell_progenitor_nova.jpg","fights":[{"id":20,"instances":1}]},{"name":"Vigilant Guardian","id":40,"guid":180773,"type":"Boss","icon":"custom-icon-inv_achievement_raid_progenitorraid_progenitor_defensewall_boss.jpg","fights":[{"id":1,"instances":1}]},{"name":"Degeneration Automa","id":179,"guid":182053,"type":"NPC","icon":"custom-icon-spell_progenitor_beam.jpg","fights":[{"id":8,"instances":8,"groups":1},{"id":9,"instances":8,"groups":1},{"id":10,"instances":8,"groups":1},{"id":11,"instances":8,"groups":1}]},{"name":"Xy Acolyte","id":199,"guid":184140,"type":"NPC","icon":"custom-icon-spell_broker_beam.jpg","fights":[{"id":14,"instances":2,"groups":1},{"id":15,"instances":4,"groups":2},{"id":16,"instances":4,"groups":2},{"id":17,"instances":4,"groups":2}]},{"name":"Halondrus","id":113,"guid":180906,"type":"Boss","icon":"custom-icon-inv_progenitorbotminemount.jpg","fights":[{"id":18,"instances":1},{"id":19,"instances":1},{"id":20,"instances":1}]},{"name":"Protoform Schematic","id":175,"guid":183745,"type":"NPC","icon":"custom-icon-inv_progenitor_runevessel.jpg","fights":[{"id":8,"instances":4,"groups":2},{"id":9,"instances":7,"groups":5},{"id":10,"instances":1,"groups":1},{"id":11,"instances":9,"groups":5}]}],"friendlyPets":[{"name":"Felguard","id":43,"guid":17252,"type":"Pet","icon":"abilities/spell_shadow_summonfelguard.jpg","petOwner":21,"fights":[{"id":1,"instances":3},{"id":2,"instances":1}]},{"name":"Kyrian Goliath","id":91,"guid":171396,"type":"Pet","icon":"abilities/ui_sigil_kyrian.jpg","petOwner":6,"fights":[{"id":1,"instances":4},{"id":2,"instances":2},{"id":4,"instances":2},{"id":5,"instances":3},{"id":6,"instances":3},{"id":9,"instances":2},{"id":11,"instances":2},{"id":12,"instances":1},{"id":13,"instances":2},{"id":14,"instances":1},{"id":15,"instances":2},{"id":16,"instances":1},{"id":17,"instances":3},{"id":20,"instances":1}]},{"name":"Healing Tide Totem","id":100,"guid":59764,"type":"Pet","icon":"abilities/ability_shaman_healingtide.jpg","petOwner":5,"fights":[{"id":1,"instances":2},{"id":2,"instances":1},{"id":4,"instances":1},{"id":5,"instances":2},{"id":6,"instances":2},{"id":8,"instances":1},{"id":9,"instances":1},{"id":11,"instances":1},{"id":12,"instances":1},{"id":13,"instances":2},{"id":14,"instances":1},{"id":15,"instances":1},{"id":16,"instances":1},{"id":17,"instances":2},{"id":19,"instances":1},{"id":20,"instances":1}]},{"name":"Mirror Image","id":167,"guid":31216,"type":"Pet","icon":"abilities/spell_magic_managain.jpg","petOwner":2,"fights":[{"id":6,"instances":3},{"id":12,"instances":3},{"id":15,"instances":6},{"id":16,"instances":3},{"id":17,"instances":6},{"id":20,"instances":3}]},{"name":"Earthen Wall Totem","id":79,"guid":100943,"type":"Pet","icon":"abilities/spell_nature_stoneskintotem.jpg","petOwner":5,"fights":[{"id":1,"instances":7},{"id":2,"instances":4},{"id":4,"instances":3},{"id":5,"instances":5},{"id":6,"instances":5},{"id":7,"instances":1},{"id":8,"instances":1},{"id":9,"instances":3},{"id":10,"instances":1},{"id":11,"instances":3},{"id":12,"instances":3},{"id":13,"instances":5},{"id":14,"instances":2},{"id":15,"instances":3},{"id":16,"instances":3},{"id":17,"instances":6},{"id":18,"instances":1},{"id":19,"instances":1},{"id":20,"instances":2}]},{"name":"Capacitor Totem","id":184,"guid":61245,"type":"Pet","icon":"abilities/spell_nature_brilliance.jpg","petOwner":11,"fights":[{"id":9,"instances":1},{"id":11,"instances":1},{"id":14,"instances":1},{"id":15,"instances":2},{"id":16,"instances":2},{"id":17,"instances":2}]},{"name":"Hologram","id":211,"guid":176474,"type":"Pet","icon":"custom-icon-inv_trinket_80_titan02a.jpg","petOwner":13,"fights":[{"id":17,"instances":1}]},{"name":"Vilefiend","id":51,"guid":135816,"type":"Pet","icon":"abilities/inv_argusfelstalkermount.jpg","petOwner":25,"fights":[{"id":1,"instances":8},{"id":2,"instances":5},{"id":7,"instances":1},{"id":8,"instances":2},{"id":9,"instances":4},{"id":10,"instances":2},{"id":11,"instances":4},{"id":12,"instances":3},{"id":13,"instances":5},{"id":14,"instances":2},{"id":15,"instances":3},{"id":16,"instances":3},{"id":17,"instances":5},{"id":18,"instances":1},{"id":19,"instances":1},{"id":20,"instances":2}]},{"name":"Regenerating Wildseed","id":161,"guid":164589,"type":"Pet","icon":"Pet","petOwner":24,"fights":[{"id":5,"instances":1},{"id":11,"instances":1}]},{"name":"Jakfip","id":132,"guid":74221394,"type":"Pet","icon":"custom-icon-spell_fire_firebolt.jpg","petOwner":24,"fights":[{"id":4,"instances":1},{"id":5,"instances":1},{"id":6,"instances":1}]},{"name":"Wild Imp","id":69,"guid":55659,"type":"Pet","icon":"abilities/ability_warlock_impoweredimp.jpg","petOwner":25,"fights":[{"id":1,"instances":296},{"id":2,"instances":136},{"id":7,"instances":20},{"id":8,"instances":32},{"id":9,"instances":99},{"id":10,"instances":33},{"id":11,"instances":102},{"id":12,"instances":130},{"id":13,"instances":175},{"id":14,"instances":52},{"id":15,"instances":139},{"id":16,"instances":118},{"id":17,"instances":187},{"id":18,"instances":40},{"id":19,"instances":38},{"id":20,"instances":55}]},{"name":"Kevin's Oozeling","id":136,"guid":178601,"type":"Pet","icon":"abilities/inv_maldraxxusslime.jpg","petOwner":19,"fights":[{"id":4,"instances":5}]},{"name":"Spirit Wolf","id":47,"guid":100820,"type":"Pet","icon":"abilities/spell_shaman_feralspirit.jpg","petOwner":11,"fights":[{"id":1,"instances":28},{"id":2,"instances":16},{"id":4,"instances":6},{"id":5,"instances":8},{"id":6,"instances":10}]},{"name":"Kevin's Oozeling","id":49,"guid":178601,"type":"Pet","icon":"abilities/inv_maldraxxusslime.jpg","petOwner":17,"fights":[{"id":1,"instances":5},{"id":2,"instances":3}]},{"name":"Magus of the Dead","id":64,"guid":163366,"type":"Pet","icon":"abilities/artifactability_unholydeathknight_deathsembrace.jpg","petOwner":27,"fights":[{"id":1,"instances":9},{"id":2,"instances":7},{"id":4,"instances":5},{"id":5,"instances":8},{"id":6,"instances":9},{"id":7,"instances":1},{"id":8,"instances":3},{"id":9,"instances":3},{"id":10,"instances":1},{"id":11,"instances":5},{"id":12,"instances":5},{"id":13,"instances":7},{"id":14,"instances":3},{"id":15,"instances":5},{"id":16,"instances":5},{"id":17,"instances":9},{"id":18,"instances":2},{"id":19,"instances":3},{"id":20,"instances":3}]},{"name":"Felguard","id":44,"guid":17252,"type":"Pet","icon":"abilities/spell_shadow_summonfelguard.jpg","petOwner":24,"fights":[{"id":1,"instances":4},{"id":2,"instances":3},{"id":7,"instances":1},{"id":8,"instances":1},{"id":9,"instances":1},{"id":10,"instances":1},{"id":11,"instances":2},{"id":12,"instances":2},{"id":13,"instances":3},{"id":14,"instances":1},{"id":15,"instances":3},{"id":16,"instances":2},{"id":17,"instances":4},{"id":18,"instances":1},{"id":19,"instances":1},{"id":20,"instances":1}]},{"name":"Earthen Wall Totem","id":157,"guid":100943,"type":"Pet","icon":"abilities/spell_nature_stoneskintotem.jpg","petOwner":154,"fights":[{"id":5,"instances":5},{"id":6,"instances":5}]},{"name":"Dreadstalker","id":60,"guid":98035,"type":"Pet","icon":"abilities/spell_warlock_calldreadstalkers.jpg","petOwner":24,"fights":[{"id":1,"instances":104},{"id":2,"instances":51},{"id":7,"instances":6},{"id":8,"instances":9},{"id":9,"instances":21},{"id":10,"instances":9},{"id":11,"instances":27},{"id":12,"instances":36},{"id":13,"instances":39},{"id":14,"instances":12},{"id":15,"instances":42},{"id":16,"instances":30},{"id":17,"instances":54},{"id":18,"instances":9},{"id":19,"instances":12},{"id":20,"instances":20}]},{"name":"Healing Stream Totem","id":94,"guid":3527,"type":"Pet","icon":"abilities/inv_spear_04.jpg","petOwner":10,"fights":[{"id":1,"instances":5}]},{"name":"Felguard","id":41,"guid":17252,"type":"Pet","icon":"abilities/spell_shadow_summonfelguard.jpg","petOwner":25,"fights":[{"id":1,"instances":4},{"id":2,"instances":3},{"id":7,"instances":1},{"id":8,"instances":1},{"id":9,"instances":2},{"id":10,"instances":1},{"id":11,"instances":2},{"id":12,"instances":2},{"id":13,"instances":3},{"id":14,"instances":1},{"id":15,"instances":2},{"id":16,"instances":2},{"id":17,"instances":3},{"id":18,"instances":1},{"id":19,"instances":1},{"id":20,"instances":1}]},{"name":"Demonic Tyrant","id":77,"guid":135002,"type":"Pet","icon":"abilities/inv_summondemonictyrant.jpg","petOwner":25,"fights":[{"id":1,"instances":7},{"id":2,"instances":4},{"id":7,"instances":1},{"id":8,"instances":1},{"id":9,"instances":3},{"id":10,"instances":1},{"id":11,"instances":3},{"id":12,"instances":3},{"id":13,"instances":4},{"id":14,"instances":2},{"id":15,"instances":3},{"id":16,"instances":3},{"id":17,"instances":5},{"id":18,"instances":1},{"id":19,"instances":1},{"id":20,"instances":2}]},{"name":"Demonic Tyrant","id":78,"guid":135002,"type":"Pet","icon":"abilities/inv_summondemonictyrant.jpg","petOwner":21,"fights":[{"id":1,"instances":5},{"id":2,"instances":2}]},{"name":"Earthen Wall Totem","id":173,"guid":100943,"type":"Pet","icon":"abilities/spell_nature_stoneskintotem.jpg","petOwner":11,"fights":[{"id":8,"instances":1},{"id":9,"instances":4},{"id":10,"instances":1},{"id":11,"instances":3},{"id":12,"instances":3},{"id":13,"instances":4},{"id":14,"instances":2},{"id":15,"instances":3},{"id":16,"instances":3},{"id":17,"instances":6},{"id":18,"instances":1},{"id":19,"instances":1},{"id":20,"instances":1}]},{"name":"Xormek","id":133,"guid":67082846,"type":"Pet","icon":"custom-icon-spell_shadow_soulleech_3.jpg","petOwner":25,"fights":[{"id":4,"instances":1},{"id":5,"instances":1},{"id":6,"instances":1}]},{"name":"Hologram","id":214,"guid":176474,"type":"Pet","icon":"custom-icon-inv_trinket_80_titan02a.jpg","petOwner":14,"fights":[{"id":17,"instances":1}]},{"name":"Spirit Link Totem","id":163,"guid":53006,"type":"Pet","icon":"abilities/spell_shaman_spiritlink.jpg","petOwner":154,"fights":[{"id":5,"instances":1},{"id":6,"instances":1}]},{"name":"Mana Tide Totem","id":185,"guid":10467,"type":"Pet","icon":"abilities/spell_frost_summonwaterelemental.jpg","petOwner":11,"fights":[{"id":9,"instances":1},{"id":12,"instances":1},{"id":13,"instances":2},{"id":15,"instances":1},{"id":17,"instances":1}]},{"name":"Vader","id":33,"guid":75455905,"type":"Pet","icon":"custom-icon-ability_warstomp.jpg","petOwner":18,"fights":[{"id":1,"instances":1},{"id":2,"instances":1}]},{"name":"Greater Earth Elemental","id":42,"guid":95072,"type":"Pet","icon":"abilities/spell_nature_earthelemental_totem.jpg","petOwner":10,"fights":[{"id":1,"instances":2}]},{"name":"Hologram","id":126,"guid":176474,"type":"Pet","icon":"custom-icon-inv_trinket_80_titan02a.jpg","petOwner":2,"fights":[{"id":2,"instances":1}]},{"name":"Vilefiend","id":53,"guid":135816,"type":"Pet","icon":"abilities/inv_argusfelstalkermount.jpg","petOwner":21,"fights":[{"id":1,"instances":7},{"id":2,"instances":2}]},{"name":"Wild Imp","id":73,"guid":55659,"type":"Pet","icon":"abilities/ability_warlock_impoweredimp.jpg","petOwner":21,"fights":[{"id":1,"instances":193},{"id":2,"instances":53}]},{"name":"Magically Regulated Automa Core","id":82,"guid":182210,"type":"Pet","icon":"abilities/inv_enchant_optionalreagent_02.jpg","petOwner":9,"fights":[{"id":1,"instances":20},{"id":2,"instances":8},{"id":4,"instances":6},{"id":5,"instances":13},{"id":6,"instances":17},{"id":7,"instances":2},{"id":8,"instances":3},{"id":9,"instances":7},{"id":10,"instances":3},{"id":11,"instances":10},{"id":12,"instances":8},{"id":13,"instances":11},{"id":14,"instances":3},{"id":15,"instances":16},{"id":16,"instances":6},{"id":17,"instances":16},{"id":18,"instances":2},{"id":19,"instances":2},{"id":20,"instances":2}]},{"name":"Frothing Pustule","id":63,"guid":175519,"type":"Pet","icon":"custom-icon-ability_creature_poison_02.jpg","petOwner":25,"fights":[{"id":1,"instances":71},{"id":2,"instances":60},{"id":4,"instances":27},{"id":5,"instances":57},{"id":6,"instances":51},{"id":7,"instances":5},{"id":8,"instances":13},{"id":9,"instances":27},{"id":10,"instances":10},{"id":11,"instances":27},{"id":12,"instances":44},{"id":13,"instances":43},{"id":14,"instances":14},{"id":15,"instances":41},{"id":16,"instances":35},{"id":17,"instances":54},{"id":18,"instances":17},{"id":19,"instances":10},{"id":20,"instances":21}]},{"name":"Vilefiend","id":54,"guid":135816,"type":"Pet","icon":"abilities/inv_argusfelstalkermount.jpg","petOwner":24,"fights":[{"id":1,"instances":8},{"id":2,"instances":5},{"id":7,"instances":1},{"id":8,"instances":1},{"id":9,"instances":2},{"id":10,"instances":1},{"id":11,"instances":4},{"id":12,"instances":4},{"id":13,"instances":5},{"id":14,"instances":2},{"id":15,"instances":5},{"id":16,"instances":4},{"id":17,"instances":7},{"id":18,"instances":2},{"id":19,"instances":2},{"id":20,"instances":2}]},{"name":"Dreadstalker","id":61,"guid":98035,"type":"Pet","icon":"abilities/spell_warlock_calldreadstalkers.jpg","petOwner":25,"fights":[{"id":1,"instances":42},{"id":2,"instances":24},{"id":7,"instances":4},{"id":8,"instances":6},{"id":9,"instances":18},{"id":10,"instances":6},{"id":11,"instances":18},{"id":12,"instances":22},{"id":13,"instances":24},{"id":14,"instances":8},{"id":15,"instances":24},{"id":16,"instances":18},{"id":17,"instances":32},{"id":18,"instances":6},{"id":19,"instances":14},{"id":20,"instances":14}]},{"name":"Spirit Wolf","id":46,"guid":100820,"type":"Pet","icon":"abilities/spell_shaman_feralspirit.jpg","petOwner":10,"fights":[{"id":1,"instances":24},{"id":2,"instances":10}]},{"name":"Kyrian Goliath","id":97,"guid":171396,"type":"Pet","icon":"abilities/ui_sigil_kyrian.jpg","petOwner":4,"fights":[{"id":1,"instances":2},{"id":2,"instances":1},{"id":12,"instances":1},{"id":13,"instances":2},{"id":20,"instances":1}]},{"name":"Demonic Gateway","id":128,"guid":59271,"type":"Pet","icon":"custom-icon-trade_engineering.jpg","petOwner":25,"fights":[{"id":2,"instances":1}]},{"name":"Hologram","id":213,"guid":176474,"type":"Pet","icon":"custom-icon-inv_trinket_80_titan02a.jpg","petOwner":28,"fights":[{"id":17,"instances":1}]},{"name":"Frothing Pustule","id":92,"guid":175519,"type":"Pet","icon":"custom-icon-ability_creature_poison_02.jpg","petOwner":23,"fights":[{"id":1,"instances":59}]},{"name":"Lazatik","id":37,"guid":67210157,"type":"Pet","icon":"custom-icon-ability_warrior_bladestorm.jpg","petOwner":25,"fights":[{"id":1,"instances":1},{"id":2,"instances":1},{"id":7,"instances":1},{"id":8,"instances":1},{"id":9,"instances":1},{"id":10,"instances":1},{"id":11,"instances":1},{"id":12,"instances":1},{"id":13,"instances":1},{"id":14,"instances":1},{"id":15,"instances":1},{"id":16,"instances":1},{"id":17,"instances":1},{"id":18,"instances":1},{"id":19,"instances":1},{"id":20,"instances":1}]},{"name":"Greater Earth Elemental","id":164,"guid":95072,"type":"Pet","icon":"abilities/spell_nature_earthelemental_totem.jpg","petOwner":5,"fights":[{"id":5,"instances":1},{"id":17,"instances":1}]},{"name":"Demonic Gateway","id":191,"guid":59271,"type":"Pet","icon":"custom-icon-trade_engineering.jpg","petOwner":24,"fights":[{"id":12,"instances":1}]},{"name":"Army of the Dead","id":66,"guid":24207,"type":"Pet","icon":"abilities/artifactability_unholydeathknight_deathsembrace.jpg","petOwner":27,"fights":[{"id":1,"instances":52},{"id":2,"instances":46},{"id":4,"instances":33},{"id":5,"instances":52},{"id":6,"instances":60},{"id":7,"instances":6},{"id":8,"instances":18},{"id":9,"instances":19},{"id":10,"instances":6},{"id":11,"instances":32},{"id":12,"instances":34},{"id":13,"instances":48},{"id":14,"instances":19},{"id":15,"instances":35},{"id":16,"instances":32},{"id":17,"instances":60},{"id":18,"instances":14},{"id":19,"instances":19},{"id":20,"instances":20}]},{"name":"Mana Tide Totem","id":102,"guid":10467,"type":"Pet","icon":"abilities/spell_frost_summonwaterelemental.jpg","petOwner":5,"fights":[{"id":1,"instances":2},{"id":2,"instances":1},{"id":4,"instances":1},{"id":5,"instances":1},{"id":6,"instances":2},{"id":13,"instances":1},{"id":14,"instances":1},{"id":15,"instances":1},{"id":17,"instances":1}]},{"name":"Greater Earth Elemental","id":93,"guid":95072,"type":"Pet","icon":"abilities/spell_nature_earthelemental_totem.jpg","petOwner":11,"fights":[{"id":1,"instances":1},{"id":2,"instances":1},{"id":4,"instances":1},{"id":5,"instances":2},{"id":6,"instances":2},{"id":7,"instances":1},{"id":9,"instances":1},{"id":11,"instances":1},{"id":13,"instances":1},{"id":15,"instances":1},{"id":16,"instances":1},{"id":17,"instances":1},{"id":19,"instances":1},{"id":20,"instances":1}]},{"name":"litboi","id":31,"guid":75455900,"type":"Pet","icon":"custom-icon-ability_druid_rake.jpg","petOwner":18,"fights":[{"id":1,"instances":1},{"id":2,"instances":1}]},{"name":"Demonic Tyrant","id":74,"guid":135002,"type":"Pet","icon":"abilities/inv_summondemonictyrant.jpg","petOwner":24,"fights":[{"id":1,"instances":7},{"id":2,"instances":5},{"id":7,"instances":1},{"id":8,"instances":1},{"id":9,"instances":2},{"id":10,"instances":1},{"id":11,"instances":3},{"id":12,"instances":4},{"id":13,"instances":5},{"id":14,"instances":2},{"id":15,"instances":5},{"id":16,"instances":3},{"id":17,"instances":7},{"id":18,"instances":1},{"id":19,"instances":2},{"id":20,"instances":2}]},{"name":"Darkglare","id":140,"guid":103673,"type":"Pet","icon":"abilities/inv_beholderwarlock.jpg","petOwner":25,"fights":[{"id":4,"instances":2},{"id":5,"instances":3},{"id":6,"instances":3}]},{"name":"Healing Stream Totem","id":155,"guid":3527,"type":"Pet","icon":"abilities/inv_spear_04.jpg","petOwner":11,"fights":[{"id":5,"instances":3},{"id":6,"instances":3}]},{"name":"Demonic Gateway","id":190,"guid":59262,"type":"Pet","icon":"custom-icon-trade_engineering.jpg","petOwner":24,"fights":[{"id":12,"instances":1}]},{"name":"Healing Tide Totem","id":158,"guid":59764,"type":"Pet","icon":"abilities/ability_shaman_healingtide.jpg","petOwner":154,"fights":[{"id":5,"instances":1},{"id":6,"instances":2}]},{"name":"Healing Tide Totem","id":176,"guid":59764,"type":"Pet","icon":"abilities/ability_shaman_healingtide.jpg","petOwner":11,"fights":[{"id":8,"instances":1},{"id":9,"instances":1},{"id":11,"instances":1},{"id":12,"instances":1},{"id":13,"instances":1},{"id":14,"instances":1},{"id":15,"instances":2},{"id":16,"instances":1},{"id":17,"instances":2},{"id":18,"instances":1},{"id":19,"instances":1},{"id":20,"instances":1}]},{"name":"Frothing Pustule","id":86,"guid":175519,"type":"Pet","icon":"custom-icon-ability_creature_poison_02.jpg","petOwner":24,"fights":[{"id":1,"instances":68},{"id":2,"instances":55},{"id":7,"instances":4},{"id":8,"instances":12},{"id":9,"instances":18},{"id":10,"instances":4},{"id":11,"instances":36},{"id":12,"instances":46},{"id":13,"instances":47},{"id":14,"instances":9},{"id":15,"instances":55},{"id":16,"instances":33},{"id":17,"instances":66},{"id":18,"instances":13},{"id":19,"instances":4},{"id":20,"instances":19}]},{"name":"Efflorescence","id":70,"guid":47649,"type":"Pet","icon":"abilities/inv_misc_herb_talandrasrose.jpg","petOwner":23,"fights":[{"id":1,"instances":17},{"id":2,"instances":12},{"id":4,"instances":4},{"id":5,"instances":9},{"id":6,"instances":9},{"id":7,"instances":2},{"id":8,"instances":4},{"id":9,"instances":7},{"id":10,"instances":1},{"id":11,"instances":7},{"id":12,"instances":11},{"id":13,"instances":13},{"id":14,"instances":2},{"id":15,"instances":12},{"id":16,"instances":8},{"id":17,"instances":13},{"id":18,"instances":2},{"id":19,"instances":3},{"id":20,"instances":2}]},{"name":"Kyrian Goliath","id":99,"guid":171396,"type":"Pet","icon":"abilities/ui_sigil_kyrian.jpg","petOwner":26,"fights":[{"id":1,"instances":3},{"id":2,"instances":1},{"id":4,"instances":1},{"id":5,"instances":2},{"id":6,"instances":2},{"id":9,"instances":1},{"id":11,"instances":1},{"id":12,"instances":1},{"id":13,"instances":2},{"id":15,"instances":1},{"id":16,"instances":1},{"id":17,"instances":2}]},{"name":"Kevin's Oozeling","id":72,"guid":178601,"type":"Pet","icon":"abilities/inv_maldraxxusslime.jpg","petOwner":7,"fights":[{"id":1,"instances":7},{"id":2,"instances":5},{"id":4,"instances":4},{"id":5,"instances":6},{"id":6,"instances":7},{"id":7,"instances":1},{"id":8,"instances":2},{"id":9,"instances":4},{"id":10,"instances":1},{"id":11,"instances":4},{"id":12,"instances":3},{"id":13,"instances":5},{"id":14,"instances":2},{"id":15,"instances":3},{"id":16,"instances":4},{"id":17,"instances":5},{"id":18,"instances":2},{"id":19,"instances":2},{"id":20,"instances":2}]},{"name":"Spirit Link Totem","id":95,"guid":53006,"type":"Pet","icon":"abilities/spell_shaman_spiritlink.jpg","petOwner":5,"fights":[{"id":1,"instances":2},{"id":2,"instances":2},{"id":4,"instances":1},{"id":5,"instances":1},{"id":6,"instances":1},{"id":8,"instances":1},{"id":9,"instances":1},{"id":11,"instances":1},{"id":13,"instances":1},{"id":14,"instances":1},{"id":15,"instances":1},{"id":16,"instances":1},{"id":17,"instances":1},{"id":19,"instances":1},{"id":20,"instances":1}]},{"name":"Risen Skulker","id":121,"guid":99541,"type":"Pet","icon":"abilities/spell_shadow_animatedead.jpg","petOwner":27,"fights":[{"id":2,"instances":1},{"id":3,"instances":1},{"id":12,"instances":1},{"id":13,"instances":1}]},{"name":"Darkglare","id":138,"guid":103673,"type":"Pet","icon":"abilities/inv_beholderwarlock.jpg","petOwner":24,"fights":[{"id":4,"instances":2},{"id":5,"instances":3},{"id":6,"instances":3}]},{"name":"Regenerating Wildseed","id":107,"guid":164589,"type":"Pet","icon":"Pet","petOwner":10,"fights":[{"id":1,"instances":1}]},{"name":"Mirror Image","id":39,"guid":31216,"type":"Pet","icon":"abilities/spell_magic_managain.jpg","petOwner":22,"fights":[{"id":1,"instances":3},{"id":2,"instances":6},{"id":4,"instances":6},{"id":5,"instances":6},{"id":6,"instances":6},{"id":8,"instances":3},{"id":9,"instances":3},{"id":10,"instances":3},{"id":11,"instances":6},{"id":12,"instances":3},{"id":13,"instances":3},{"id":14,"instances":3},{"id":15,"instances":6},{"id":16,"instances":6},{"id":17,"instances":3},{"id":18,"instances":3},{"id":19,"instances":3},{"id":20,"instances":3}]},{"name":"Spirit Link Totem","id":192,"guid":53006,"type":"Pet","icon":"abilities/spell_shaman_spiritlink.jpg","petOwner":11,"fights":[{"id":12,"instances":1},{"id":13,"instances":1},{"id":15,"instances":1},{"id":16,"instances":1},{"id":17,"instances":1}]},{"name":"Dreadstalker","id":65,"guid":98035,"type":"Pet","icon":"abilities/spell_warlock_calldreadstalkers.jpg","petOwner":21,"fights":[{"id":1,"instances":106},{"id":2,"instances":30}]},{"name":"Mindbender","id":48,"guid":62982,"type":"Pet","icon":"abilities/spell_shadow_soulleech_3.jpg","petOwner":17,"fights":[{"id":1,"instances":4},{"id":2,"instances":3}]},{"name":"Windfury Totem","id":76,"guid":6112,"type":"Pet","icon":"abilities/spell_nature_windfury.jpg","petOwner":11,"fights":[{"id":1,"instances":9},{"id":2,"instances":6},{"id":4,"instances":6},{"id":5,"instances":9},{"id":6,"instances":10}]},{"name":"Frothing Pustule","id":84,"guid":175519,"type":"Pet","icon":"custom-icon-ability_creature_poison_02.jpg","petOwner":20,"fights":[{"id":1,"instances":70},{"id":2,"instances":62},{"id":4,"instances":30},{"id":5,"instances":60},{"id":6,"instances":43},{"id":7,"instances":2},{"id":8,"instances":10},{"id":9,"instances":23},{"id":10,"instances":5},{"id":11,"instances":32},{"id":12,"instances":45},{"id":13,"instances":29},{"id":14,"instances":13},{"id":15,"instances":54},{"id":16,"instances":36},{"id":17,"instances":67},{"id":18,"instances":16},{"id":19,"instances":11},{"id":20,"instances":18}]},{"name":"Kevin's Oozeling","id":55,"guid":178601,"type":"Pet","icon":"abilities/inv_maldraxxusslime.jpg","petOwner":27,"fights":[{"id":1,"instances":4},{"id":2,"instances":3},{"id":4,"instances":2},{"id":5,"instances":3},{"id":6,"instances":3},{"id":8,"instances":1},{"id":9,"instances":1},{"id":11,"instances":1},{"id":12,"instances":2},{"id":13,"instances":3},{"id":14,"instances":1},{"id":15,"instances":2},{"id":16,"instances":2},{"id":17,"instances":3},{"id":18,"instances":1},{"id":19,"instances":1},{"id":20,"instances":1}]},{"name":"Mirror Image","id":83,"guid":31216,"type":"Pet","icon":"abilities/spell_magic_managain.jpg","petOwner":12,"fights":[{"id":1,"instances":9},{"id":2,"instances":6},{"id":4,"instances":3},{"id":5,"instances":6},{"id":6,"instances":6},{"id":8,"instances":3},{"id":9,"instances":3},{"id":10,"instances":3},{"id":11,"instances":3},{"id":12,"instances":6},{"id":13,"instances":3},{"id":14,"instances":3},{"id":15,"instances":6},{"id":17,"instances":3},{"id":18,"instances":3},{"id":20,"instances":3}]},{"name":"Mirror Image","id":109,"guid":31216,"type":"Pet","icon":"abilities/spell_magic_managain.jpg","petOwner":20,"fights":[{"id":1,"instances":3},{"id":2,"instances":3},{"id":5,"instances":3},{"id":17,"instances":6}]},{"name":"Krenrike","id":30,"guid":42400607,"type":"Pet","icon":"custom-icon-ability_warrior_bladestorm.jpg","petOwner":21,"fights":[{"id":1,"instances":1},{"id":2,"instances":1}]},{"name":"Windfury Totem","id":98,"guid":6112,"type":"Pet","icon":"abilities/spell_nature_windfury.jpg","petOwner":10,"fights":[{"id":1,"instances":1},{"id":2,"instances":4}]},{"name":"Demonic Gateway","id":127,"guid":59262,"type":"Pet","icon":"custom-icon-trade_engineering.jpg","petOwner":25,"fights":[{"id":2,"instances":1}]},{"name":"Black Ox Statue","id":183,"guid":61146,"type":"Pet","icon":"abilities/monk_ability_summonoxstatue.jpg","petOwner":26,"fights":[{"id":9,"instances":2},{"id":14,"instances":1},{"id":15,"instances":2},{"id":16,"instances":2},{"id":17,"instances":2}]},{"name":"Mindbender","id":75,"guid":62982,"type":"Pet","icon":"abilities/spell_shadow_soulleech_3.jpg","petOwner":7,"fights":[{"id":1,"instances":7},{"id":2,"instances":5},{"id":4,"instances":4},{"id":5,"instances":6},{"id":6,"instances":7},{"id":7,"instances":1},{"id":8,"instances":2},{"id":9,"instances":3},{"id":10,"instances":1},{"id":11,"instances":4},{"id":12,"instances":3},{"id":13,"instances":5},{"id":14,"instances":2},{"id":15,"instances":3},{"id":16,"instances":4},{"id":17,"instances":5},{"id":18,"instances":2},{"id":19,"instances":2},{"id":20,"instances":2}]},{"name":"Regenerating Wildseed","id":182,"guid":164589,"type":"Pet","icon":"Pet","petOwner":15,"fights":[{"id":11,"instances":1}]},{"name":"Mudstealer","id":36,"guid":76243098,"type":"Pet","icon":"abilities/spell_shadow_animatedead.jpg","petOwner":27,"fights":[{"id":1,"instances":1},{"id":2,"instances":1},{"id":4,"instances":1},{"id":5,"instances":1},{"id":6,"instances":1},{"id":7,"instances":1},{"id":8,"instances":1},{"id":9,"instances":1},{"id":10,"instances":1},{"id":11,"instances":1},{"id":12,"instances":1},{"id":13,"instances":1},{"id":14,"instances":1},{"id":15,"instances":1},{"id":16,"instances":1},{"id":17,"instances":1},{"id":18,"instances":1},{"id":19,"instances":1},{"id":20,"instances":1}]},{"name":"Capacitor Totem","id":101,"guid":61245,"type":"Pet","icon":"abilities/spell_nature_brilliance.jpg","petOwner":5,"fights":[{"id":1,"instances":1},{"id":9,"instances":1},{"id":11,"instances":1},{"id":14,"instances":1},{"id":15,"instances":2},{"id":16,"instances":2},{"id":17,"instances":2}]},{"name":"Rinnzekeel","id":32,"guid":74583412,"type":"Pet","icon":"custom-icon-ability_warrior_bladestorm.jpg","petOwner":24,"fights":[{"id":1,"instances":1},{"id":2,"instances":1},{"id":7,"instances":1},{"id":8,"instances":1},{"id":9,"instances":1},{"id":10,"instances":1},{"id":11,"instances":1},{"id":12,"instances":1},{"id":13,"instances":1},{"id":14,"instances":1},{"id":15,"instances":1},{"id":16,"instances":1},{"id":17,"instances":1},{"id":18,"instances":1},{"id":19,"instances":1},{"id":20,"instances":1}]},{"name":"Regenerating Wildseed","id":153,"guid":164589,"type":"Pet","icon":"Pet","petOwner":23,"fights":[{"id":4,"instances":1},{"id":7,"instances":1},{"id":14,"instances":1},{"id":17,"instances":1}]},{"name":"Wild Imp","id":68,"guid":55659,"type":"Pet","icon":"abilities/ability_warlock_impoweredimp.jpg","petOwner":24,"fights":[{"id":1,"instances":310},{"id":2,"instances":181},{"id":7,"instances":27},{"id":8,"instances":33},{"id":9,"instances":72},{"id":10,"instances":30},{"id":11,"instances":99},{"id":12,"instances":150},{"id":13,"instances":194},{"id":14,"instances":47},{"id":15,"instances":189},{"id":16,"instances":119},{"id":17,"instances":242},{"id":18,"instances":48},{"id":19,"instances":53},{"id":20,"instances":81}]},{"name":"Frothing Pustule","id":85,"guid":175519,"type":"Pet","icon":"custom-icon-ability_creature_poison_02.jpg","petOwner":12,"fights":[{"id":1,"instances":69},{"id":2,"instances":56},{"id":4,"instances":22},{"id":5,"instances":55},{"id":6,"instances":49},{"id":8,"instances":11},{"id":9,"instances":26},{"id":10,"instances":9},{"id":11,"instances":23},{"id":12,"instances":39},{"id":13,"instances":46},{"id":14,"instances":10},{"id":15,"instances":53},{"id":16,"instances":28},{"id":17,"instances":60},{"id":18,"instances":15},{"id":19,"instances":13},{"id":20,"instances":17}]},{"name":"Niuzao","id":103,"guid":73967,"type":"Pet","icon":"abilities/spell_monk_brewmaster_spec.jpg","petOwner":26,"fights":[{"id":1,"instances":2},{"id":2,"instances":2},{"id":4,"instances":2},{"id":5,"instances":3},{"id":6,"instances":3},{"id":7,"instances":1},{"id":8,"instances":1},{"id":9,"instances":2},{"id":11,"instances":2},{"id":12,"instances":2},{"id":13,"instances":2},{"id":14,"instances":1},{"id":15,"instances":1},{"id":16,"instances":1},{"id":17,"instances":1},{"id":20,"instances":1}]},{"name":"Kyrian Goliath","id":189,"guid":171396,"type":"Pet","icon":"abilities/ui_sigil_kyrian.jpg","petOwner":19,"fights":[{"id":12,"instances":1},{"id":13,"instances":2}]},{"name":"Mana Tide Totem","id":162,"guid":10467,"type":"Pet","icon":"abilities/spell_frost_summonwaterelemental.jpg","petOwner":154,"fights":[{"id":5,"instances":1}]},{"name":"Hologram","id":212,"guid":176474,"type":"Pet","icon":"custom-icon-inv_trinket_80_titan02a.jpg","petOwner":27,"fights":[{"id":17,"instances":1}]}],"enemyPets":[{"name":"Stasis Trap","id":208,"guid":183688,"type":"Pet","icon":"Pet","petOwner":4,"fights":[{"id":17,"instances":2}]},{"name":"Stasis Trap","id":210,"guid":183688,"type":"Pet","icon":"Pet","petOwner":26,"fights":[{"id":17,"instances":4}]},{"name":"Stasis Trap","id":207,"guid":183688,"type":"Pet","icon":"Pet","petOwner":11,"fights":[{"id":15,"instances":1},{"id":17,"instances":8}]},{"name":"Stasis Trap","id":200,"guid":183688,"type":"Pet","icon":"Pet","petOwner":23,"fights":[{"id":14,"instances":2}]},{"name":"Stasis Trap","id":209,"guid":183688,"type":"Pet","icon":"Pet","petOwner":8,"fights":[{"id":17,"instances":3}]}],"phases":[{"boss":2512,"phases":["P1: Systems Online!","P2: Roll Out, then Transform","P3: Self-Destruct Sequence"]},{"boss":2544,"phases":["P1: War and Duty","P2: Sin and Seed","P3: Pantheon of Death"]},{"boss":2529,"phases":["P1: The Reclaimer","P2: The Shimmering Cliffs","P3: A Broken Cycle"]},{"boss":2553,"phases":["Cartel Xy","Secrets of the Relic"]},{"boss":2539,"phases":["Lihuvim, Principal Architect","Synthesized Automa"]}],"logVersion":16,"gameVersion":1,"title":"WTF logs.","owner":"Katjakitty","start":1646791592828,"end":1646801978003,"zone":29,"exportedCharacters":[{"id":63001128,"name":"Atticús","server":"Area 52","region":"US"},{"id":16946318,"name":"Bjt","server":"Area 52","region":"US"},{"id":58864666,"name":"Bolders","server":"Area 52","region":"US"},{"id":23072691,"name":"Brofu","server":"Area 52","region":"US"},{"id":41030844,"name":"Broguerino","server":"Area 52","region":"US"},{"id":64221467,"name":"Claytonsmage","server":"Area 52","region":"US"},{"id":57150667,"name":"Coronaxtraa","server":"Area 52","region":"US"},{"id":64518337,"name":"Destrucdk","server":"Area 52","region":"US"},{"id":59828186,"name":"Druidzony","server":"Area 52","region":"US"},{"id":64539985,"name":"Enhancedtaco","server":"Area 52","region":"US"},{"id":110081,"name":"Exina","server":"Area 52","region":"US"},{"id":63956265,"name":"Grapet","server":"Area 52","region":"US"},{"id":63636120,"name":"Holypäin","server":"Area 52","region":"US"},{"id":61616231,"name":"Holysheêsh","server":"Area 52","region":"US"},{"id":53939253,"name":"Hugewarrior","server":"Area 52","region":"US"},{"id":60914972,"name":"Hurv","server":"Area 52","region":"US"},{"id":62302741,"name":"Ironboxy","server":"Area 52","region":"US"},{"id":63832717,"name":"Joeybb","server":"Area 52","region":"US"},{"id":57630982,"name":"Kaotics","server":"Area 52","region":"US"},{"id":63790012,"name":"Krystaline","server":"Area 52","region":"US"},{"id":49827409,"name":"Leogán","server":"Area 52","region":"US"},{"id":59504608,"name":"Mâze","server":"Area 52","region":"US"},{"id":60935003,"name":"Rambogg","server":"Area 52","region":"US"},{"id":63258164,"name":"Soundofchaos","server":"Illidan","region":"US"},{"id":55967165,"name":"Vanashock","server":"Area 52","region":"US"},{"id":59035016,"name":"Vanatides","server":"Area 52","region":"US"},{"id":63820633,"name":"Xhullidan","server":"Area 52","region":"US"},{"id":46006739,"name":"Yolkinir","server":"Area 52","region":"US"},{"id":49968076,"name":"Zafkíel","server":"Area 52","region":"US"},{"id":64151850,"name":"Çhæd","server":"Area 52","region":"US"}]}