[{"timestamp":11298114,"type":"combatantinfo","pin":"0","sourceID":33,"gear":[{"id":184660,"quality":4,"icon":"inv_plate_oribosdungeon_c_01_helm.jpg","itemLevel":183,"bonusIDs":[6652,6935],"gems":[{"id":168636,"itemLevel":50,"icon":"inv_misc_metagem_b.jpg"}]},{"id":183040,"quality":4,"icon":"inv_7_0raid_necklace_03c.jpg","itemLevel":213,"bonusIDs":[7188,6652,7193,1485,6646]},{"id":171417,"quality":5,"icon":"inv_shoulder_plate_mawraidmythic_d_01.jpg","itemLevel":235,"bonusIDs":[7062,6649,6648,6758,1532],"effectID":337847,"effectIcon":"spell_holy_sealofrighteousness.jpg"},{"id":0,"quality":1,"icon":"inv_axe_02.jpg","itemLevel":0},{"id":182987,"quality":4,"icon":"inv_plate_revendrethraid_d_01_chest.jpg","itemLevel":200,"permanentEnchant":6214,"temporaryEnchant":6225,"bonusIDs":[7189,6652,1472,6646]},{"id":178931,"quality":3,"icon":"inv_plate_oribosdungeon_c_01_buckle.jpg","itemLevel":197,"bonusIDs":[7205,6652,7194,1501,5855,6646]},{"id":178818,"quality":3,"icon":"inv_plate_oribosdungeon_c_01_pants.jpg","itemLevel":203,"bonusIDs":[7209,6652,1501,5861,6646]},{"id":183027,"quality":4,"icon":"inv_plate_revendrethraid_d_01_boot.jpg","itemLevel":200,"permanentEnchant":6211,"bonusIDs":[7189,6652,1472,6646]},{"id":183018,"quality":4,"icon":"inv_plate_revendrethraid_d_01_bracer.jpg","itemLevel":200,"permanentEnchant":6220,"bonusIDs":[7189,6652,7194,1472,6646]},{"id":178840,"quality":3,"icon":"inv_plate_oribosdungeon_c_01_glove.jpg","itemLevel":184,"permanentEnchant":6210,"bonusIDs":[6807,6652,1498,6646]},{"id":178824,"quality":3,"icon":"inv_ring_revendrethraid_01_gold.jpg","itemLevel":207,"permanentEnchant":6166,"bonusIDs":[7203,6652,7194,1501,5865,6646]},{"id":179355,"quality":3,"icon":"inv_ring_ardenweald_02_green.jpg","itemLevel":213,"permanentEnchant":6166,"bonusIDs":[7206,6652,7194,1501,5871,6646]},{"id":184024,"quality":4,"icon":"inv_scroll_16.jpg","itemLevel":200,"bonusIDs":[7189,6652,1472,6646]},{"id":173096,"quality":3,"icon":"inv_inscription_darkmooncard_indomitable.jpg","itemLevel":200},{"id":179349,"quality":3,"icon":"inv_cape_cloth_oribosdungeon_c_01.jpg","itemLevel":194,"permanentEnchant":6208,"bonusIDs":[7204,6652,1501,5852,6646]},{"id":184272,"quality":4,"icon":"inv_sword_1h_bastion_d_01.jpg","itemLevel":213,"permanentEnchant":6223,"temporaryEnchant":6188,"bonusIDs":[7188,6652,1511,6646]},{"id":184806,"quality":4,"icon":"inv_shield_1h_bastionquest_b_01.jpg","itemLevel":190,"bonusIDs":[6652,1472,6646]},{"id":69210,"quality":4,"icon":"inv_epicguildtabard.jpg","itemLevel":1}],"auras":[{"source":36,"ability":21562,"stacks":1,"icon":"spell_holy_wordfortitude.jpg","name":"Power Word: Fortitude"},{"source":37,"ability":1459,"stacks":1,"icon":"spell_holy_magicalsentry.jpg","name":"Arcane Intellect"},{"source":33,"ability":308488,"stacks":1,"icon":"spell_misc_food.jpg","name":"Well Fed"},{"source":38,"ability":6673,"stacks":1,"icon":"ability_warrior_battleshout.jpg","name":"Battle Shout"},{"source":33,"ability":307187,"stacks":1,"icon":"inv_alchemy_80_flask01red.jpg","name":"Spectral Stamina Flask"}],"expansion":"shadowlands","faction":0,"specID":66,"covenantID":1,"soulbindID":7,"strength":1132,"agility":158,"stamina":2711,"intellect":474,"dodge":0,"parry":182,"block":0,"armor":1816,"critMelee":182,"critRanged":182,"critSpell":182,"speed":0,"leech":0,"hasteMelee":597,"hasteRanged":597,"hasteSpell":597,"avoidance":0,"mastery":663,"versatilityDamageDone":176,"versatilityHealingDone":176,"versatilityDamageReduction":176,"talents":[{"id":152261,"icon":"inv_shield_1h_hyrja_d_01.jpg"},{"id":203776,"icon":"ability_skyreach_shielded.jpg"},{"id":234299,"icon":"spell_holy_fistofjustice.jpg"},{"id":230332,"icon":"ability_paladin_divinesteed.jpg"},{"id":223817,"icon":"spell_holy_divinepurpose.jpg"},{"id":183778,"icon":"spell_holy_divineprovidence.jpg"},{"id":171648,"icon":"ability_paladin_judgementsofthejust.jpg"}],"pvpTalents":[{"id":0,"icon":"inv_axe_02.jpg"},{"id":199542,"icon":"spell_holy_crusaderaura.jpg"},{"id":216868,"icon":"spell_holy_innerfire.jpg"},{"id":216860,"icon":"ability_paladin_judgementofthepure.jpg"}],"artifact":[{"traitID":1305,"rank":1,"spellID":0,"icon":"inv_axe_02.jpg"},{"traitID":1308,"rank":1,"spellID":328261,"icon":"spell_arcane_focusedpower.jpg"},{"traitID":1310,"rank":1,"spellID":328263,"icon":"inv_misc_bag_14.jpg"},{"traitID":1312,"rank":1,"spellID":0,"icon":"inv_axe_02.jpg"},{"traitID":1316,"rank":1,"spellID":328266,"icon":"spell_animabastion_buff.jpg"}],"heartOfAzeroth":[{"traitID":196,"rank":184,"spellID":340012,"icon":"inv_shield_1h_armyoflight_c_01.jpg"},{"traitID":197,"rank":184,"spellID":340023,"icon":"ability_crown_of_the_heavens_icon.jpg"}]},{"timestamp":11298114,"type":"combatantinfo","pin":"0","sourceID":57,"gear":[{"id":172325,"quality":5,"icon":"inv_mail_mawraid_d_01_helm.jpg","itemLevel":190,"bonusIDs":[7005,6716,7193,6649,6647,1487],"effectID":336745,"effectIcon":"ability_warlock_burningembers.jpg"},{"id":175885,"quality":3,"icon":"inv_7_0raid_necklace_03a.jpg","itemLevel":184,"bonusIDs":[6789,1498,6646]},{"id":183003,"quality":4,"icon":"inv_shoulder_mail_revendrethraid_d_01.jpg","itemLevel":207,"bonusIDs":[7189,6652,1472,6646]},{"id":0,"quality":1,"icon":"inv_axe_02.jpg","itemLevel":0},{"id":182988,"quality":4,"icon":"inv_chest_mail_revendrethraid_d_01.jpg","itemLevel":213,"permanentEnchant":6214,"temporaryEnchant":6225,"bonusIDs":[7188,6652,1485,6646]},{"id":178700,"quality":3,"icon":"inv_belt_mail_oribosdungeon_c_01.jpg","itemLevel":184,"bonusIDs":[6807,41,7193,1498,6646]},{"id":178839,"quality":3,"icon":"inv_pant_mail_oribosdungeon_c_01.jpg","itemLevel":184,"bonusIDs":[6807,6652,1498,6646]},{"id":178830,"quality":3,"icon":"inv_boot_mail_oribosdungeon_c_01.jpg","itemLevel":197,"permanentEnchant":6211,"bonusIDs":[7205,6652,1501,5855,6646]},{"id":184126,"quality":4,"icon":"inv_bracer_mail_revendrethraid_d_01.jpg","itemLevel":207,"permanentEnchant":6222,"bonusIDs":[6652,7193,1492,6646]},{"id":184173,"quality":4,"icon":"inv_glove_mail_revendrethraid_d_01.jpg","itemLevel":207,"bonusIDs":[6652,43,1492,6646]},{"id":183038,"quality":4,"icon":"inv_ring_oribos_01_silver.jpg","itemLevel":200,"permanentEnchant":6166,"bonusIDs":[7189,6652,6935,1472,6646],"gems":[{"id":173128,"itemLevel":120,"icon":"inv_jewelcrafting_90_rarecut_yellow.jpg"}]},{"id":183036,"quality":4,"icon":"inv_ring_revendreth_01_gold.jpg","itemLevel":207,"permanentEnchant":6166,"bonusIDs":[7189,6652,6935,1472,6646],"gems":[{"id":173128,"itemLevel":120,"icon":"inv_jewelcrafting_90_rarecut_yellow.jpg"}]},{"id":184025,"quality":4,"icon":"sha_spell_fire_bluehellfire_nightmare.jpg","itemLevel":200,"bonusIDs":[7189,6652,1472,6646]},{"id":178742,"quality":3,"icon":"inv_alchemy_70_potion2.jpg","itemLevel":187,"bonusIDs":[6808,6652,1501,6646]},{"id":183032,"quality":4,"icon":"inv_plate_revendrethraid_d_01_cape.jpg","itemLevel":207,"permanentEnchant":6203,"bonusIDs":[7189,6652,1472,6646]},{"id":178664,"quality":3,"icon":"inv_bow_1h_oribosdungeon_c_01.jpg","itemLevel":184,"permanentEnchant":6195,"temporaryEnchant":6188,"bonusIDs":[6775,1498,6646]},{"id":0,"quality":1,"icon":"inv_axe_02.jpg","itemLevel":0},{"id":0,"quality":1,"icon":"inv_axe_02.jpg","itemLevel":0}],"auras":[{"source":38,"ability":6673,"stacks":1,"icon":"ability_warrior_battleshout.jpg","name":"Battle Shout"},{"source":57,"ability":308488,"stacks":1,"icon":"spell_misc_food.jpg","name":"Well Fed"},{"source":37,"ability":1459,"stacks":1,"icon":"spell_holy_magicalsentry.jpg","name":"Arcane Intellect"},{"source":36,"ability":21562,"stacks":1,"icon":"spell_holy_wordfortitude.jpg","name":"Power Word: Fortitude"},{"source":57,"ability":307185,"stacks":1,"icon":"inv_alchemy_90_flask_green.jpg","name":"Spectral Flask of Power"}],"expansion":"shadowlands","faction":0,"specID":253,"covenantID":3,"soulbindID":1,"strength":271,"agility":1434,"stamina":1590,"intellect":389,"dodge":0,"parry":0,"block":0,"armor":744,"critMelee":176,"critRanged":176,"critSpell":176,"speed":0,"leech":35,"hasteMelee":602,"hasteRanged":602,"hasteSpell":602,"avoidance":30,"mastery":362,"versatilityDamageDone":430,"versatilityHealingDone":430,"versatilityDamageReduction":430,"talents":[{"id":267116,"icon":"ability_hunter_bestialdiscipline.jpg"},{"id":193532,"icon":"ability_hunter_sickem.jpg"},{"id":270581,"icon":"ability_hunter_onewithnature.jpg"},{"id":257944,"icon":"ability_hunter_thrillofthehunt.jpg"},{"id":109215,"icon":"ability_hunter_posthaste.jpg"},{"id":199530,"icon":"warrior_talent_icon_thunderstruck.jpg"},{"id":191384,"icon":"ability_deathwing_assualtaspects.jpg"}],"pvpTalents":[{"id":0,"icon":"inv_axe_02.jpg"},{"id":212668,"icon":"ability_hunter_beastwithin.jpg"},{"id":204190,"icon":"ability_hunter_invigeration.jpg"},{"id":202589,"icon":"inv_misc_deepseascales.jpg"}],"artifact":[{"traitID":850,"rank":1,"spellID":0,"icon":"inv_axe_02.jpg"},{"traitID":863,"rank":1,"spellID":342270,"icon":"ability_racial_runningwild.jpg"},{"traitID":864,"rank":1,"spellID":322721,"icon":"ability_druid_manatree.jpg"},{"traitID":866,"rank":1,"spellID":320687,"icon":"ability_druid_supriseattack.jpg"},{"traitID":1010,"rank":1,"spellID":0,"icon":"inv_axe_02.jpg"}],"heartOfAzeroth":[{"traitID":140,"rank":200,"spellID":339109,"icon":"inv_archaeology_70_spiritofechero.jpg"},{"traitID":175,"rank":200,"spellID":339495,"icon":"inv_trickshot.jpg"}]},{"timestamp":11298114,"type":"combatantinfo","pin":"0","sourceID":37,"gear":[{"id":178860,"quality":3,"icon":"inv_helm_cloth_oribosdungeon_c_01.jpg","itemLevel":216,"bonusIDs":[7207,6652,7193,1501,5874,6646]},{"id":178827,"quality":3,"icon":"inv_7_0raid_necklace_03a.jpg","itemLevel":194,"bonusIDs":[7204,7194,1501,5852,6646]},{"id":178696,"quality":3,"icon":"inv_shoulder_cloth_oribosdungeon_c_01.jpg","itemLevel":200,"bonusIDs":[7206,6652,1501,5858,6646]},{"id":0,"quality":1,"icon":"inv_axe_02.jpg","itemLevel":0},{"id":175889,"quality":4,"icon":"inv_cloth_revendrethraid_d_01_chest_.jpg","itemLevel":200,"permanentEnchant":6230,"bonusIDs":[6630,1472,6646]},{"id":180109,"quality":3,"icon":"inv_belt_cloth_oribosdungeon_c_01.jpg","itemLevel":184,"bonusIDs":[6807,6652,7193,1498,6646]},{"id":180107,"quality":3,"icon":"inv_pant_cloth_oribosdungeon_c_01.jpg","itemLevel":220,"bonusIDs":[7209,6652,1501,5878,6646]},{"id":183023,"quality":4,"icon":"inv_cloth_revendrethraid_d_01_boot.jpg","itemLevel":200,"bonusIDs":[7189,6652,1472,6646]},{"id":178806,"quality":3,"icon":"inv_bracer_cloth_oribosdungeon_c_01.jpg","itemLevel":184,"permanentEnchant":6220,"bonusIDs":[6807,6652,6935,1498,6646],"gems":[{"id":173128,"itemLevel":120,"icon":"inv_jewelcrafting_90_rarecut_yellow.jpg"}]},{"id":178833,"quality":3,"icon":"inv_glove_cloth_oribosdungeon_c_01.jpg","itemLevel":194,"bonusIDs":[7203,6652,1501,5852,6646]},{"id":178926,"quality":5,"icon":"inv_jewelcrafting_90_maxlvlring_red.jpg","itemLevel":210,"permanentEnchant":6168,"bonusIDs":[6932,7194,6649,6648,6717,1507],"effectID":333097,"effectIcon":"spell_fire_burnout.jpg"},{"id":178871,"quality":3,"icon":"inv_ring_maldraxxus_01_red.jpg","itemLevel":184,"permanentEnchant":6166,"bonusIDs":[6807,6652,7193,1498,6646]},{"id":184024,"quality":4,"icon":"inv_scroll_16.jpg","itemLevel":213,"bonusIDs":[7188,6652,1485,6646]},{"id":175884,"quality":3,"icon":"spell_holy_championsbond.jpg","itemLevel":184,"bonusIDs":[6782,1498,6646]},{"id":183034,"quality":4,"icon":"inv_cape_leather_revendrethraid_d_01.jpg","itemLevel":213,"bonusIDs":[7188,6652,1485,6646]},{"id":178753,"quality":3,"icon":"inv_knife_1h_oribosdungeon_c_02.jpg","itemLevel":197,"permanentEnchant":6228,"temporaryEnchant":6188,"bonusIDs":[7205,43,1501,5855,6646]},{"id":179570,"quality":4,"icon":"inv_offhand_1h_ardenweald_d_01.jpg","itemLevel":200,"bonusIDs":[7189,6652,1498,6646]},{"id":69210,"quality":4,"icon":"inv_epicguildtabard.jpg","itemLevel":1}],"auras":[{"source":36,"ability":21562,"stacks":1,"icon":"spell_holy_wordfortitude.jpg","name":"Power Word: Fortitude"},{"source":37,"ability":1459,"stacks":1,"icon":"spell_holy_magicalsentry.jpg","name":"Arcane Intellect"},{"source":37,"ability":297034,"stacks":1,"icon":"spell_misc_food.jpg","name":"Well Fed"},{"source":38,"ability":6673,"stacks":1,"icon":"ability_warrior_battleshout.jpg","name":"Battle Shout"},{"source":37,"ability":270058,"stacks":1,"icon":"creatureportrait_altarofearth_01.jpg","name":"Battle-Scarred Augmentation"},{"source":37,"ability":307185,"stacks":1,"icon":"inv_alchemy_90_flask_green.jpg","name":"Spectral Flask of Power"}],"expansion":"shadowlands","faction":0,"specID":63,"covenantID":3,"soulbindID":2,"strength":201,"agility":303,"stamina":1591,"intellect":1528,"dodge":0,"parry":0,"block":0,"armor":322,"critMelee":297,"critRanged":297,"critSpell":297,"speed":0,"leech":0,"hasteMelee":679,"hasteRanged":679,"hasteSpell":679,"avoidance":0,"mastery":399,"versatilityDamageDone":292,"versatilityHealingDone":292,"versatilityDamageReduction":292,"talents":[{"id":269644,"icon":"ability_warlock_backdraft.jpg"},{"id":212653,"icon":"spell_arcane_massdispel.jpg"},{"id":116011,"icon":"spell_mage_runeofpower.jpg"},{"id":205029,"icon":"inv_helm_circlet_firelands_d_01.jpg"},{"id":236058,"icon":"spell_fire_burningspeed.jpg"},{"id":205037,"icon":"spell_mage_flameorb.jpg"},{"id":155148,"icon":"spell_mage_kindling.jpg"}],"pvpTalents":[{"id":0,"icon":"inv_axe_02.jpg"},{"id":203286,"icon":"ability_mage_greaterpyroblast.jpg"},{"id":203275,"icon":"inv_ember.jpg"},{"id":203283,"icon":"ability_mage_firestarter.jpg"}],"artifact":[{"traitID":827,"rank":1,"spellID":319211,"icon":"spell_nature_sleep.jpg"},{"traitID":830,"rank":1,"spellID":0,"icon":"inv_axe_02.jpg"},{"traitID":836,"rank":1,"spellID":0,"icon":"inv_axe_02.jpg"},{"traitID":837,"rank":1,"spellID":319217,"icon":"inv_farm_herbseed.jpg"},{"traitID":870,"rank":1,"spellID":0,"icon":"inv_axe_02.jpg"}],"heartOfAzeroth":[{"traitID":38,"rank":200,"spellID":336992,"icon":"achievement_bg_wineos.jpg"},{"traitID":30,"rank":200,"spellID":336821,"icon":"ability_rhyolith_immolation.jpg"},{"traitID":45,"rank":200,"spellID":337123,"icon":"spell_frost_icefloes.jpg"}]},{"timestamp":11298114,"type":"combatantinfo","pin":"0","sourceID":49,"gear":[{"id":172325,"quality":5,"icon":"inv_mail_mawraid_d_01_helm.jpg","itemLevel":210,"bonusIDs":[6999,7194,6649,6647,6717,1507],"effectID":335889,"effectIcon":"ability_shaman_repulsiontotem.jpg"},{"id":183040,"quality":4,"icon":"inv_7_0raid_necklace_03c.jpg","itemLevel":200,"bonusIDs":[7189,6652,7194,1472,6646]},{"id":183003,"quality":4,"icon":"inv_shoulder_mail_revendrethraid_d_01.jpg","itemLevel":207,"bonusIDs":[7189,6652,1472,6646]},{"id":0,"quality":1,"icon":"inv_axe_02.jpg","itemLevel":0},{"id":182988,"quality":4,"icon":"inv_chest_mail_revendrethraid_d_01.jpg","itemLevel":213,"bonusIDs":[7188,6652,1485,6646]},{"id":178932,"quality":3,"icon":"inv_belt_mail_oribosdungeon_c_01.jpg","itemLevel":187,"bonusIDs":[6808,6652,7194,1501,6646]},{"id":179337,"quality":3,"icon":"inv_pant_mail_oribosdungeon_c_01.jpg","itemLevel":194,"bonusIDs":[7204,6652,1501,5852,6646]},{"id":184792,"quality":4,"icon":"inv_boot_mail_oribosdungeon_c_01.jpg","itemLevel":190,"permanentEnchant":6207,"bonusIDs":[6652,1472,6646]},{"id":178703,"quality":3,"icon":"inv_bracer_mail_oribosdungeon_c_01.jpg","itemLevel":184,"permanentEnchant":6220,"bonusIDs":[6807,6652,7193,1498,6646]},{"id":183014,"quality":4,"icon":"inv_glove_mail_revendrethraid_d_01.jpg","itemLevel":200,"permanentEnchant":6205,"bonusIDs":[7189,6652,1472,6646]},{"id":178848,"quality":3,"icon":"inv_70_raid_ring5b.jpg","itemLevel":184,"permanentEnchant":6164,"bonusIDs":[6807,41,6935,1498,6646],"gems":[{"id":173129,"itemLevel":120,"icon":"inv_jewelcrafting_90_rarecut_blue.jpg"}]},{"id":183037,"quality":4,"icon":"inv_ring_revendrethraid_02_copper.jpg","itemLevel":200,"permanentEnchant":6170,"bonusIDs":[7189,6652,7193,1472,6646]},{"id":173078,"quality":3,"icon":"inv_inscription_darkmooncard_repose.jpg","itemLevel":200},{"id":184028,"quality":4,"icon":"inv_artifact_tome01.jpg","itemLevel":207,"bonusIDs":[7189,6652,1472,6646]},{"id":180123,"quality":3,"icon":"inv_cape_mail_oribosdungeon_c_01.jpg","itemLevel":207,"permanentEnchant":6204,"bonusIDs":[7203,6652,1501,5865,6646]},{"id":178829,"quality":3,"icon":"inv_staff_2h_oribosdungeon_c_01.jpg","itemLevel":184,"permanentEnchant":6226,"temporaryEnchant":6190,"bonusIDs":[6807,6652,1498,6646]},{"id":0,"quality":1,"icon":"inv_axe_02.jpg","itemLevel":0},{"id":0,"quality":1,"icon":"inv_axe_02.jpg","itemLevel":0}],"auras":[{"source":37,"ability":1459,"stacks":1,"icon":"spell_holy_magicalsentry.jpg","name":"Arcane Intellect"},{"source":49,"ability":308514,"stacks":1,"icon":"spell_misc_food.jpg","name":"Well Fed"},{"source":36,"ability":21562,"stacks":1,"icon":"spell_holy_wordfortitude.jpg","name":"Power Word: Fortitude"},{"source":49,"ability":307185,"stacks":1,"icon":"inv_alchemy_90_flask_green.jpg","name":"Spectral Flask of Power"},{"source":38,"ability":6673,"stacks":1,"icon":"ability_warrior_battleshout.jpg","name":"Battle Shout"}],"expansion":"shadowlands","faction":0,"specID":264,"covenantID":2,"soulbindID":8,"strength":194,"agility":452,"stamina":1561,"intellect":1499,"dodge":0,"parry":0,"block":0,"armor":748,"critMelee":477,"critRanged":477,"critSpell":477,"speed":0,"leech":55,"hasteMelee":394,"hasteRanged":394,"hasteSpell":394,"avoidance":0,"mastery":417,"versatilityDamageDone":257,"versatilityHealingDone":257,"versatilityDamageReduction":257,"talents":[{"id":200072,"icon":"spell_nature_riptide.jpg"},{"id":108283,"icon":"ability_shaman_echooftheelements.jpg"},{"id":51485,"icon":"spell_nature_stranglevines.jpg"},{"id":198838,"icon":"spell_nature_stoneskintotem.jpg"},{"id":30884,"icon":"spell_nature_natureguardian.jpg"},{"id":157153,"icon":"ability_shaman_condensationtotem.jpg"},{"id":197995,"icon":"ability_shawaterelemental_split.jpg"}],"pvpTalents":[{"id":0,"icon":"inv_axe_02.jpg"},{"id":204264,"icon":"spell_shaman_tidalwaves.jpg"},{"id":236501,"icon":"spell_nature_healingwavegreater.jpg"},{"id":204293,"icon":"spell_shaman_spiritlink.jpg"}],"artifact":[{"traitID":1393,"rank":1,"spellID":331576,"icon":"spell_shadow_deathsembrace.jpg"},{"traitID":1395,"rank":1,"spellID":0,"icon":"inv_axe_02.jpg"},{"traitID":1397,"rank":1,"spellID":0,"icon":"inv_axe_02.jpg"},{"traitID":1398,"rank":1,"spellID":331579,"icon":"ability_rogue_dirtydeeds.jpg"},{"traitID":1406,"rank":1,"spellID":331586,"icon":"ability_rogue_bloodsplatter.jpg"}],"heartOfAzeroth":[{"traitID":118,"rank":184,"spellID":338339,"icon":"spell_holy_serendipity.jpg"},{"traitID":95,"rank":200,"spellID":338033,"icon":"ability_hunter_longevity.jpg"}]},{"timestamp":11298114,"type":"combatantinfo","pin":"0","sourceID":35,"gear":[{"id":178738,"quality":3,"icon":"inv_helm_mail_oribosdungeon_c_01.jpg","itemLevel":187,"bonusIDs":[6808,6652,7194,1501,6646]},{"id":181703,"quality":3,"icon":"inv_neck_bastion_01_copper.jpg","itemLevel":171,"bonusIDs":[6652,6935,1472,5868,6616],"gems":[{"id":173130,"itemLevel":120,"icon":"inv_jewelcrafting_90_rarecut_purple.jpg"}]},{"id":172327,"quality":5,"icon":"inv_mail_mawraid_d_01_shoulder.jpg","itemLevel":210,"bonusIDs":[7013,6647,6648,6717,1507],"effectID":336870,"effectIcon":"inv_spear_07.jpg"},{"id":16060,"quality":2,"icon":"inv_shirt_white_01.jpg","itemLevel":1},{"id":183000,"quality":4,"icon":"inv_chest_mail_revendrethraid_d_01.jpg","itemLevel":213,"permanentEnchant":6230,"bonusIDs":[7188,6652,1485,6646]},{"id":182976,"quality":4,"icon":"inv_belt_mail_revendrethraid_d_01.jpg","itemLevel":213,"bonusIDs":[7188,40,7194,1485,6646]},{"id":179337,"quality":3,"icon":"inv_pant_mail_oribosdungeon_c_01.jpg","itemLevel":200,"bonusIDs":[7206,6652,1501,5858,6646]},{"id":183006,"quality":4,"icon":"inv_boot_mail_revendrethraid_d_01.jpg","itemLevel":200,"permanentEnchant":6211,"bonusIDs":[7189,6652,1472,6646]},{"id":178703,"quality":3,"icon":"inv_bracer_mail_oribosdungeon_c_01.jpg","itemLevel":184,"permanentEnchant":6222,"bonusIDs":[6807,6652,7193,1498,6646]},{"id":180105,"quality":3,"icon":"inv_glove_mail_oribosdungeon_c_01.jpg","itemLevel":184,"permanentEnchant":6205,"bonusIDs":[6807,6652,1498,6646]},{"id":183037,"quality":4,"icon":"inv_ring_revendrethraid_02_copper.jpg","itemLevel":200,"permanentEnchant":6164,"bonusIDs":[7189,6652,7194,1472,6646]},{"id":178736,"quality":3,"icon":"inv_argus_ring02.jpg","itemLevel":184,"permanentEnchant":6164,"bonusIDs":[6807,6935,1498,6646],"gems":[{"id":173127,"itemLevel":120,"icon":"inv_jewelcrafting_90_rarecut_orange.jpg"}]},{"id":184027,"quality":4,"icon":"inv_leather_raiddruid_o_01chest.jpg","itemLevel":207,"bonusIDs":[7189,6652,1472,6646]},{"id":180116,"quality":3,"icon":"inv_battery_01.jpg","itemLevel":200,"bonusIDs":[7206,6652,1501,5858,6646]},{"id":183034,"quality":4,"icon":"inv_cape_leather_revendrethraid_d_01.jpg","itemLevel":213,"permanentEnchant":6204,"bonusIDs":[7188,6652,1485,6646]},{"id":180073,"quality":4,"icon":"inv_bow_1h_ardenweald_d_01_temp.jpg","itemLevel":213,"permanentEnchant":6196,"temporaryEnchant":6188,"bonusIDs":[7188,6652,1511,6646]},{"id":0,"quality":1,"icon":"inv_axe_02.jpg","itemLevel":0},{"id":0,"quality":1,"icon":"inv_axe_02.jpg","itemLevel":0}],"auras":[{"source":35,"ability":308434,"stacks":1,"icon":"spell_misc_food.jpg","name":"Well Fed"},{"source":37,"ability":1459,"stacks":1,"icon":"spell_holy_magicalsentry.jpg","name":"Arcane Intellect"},{"source":38,"ability":6673,"stacks":1,"icon":"ability_warrior_battleshout.jpg","name":"Battle Shout"},{"source":36,"ability":21562,"stacks":1,"icon":"spell_holy_wordfortitude.jpg","name":"Power Word: Fortitude"},{"source":35,"ability":307185,"stacks":1,"icon":"inv_alchemy_90_flask_green.jpg","name":"Spectral Flask of Power"},{"source":35,"ability":155228,"stacks":1,"icon":"spell_hunter_lonewolf.jpg"}],"expansion":"shadowlands","faction":0,"specID":254,"covenantID":3,"soulbindID":1,"strength":271,"agility":1284,"stamina":1588,"intellect":389,"dodge":0,"parry":0,"block":0,"armor":751,"critMelee":358,"critRanged":358,"critSpell":358,"speed":0,"leech":30,"hasteMelee":389,"hasteRanged":389,"hasteSpell":389,"avoidance":42,"mastery":462,"versatilityDamageDone":414,"versatilityHealingDone":414,"versatilityDamageReduction":414,"talents":[{"id":260309,"icon":"ability_hunter_mastermarksman.jpg"},{"id":260228,"icon":"ability_hunter_zenarchery.jpg"},{"id":270581,"icon":"ability_hunter_onewithnature.jpg"},{"id":193533,"icon":"ability_hunter_improvedsteadyshot.jpg"},{"id":109215,"icon":"ability_hunter_posthaste.jpg"},{"id":260402,"icon":"ability_hunter_crossfire.jpg"},{"id":194595,"icon":"ability_hunter_lockandload.jpg"}],"pvpTalents":[{"id":0,"icon":"inv_axe_02.jpg"},{"id":203155,"icon":"hunter_pvp_snipershot.jpg"},{"id":203235,"icon":"ability_hunter_huntingparty.jpg"},{"id":203129,"icon":"ability_trueshot.jpg"}],"artifact":[{"traitID":844,"rank":1,"spellID":320668,"icon":"inv_misc_bag_27.jpg"},{"traitID":850,"rank":1,"spellID":0,"icon":"inv_axe_02.jpg"},{"traitID":863,"rank":1,"spellID":342270,"icon":"ability_racial_runningwild.jpg"},{"traitID":864,"rank":1,"spellID":322721,"icon":"ability_druid_manatree.jpg"},{"traitID":1010,"rank":1,"spellID":0,"icon":"inv_axe_02.jpg"}],"heartOfAzeroth":[{"traitID":140,"rank":200,"spellID":339109,"icon":"inv_archaeology_70_spiritofechero.jpg"},{"traitID":175,"rank":184,"spellID":339495,"icon":"inv_trickshot.jpg"}]},{"timestamp":11298114,"type":"combatantinfo","pin":"0","sourceID":50,"gear":[{"id":178812,"quality":3,"icon":"inv_plate_oribosdungeon_c_01_helm.jpg","itemLevel":216,"bonusIDs":[7208,6652,7194,1501,5874,6646]},{"id":183040,"quality":4,"icon":"inv_7_0raid_necklace_03c.jpg","itemLevel":200,"bonusIDs":[7189,6652,7194,1472,6646]},{"id":178749,"quality":3,"icon":"inv_plate_oribosdungeon_c_01_shoulder.jpg","itemLevel":200,"bonusIDs":[7206,6652,1501,5858,6646]},{"id":0,"quality":1,"icon":"inv_axe_02.jpg","itemLevel":0},{"id":171412,"quality":5,"icon":"inv_chest_plate_mawraid_d_01.jpg","itemLevel":225,"permanentEnchant":6214,"temporaryEnchant":6225,"bonusIDs":[6952,6649,6648,6718,1522],"effectID":334949,"effectIcon":"spell_shadow_deathcoil.jpg"},{"id":183015,"quality":4,"icon":"inv_plate_revendrethraid_d_01_belt.jpg","itemLevel":200,"bonusIDs":[7189,6652,7193,1472,6646]},{"id":183002,"quality":4,"icon":"inv_plate_revendrethraid_d_01_pants.jpg","itemLevel":207,"bonusIDs":[7189,6652,1472,6646]},{"id":175893,"quality":4,"icon":"inv_plate_revendrethraid_d_01_boot.jpg","itemLevel":207,"permanentEnchant":6207,"bonusIDs":[6627,1479,6646]},{"id":183018,"quality":4,"icon":"inv_plate_revendrethraid_d_01_bracer.jpg","itemLevel":200,"bonusIDs":[7189,6652,7193,1472,6646]},{"id":178775,"quality":3,"icon":"inv_plate_oribosdungeon_c_01_glove.jpg","itemLevel":220,"bonusIDs":[7209,6652,1501,5878,6646]},{"id":183037,"quality":4,"icon":"inv_ring_revendrethraid_02_copper.jpg","itemLevel":200,"permanentEnchant":6168,"bonusIDs":[7189,6652,7193,1472,6646]},{"id":183036,"quality":4,"icon":"inv_ring_revendreth_01_gold.jpg","itemLevel":207,"permanentEnchant":6168,"bonusIDs":[7189,6652,6935,1472,6646]},{"id":179350,"quality":3,"icon":"inv_trinket_80_titan02a.jpg","itemLevel":197,"bonusIDs":[7205,6652,1501,5855,6646]},{"id":181503,"quality":3,"icon":"inv_potion_19.jpg","itemLevel":187,"bonusIDs":[6652,1472,5884,6646]},{"id":183034,"quality":4,"icon":"inv_cape_leather_revendrethraid_d_01.jpg","itemLevel":213,"permanentEnchant":6204,"bonusIDs":[7188,6652,1485,6646]},{"id":178713,"quality":3,"icon":"inv_axe_2h_drustvar_b_01.jpg","itemLevel":194,"permanentEnchant":3368,"temporaryEnchant":6200,"bonusIDs":[7204,6652,1501,5852,6646]},{"id":0,"quality":1,"icon":"inv_axe_02.jpg","itemLevel":0},{"id":0,"quality":1,"icon":"inv_axe_02.jpg","itemLevel":0}],"auras":[{"source":37,"ability":1459,"stacks":1,"icon":"spell_holy_magicalsentry.jpg","name":"Arcane Intellect"},{"source":36,"ability":21562,"stacks":1,"icon":"spell_holy_wordfortitude.jpg","name":"Power Word: Fortitude"},{"source":50,"ability":307185,"stacks":1,"icon":"inv_alchemy_90_flask_green.jpg","name":"Spectral Flask of Power"},{"source":38,"ability":6673,"stacks":1,"icon":"ability_warrior_battleshout.jpg","name":"Battle Shout"}],"expansion":"shadowlands","faction":0,"specID":252,"covenantID":2,"soulbindID":9,"strength":1273,"agility":374,"stamina":1919,"intellect":257,"dodge":0,"parry":0,"block":0,"armor":1172,"critMelee":147,"critRanged":147,"critSpell":147,"speed":0,"leech":30,"hasteMelee":696,"hasteRanged":696,"hasteSpell":696,"avoidance":0,"mastery":414,"versatilityDamageDone":340,"versatilityHealingDone":340,"versatilityDamageReduction":340,"talents":[{"id":194916,"icon":"ability_fiegndead.jpg"},{"id":115989,"icon":"spell_shadow_contagion.jpg"},{"id":108194,"icon":"ability_deathknight_asphixiate.jpg"},{"id":343294,"icon":"ability_deathknight_soulreaper.jpg"},{"id":212552,"icon":"inv_helm_plate_raiddeathknight_p_01.jpg"},{"id":319230,"icon":"spell_shadow_deathsembrace.jpg"},{"id":207289,"icon":"spell_shadow_unholyfrenzy.jpg"}],"pvpTalents":[{"id":0,"icon":"inv_axe_02.jpg"},{"id":288853,"icon":"achievement_boss_patchwerk.jpg"},{"id":199642,"icon":"ability_deathknight_decomposingaura.jpg"},{"id":288855,"icon":"spell_deathvortex.jpg"}],"artifact":[{"traitID":1545,"rank":1,"spellID":336140,"icon":"inv_raidpriestmythic_q_01boot.jpg"},{"traitID":1547,"rank":1,"spellID":0,"icon":"inv_axe_02.jpg"},{"traitID":1551,"rank":1,"spellID":336239,"icon":"archaeology_5_0_umbrellaofchiji.jpg"},{"traitID":1556,"rank":1,"spellID":0,"icon":"inv_axe_02.jpg"},{"traitID":1559,"rank":1,"spellID":336184,"icon":"achievement_guildperk_bountifulbags.jpg"}],"heartOfAzeroth":[{"traitID":65,"rank":200,"spellID":337381,"icon":"spell_animamaw_groundstate.jpg"},{"traitID":74,"rank":171,"spellID":337764,"icon":"spell_deathknight_antimagiczone.jpg"}]},{"timestamp":11298114,"type":"combatantinfo","pin":"0","sourceID":56,"gear":[{"id":178691,"quality":3,"icon":"inv_helm_leather_oribosdungeon_c_01.jpg","itemLevel":203,"bonusIDs":[7210,6652,7194,1501,5861,6646]},{"id":175922,"quality":4,"icon":"inv_7_0raid_necklace_03a.jpg","itemLevel":220,"bonusIDs":[7193,6620,1492,6646]},{"id":178779,"quality":3,"icon":"inv_shoulder_leather_oribosdungeon_c_01.jpg","itemLevel":220,"bonusIDs":[7210,6652,1501,5878,6646]},{"id":89191,"quality":4,"icon":"inv_shirt01_epic.jpg","itemLevel":1},{"id":178698,"quality":3,"icon":"inv_chest_leather_oribosdungeon_c_01.jpg","itemLevel":207,"permanentEnchant":6230,"bonusIDs":[7209,6652,1501,5865,6646]},{"id":178699,"quality":3,"icon":"inv_belt_leather_oribosdungeon_c_01.jpg","itemLevel":203,"onUseEnchant":5967,"bonusIDs":[7209,6652,7193,1501,5861,6646]},{"id":180108,"quality":3,"icon":"inv_pant_leather_oribosdungeon_c_01.jpg","itemLevel":203,"bonusIDs":[7210,6652,1501,5861,6646]},{"id":183010,"quality":4,"icon":"inv_boot_leather_revendrethraid_d_01.jpg","itemLevel":213,"permanentEnchant":6211,"bonusIDs":[7188,6652,1485,6646]},{"id":172321,"quality":5,"icon":"inv_mail_mawraid_d_01_bracer.jpg","itemLevel":225,"permanentEnchant":6222,"bonusIDs":[7041,7194,6649,6650,6718,1522],"effectID":337504,"effectIcon":"artifactability_havocdemonhunter_anguishofthedeceiver.jpg"},{"id":178832,"quality":3,"icon":"inv_glove_leather_oribosdungeon_c_01.jpg","itemLevel":203,"permanentEnchant":6210,"bonusIDs":[7209,6652,1501,5861,6646]},{"id":178781,"quality":3,"icon":"inv_ring_revendreth_01_brown.jpg","itemLevel":207,"permanentEnchant":6166,"bonusIDs":[7209,6652,7194,1501,5865,6646]},{"id":178870,"quality":3,"icon":"inv_ring_maldraxxus_02_green.jpg","itemLevel":194,"permanentEnchant":6166,"bonusIDs":[7204,6652,7194,1501,5852,6646]},{"id":179331,"quality":3,"icon":"inv_misc_scales_stonyorange.jpg","itemLevel":200,"bonusIDs":[7207,42,1501,5858,6646]},{"id":178861,"quality":3,"icon":"inv_trinket_revendreth_01_gold.jpg","itemLevel":220,"bonusIDs":[7209,6652,1501,5878,6646]},{"id":183034,"quality":4,"icon":"inv_cape_leather_revendrethraid_d_01.jpg","itemLevel":200,"permanentEnchant":6204,"bonusIDs":[7189,42,1472,6646]},{"id":178754,"quality":3,"icon":"inv_1h_oribosdungeon_c_01.jpg","itemLevel":203,"permanentEnchant":6223,"temporaryEnchant":6200,"bonusIDs":[7210,6652,1501,5861,6646]},{"id":184802,"quality":4,"icon":"inv_glaive_1h_oribosdungeon_c_01.jpg","itemLevel":190,"permanentEnchant":6229,"temporaryEnchant":6200,"bonusIDs":[41,1472,6646]},{"id":5976,"quality":2,"icon":"inv_shirt_guildtabard_01.jpg","itemLevel":1}],"auras":[{"source":51,"ability":774,"stacks":1,"icon":"spell_nature_rejuvenation.jpg","name":"Rejuvenation"},{"source":36,"ability":21562,"stacks":1,"icon":"spell_holy_wordfortitude.jpg","name":"Power Word: Fortitude"},{"source":56,"ability":347901,"stacks":1,"icon":"inv_misc_gem_azuredraenite_01.jpg","name":"Veiled Augmentation"},{"source":56,"ability":307185,"stacks":1,"icon":"inv_alchemy_90_flask_green.jpg","name":"Spectral Flask of Power"},{"source":38,"ability":6673,"stacks":1,"icon":"ability_warrior_battleshout.jpg","name":"Battle Shout"},{"source":37,"ability":1459,"stacks":1,"icon":"spell_holy_magicalsentry.jpg","name":"Arcane Intellect"},{"source":56,"ability":308488,"stacks":1,"icon":"spell_misc_food.jpg","name":"Well Fed"}],"expansion":"shadowlands","faction":0,"specID":581,"covenantID":3,"soulbindID":2,"strength":370,"agility":1271,"stamina":2935,"intellect":323,"dodge":0,"parry":222,"block":0,"armor":1086,"critMelee":222,"critRanged":222,"critSpell":222,"speed":67,"leech":55,"hasteMelee":515,"hasteRanged":515,"hasteSpell":515,"avoidance":0,"mastery":229,"versatilityDamageDone":676,"versatilityHealingDone":676,"versatilityDamageReduction":676,"talents":[{"id":207548,"icon":"achievment_raid_houroftwilight.jpg"},{"id":207739,"icon":"spell_fire_elementaldevastation.jpg"},{"id":336639,"icon":"ability_warlock_backdraft.jpg"},{"id":263642,"icon":"ability_creature_felsunder.jpg"},{"id":202138,"icon":"ability_demonhunter_sigilofchains.jpg"},{"id":321453,"icon":"spell_shadow_demonform.jpg"},{"id":209258,"icon":"inv_glaive_1h_artifactaldorchi_d_06.jpg"}],"pvpTalents":[{"id":0,"icon":"inv_axe_02.jpg"},{"id":205627,"icon":"ability_demonhunter_demonspikes.jpg"},{"id":205596,"icon":"inv_misc_steelweaponchain.jpg"},{"id":205630,"icon":"ability_demonhunter_illidansgrasp.jpg"}],"artifact":[{"traitID":826,"rank":1,"spellID":319210,"icon":"spell_shaman_blessingofeternals.jpg"},{"traitID":835,"rank":1,"spellID":0,"icon":"inv_axe_02.jpg"},{"traitID":836,"rank":1,"spellID":0,"icon":"inv_axe_02.jpg"},{"traitID":837,"rank":1,"spellID":319217,"icon":"inv_farm_herbseed.jpg"},{"traitID":829,"rank":1,"spellID":0,"icon":"inv_axe_02.jpg"}],"heartOfAzeroth":[{"traitID":134,"rank":184,"spellID":338799,"icon":"inv_boots_cloth_35v4.jpg"},{"traitID":153,"rank":200,"spellID":339231,"icon":"spell_fel_incinerate.jpg"},{"traitID":180,"rank":200,"spellID":339644,"icon":"spell_fire_felflamering.jpg"}]},{"timestamp":11298114,"type":"combatantinfo","pin":"0","sourceID":47,"gear":[{"id":178759,"quality":3,"icon":"inv_helm_cloth_oribosdungeon_c_01.jpg","itemLevel":200,"bonusIDs":[7207,40,7193,1501,5858,6646]},{"id":178827,"quality":3,"icon":"inv_7_0raid_necklace_03a.jpg","itemLevel":216,"bonusIDs":[7207,6652,7194,1501,5874,6646]},{"id":184137,"quality":4,"icon":"inv_cloth_revendrethraid_d_01_shoulder.jpg","itemLevel":207,"bonusIDs":[6652,1492,6646]},{"id":0,"quality":1,"icon":"inv_axe_02.jpg","itemLevel":0},{"id":180098,"quality":3,"icon":"inv_robe_cloth_oribosdungeon_c_01.jpg","itemLevel":200,"permanentEnchant":6265,"bonusIDs":[7206,6652,1501,5858,6646]},{"id":178804,"quality":3,"icon":"inv_belt_cloth_oribosdungeon_c_01.jpg","itemLevel":216,"bonusIDs":[7208,6652,6935,1501,5874,6646],"gems":[{"id":173128,"itemLevel":120,"icon":"inv_jewelcrafting_90_rarecut_yellow.jpg"}]},{"id":180107,"quality":3,"icon":"inv_pant_cloth_oribosdungeon_c_01.jpg","itemLevel":197,"bonusIDs":[7205,6652,1501,5855,6646]},{"id":182979,"quality":4,"icon":"inv_cloth_revendrethraid_d_01_boot.jpg","itemLevel":213,"bonusIDs":[7188,6652,1485,6646]},{"id":173249,"quality":5,"icon":"inv_cloth_mawraid_d_01_bracer.jpg","itemLevel":225,"permanentEnchant":6220,"bonusIDs":[6983,7194,6649,6647,6718,1522],"effectID":336214,"effectIcon":"achievement_boss_yoggsaron_01.jpg"},{"id":175899,"quality":4,"icon":"inv_cloth_revendrethraid_d_01_glove.jpg","itemLevel":207,"bonusIDs":[6627,1479,6646]},{"id":183036,"quality":4,"icon":"inv_ring_revendreth_01_gold.jpg","itemLevel":207,"permanentEnchant":6166,"bonusIDs":[7189,6652,7193,1472,6646]},{"id":178871,"quality":3,"icon":"inv_ring_maldraxxus_01_red.jpg","itemLevel":200,"permanentEnchant":6166,"bonusIDs":[7206,6652,7193,1501,5858,6646]},{"id":184021,"quality":4,"icon":"70_inscription_vantus_rune_azure.jpg","itemLevel":200,"bonusIDs":[7189,6652,1472,6646]},{"id":184028,"quality":4,"icon":"inv_artifact_tome01.jpg","itemLevel":207,"bonusIDs":[7189,40,1472,6646]},{"id":180123,"quality":3,"icon":"inv_cape_mail_oribosdungeon_c_01.jpg","itemLevel":200,"permanentEnchant":6202,"bonusIDs":[7207,6652,1501,5858,6646]},{"id":178829,"quality":3,"icon":"inv_staff_2h_oribosdungeon_c_01.jpg","itemLevel":203,"permanentEnchant":6228,"temporaryEnchant":6188,"bonusIDs":[7209,6652,1501,5861,6646]},{"id":0,"quality":1,"icon":"inv_axe_02.jpg","itemLevel":0},{"id":0,"quality":1,"icon":"inv_axe_02.jpg","itemLevel":0}],"auras":[{"source":37,"ability":1459,"stacks":1,"icon":"spell_holy_magicalsentry.jpg","name":"Arcane Intellect"},{"source":38,"ability":6673,"stacks":1,"icon":"ability_warrior_battleshout.jpg","name":"Battle Shout"},{"source":47,"ability":308488,"stacks":1,"icon":"spell_misc_food.jpg","name":"Well Fed"},{"source":47,"ability":307185,"stacks":1,"icon":"inv_alchemy_90_flask_green.jpg","name":"Spectral Flask of Power"},{"source":36,"ability":21562,"stacks":1,"icon":"spell_holy_wordfortitude.jpg","name":"Power Word: Fortitude"}],"expansion":"shadowlands","faction":0,"specID":258,"covenantID":1,"soulbindID":7,"strength":258,"agility":374,"stamina":1683,"intellect":1608,"dodge":0,"parry":0,"block":0,"armor":328,"critMelee":358,"critRanged":358,"critSpell":358,"speed":30,"leech":0,"hasteMelee":884,"hasteRanged":884,"hasteSpell":884,"avoidance":92,"mastery":290,"versatilityDamageDone":122,"versatilityHealingDone":122,"versatilityDamageReduction":122,"talents":[{"id":193195,"icon":"ability_mage_studentofthemind.jpg"},{"id":64129,"icon":"spell_holy_symbolofhope.jpg"},{"id":238558,"icon":"ability_rogue_envelopingshadows.jpg"},{"id":263716,"icon":"ability_priest_silence.jpg"},{"id":155271,"icon":"ability_priest_auspiciousspirits.jpg"},{"id":263165,"icon":"spell_priest_voidsear.jpg"},{"id":345218,"icon":"ability_ironmaidens_convulsiveshadows.jpg"}],"pvpTalents":[{"id":0,"icon":"inv_axe_02.jpg"},{"id":213602,"icon":"spell_magic_lesserinvisibilty.jpg"},{"id":228630,"icon":"ability_priest_shadowyapparition.jpg"},{"id":108968,"icon":"spell_priest_voidshift.jpg"}],"artifact":[{"traitID":1305,"rank":1,"spellID":0,"icon":"inv_axe_02.jpg"},{"traitID":1308,"rank":1,"spellID":328261,"icon":"spell_arcane_focusedpower.jpg"},{"traitID":1310,"rank":1,"spellID":328263,"icon":"inv_misc_bag_14.jpg"},{"traitID":1312,"rank":1,"spellID":0,"icon":"inv_axe_02.jpg"},{"traitID":1316,"rank":1,"spellID":328266,"icon":"spell_animabastion_buff.jpg"}],"heartOfAzeroth":[{"traitID":115,"rank":184,"spellID":338342,"icon":"spell_shadow_shadowpower.jpg"},{"traitID":71,"rank":200,"spellID":337715,"icon":"ability_priest_clarityofwill.jpg"}]},{"timestamp":11298114,"type":"combatantinfo","pin":"0","sourceID":43,"gear":[{"id":172325,"quality":5,"icon":"inv_mail_mawraid_d_01_helm.jpg","itemLevel":225,"bonusIDs":[6999,7193,6647,6650,6718,1522],"effectID":335889,"effectIcon":"ability_shaman_repulsiontotem.jpg"},{"id":183040,"quality":4,"icon":"inv_7_0raid_necklace_03c.jpg","itemLevel":200,"bonusIDs":[7189,6652,7193,1472,6646]},{"id":178764,"quality":3,"icon":"inv_shoulder_mail_oribosdungeon_c_01.jpg","itemLevel":194,"bonusIDs":[7204,41,1501,5852,6646]},{"id":41255,"quality":2,"icon":"inv_shirt_green_01.jpg","itemLevel":1,"bonusIDs":[6835]},{"id":183000,"quality":4,"icon":"inv_chest_mail_revendrethraid_d_01.jpg","itemLevel":213,"permanentEnchant":6217,"bonusIDs":[7188,6652,1485,6646]},{"id":182976,"quality":4,"icon":"inv_belt_mail_revendrethraid_d_01.jpg","itemLevel":213,"bonusIDs":[7188,6652,7193,1485,6646]},{"id":184793,"quality":4,"icon":"inv_pant_mail_oribosdungeon_c_01.jpg","itemLevel":207,"bonusIDs":[6652,1472,6646]},{"id":178745,"quality":3,"icon":"inv_boot_mail_oribosdungeon_c_01.jpg","itemLevel":216,"permanentEnchant":6207,"bonusIDs":[7207,6652,1501,5874,6646]},{"id":178384,"quality":4,"icon":"inv_bracer_mail_revendrethraid_d_01.jpg","itemLevel":220,"bonusIDs":[7193,6620,1492,6646]},{"id":180105,"quality":3,"icon":"inv_glove_mail_oribosdungeon_c_01.jpg","itemLevel":216,"bonusIDs":[7207,6652,1501,5874,6646]},{"id":184142,"quality":4,"icon":"inv_ring_revendrethraid_02_copper.jpg","itemLevel":207,"permanentEnchant":6164,"bonusIDs":[6652,7193,1492,6646]},{"id":183038,"quality":4,"icon":"inv_ring_oribos_01_silver.jpg","itemLevel":200,"permanentEnchant":6164,"bonusIDs":[7189,6652,7194,1472,6646]},{"id":184029,"quality":4,"icon":"inv_misc_food_legion_gooamberpurple_pool.jpg","itemLevel":207,"bonusIDs":[7189,6652,1472,6646]},{"id":184024,"quality":4,"icon":"inv_scroll_16.jpg","itemLevel":213,"bonusIDs":[7188,6652,1485,6646]},{"id":184778,"quality":4,"icon":"inv_cloth_revendrethraid_d_01_cape.jpg","itemLevel":213,"permanentEnchant":6204,"bonusIDs":[7188,6652,1485,6646]},{"id":178789,"quality":3,"icon":"inv_knife_1h_oribosdungeon_c_02.jpg","itemLevel":200,"permanentEnchant":6229,"temporaryEnchant":6190,"bonusIDs":[7208,6652,1501,5858,6646]},{"id":183438,"quality":4,"icon":"inv_shield_1h_maldraxxus_d_01.jpg","itemLevel":220,"bonusIDs":[7134,1492,6646]},{"id":45581,"quality":2,"icon":"inv_misc_tournaments_tabard_orc.jpg","itemLevel":1}],"auras":[{"source":38,"ability":6673,"stacks":1,"icon":"ability_warrior_battleshout.jpg","name":"Battle Shout"},{"source":43,"ability":307185,"stacks":1,"icon":"inv_alchemy_90_flask_green.jpg","name":"Spectral Flask of Power"},{"source":37,"ability":1459,"stacks":1,"icon":"spell_holy_magicalsentry.jpg","name":"Arcane Intellect"},{"source":36,"ability":21562,"stacks":1,"icon":"spell_holy_wordfortitude.jpg","name":"Power Word: Fortitude"}],"expansion":"shadowlands","faction":0,"specID":264,"covenantID":4,"soulbindID":5,"strength":193,"agility":448,"stamina":1766,"intellect":1646,"dodge":0,"parry":0,"block":0,"armor":1428,"critMelee":407,"critRanged":407,"critSpell":407,"speed":0,"leech":68,"hasteMelee":243,"hasteRanged":243,"hasteSpell":243,"avoidance":0,"mastery":206,"versatilityDamageDone":768,"versatilityHealingDone":768,"versatilityDamageReduction":768,"talents":[{"id":73685,"icon":"spell_shaman_unleashweapon_life.jpg"},{"id":108283,"icon":"ability_shaman_echooftheelements.jpg"},{"id":260878,"icon":"spell_hunter_lonewolf.jpg"},{"id":198838,"icon":"spell_nature_stoneskintotem.jpg"},{"id":30884,"icon":"spell_nature_natureguardian.jpg"},{"id":157153,"icon":"ability_shaman_condensationtotem.jpg"},{"id":197995,"icon":"ability_shawaterelemental_split.jpg"}],"pvpTalents":[{"id":0,"icon":"inv_axe_02.jpg"},{"id":204268,"icon":"spell_shaman_hex.jpg"},{"id":204330,"icon":"spell_fire_totemofwrath.jpg"},{"id":290254,"icon":"spell_shaman_spiritwalkersgrace.jpg"}],"artifact":[{"traitID":1154,"rank":1,"spellID":342156,"icon":"trade_archaeology_vrykul_runestick.jpg"},{"traitID":1163,"rank":1,"spellID":323921,"icon":"inv_helm_crown_c_01_black.jpg"},{"traitID":1168,"rank":1,"spellID":0,"icon":"inv_axe_02.jpg"},{"traitID":1767,"rank":1,"spellID":0,"icon":"inv_axe_02.jpg"}],"heartOfAzeroth":[{"traitID":117,"rank":200,"spellID":338329,"icon":"spell_shaman_improvedearthshield.jpg"},{"traitID":97,"rank":200,"spellID":338054,"icon":"spell_nature_removedisease.jpg"}]},{"timestamp":11298114,"type":"combatantinfo","pin":"0","sourceID":36,"gear":[{"id":178759,"quality":3,"icon":"inv_helm_cloth_oribosdungeon_c_01.jpg","itemLevel":184,"bonusIDs":[6807,6652,7193,1498,6646]},{"id":183040,"quality":4,"icon":"inv_7_0raid_necklace_03c.jpg","itemLevel":200,"bonusIDs":[7189,6652,6935,1472,6646],"gems":[{"id":173128,"itemLevel":120,"icon":"inv_jewelcrafting_90_rarecut_yellow.jpg"}]},{"id":178859,"quality":3,"icon":"inv_shoulder_cloth_oribosdungeon_c_01.jpg","itemLevel":213,"bonusIDs":[7206,6652,1501,5871,6646]},{"id":52019,"quality":2,"icon":"inv_misc_ribbon_01.jpg","itemLevel":1},{"id":182986,"quality":4,"icon":"inv_cloth_revendrethraid_d_01_chest_.jpg","itemLevel":200,"permanentEnchant":6265,"bonusIDs":[7189,6652,1472,6646]},{"id":183028,"quality":4,"icon":"inv_cloth_revendrethraid_d_01_belt.jpg","itemLevel":187,"bonusIDs":[7186,6652,6935,1459,6646],"gems":[{"id":168638,"itemLevel":50,"icon":"inv_misc_metagem_b.jpg"}]},{"id":182981,"quality":4,"icon":"inv_cloth_revendrethraid_d_01_pants_.jpg","itemLevel":200,"bonusIDs":[7189,6652,1472,6646]},{"id":183023,"quality":4,"icon":"inv_cloth_revendrethraid_d_01_boot.jpg","itemLevel":213,"bonusIDs":[7188,6652,1485,6646]},{"id":173249,"quality":5,"icon":"inv_cloth_mawraid_d_01_bracer.jpg","itemLevel":225,"permanentEnchant":6220,"bonusIDs":[6983,7194,6649,6647,6718,1522],"effectID":336214,"effectIcon":"achievement_boss_yoggsaron_01.jpg"},{"id":183022,"quality":4,"icon":"inv_cloth_revendrethraid_d_01_glove.jpg","itemLevel":200,"bonusIDs":[7189,6652,1472,6646]},{"id":178871,"quality":3,"icon":"inv_ring_maldraxxus_01_red.jpg","itemLevel":184,"permanentEnchant":6166,"bonusIDs":[6807,6652,7194,1498,6646]},{"id":178869,"quality":3,"icon":"inv_jewelry_ring_45.jpg","itemLevel":184,"permanentEnchant":6166,"bonusIDs":[6807,6652,7193,1498,6646]},{"id":178809,"quality":3,"icon":"inv_jewelcrafting_livingruby_01.jpg","itemLevel":187,"bonusIDs":[6808,6652,1501,6646]},{"id":173069,"quality":3,"icon":"inv_inscription_darkmooncard_putrescence.jpg","itemLevel":200},{"id":183033,"quality":4,"icon":"inv_cape_mail_revendrethraid_d_01.jpg","itemLevel":200,"permanentEnchant":6204,"bonusIDs":[7189,6652,1472,6646]},{"id":182418,"quality":4,"icon":"inv_staff_2h_revendreth_d_01.jpg","itemLevel":200,"permanentEnchant":6229,"temporaryEnchant":6188,"bonusIDs":[7189,6652,1498,6646]},{"id":0,"quality":1,"icon":"inv_axe_02.jpg","itemLevel":0},{"id":46874,"quality":3,"icon":"inv_shirt_guildtabard_01.jpg","itemLevel":1}],"auras":[{"source":38,"ability":6673,"stacks":1,"icon":"ability_warrior_battleshout.jpg","name":"Battle Shout"},{"source":36,"ability":308488,"stacks":1,"icon":"spell_misc_food.jpg","name":"Well Fed"},{"source":36,"ability":21562,"stacks":1,"icon":"spell_holy_wordfortitude.jpg","name":"Power Word: Fortitude"},{"source":36,"ability":307185,"stacks":1,"icon":"inv_alchemy_90_flask_green.jpg","name":"Spectral Flask of Power"},{"source":37,"ability":1459,"stacks":1,"icon":"spell_holy_magicalsentry.jpg","name":"Arcane Intellect"}],"expansion":"shadowlands","faction":0,"specID":258,"covenantID":2,"soulbindID":8,"strength":263,"agility":371,"stamina":1661,"intellect":1566,"dodge":0,"parry":0,"block":0,"armor":320,"critMelee":400,"critRanged":400,"critSpell":400,"speed":0,"leech":30,"hasteMelee":388,"hasteRanged":388,"hasteSpell":388,"avoidance":0,"mastery":451,"versatilityDamageDone":300,"versatilityHealingDone":300,"versatilityDamageReduction":300,"talents":[{"id":193195,"icon":"ability_mage_studentofthemind.jpg"},{"id":64129,"icon":"spell_holy_symbolofhope.jpg"},{"id":109142,"icon":"spell_shadow_mindtwisting.jpg"},{"id":64044,"icon":"spell_shadow_psychichorrors.jpg"},{"id":155271,"icon":"ability_priest_auspiciousspirits.jpg"},{"id":263165,"icon":"spell_priest_voidsear.jpg"},{"id":345218,"icon":"ability_ironmaidens_convulsiveshadows.jpg"}],"pvpTalents":[{"id":0,"icon":"inv_axe_02.jpg"},{"id":213602,"icon":"spell_magic_lesserinvisibilty.jpg"},{"id":199259,"icon":"ability_warlock_improvedsoulleech.jpg"},{"id":228630,"icon":"ability_priest_shadowyapparition.jpg"}],"artifact":[{"traitID":1393,"rank":1,"spellID":331576,"icon":"spell_shadow_deathsembrace.jpg"},{"traitID":1395,"rank":1,"spellID":0,"icon":"inv_axe_02.jpg"},{"traitID":1397,"rank":1,"spellID":0,"icon":"inv_axe_02.jpg"},{"traitID":1398,"rank":1,"spellID":331579,"icon":"ability_rogue_dirtydeeds.jpg"},{"traitID":1406,"rank":1,"spellID":331586,"icon":"ability_rogue_bloodsplatter.jpg"}],"heartOfAzeroth":[{"traitID":113,"rank":171,"spellID":338332,"icon":"spell_arcane_mindmastery.jpg"},{"traitID":67,"rank":200,"spellID":337678,"icon":"ability_priest_savinggrace.jpg"}]},{"timestamp":11298114,"type":"combatantinfo","pin":"0","sourceID":54,"gear":[{"id":178760,"quality":3,"icon":"inv_helm_leather_oribosdungeon_c_01.jpg","itemLevel":184,"bonusIDs":[6807,6652,6935,1498,6646],"gems":[{"id":173130,"itemLevel":120,"icon":"inv_jewelcrafting_90_rarecut_purple.jpg"}]},{"id":183039,"quality":4,"icon":"inv_neck_ardenweald_01_silver.jpg","itemLevel":213,"bonusIDs":[7188,6652,7194,1485,6646]},{"id":175908,"quality":4,"icon":"inv_shoulder_leather_revendrethraid_d_01.jpg","itemLevel":207,"bonusIDs":[6627,1479,6646]},{"id":0,"quality":1,"icon":"inv_axe_02.jpg","itemLevel":0},{"id":181402,"quality":3,"icon":"inv_chest_leather_oribosdungeon_c_01.jpg","itemLevel":187,"permanentEnchant":6265,"bonusIDs":[6652,1472,5884,6646]},{"id":178699,"quality":3,"icon":"inv_belt_leather_oribosdungeon_c_01.jpg","itemLevel":197,"bonusIDs":[7205,6652,7193,1501,5855,6646]},{"id":183024,"quality":4,"icon":"inv_pant_leather_revendrethraid_d_01.jpg","itemLevel":200,"bonusIDs":[7189,6652,1472,6646]},{"id":172315,"quality":5,"icon":"inv_boot_leather_mawraid_d_01.jpg","itemLevel":210,"bonusIDs":[7107,6648,6650,6717,1507],"effectID":339942,"effectIcon":"ability_druid_balanceofpower.jpg"},{"id":178934,"quality":3,"icon":"inv_bracer_leather_oribosdungeon_c_01.jpg","itemLevel":220,"permanentEnchant":6219,"bonusIDs":[7209,6652,7193,1501,5878,6646]},{"id":183007,"quality":4,"icon":"inv_glove_leather_revendrethraid_d_01.jpg","itemLevel":200,"bonusIDs":[7189,6652,1472,6646]},{"id":178870,"quality":3,"icon":"inv_ring_maldraxxus_02_green.jpg","itemLevel":213,"permanentEnchant":6169,"bonusIDs":[7206,6652,7194,1501,5871,6646]},{"id":179355,"quality":3,"icon":"inv_ring_ardenweald_02_green.jpg","itemLevel":194,"permanentEnchant":6167,"bonusIDs":[7203,6652,7194,1501,5852,6646]},{"id":178809,"quality":3,"icon":"inv_jewelcrafting_livingruby_01.jpg","itemLevel":200,"bonusIDs":[7206,6652,1501,5858,6646]},{"id":173069,"quality":3,"icon":"inv_inscription_darkmooncard_putrescence.jpg","itemLevel":200},{"id":183034,"quality":4,"icon":"inv_cape_leather_revendrethraid_d_01.jpg","itemLevel":200,"permanentEnchant":6208,"bonusIDs":[7189,6652,1472,6646]},{"id":180000,"quality":4,"icon":"inv_staff_2h_ardenweald_d_02.jpg","itemLevel":213,"permanentEnchant":6229,"temporaryEnchant":6188,"bonusIDs":[7188,6652,1511,6646]},{"id":0,"quality":1,"icon":"inv_axe_02.jpg","itemLevel":0},{"id":0,"quality":1,"icon":"inv_axe_02.jpg","itemLevel":0}],"auras":[{"source":54,"ability":308506,"stacks":1,"icon":"spell_misc_food.jpg","name":"Well Fed"},{"source":37,"ability":1459,"stacks":1,"icon":"spell_holy_magicalsentry.jpg","name":"Arcane Intellect"},{"source":54,"ability":307185,"stacks":1,"icon":"inv_alchemy_90_flask_green.jpg","name":"Spectral Flask of Power"},{"source":38,"ability":6673,"stacks":1,"icon":"ability_warrior_battleshout.jpg","name":"Battle Shout"},{"source":54,"ability":24858,"stacks":1,"icon":"spell_nature_forceofnature.jpg","name":"Moonkin Form"},{"source":36,"ability":21562,"stacks":1,"icon":"spell_holy_wordfortitude.jpg","name":"Power Word: Fortitude"}],"expansion":"shadowlands","faction":0,"specID":102,"covenantID":3,"soulbindID":1,"strength":195,"agility":448,"stamina":1710,"intellect":1589,"dodge":0,"parry":0,"block":0,"armor":1161,"critMelee":147,"critRanged":147,"critSpell":147,"speed":0,"leech":0,"hasteMelee":378,"hasteRanged":378,"hasteSpell":378,"avoidance":0,"mastery":582,"versatilityDamageDone":507,"versatilityHealingDone":507,"versatilityDamageReduction":507,"talents":[{"id":202430,"icon":"ability_druid_balanceofpower.jpg"},{"id":102401,"icon":"spell_druid_wildcharge.jpg"},{"id":197492,"icon":"ability_druid_improvedtreeform.jpg"},{"id":319454,"icon":"spell_holy_blessingofagility.jpg"},{"id":202345,"icon":"spell_shaman_measuredinsight.jpg"},{"id":202354,"icon":"ability_druid_starfall.jpg"},{"id":343647,"icon":"artifactability_balancedruid_moonandstars.jpg"}],"pvpTalents":[{"id":0,"icon":"inv_axe_02.jpg"},{"id":209740,"icon":"ability_druid_improvedmoonkinform.jpg"},{"id":305497,"icon":"spell_nature_thorns.jpg"},{"id":233754,"icon":"ability_druid_protectorofthepack.jpg"}],"artifact":[{"traitID":850,"rank":1,"spellID":0,"icon":"inv_axe_02.jpg"},{"traitID":863,"rank":1,"spellID":342270,"icon":"ability_racial_runningwild.jpg"},{"traitID":864,"rank":1,"spellID":322721,"icon":"ability_druid_manatree.jpg"},{"traitID":866,"rank":1,"spellID":320687,"icon":"ability_druid_supriseattack.jpg"},{"traitID":1010,"rank":1,"spellID":0,"icon":"inv_axe_02.jpg"}],"heartOfAzeroth":[{"traitID":279,"rank":184,"spellID":341446,"icon":"ability_ardenweald_druid.jpg"},{"traitID":258,"rank":200,"spellID":341280,"icon":"spell_nature_reincarnation.jpg"}]},{"timestamp":11298114,"type":"combatantinfo","pin":"0","sourceID":38,"gear":[{"id":178694,"quality":3,"icon":"inv_helm_drustmask_d_01.jpg","itemLevel":200,"bonusIDs":[7206,6652,7193,1501,5858,6646]},{"id":178827,"quality":3,"icon":"inv_7_0raid_necklace_03a.jpg","itemLevel":203,"bonusIDs":[7209,6652,7194,1501,5861,6646]},{"id":178820,"quality":3,"icon":"inv_plate_oribosdungeon_c_01_shoulder.jpg","itemLevel":197,"bonusIDs":[7205,6652,1501,5855,6646]},{"id":89195,"quality":4,"icon":"inv_shirt03_epic.jpg","itemLevel":1},{"id":175890,"quality":4,"icon":"inv_plate_revendrethraid_d_01_chest.jpg","itemLevel":207,"permanentEnchant":6230,"bonusIDs":[6631,1479,6646]},{"id":183025,"quality":4,"icon":"inv_plate_revendrethraid_d_01_belt.jpg","itemLevel":200,"bonusIDs":[7189,43,7194,1472,6646]},{"id":171416,"quality":5,"icon":"inv_pant_plate_mawraid_d_01.jpg","itemLevel":225,"bonusIDs":[6964,6649,6648,6718,1522],"effectID":335567,"effectIcon":"ability_warrior_warbringer.jpg"},{"id":183027,"quality":4,"icon":"inv_plate_revendrethraid_d_01_boot.jpg","itemLevel":200,"bonusIDs":[7189,6652,1472,6646]},{"id":183018,"quality":4,"icon":"inv_plate_revendrethraid_d_01_bracer.jpg","itemLevel":213,"permanentEnchant":6222,"bonusIDs":[7188,6652,7194,1485,6646]},{"id":178775,"quality":3,"icon":"inv_plate_oribosdungeon_c_01_glove.jpg","itemLevel":197,"permanentEnchant":6209,"bonusIDs":[7205,42,1501,5855,6646]},{"id":178824,"quality":3,"icon":"inv_ring_revendrethraid_01_gold.jpg","itemLevel":197,"permanentEnchant":6166,"bonusIDs":[7205,6652,7193,1501,5855,6646]},{"id":179355,"quality":3,"icon":"inv_ring_ardenweald_02_green.jpg","itemLevel":197,"permanentEnchant":6166,"bonusIDs":[7205,6652,7193,1501,5855,6646]},{"id":184024,"quality":4,"icon":"inv_scroll_16.jpg","itemLevel":213,"bonusIDs":[7188,6652,1485,6646]},{"id":184030,"quality":4,"icon":"inv_misc_trinket6oih_orb1.jpg","itemLevel":207,"bonusIDs":[7189,40,1472,6646]},{"id":183034,"quality":4,"icon":"inv_cape_leather_revendrethraid_d_01.jpg","itemLevel":200,"permanentEnchant":6204,"bonusIDs":[7189,6652,1472,6646]},{"id":178780,"quality":3,"icon":"inv_1h_oribosdungeon_c_01.jpg","itemLevel":216,"permanentEnchant":6229,"temporaryEnchant":6188,"bonusIDs":[7207,6652,1501,5874,6646]},{"id":182389,"quality":4,"icon":"inv_sword_2h_revendreth_d_01.jpg","itemLevel":207,"permanentEnchant":6228,"temporaryEnchant":6188,"bonusIDs":[7189,6652,1505,6646]},{"id":40643,"quality":4,"icon":"inv_chest_cloth_30.jpg","itemLevel":1}],"auras":[{"source":37,"ability":1459,"stacks":1,"icon":"spell_holy_magicalsentry.jpg","name":"Arcane Intellect"},{"source":38,"ability":307185,"stacks":1,"icon":"inv_alchemy_90_flask_green.jpg","name":"Spectral Flask of Power"},{"source":36,"ability":21562,"stacks":1,"icon":"spell_holy_wordfortitude.jpg","name":"Power Word: Fortitude"},{"source":38,"ability":6673,"stacks":1,"icon":"ability_warrior_battleshout.jpg","name":"Battle Shout"},{"source":38,"ability":308488,"stacks":1,"icon":"spell_misc_food.jpg","name":"Well Fed"}],"expansion":"shadowlands","faction":0,"specID":72,"covenantID":2,"soulbindID":8,"strength":1378,"agility":312,"stamina":1789,"intellect":318,"dodge":0,"parry":0,"block":0,"armor":1140,"critMelee":24,"critRanged":24,"critSpell":24,"speed":38,"leech":30,"hasteMelee":878,"hasteRanged":878,"hasteSpell":878,"avoidance":40,"mastery":537,"versatilityDamageDone":288,"versatilityHealingDone":288,"versatilityDamageReduction":288,"talents":[{"id":280721,"icon":"ability_warrior_improveddisciplines.jpg"},{"id":103827,"icon":"inv_misc_horn_04.jpg"},{"id":206315,"icon":"inv_sword_48.jpg"},{"id":208154,"icon":"ability_rogue_preparation.jpg"},{"id":335070,"icon":"spell_nature_focusedmind.jpg"},{"id":46924,"icon":"ability_warrior_bladestorm.jpg"},{"id":152278,"icon":"warrior_talent_icon_angermanagement.jpg"}],"pvpTalents":[{"id":0,"icon":"inv_axe_02.jpg"},{"id":329038,"icon":"ability_racial_bloodrage.jpg"},{"id":280747,"icon":"warrior_talent_icon_mastercleaver.jpg"},{"id":198877,"icon":"ability_warrior_rampage.jpg"}],"artifact":[{"traitID":1393,"rank":1,"spellID":331576,"icon":"spell_shadow_deathsembrace.jpg"},{"traitID":1395,"rank":1,"spellID":0,"icon":"inv_axe_02.jpg"},{"traitID":1397,"rank":1,"spellID":0,"icon":"inv_axe_02.jpg"},{"traitID":1398,"rank":1,"spellID":331579,"icon":"ability_rogue_dirtydeeds.jpg"},{"traitID":1406,"rank":1,"spellID":331586,"icon":"ability_rogue_bloodsplatter.jpg"}],"heartOfAzeroth":[{"traitID":50,"rank":200,"spellID":337162,"icon":"spell_shadow_summonimp.jpg"},{"traitID":8,"rank":200,"spellID":335034,"icon":"ability_toughness.jpg"}]},{"timestamp":11298114,"type":"combatantinfo","pin":"0","sourceID":51,"gear":[{"id":172317,"quality":5,"icon":"inv_helm_leather_mawraid_d_01.jpg","itemLevel":225,"bonusIDs":[7099,7193,6649,6648,6718,1522],"effectID":338832,"effectIcon":"achievement_dungeon_everbloom.jpg"},{"id":183040,"quality":4,"icon":"inv_7_0raid_necklace_03c.jpg","itemLevel":213,"bonusIDs":[7188,6652,7193,1485,6646]},{"id":178779,"quality":3,"icon":"inv_shoulder_leather_oribosdungeon_c_01.jpg","itemLevel":203,"bonusIDs":[7209,42,1501,5861,6646]},{"id":0,"quality":1,"icon":"inv_axe_02.jpg","itemLevel":0},{"id":183009,"quality":4,"icon":"inv_chest_leather_revendrethraid_d_01.jpg","itemLevel":213,"permanentEnchant":6217,"bonusIDs":[7188,6652,1485,6646]},{"id":183005,"quality":4,"icon":"inv_belt_leather_revendrethraid_d_01.jpg","itemLevel":213,"bonusIDs":[7188,6652,7194,1485,6646]},{"id":180108,"quality":3,"icon":"inv_pant_leather_oribosdungeon_c_01.jpg","itemLevel":220,"bonusIDs":[7209,6652,1501,5878,6646]},{"id":178731,"quality":3,"icon":"inv_boot_leather_oribosdungeon_c_01.jpg","itemLevel":197,"bonusIDs":[7205,6652,1501,5855,6646]},{"id":175920,"quality":4,"icon":"inv_bracer_leather_revendrethraid_d_01.jpg","itemLevel":207,"permanentEnchant":6220,"bonusIDs":[7193,6618,1479,6646]},{"id":183026,"quality":4,"icon":"inv_glove_leather_revendrethraid_d_01.jpg","itemLevel":200,"permanentEnchant":6205,"bonusIDs":[7189,6652,1472,6646]},{"id":178933,"quality":3,"icon":"inv_ring_maldraxxus_02_brown.jpg","itemLevel":197,"permanentEnchant":6166,"bonusIDs":[7205,6652,7193,1501,5855,6646]},{"id":178871,"quality":3,"icon":"inv_ring_maldraxxus_01_red.jpg","itemLevel":200,"permanentEnchant":6166,"bonusIDs":[7208,6652,7194,1501,5858,6646]},{"id":178708,"quality":1,"icon":"inv_axe_02.jpg","itemLevel":203,"bonusIDs":[7209,6652,6917,1501,5861,6646]},{"id":179350,"quality":3,"icon":"inv_trinket_80_titan02a.jpg","itemLevel":200,"bonusIDs":[7208,6652,1501,5858,6646]},{"id":183032,"quality":4,"icon":"inv_plate_revendrethraid_d_01_cape.jpg","itemLevel":207,"permanentEnchant":6204,"bonusIDs":[7189,6652,1472,6646]},{"id":179339,"quality":3,"icon":"inv_staff_2h_oribosdungeon_c_01.jpg","itemLevel":216,"permanentEnchant":6229,"temporaryEnchant":6190,"bonusIDs":[7207,6652,1501,5874,6646]},{"id":0,"quality":1,"icon":"inv_axe_02.jpg","itemLevel":0},{"id":0,"quality":1,"icon":"inv_axe_02.jpg","itemLevel":0}],"auras":[{"source":51,"ability":308488,"stacks":1,"icon":"spell_misc_food.jpg","name":"Well Fed"},{"source":51,"ability":307185,"stacks":1,"icon":"inv_alchemy_90_flask_green.jpg","name":"Spectral Flask of Power"},{"source":38,"ability":6673,"stacks":1,"icon":"ability_warrior_battleshout.jpg","name":"Battle Shout"},{"source":37,"ability":1459,"stacks":1,"icon":"spell_holy_magicalsentry.jpg","name":"Arcane Intellect"},{"source":36,"ability":21562,"stacks":1,"icon":"spell_holy_wordfortitude.jpg","name":"Power Word: Fortitude"}],"expansion":"shadowlands","faction":0,"specID":105,"covenantID":3,"soulbindID":2,"strength":194,"agility":452,"stamina":1744,"intellect":1662,"dodge":0,"parry":0,"block":0,"armor":549,"critMelee":231,"critRanged":231,"critSpell":231,"speed":40,"leech":30,"hasteMelee":584,"hasteRanged":584,"hasteSpell":584,"avoidance":0,"mastery":416,"versatilityDamageDone":421,"versatilityHealingDone":421,"versatilityDamageReduction":421,"talents":[{"id":207383,"icon":"ability_druid_empoweredrejuvination.jpg"},{"id":252216,"icon":"ability_druid_dash_orange.jpg"},{"id":197491,"icon":"talentspec_druid_feral_bear.jpg"},{"id":319454,"icon":"spell_holy_blessingofagility.jpg"},{"id":33891,"icon":"ability_druid_improvedtreeform.jpg"},{"id":207385,"icon":"inv_misc_trailofflowers.jpg"},{"id":197721,"icon":"spell_druid_wildburst.jpg"}],"pvpTalents":[{"id":0,"icon":"inv_axe_02.jpg"},{"id":203553,"icon":"ability_druid_focusedgrowth.jpg"},{"id":289318,"icon":"spell_nature_regeneration.jpg"},{"id":305497,"icon":"spell_nature_thorns.jpg"}],"artifact":[{"traitID":828,"rank":1,"spellID":319213,"icon":"ability_druid_dreamstate.jpg"},{"traitID":831,"rank":1,"spellID":0,"icon":"inv_axe_02.jpg"},{"traitID":836,"rank":1,"spellID":0,"icon":"inv_axe_02.jpg"},{"traitID":837,"rank":1,"spellID":319217,"icon":"inv_farm_herbseed.jpg"},{"traitID":870,"rank":1,"spellID":0,"icon":"inv_axe_02.jpg"}],"heartOfAzeroth":[{"traitID":258,"rank":184,"spellID":341280,"icon":"spell_nature_reincarnation.jpg"},{"traitID":273,"rank":200,"spellID":340549,"icon":"ability_druid_flourish.jpg"},{"traitID":271,"rank":200,"spellID":340553,"icon":"ability_druid_tigersroar.jpg"}]},{"timestamp":11298114,"type":"combatantinfo","pin":"0","sourceID":44,"gear":[{"id":178738,"quality":3,"icon":"inv_helm_mail_oribosdungeon_c_01.jpg","itemLevel":184,"bonusIDs":[6807,6652,7193,1498,6646]},{"id":180115,"quality":3,"icon":"inv_7_0raid_necklace_03a.jpg","itemLevel":200,"bonusIDs":[7207,40,7194,1501,5858,6646]},{"id":172327,"quality":5,"icon":"inv_mail_mawraid_d_01_shoulder.jpg","itemLevel":225,"bonusIDs":[6991,6649,6647,6718,1522],"effectID":336215,"effectIcon":"spell_shaman_earthquake.jpg"},{"id":0,"quality":1,"icon":"inv_axe_02.jpg","itemLevel":0},{"id":183000,"quality":4,"icon":"inv_chest_mail_revendrethraid_d_01.jpg","itemLevel":213,"permanentEnchant":6265,"bonusIDs":[7188,6652,1485,6646]},{"id":181424,"quality":3,"icon":"inv_belt_mail_oribosdungeon_c_01.jpg","itemLevel":174,"bonusIDs":[6652,7194,1472,5871,6616]},{"id":184752,"quality":3,"icon":"inv_mail_oribosquesting_b_01_pants.jpg","itemLevel":200,"bonusIDs":[7240]},{"id":178830,"quality":3,"icon":"inv_boot_mail_oribosdungeon_c_01.jpg","itemLevel":184,"bonusIDs":[6807,6652,1498,6646]},{"id":180114,"quality":3,"icon":"inv_bracer_mail_oribosdungeon_c_01.jpg","itemLevel":200,"permanentEnchant":6219,"bonusIDs":[7207,43,7193,1501,5858,6646]},{"id":180105,"quality":3,"icon":"inv_glove_mail_oribosdungeon_c_01.jpg","itemLevel":194,"permanentEnchant":6205,"bonusIDs":[7204,6652,1501,5852,6646]},{"id":178736,"quality":3,"icon":"inv_argus_ring02.jpg","itemLevel":194,"permanentEnchant":6165,"bonusIDs":[7203,6652,7194,1501,5852,6646]},{"id":178933,"quality":3,"icon":"inv_ring_maldraxxus_02_brown.jpg","itemLevel":210,"permanentEnchant":6170,"bonusIDs":[7204,6652,7194,1501,5868,6646]},{"id":179350,"quality":3,"icon":"inv_trinket_80_titan02a.jpg","itemLevel":184,"bonusIDs":[6807,6652,1498,6646]},{"id":178809,"quality":3,"icon":"inv_jewelcrafting_livingruby_01.jpg","itemLevel":184,"bonusIDs":[6807,6652,1498,6646]},{"id":183034,"quality":4,"icon":"inv_cape_leather_revendrethraid_d_01.jpg","itemLevel":213,"permanentEnchant":6208,"bonusIDs":[7188,6652,1485,6646]},{"id":178753,"quality":3,"icon":"inv_knife_1h_oribosdungeon_c_02.jpg","itemLevel":197,"permanentEnchant":6228,"temporaryEnchant":6188,"bonusIDs":[7205,6652,1501,5855,6646]},{"id":179611,"quality":4,"icon":"inv_shield_1h_ardenweald_d_01.jpg","itemLevel":207,"bonusIDs":[7189,6652,1505,6646]},{"id":178336,"quality":4,"icon":"inv_tabard_ardenweald_d_01.jpg","itemLevel":40}],"auras":[{"source":44,"ability":308488,"stacks":1,"icon":"spell_misc_food.jpg","name":"Well Fed"},{"source":36,"ability":21562,"stacks":1,"icon":"spell_holy_wordfortitude.jpg","name":"Power Word: Fortitude"},{"source":38,"ability":6673,"stacks":1,"icon":"ability_warrior_battleshout.jpg","name":"Battle Shout"},{"source":44,"ability":307185,"stacks":1,"icon":"inv_alchemy_90_flask_green.jpg","name":"Spectral Flask of Power"},{"source":37,"ability":1459,"stacks":1,"icon":"spell_holy_magicalsentry.jpg","name":"Arcane Intellect"}],"expansion":"shadowlands","faction":0,"specID":262,"covenantID":3,"soulbindID":2,"strength":194,"agility":452,"stamina":1600,"intellect":1529,"dodge":0,"parry":0,"block":0,"armor":1333,"critMelee":428,"critRanged":428,"critSpell":428,"speed":0,"leech":0,"hasteMelee":493,"hasteRanged":493,"hasteSpell":493,"avoidance":29,"mastery":151,"versatilityDamageDone":494,"versatilityHealingDone":494,"versatilityDamageReduction":494,"talents":[{"id":333919,"icon":"ability_shaman_echooftheelements.jpg"},{"id":117014,"icon":"shaman_talent_elementalblast.jpg"},{"id":260878,"icon":"spell_hunter_lonewolf.jpg"},{"id":16166,"icon":"spell_nature_elementalabsorption.jpg"},{"id":30884,"icon":"spell_nature_natureguardian.jpg"},{"id":210714,"icon":"spell_frost_iceshard.jpg"},{"id":191634,"icon":"ability_thunderking_lightningwhip.jpg"}],"pvpTalents":[{"id":0,"icon":"inv_axe_02.jpg"},{"id":204393,"icon":"spell_shaman_lavaflow.jpg"},{"id":204264,"icon":"spell_shaman_tidalwaves.jpg"},{"id":204261,"icon":"ability_shaman_freedomwolf.jpg"}],"artifact":[{"traitID":826,"rank":1,"spellID":319210,"icon":"spell_shaman_blessingofeternals.jpg"},{"traitID":829,"rank":1,"spellID":0,"icon":"inv_axe_02.jpg"},{"traitID":836,"rank":1,"spellID":0,"icon":"inv_axe_02.jpg"},{"traitID":837,"rank":1,"spellID":319217,"icon":"inv_farm_herbseed.jpg"},{"traitID":870,"rank":1,"spellID":0,"icon":"inv_axe_02.jpg"}],"heartOfAzeroth":[{"traitID":93,"rank":200,"spellID":337974,"icon":"ability_shaman_fortifyingwaters.jpg"},{"traitID":104,"rank":200,"spellID":338303,"icon":"item_sparkofragnoros.jpg"},{"traitID":94,"rank":184,"spellID":337981,"icon":"ability_accretion.jpg"}]}]