{"fights":[{"id":1,"boss":0,"start_time":8967,"end_time":59085,"name":"Occult Shadowmender"},{"id":2,"boss":0,"start_time":100368,"end_time":146631,"name":"Anubisath Sentinel"},{"id":3,"boss":2334,"start_time":179714,"end_time":301431,"name":"Prophet Skitra","size":27,"difficulty":4,"kill":true,"partial":3,"bossPercentage":0,"fightPercentage":0,"lastPhaseForPercentageDisplay":0,"maps":[1581]},{"id":4,"boss":0,"start_time":350568,"end_time":389413,"name":"Anubisath Sentinel"},{"id":5,"boss":0,"start_time":408987,"end_time":484135,"name":"Hepthys"},{"id":6,"boss":0,"start_time":508847,"end_time":600114,"name":"Aqir Shadowcrafter"},{"id":7,"boss":2327,"start_time":628392,"end_time":722168,"name":"Maut","size":27,"difficulty":4,"kill":true,"partial":3,"bossPercentage":0,"fightPercentage":0,"lastPhaseForPercentageDisplay":1,"maps":[1581]},{"id":8,"boss":0,"start_time":791218,"end_time":864686,"name":"Gryth'ax the Executioner"},{"id":9,"boss":0,"start_time":898215,"end_time":1077209,"name":"Jesh'ra"},{"id":10,"boss":0,"start_time":1087218,"end_time":1140113,"name":"Monstrous Behemoth"},{"id":11,"boss":0,"start_time":1151122,"end_time":1370477,"name":"Sanguimar"},{"id":12,"boss":2335,"start_time":1430382,"end_time":1552691,"name":"Shad'har the Insatiable","zoneID":2217,"zoneName":"Ny'alotha, the Waking City","zoneDifficulty":4,"size":26,"difficulty":4,"kill":true,"partial":3,"bossPercentage":0,"fightPercentage":0,"lastPhaseForPercentageDisplay":3,"maps":[1594]},{"id":13,"boss":0,"start_time":1578753,"end_time":1691644,"name":"Drest'agath","zoneID":2217,"zoneName":"Ny'alotha, the Waking City","zoneDifficulty":4},{"id":14,"boss":2343,"start_time":1785039,"end_time":1946022,"name":"Drest'agath","zoneID":2217,"zoneName":"Ny'alotha, the Waking City","zoneDifficulty":4,"size":26,"difficulty":4,"kill":true,"partial":3,"bossPercentage":0,"fightPercentage":0,"lastPhaseForPercentageDisplay":0,"maps":[1595]},{"id":15,"boss":0,"start_time":1965867,"end_time":2063554,"name":"Corrosive Digester","zoneID":2217,"zoneName":"Ny'alotha, the Waking City","zoneDifficulty":4},{"id":16,"boss":2345,"start_time":2125692,"end_time":2319442,"name":"Il'gynoth, Corruption Reborn","zoneID":2217,"zoneName":"Ny'alotha, the Waking City","zoneDifficulty":4,"size":25,"difficulty":4,"kill":true,"partial":3,"bossPercentage":24,"fightPercentage":24,"lastPhaseForPercentageDisplay":0,"maps":[1596]},{"id":17,"boss":0,"start_time":2365772,"end_time":2420940,"name":"Aqir Swarmkeeper","zoneID":2217,"zoneName":"Ny'alotha, the Waking City","zoneDifficulty":4},{"id":18,"boss":0,"start_time":2431287,"end_time":2492089,"name":"Monstrous Behemoth","zoneID":2217,"zoneName":"Ny'alotha, the Waking City","zoneDifficulty":4},{"id":19,"boss":0,"originalBoss":2328,"start_time":2496615,"end_time":2501601,"name":"Dark Inquisitor Xanesh","zoneID":2217,"zoneName":"Ny'alotha, the Waking City","zoneDifficulty":4},{"id":20,"boss":2328,"start_time":2547722,"end_time":2700466,"name":"Dark Inquisitor Xanesh","zoneID":2217,"zoneName":"Ny'alotha, the Waking City","zoneDifficulty":4,"size":25,"difficulty":4,"kill":true,"partial":3,"bossPercentage":0,"fightPercentage":0,"lastPhaseForPercentageDisplay":0,"maps":[1592]},{"id":21,"boss":0,"start_time":2704301,"end_time":2704320,"name":"Queen Azshara","zoneID":2217,"zoneName":"Ny'alotha, the Waking City","zoneDifficulty":4},{"id":22,"boss":0,"start_time":2751940,"end_time":2856604,"name":"Vexiona","zoneID":2217,"zoneName":"Ny'alotha, the Waking City","zoneDifficulty":4},{"id":23,"boss":0,"start_time":2887901,"end_time":2891601,"name":"Unknown","zoneID":2217,"zoneName":"Ny'alotha, the Waking City","zoneDifficulty":4},{"id":24,"boss":2336,"start_time":2952957,"end_time":3072657,"name":"Vexiona","zoneID":2217,"zoneName":"Ny'alotha, the Waking City","zoneDifficulty":4,"size":27,"difficulty":4,"kill":true,"partial":3,"bossPercentage":0,"fightPercentage":0,"lastPhaseForPercentageDisplay":1,"maps":[1593]},{"id":25,"boss":0,"start_time":3128475,"end_time":3276463,"name":"Deresh of the Nothingness","zoneID":2217,"zoneName":"Ny'alotha, the Waking City","zoneDifficulty":4},{"id":26,"boss":0,"originalBoss":2333,"start_time":3287125,"end_time":3291975,"name":"The Hivemind","zoneID":2217,"zoneName":"Ny'alotha, the Waking City","zoneDifficulty":4},{"id":27,"boss":2333,"start_time":3345075,"end_time":3448672,"name":"The Hivemind","zoneID":2217,"zoneName":"Ny'alotha, the Waking City","zoneDifficulty":4,"size":27,"difficulty":4,"kill":true,"partial":3,"bossPercentage":0,"fightPercentage":0,"lastPhaseForPercentageDisplay":0,"maps":[1590]},{"id":28,"boss":0,"start_time":3475382,"end_time":3475401,"name":"Engorged Maggot","zoneID":2217,"zoneName":"Ny'alotha, the Waking City","zoneDifficulty":4},{"id":29,"boss":0,"start_time":3487035,"end_time":3583753,"name":"Abyssal Watcher","zoneID":2217,"zoneName":"Ny'alotha, the Waking City","zoneDifficulty":4},{"id":30,"boss":0,"start_time":3631290,"end_time":3675892,"name":"Abyssal Watcher","zoneID":2217,"zoneName":"Ny'alotha, the Waking City","zoneDifficulty":4},{"id":31,"boss":0,"start_time":3710673,"end_time":3771314,"name":"Abyssal Watcher","zoneID":2217,"zoneName":"Ny'alotha, the Waking City","zoneDifficulty":4},{"id":32,"boss":0,"originalBoss":2331,"start_time":3777441,"end_time":3786280,"name":"Ra-den the Despoiled","zoneID":2217,"zoneName":"Ny'alotha, the Waking City","zoneDifficulty":4},{"id":33,"boss":2331,"start_time":3830042,"end_time":3954832,"name":"Ra-den the Despoiled","zoneID":2217,"zoneName":"Ny'alotha, the Waking City","zoneDifficulty":4,"size":27,"difficulty":4,"kill":true,"partial":3,"bossPercentage":0,"fightPercentage":0,"lastPhaseForPercentageDisplay":2,"maps":[1591]},{"id":34,"boss":0,"start_time":4002262,"end_time":4108572,"name":"Monstrous Behemoth","zoneID":2217,"zoneName":"Ny'alotha, the Waking City","zoneDifficulty":4},{"id":35,"boss":0,"start_time":4150853,"end_time":4199636,"name":"Amalgamation of Flesh","zoneID":2217,"zoneName":"Ny'alotha, the Waking City","zoneDifficulty":4},{"id":36,"boss":0,"start_time":4226554,"end_time":4242487,"name":"Amalgamation of Flesh","zoneID":2217,"zoneName":"Ny'alotha, the Waking City","zoneDifficulty":4}],"lang":"en","friendlies":[{"name":"Horsegodx","id":21,"guid":100438124,"type":"Hunter","server":"Sargeras","icon":"Hunter-Survival","fights":[{"id":1},{"id":2},{"id":3},{"id":4},{"id":5},{"id":6},{"id":7},{"id":8},{"id":9},{"id":11},{"id":12},{"id":13},{"id":14},{"id":15},{"id":16},{"id":17},{"id":18},{"id":19},{"id":20},{"id":21},{"id":22},{"id":23},{"id":24},{"id":25},{"id":26},{"id":27},{"id":29},{"id":30},{"id":32},{"id":33},{"id":34},{"id":35}]},{"name":"Jorm","id":5,"guid":168711639,"type":"Monk","server":"Sargeras","icon":"Monk-Brewmaster","fights":[{"id":1},{"id":2},{"id":3},{"id":4},{"id":5},{"id":6},{"id":7},{"id":8},{"id":9},{"id":10},{"id":11},{"id":12},{"id":13},{"id":14},{"id":15},{"id":16},{"id":17},{"id":18},{"id":19},{"id":20},{"id":21},{"id":22},{"id":23},{"id":24},{"id":25},{"id":26},{"id":27},{"id":28},{"id":29},{"id":30},{"id":31},{"id":32},{"id":33},{"id":34},{"id":35}]},{"name":"Vyny","id":3,"guid":154387070,"type":"Mage","server":"Sargeras","icon":"Mage-Frost","fights":[{"id":1},{"id":2},{"id":3},{"id":4},{"id":5},{"id":6},{"id":7},{"id":8},{"id":9},{"id":10},{"id":11},{"id":12},{"id":13},{"id":14},{"id":15},{"id":16},{"id":17},{"id":18},{"id":19},{"id":20},{"id":21},{"id":22},{"id":23},{"id":24},{"id":25},{"id":26},{"id":27},{"id":29},{"id":30},{"id":31},{"id":32},{"id":33},{"id":34},{"id":35},{"id":36}]},{"name":"Recondo","id":22,"guid":172423453,"type":"Warlock","server":"Sargeras","icon":"Warlock-Affliction","fights":[{"id":1},{"id":2},{"id":3},{"id":4},{"id":5},{"id":6},{"id":7},{"id":8},{"id":9},{"id":11},{"id":12},{"id":13},{"id":14},{"id":15},{"id":16},{"id":17},{"id":18},{"id":19},{"id":20},{"id":21},{"id":22},{"id":24},{"id":25},{"id":26},{"id":27},{"id":29},{"id":30},{"id":31},{"id":32},{"id":33},{"id":34},{"id":35}]},{"name":"Astraeus","id":20,"guid":95999424,"type":"Druid","server":"Sargeras","icon":"Druid","fights":[{"id":1},{"id":2},{"id":3},{"id":4},{"id":5},{"id":6},{"id":7},{"id":8},{"id":9},{"id":10},{"id":11},{"id":12},{"id":13},{"id":14},{"id":15},{"id":16},{"id":17},{"id":18},{"id":19},{"id":20},{"id":21},{"id":22},{"id":24},{"id":25},{"id":26},{"id":27},{"id":28},{"id":29},{"id":30},{"id":31},{"id":32},{"id":33},{"id":34},{"id":35},{"id":36}]},{"name":"Youngleaves","id":23,"guid":143633446,"type":"Priest","server":"Sargeras","icon":"Priest","fights":[{"id":1},{"id":2},{"id":3},{"id":4},{"id":5},{"id":6},{"id":7},{"id":8},{"id":9},{"id":10},{"id":11},{"id":12},{"id":13},{"id":14},{"id":15},{"id":16},{"id":17},{"id":18},{"id":19},{"id":20},{"id":21},{"id":22},{"id":24},{"id":25},{"id":26},{"id":27},{"id":29},{"id":30},{"id":31},{"id":32},{"id":33},{"id":34},{"id":35}]},{"name":"Sopringlez","id":6,"guid":96014587,"type":"Warlock","server":"Sargeras","icon":"Warlock-Affliction","fights":[{"id":1},{"id":2},{"id":3},{"id":4},{"id":5},{"id":6},{"id":7},{"id":8},{"id":9},{"id":10},{"id":11},{"id":12},{"id":13},{"id":14},{"id":15},{"id":16},{"id":17},{"id":18},{"id":19},{"id":20},{"id":21},{"id":22},{"id":24},{"id":25},{"id":26},{"id":27},{"id":28},{"id":29},{"id":30},{"id":31},{"id":32},{"id":33},{"id":34},{"id":35}]},{"name":"Enst","id":16,"guid":116827530,"type":"Paladin","server":"Sargeras","icon":"Paladin-Protection","fights":[{"id":1},{"id":2},{"id":3},{"id":4},{"id":5},{"id":6},{"id":7},{"id":8},{"id":9},{"id":10},{"id":11},{"id":12},{"id":13},{"id":14},{"id":15},{"id":16},{"id":17},{"id":18},{"id":19},{"id":20},{"id":21},{"id":22},{"id":23},{"id":24},{"id":25},{"id":26},{"id":27},{"id":28},{"id":29},{"id":30},{"id":31},{"id":32},{"id":33},{"id":34},{"id":35},{"id":36}]},{"name":"Fsizz","id":9,"guid":118293577,"type":"Mage","server":"Sargeras","icon":"Mage-Fire","fights":[{"id":1},{"id":2},{"id":3},{"id":4},{"id":5},{"id":6},{"id":7},{"id":8},{"id":9},{"id":10},{"id":11},{"id":12},{"id":13},{"id":14},{"id":15},{"id":24},{"id":25},{"id":26},{"id":27},{"id":28},{"id":29},{"id":30},{"id":31},{"id":32},{"id":33},{"id":34},{"id":35}]},{"name":"Nezha","id":2,"guid":100603337,"type":"Paladin","server":"Sargeras","icon":"Paladin-Holy","fights":[{"id":1},{"id":2},{"id":3},{"id":4},{"id":5},{"id":6},{"id":7},{"id":8},{"id":9},{"id":10},{"id":11},{"id":12},{"id":13},{"id":14},{"id":15},{"id":16},{"id":17},{"id":18},{"id":19},{"id":20},{"id":21},{"id":22},{"id":24},{"id":25},{"id":26},{"id":27},{"id":28},{"id":29},{"id":30},{"id":31},{"id":32},{"id":33},{"id":34},{"id":35},{"id":36}]},{"name":"Cloveresque","id":11,"guid":172903305,"type":"Priest","server":"Sargeras","icon":"Priest-Shadow","fights":[{"id":1},{"id":2},{"id":3},{"id":4},{"id":5},{"id":6},{"id":7},{"id":8},{"id":9},{"id":10},{"id":11},{"id":12},{"id":13},{"id":14},{"id":15},{"id":16},{"id":17},{"id":18},{"id":19},{"id":20},{"id":21},{"id":22},{"id":23},{"id":24},{"id":25},{"id":26},{"id":27},{"id":29},{"id":30},{"id":31},{"id":32},{"id":33},{"id":34},{"id":35},{"id":36}]},{"name":"Toniç","id":15,"guid":186029474,"type":"Paladin","server":"Sargeras","icon":"Paladin-Holy","fights":[{"id":1},{"id":2},{"id":3},{"id":4},{"id":5},{"id":6},{"id":7},{"id":8},{"id":9},{"id":10},{"id":11}]},{"name":"Agilities","id":17,"guid":173544133,"type":"Monk","server":"Sargeras","icon":"Monk-Windwalker","fights":[{"id":1},{"id":2},{"id":3},{"id":4},{"id":5},{"id":6},{"id":7},{"id":8},{"id":9},{"id":10},{"id":11},{"id":12},{"id":13},{"id":14},{"id":15},{"id":16},{"id":17},{"id":18},{"id":19},{"id":20},{"id":21},{"id":22},{"id":24},{"id":25},{"id":26},{"id":27},{"id":29},{"id":30},{"id":31},{"id":32},{"id":33},{"id":34},{"id":35},{"id":36}]},{"name":"Umira","id":1,"guid":96099285,"type":"Shaman","server":"Sargeras","icon":"Shaman-Elemental","fights":[{"id":1},{"id":2},{"id":3},{"id":4},{"id":5},{"id":6},{"id":7},{"id":8},{"id":9},{"id":10},{"id":11},{"id":12},{"id":13},{"id":14},{"id":15},{"id":16},{"id":17},{"id":18},{"id":19},{"id":20},{"id":21},{"id":22},{"id":23},{"id":24},{"id":25},{"id":26},{"id":27},{"id":29},{"id":30},{"id":31},{"id":32},{"id":33},{"id":34},{"id":35}]},{"name":"Weedgokux","id":12,"guid":168782504,"type":"Priest","server":"Sargeras","icon":"Priest-Holy","fights":[{"id":1},{"id":2},{"id":3},{"id":4},{"id":5},{"id":6},{"id":7},{"id":8},{"id":9},{"id":10},{"id":11},{"id":12},{"id":13},{"id":14},{"id":15},{"id":16},{"id":17},{"id":18},{"id":19},{"id":20},{"id":21},{"id":22},{"id":23},{"id":24},{"id":25},{"id":26},{"id":27},{"id":28},{"id":29},{"id":30},{"id":31},{"id":32},{"id":33},{"id":34},{"id":35},{"id":36}]},{"name":"Demyx","id":13,"guid":96014918,"type":"Priest","server":"Sargeras","icon":"Priest-Discipline","fights":[{"id":1},{"id":2},{"id":3},{"id":4},{"id":5},{"id":6},{"id":7},{"id":8},{"id":9},{"id":10},{"id":11},{"id":12},{"id":13},{"id":14},{"id":15},{"id":16},{"id":17},{"id":18},{"id":19},{"id":20},{"id":21},{"id":22},{"id":23},{"id":24},{"id":25},{"id":26},{"id":27},{"id":29},{"id":30},{"id":31},{"id":32},{"id":33},{"id":34},{"id":35},{"id":36}]},{"name":"Colener","id":18,"guid":175588442,"type":"DemonHunter","server":"Sargeras","icon":"DemonHunter-Havoc","fights":[{"id":1},{"id":2},{"id":3},{"id":4},{"id":5},{"id":6},{"id":7},{"id":8},{"id":9},{"id":10},{"id":11},{"id":12},{"id":13},{"id":14},{"id":15},{"id":16},{"id":17},{"id":18},{"id":19},{"id":20},{"id":21},{"id":22},{"id":23},{"id":24},{"id":25},{"id":26},{"id":27},{"id":29},{"id":30},{"id":31},{"id":32},{"id":33},{"id":34},{"id":35}]},{"name":"Doldra","id":10,"guid":86869749,"type":"Shaman","server":"Sargeras","icon":"Shaman-Enhancement","fights":[{"id":1},{"id":2},{"id":3},{"id":4},{"id":5},{"id":6},{"id":7},{"id":8},{"id":9},{"id":10},{"id":11},{"id":12},{"id":13},{"id":14},{"id":15},{"id":16},{"id":17},{"id":18},{"id":19},{"id":20},{"id":21},{"id":22},{"id":24},{"id":25},{"id":26},{"id":27},{"id":29},{"id":30},{"id":31},{"id":32},{"id":33},{"id":34},{"id":35},{"id":36}]},{"name":"Noeyesicries","id":4,"guid":163402510,"type":"DemonHunter","server":"Sargeras","icon":"DemonHunter-Havoc","fights":[{"id":1},{"id":2},{"id":3},{"id":4},{"id":5},{"id":6},{"id":7},{"id":8},{"id":9},{"id":10},{"id":11},{"id":12},{"id":13},{"id":14},{"id":15},{"id":16},{"id":17},{"id":18},{"id":19},{"id":20},{"id":21},{"id":22},{"id":23},{"id":24},{"id":25},{"id":26},{"id":27},{"id":28},{"id":29},{"id":30},{"id":31},{"id":32},{"id":33},{"id":34},{"id":35},{"id":36}]},{"name":"Zhaidk","id":24,"guid":178645913,"type":"DeathKnight","server":"Sargeras","icon":"DeathKnight-Unholy","fights":[{"id":1},{"id":2},{"id":3},{"id":4},{"id":5},{"id":6},{"id":7},{"id":8},{"id":9},{"id":10},{"id":11},{"id":12},{"id":13},{"id":14},{"id":15},{"id":16},{"id":17},{"id":18},{"id":19},{"id":20},{"id":21},{"id":22},{"id":24},{"id":25},{"id":26},{"id":27},{"id":29},{"id":30},{"id":31},{"id":32},{"id":33},{"id":34},{"id":35}]},{"name":"Deathdefier","id":19,"guid":186522744,"type":"Mage","server":"Sargeras","icon":"Mage-Frost","fights":[{"id":1},{"id":2},{"id":3},{"id":4},{"id":5},{"id":6},{"id":7},{"id":8},{"id":9},{"id":10},{"id":11},{"id":12},{"id":13},{"id":14},{"id":15},{"id":16},{"id":17},{"id":18},{"id":19},{"id":20},{"id":21},{"id":22},{"id":23},{"id":24},{"id":25},{"id":26},{"id":27},{"id":29},{"id":30},{"id":31},{"id":32},{"id":33},{"id":34},{"id":35}]},{"name":"Wintersx","id":45,"guid":172195641,"type":"Rogue","server":"Sargeras","icon":"Rogue-Subtlety","fights":[{"id":1},{"id":2},{"id":3},{"id":6},{"id":7},{"id":8},{"id":9},{"id":10},{"id":11},{"id":12},{"id":13},{"id":14},{"id":15},{"id":16},{"id":17},{"id":18},{"id":19},{"id":20},{"id":21},{"id":22},{"id":23},{"id":24},{"id":25},{"id":26},{"id":27},{"id":29},{"id":30},{"id":31},{"id":32},{"id":33},{"id":34},{"id":35},{"id":36}]},{"name":"Lolislayerx","id":27,"guid":162167668,"type":"Warrior","server":"Sargeras","icon":"Warrior-Fury","fights":[{"id":1},{"id":2},{"id":3},{"id":4},{"id":5},{"id":6},{"id":7},{"id":8},{"id":9},{"id":10},{"id":11},{"id":12},{"id":13},{"id":14},{"id":15},{"id":16},{"id":17},{"id":18},{"id":19},{"id":20},{"id":21},{"id":22},{"id":23},{"id":24},{"id":25},{"id":26},{"id":27},{"id":29},{"id":30},{"id":31},{"id":32},{"id":33},{"id":34},{"id":35}]},{"name":"Sponkxx","id":14,"guid":186029314,"type":"Mage","server":"Sargeras","icon":"Mage-Frost","fights":[{"id":1},{"id":2},{"id":3},{"id":4},{"id":5},{"id":6},{"id":7},{"id":8},{"id":9},{"id":10},{"id":11},{"id":12},{"id":13},{"id":14},{"id":15},{"id":16},{"id":17},{"id":18},{"id":19},{"id":20},{"id":21},{"id":22},{"id":23},{"id":24},{"id":25},{"id":26},{"id":27},{"id":29},{"id":30},{"id":31},{"id":32},{"id":33},{"id":34},{"id":35},{"id":36}]},{"name":"Ichimage","id":8,"guid":155246074,"type":"Mage","server":"Sargeras","icon":"Mage-Frost","fights":[{"id":1},{"id":2},{"id":3},{"id":4},{"id":5},{"id":6},{"id":7},{"id":8},{"id":9},{"id":10},{"id":11},{"id":12},{"id":13},{"id":14},{"id":15},{"id":16},{"id":17},{"id":18},{"id":19},{"id":20},{"id":21},{"id":22},{"id":23},{"id":24},{"id":25},{"id":26},{"id":27},{"id":29},{"id":30},{"id":31},{"id":32},{"id":33},{"id":34},{"id":35}]},{"name":"Tnastylock","id":7,"guid":174870929,"type":"Warlock","server":"Sargeras","icon":"Warlock","fights":[{"id":1},{"id":2},{"id":3},{"id":4},{"id":5},{"id":6},{"id":7},{"id":8},{"id":9},{"id":10},{"id":11},{"id":12},{"id":13},{"id":14},{"id":15},{"id":16},{"id":17},{"id":18},{"id":19},{"id":20},{"id":21},{"id":22},{"id":24},{"id":25},{"id":26},{"id":27},{"id":28},{"id":29},{"id":30},{"id":31},{"id":32},{"id":33},{"id":34},{"id":35},{"id":36}]},{"name":"Usbeohrn","id":26,"guid":148355915,"type":"DeathKnight","server":"Sargeras","icon":"DeathKnight-Frost","fights":[{"id":1},{"id":2},{"id":3},{"id":4},{"id":5},{"id":6},{"id":7},{"id":8},{"id":9},{"id":10},{"id":11},{"id":12},{"id":13},{"id":14},{"id":15},{"id":16},{"id":17},{"id":18},{"id":19},{"id":20},{"id":21},{"id":22},{"id":23},{"id":24},{"id":25},{"id":26},{"id":27},{"id":29},{"id":30},{"id":31},{"id":32},{"id":33},{"id":34},{"id":35},{"id":36}]},{"name":"Walluss","id":180,"guid":150765129,"type":"Hunter","server":"Sargeras","icon":"Hunter-BeastMastery","fights":[{"id":24},{"id":25},{"id":26},{"id":27},{"id":29},{"id":30},{"id":31},{"id":32},{"id":33},{"id":34},{"id":35},{"id":36}]}],"enemies":[{"name":"Hepthys","id":97,"guid":161745,"type":"NPC","icon":"custom-icon-inv_weapon_hand_08","fights":[{"id":5,"instances":1}]},{"name":"Chittering Waspling","id":93,"guid":161837,"type":"NPC","icon":"NPC","fights":[{"id":4,"instances":2,"groups":1},{"id":29,"instances":9,"groups":1}]},{"name":"Door Controller","id":163,"guid":160383,"type":"NPC","icon":"NPC","fights":[{"id":16,"instances":1}]},{"name":"Anubisath Sentinel","id":58,"guid":162508,"type":"NPC","icon":"custom-icon-spell_shadow_shadowbolt","fights":[{"id":2,"instances":1}]},{"name":"Shad'har the Insatiable","id":135,"guid":157231,"type":"Boss","icon":"custom-icon-ability_warlock_everlastingaffliction","fights":[{"id":12,"instances":1}]},{"name":"Tentacle of Drest'agath","id":150,"guid":157614,"type":"NPC","icon":"custom-icon-ability_xavius_crushingshadows","fights":[{"id":14,"instances":3,"groups":2}]},{"name":"Essence of Vita","id":214,"guid":156884,"type":"NPC","icon":"custom-icon-ability_thunderking_lightningwhip","fights":[{"id":33,"instances":1,"groups":2}]},{"name":"Ka'zir","id":194,"guid":157253,"type":"Boss","icon":"custom-icon-inv_aqirflyingmount_red","fights":[{"id":26,"instances":1},{"id":27,"instances":1}]},{"name":"Fanatical Cultist","id":171,"guid":162715,"type":"NPC","icon":"NPC","fights":[{"id":22,"instances":21,"groups":2}]},{"name":"Prophet Skitra","id":74,"guid":157238,"type":"Boss","icon":"custom-icon-inv_misc_shadowegg","fights":[{"id":3,"instances":1}]},{"name":"Il'gynoth","id":158,"guid":158328,"type":"Boss","icon":"custom-icon-inv_eyeofnzothpet","fights":[{"id":16,"instances":1}]},{"name":"Tek'ris","id":195,"guid":157254,"type":"Boss","icon":"custom-icon-ability_priest_voidentropy","fights":[{"id":26,"instances":1},{"id":27,"instances":1}]},{"name":"Umbral Gatekeeper","id":113,"guid":163708,"type":"NPC","icon":"custom-icon-spell_priest_void-blast","fights":[{"id":9,"instances":2,"groups":1}]},{"name":"Occult Shadowmender","id":33,"guid":159425,"type":"NPC","icon":"custom-icon-spell_shadow_painspike","fights":[{"id":1,"instances":3,"groups":1},{"id":9,"instances":1,"groups":1},{"id":10,"instances":1,"groups":1},{"id":17,"instances":1,"groups":1},{"id":18,"instances":2,"groups":1},{"id":34,"instances":2,"groups":1}]},{"name":"Anubisath Sentinel","id":55,"guid":162534,"type":"NPC","icon":"custom-icon-ability_warrior_trauma","fights":[{"id":2,"instances":1},{"id":4,"instances":1}]},{"name":"Sinister Soulcarver","id":185,"guid":157449,"type":"NPC","icon":"custom-icon-ability_theblackarrow","fights":[{"id":24,"instances":2,"groups":1}]},{"name":"Void Ascendant","id":177,"guid":157467,"type":"NPC","icon":"custom-icon-spell_priest_voidsear","fights":[{"id":22,"instances":1},{"id":24,"instances":1}]},{"name":"Jesh'ra","id":121,"guid":159764,"type":"NPC","icon":"custom-icon-ability_rogue_envelopingshadows","fights":[{"id":9,"instances":1}]},{"name":"Fanatical Cultist","id":184,"guid":157447,"type":"NPC","icon":"NPC","fights":[{"id":24,"instances":4,"groups":1}]},{"name":"Eye of the Depths","id":112,"guid":159510,"type":"NPC","icon":"custom-icon-spell_shadow_shadowfury","fights":[{"id":9,"instances":1},{"id":11,"instances":1},{"id":13,"instances":1},{"id":25,"instances":1},{"id":34,"instances":1}]},{"name":"Coagulated Monstrosity","id":134,"guid":161836,"type":"NPC","icon":"NPC","fights":[{"id":11,"instances":3,"groups":1},{"id":13,"instances":3,"groups":1},{"id":15,"instances":2,"groups":1}]},{"name":"Corrosive Digester","id":120,"guid":162828,"type":"NPC","icon":"custom-icon-inv_misc_food_legion_gooslime_multi","fights":[{"id":11,"instances":1,"groups":1},{"id":13,"instances":1,"groups":1},{"id":15,"instances":9,"groups":1}]},{"name":"Aqir Shadowcrafter","id":102,"guid":161416,"type":"NPC","icon":"custom-icon-spell_shadow_shadowbolt","fights":[{"id":6,"instances":4,"groups":1}]},{"name":"Amalgamation of Flesh","id":218,"guid":163841,"type":"NPC","icon":"custom-icon-inv_enchant_voidsphere","fights":[{"id":35,"instances":24,"groups":1},{"id":36,"instances":3,"groups":1}]},{"name":"Flayed Soul","id":170,"guid":157005,"type":"NPC","icon":"custom-icon-ability_demonhunter_soulcleave2","fights":[{"id":20,"instances":48,"groups":3}]},{"name":"Aqir Swarmer","id":190,"guid":162664,"type":"NPC","icon":"custom-icon-ability_fixated_state_red","fights":[{"id":25,"instances":10,"groups":1}]},{"name":"Living Miasma","id":136,"guid":157229,"type":"NPC","icon":"custom-icon-ability_priest_voidentropy","fights":[{"id":12,"instances":3,"groups":4}]},{"name":"Ossirat","id":98,"guid":161746,"type":"NPC","icon":"custom-icon-inv_weapon_hand_08","fights":[{"id":5,"instances":1}]},{"name":"Onyx Scarab","id":100,"guid":161834,"type":"NPC","icon":"NPC","fights":[{"id":5,"instances":2,"groups":1}]},{"name":"Leeching Parasite","id":131,"guid":159309,"type":"NPC","icon":"custom-icon-trade_engineering","fights":[{"id":11,"instances":6,"groups":2}]},{"name":"Dark Inquisitor Xanesh","id":114,"guid":156575,"type":"Boss","icon":"custom-icon-inv_gauntlets_09","fights":[{"id":19,"instances":1},{"id":20,"instances":1}]},{"name":"Sinister Soulcarver","id":173,"guid":162717,"type":"NPC","icon":"custom-icon-ability_theblackarrow","fights":[{"id":22,"instances":4,"groups":2}]},{"name":"Monstrous Behemoth","id":31,"guid":159303,"type":"NPC","icon":"custom-icon-ability_warlock_everlastingaffliction","fights":[{"id":5,"instances":2},{"id":9,"instances":2},{"id":10,"instances":2},{"id":18,"instances":1},{"id":34,"instances":1}]},{"name":"Demented Knife-Twister","id":122,"guid":159417,"type":"NPC","icon":"custom-icon-ability_rogue_shadowyduel","fights":[{"id":9,"instances":2},{"id":11,"instances":2},{"id":18,"instances":2},{"id":34,"instances":2}]},{"name":"Queen Azshara","id":169,"guid":156579,"type":"NPC","icon":"custom-icon-ability_warlock_eradication","fights":[{"id":19,"instances":1},{"id":20,"instances":1},{"id":21,"instances":1}]},{"name":"Dying Voidspawn","id":117,"guid":163712,"type":"NPC","icon":"custom-icon-ability_fixated_state_red","fights":[{"id":9,"instances":19,"groups":1}]},{"name":"Aqir Skitterer","id":166,"guid":161217,"type":"NPC","icon":"custom-icon-ability_fixated_state_red","fights":[{"id":17,"instances":7,"groups":1},{"id":25,"instances":60,"groups":2},{"id":29,"instances":21,"groups":1}]},{"name":"Acidic Aqir","id":201,"guid":159173,"type":"NPC","icon":"custom-icon-ability_creature_poison_06","fights":[{"id":27,"instances":1}]},{"name":"Vita Portal","id":209,"guid":161943,"type":"NPC","icon":"custom-icon-trade_engineering","fights":[{"id":32,"instances":1},{"id":33,"instances":1}]},{"name":"Zealous Adherent","id":124,"guid":159308,"type":"NPC","icon":"custom-icon-ability_ironmaidens_convulsiveshadows","fights":[{"id":9,"instances":3,"groups":1},{"id":10,"instances":1,"groups":1},{"id":17,"instances":2,"groups":1},{"id":29,"instances":12,"groups":1},{"id":30,"instances":2,"groups":1},{"id":31,"instances":5,"groups":1},{"id":34,"instances":3,"groups":2}]},{"name":"Void Ascendant","id":175,"guid":162719,"type":"NPC","icon":"custom-icon-spell_priest_voidsear","fights":[{"id":22,"instances":2,"groups":1}]},{"name":"Acidic Aqir","id":200,"guid":161019,"type":"NPC","icon":"custom-icon-ability_creature_poison_06","fights":[{"id":27,"instances":4,"groups":1}]},{"name":"Eye of Drest'agath","id":149,"guid":157612,"type":"NPC","icon":"custom-icon-spell_shadow_siphonmana","fights":[{"id":14,"instances":4,"groups":2}]},{"name":"Void Portal","id":210,"guid":161945,"type":"NPC","icon":"custom-icon-trade_engineering","fights":[{"id":32,"instances":1},{"id":33,"instances":1}]},{"name":"Vexiona","id":174,"guid":157354,"type":"Boss","icon":"custom-icon-ability_priest_voidentropy","fights":[{"id":22,"instances":1,"groups":3},{"id":24,"instances":1,"groups":1}]},{"name":"Spellbound Ritualist","id":119,"guid":162716,"type":"NPC","icon":"custom-icon-spell_shadow_shadowbolt","fights":[{"id":22,"instances":5,"groups":3}]},{"name":"Aqir Drone","id":189,"guid":162306,"type":"NPC","icon":"NPC","fights":[{"id":25,"instances":10,"groups":1}]},{"name":"Void Fanatic","id":37,"guid":160183,"type":"NPC","icon":"NPC","fights":[{"id":1,"instances":1,"groups":1},{"id":4,"instances":3,"groups":1},{"id":9,"instances":12,"groups":1},{"id":10,"instances":2,"groups":1},{"id":34,"instances":2,"groups":2}]},{"name":"Anubisath Sentinel","id":57,"guid":162417,"type":"NPC","icon":"custom-icon-spell_nature_thorns","fights":[{"id":2,"instances":1},{"id":4,"instances":1}]},{"name":"Aqir Swarmkeeper","id":165,"guid":162303,"type":"NPC","icon":"custom-icon-inv_inscription_pigment_bug07","fights":[{"id":17,"instances":1},{"id":25,"instances":1}]},{"name":"Void Horror","id":133,"guid":161335,"type":"NPC","icon":"custom-icon-spell_shadow_siphonmana","fights":[{"id":11,"instances":2,"groups":1},{"id":13,"instances":5,"groups":2}]},{"name":"Organ of Corruption","id":159,"guid":158343,"type":"Boss","icon":"custom-icon-inv_misc_organ_06","fights":[{"id":16,"instances":6,"groups":1}]},{"name":"Void Hunter","id":217,"guid":157366,"type":"NPC","icon":"custom-icon-ability_warlock_shadowfurytga","fights":[{"id":33,"instances":1}]},{"name":"Gryth'ax the Executioner","id":109,"guid":159224,"type":"NPC","icon":"custom-icon-spell_shadow_painspike","fights":[{"id":8,"instances":1}]},{"name":"Umbral Seer","id":94,"guid":159219,"type":"NPC","icon":"custom-icon-spell_shadow_painspike","fights":[{"id":4,"instances":1},{"id":10,"instances":1},{"id":11,"instances":1},{"id":17,"instances":2},{"id":34,"instances":3}]},{"name":"Crushing Tendril","id":129,"guid":161312,"type":"NPC","icon":"custom-icon-achievement_boss_yoggsaron_01","fights":[{"id":11,"instances":2,"groups":1},{"id":13,"instances":3,"groups":2}]},{"name":"Living Blood","id":126,"guid":159312,"type":"NPC","icon":"custom-icon-ability_deathwing_bloodcorruption_earth","fights":[{"id":11,"instances":26,"groups":5},{"id":13,"instances":5,"groups":1},{"id":15,"instances":6,"groups":2}]},{"name":"Aqir Drone","id":199,"guid":157255,"type":"NPC","icon":"custom-icon-ability_fixated_state_red","fights":[{"id":27,"instances":10,"groups":1}]},{"name":"Essence of Void","id":216,"guid":156980,"type":"NPC","icon":"custom-icon-inv_enchant_voidsphere","fights":[{"id":33,"instances":1,"groups":2}]},{"name":"Aqir Crusher","id":192,"guid":161218,"type":"NPC","icon":"custom-icon-inv_misc_volatileearth","fights":[{"id":25,"instances":2,"groups":1},{"id":29,"instances":1,"groups":1}]},{"name":"Gibbering Ooze","id":127,"guid":161835,"type":"NPC","icon":"NPC","fights":[{"id":11,"instances":5,"groups":3},{"id":13,"instances":5,"groups":2},{"id":15,"instances":3,"groups":1}]},{"name":"Shredded Psyche","id":88,"guid":158781,"type":"NPC","icon":"custom-icon-spell_priest_divinestar_shadow2","fights":[{"id":3,"instances":3}]},{"name":"Dark Ritualist","id":168,"guid":161286,"type":"NPC","icon":"custom-icon-spell_priest_divinestar_shadow2","fights":[{"id":18,"instances":2,"groups":1}]},{"name":"Deresh of the Nothingness","id":191,"guid":159768,"type":"NPC","icon":"custom-icon-ability_ironmaidens_convulsiveshadows","fights":[{"id":25,"instances":1}]},{"name":"Spiked Tentacle","id":115,"guid":159416,"type":"NPC","icon":"custom-icon-achievement_boss_yoggsaron_01","fights":[{"id":11,"instances":3,"groups":1}]},{"name":"Cultist Sycophant","id":167,"guid":161251,"type":"NPC","icon":"custom-icon-ability_ironmaidens_sanguinestrikes","fights":[{"id":18,"instances":8,"groups":1}]},{"name":"Drest'agath","id":142,"guid":157602,"type":"Boss","icon":"custom-icon-spell_shaman_earthquake","fights":[{"id":13,"instances":1},{"id":14,"instances":1}]},{"name":"Prophet Skitra","id":89,"guid":157620,"type":"NPC","icon":"NPC","fights":[{"id":3,"instances":1,"groups":2}]},{"name":"Aqir Scarab","id":101,"guid":159405,"type":"NPC","icon":"NPC","fights":[{"id":6,"instances":37,"groups":1}]},{"name":"Aqir Darter","id":202,"guid":157256,"type":"NPC","icon":"custom-icon-ability_vehicle_sonicshockwave","fights":[{"id":27,"instances":3,"groups":1}]},{"name":"Abyssal Watcher","id":203,"guid":161173,"type":"NPC","icon":"custom-icon-ability_demonhunter_soulcleave","fights":[{"id":29,"instances":5,"groups":1},{"id":30,"instances":3,"groups":1},{"id":31,"instances":2,"groups":1}]},{"name":"Void Initiate","id":34,"guid":160182,"type":"NPC","icon":"custom-icon-ability_ironmaidens_convulsiveshadows","fights":[{"id":1,"instances":3,"groups":2},{"id":4,"instances":10,"groups":1},{"id":5,"instances":5,"groups":1},{"id":8,"instances":23,"groups":2},{"id":9,"instances":16,"groups":2},{"id":10,"instances":3,"groups":1},{"id":34,"instances":2,"groups":2}]},{"name":"Ra-den","id":208,"guid":156866,"type":"Boss","icon":"custom-icon-ability_deathwing_bloodcorruption_death","fights":[{"id":32,"instances":1},{"id":33,"instances":1}]},{"name":"Maw of Drest'agath","id":152,"guid":157613,"type":"NPC","icon":"custom-icon-ability_creature_poison_02","fights":[{"id":14,"instances":3,"groups":2}]},{"name":"Dark Manifestation","id":107,"guid":156650,"type":"NPC","icon":"custom-icon-warlock_curse_shadow","fights":[{"id":7,"instances":3,"groups":1}]},{"name":"Shath'Yar Scribe","id":35,"guid":163690,"type":"NPC","icon":"custom-icon-inv_enchant_voidsphere","fights":[{"id":1,"instances":3,"groups":1},{"id":4,"instances":1,"groups":1},{"id":5,"instances":1,"groups":1},{"id":8,"instances":2,"groups":1}]},{"name":"Gnashing Terror","id":132,"guid":161334,"type":"NPC","icon":"custom-icon-ability_creature_poison_02","fights":[{"id":11,"instances":1,"groups":1},{"id":13,"instances":4,"groups":2}]},{"name":"Anubisath Sentinel","id":56,"guid":161571,"type":"NPC","icon":"custom-icon-ability_warrior_savageblow","fights":[{"id":2,"instances":1}]},{"name":"Engorged Maggot","id":128,"guid":161833,"type":"NPC","icon":"NPC","fights":[{"id":11,"instances":8,"groups":1},{"id":13,"instances":16,"groups":2},{"id":28,"instances":1,"groups":1},{"id":29,"instances":5,"groups":1}]},{"name":"Blood of Ny'alotha","id":162,"guid":159514,"type":"NPC","icon":"custom-icon-ability_warrior_bloodnova","fights":[{"id":16,"instances":16,"groups":1}]},{"name":"Aqir Venomweaver","id":193,"guid":161229,"type":"NPC","icon":"custom-icon-spell_nature_corrosivebreath","fights":[{"id":25,"instances":2,"groups":1}]},{"name":"Maddened Conscript","id":36,"guid":159305,"type":"NPC","icon":"custom-icon-ability_racial_bloodrage","fights":[{"id":1,"instances":3,"groups":1},{"id":8,"instances":2,"groups":1},{"id":9,"instances":5,"groups":2},{"id":10,"instances":1,"groups":1},{"id":17,"instances":1,"groups":1},{"id":18,"instances":2,"groups":1},{"id":34,"instances":2,"groups":1}]},{"name":"Iron-Willed Enforcer","id":172,"guid":162718,"type":"NPC","icon":"custom-icon-ability_smash","fights":[{"id":22,"instances":4,"groups":2}]},{"name":"Aqir Heartpiercer","id":188,"guid":162305,"type":"NPC","icon":"custom-icon-inv_misc_organ_01","fights":[{"id":25,"instances":4,"groups":1}]},{"name":"Sanguimar","id":130,"guid":159767,"type":"NPC","icon":"custom-icon-inv_misc_boilingblood","fights":[{"id":11,"instances":1}]},{"name":"Maut","id":105,"guid":156523,"type":"Boss","icon":"custom-icon-inv_artifact_powerofthedarkside","fights":[{"id":7,"instances":1}]},{"name":"Cursed Blood","id":160,"guid":159720,"type":"NPC","icon":"custom-icon-spell_deathknight_bloodtap","fights":[{"id":16,"instances":3,"groups":4}]}],"friendlyPets":[{"name":"BadDragon","id":30,"guid":57026292,"type":"Pet","icon":"abilities/ability_hunter_beastcall","petOwner":21,"fights":[{"id":1,"instances":1},{"id":3,"instances":1},{"id":4,"instances":1},{"id":5,"instances":1},{"id":6,"instances":1},{"id":7,"instances":1},{"id":9,"instances":1},{"id":11,"instances":1},{"id":12,"instances":1},{"id":13,"instances":1},{"id":14,"instances":1},{"id":15,"instances":1},{"id":16,"instances":1},{"id":17,"instances":1},{"id":18,"instances":1},{"id":19,"instances":1},{"id":20,"instances":1},{"id":21,"instances":1},{"id":22,"instances":1},{"id":24,"instances":1},{"id":25,"instances":1},{"id":27,"instances":1},{"id":29,"instances":1},{"id":33,"instances":1},{"id":34,"instances":1},{"id":35,"instances":1}]},{"name":"Army of the Dead","id":49,"guid":24207,"type":"Pet","icon":"abilities/artifactability_unholydeathknight_deathsembrace","petOwner":24,"fights":[{"id":1,"instances":8},{"id":2,"instances":2},{"id":3,"instances":22},{"id":4,"instances":2},{"id":5,"instances":10},{"id":7,"instances":18},{"id":8,"instances":12},{"id":9,"instances":16},{"id":10,"instances":4},{"id":11,"instances":24},{"id":12,"instances":24},{"id":13,"instances":20},{"id":14,"instances":26},{"id":15,"instances":4},{"id":16,"instances":28},{"id":17,"instances":4},{"id":18,"instances":6},{"id":20,"instances":24},{"id":22,"instances":16},{"id":24,"instances":22},{"id":25,"instances":14},{"id":27,"instances":20},{"id":29,"instances":6},{"id":30,"instances":4},{"id":31,"instances":2},{"id":33,"instances":22},{"id":34,"instances":14},{"id":35,"instances":4}]},{"name":"Guardian of Azeroth","id":73,"guid":152396,"type":"Pet","icon":"abilities/inv_glowing-azerite-geode","petOwner":27,"fights":[{"id":3,"instances":1},{"id":7,"instances":1},{"id":12,"instances":1},{"id":14,"instances":1},{"id":16,"instances":2},{"id":20,"instances":1},{"id":24,"instances":1},{"id":27,"instances":1},{"id":33,"instances":1}]},{"name":"Darkglare","id":86,"guid":103673,"type":"Pet","icon":"abilities/inv_beholderwarlock","petOwner":7,"fights":[{"id":3,"instances":1},{"id":7,"instances":1},{"id":12,"instances":1},{"id":14,"instances":1},{"id":16,"instances":1},{"id":20,"instances":1},{"id":22,"instances":1},{"id":24,"instances":1},{"id":29,"instances":1},{"id":33,"instances":1}]},{"name":"Mirror Image","id":64,"guid":31216,"type":"Pet","icon":"abilities/spell_magic_managain","petOwner":8,"fights":[{"id":2,"instances":3},{"id":20,"instances":3}]},{"name":"Guardian of Azeroth","id":75,"guid":152396,"type":"Pet","icon":"abilities/inv_glowing-azerite-geode","petOwner":1,"fights":[{"id":3,"instances":1},{"id":7,"instances":1},{"id":12,"instances":1},{"id":14,"instances":1},{"id":16,"instances":2},{"id":20,"instances":1},{"id":24,"instances":1},{"id":27,"instances":1},{"id":33,"instances":1}]},{"name":"Katy Stampwhistle","id":125,"guid":132969,"type":"Pet","icon":"abilities/inv_misc_cat_trinket06","petOwner":22,"fights":[{"id":11,"instances":1}]},{"name":"Mirror Image","id":138,"guid":31216,"type":"Pet","icon":"abilities/spell_magic_managain","petOwner":14,"fights":[{"id":12,"instances":3},{"id":14,"instances":3}]},{"name":"Katy Stampwhistle","id":164,"guid":132969,"type":"Pet","icon":"abilities/inv_misc_cat_trinket06","petOwner":27,"fights":[{"id":17,"instances":1}]},{"name":"Risen Skulker","id":47,"guid":99541,"type":"Pet","icon":"abilities/spell_shadow_animatedead","petOwner":24,"fights":[{"id":1,"instances":1},{"id":2,"instances":1},{"id":3,"instances":1},{"id":4,"instances":1},{"id":5,"instances":1},{"id":6,"instances":1},{"id":7,"instances":1},{"id":8,"instances":1},{"id":9,"instances":1},{"id":10,"instances":1},{"id":11,"instances":1},{"id":12,"instances":1},{"id":13,"instances":1},{"id":14,"instances":1},{"id":15,"instances":2},{"id":16,"instances":1},{"id":17,"instances":1},{"id":18,"instances":1},{"id":19,"instances":1},{"id":20,"instances":1},{"id":22,"instances":1},{"id":24,"instances":1},{"id":25,"instances":1},{"id":26,"instances":1},{"id":27,"instances":1},{"id":29,"instances":1},{"id":30,"instances":1},{"id":31,"instances":2},{"id":32,"instances":1},{"id":33,"instances":1},{"id":34,"instances":1},{"id":35,"instances":1}]},{"name":"Absorb-o-Tron","id":65,"guid":143985,"type":"Pet","icon":"abilities/inv_robotpet","petOwner":19,"fights":[{"id":2,"instances":1},{"id":3,"instances":1},{"id":7,"instances":2},{"id":9,"instances":1},{"id":11,"instances":1},{"id":18,"instances":2}]},{"name":"Mindbender","id":108,"guid":62982,"type":"Pet","icon":"abilities/spell_shadow_soulleech_3","petOwner":23,"fights":[{"id":7,"instances":1},{"id":11,"instances":2},{"id":12,"instances":1},{"id":22,"instances":1},{"id":24,"instances":2},{"id":27,"instances":1},{"id":29,"instances":1},{"id":30,"instances":1},{"id":33,"instances":2}]},{"name":"Guardian of Azeroth","id":42,"guid":152396,"type":"Pet","icon":"abilities/inv_glowing-azerite-geode","petOwner":6,"fights":[{"id":1,"instances":1},{"id":3,"instances":1},{"id":4,"instances":1},{"id":7,"instances":1},{"id":8,"instances":1},{"id":11,"instances":1},{"id":12,"instances":1},{"id":13,"instances":1},{"id":14,"instances":1},{"id":16,"instances":1},{"id":20,"instances":1},{"id":24,"instances":1},{"id":27,"instances":1},{"id":33,"instances":1}]},{"name":"Guardian of Azeroth","id":77,"guid":152396,"type":"Pet","icon":"abilities/inv_glowing-azerite-geode","petOwner":11,"fights":[{"id":3,"instances":1},{"id":7,"instances":1},{"id":12,"instances":1},{"id":14,"instances":1},{"id":16,"instances":2},{"id":20,"instances":1},{"id":24,"instances":1},{"id":27,"instances":1},{"id":33,"instances":1}]},{"name":"Demonic Gateway","id":111,"guid":59271,"type":"Pet","icon":"custom-icon-trade_engineering","petOwner":6,"fights":[{"id":8,"instances":1},{"id":24,"instances":1}]},{"name":"Windfury Totem","id":43,"guid":6112,"type":"Pet","icon":"abilities/spell_nature_windfury","petOwner":10,"fights":[{"id":1,"instances":1},{"id":2,"instances":2},{"id":3,"instances":4},{"id":4,"instances":1},{"id":5,"instances":2},{"id":6,"instances":3},{"id":7,"instances":2},{"id":8,"instances":3},{"id":9,"instances":5},{"id":10,"instances":1},{"id":11,"instances":9},{"id":12,"instances":2},{"id":13,"instances":3},{"id":14,"instances":6},{"id":16,"instances":7},{"id":17,"instances":1},{"id":18,"instances":2},{"id":20,"instances":3},{"id":22,"instances":3},{"id":24,"instances":4},{"id":25,"instances":3},{"id":27,"instances":3},{"id":29,"instances":4},{"id":30,"instances":1},{"id":31,"instances":3},{"id":33,"instances":2},{"id":34,"instances":4},{"id":35,"instances":1},{"id":36,"instances":1}]},{"name":"Fire Spirit","id":63,"guid":69791,"type":"Pet","icon":"abilities/inv_summerfest_firespirit","petOwner":17,"fights":[{"id":2,"instances":1},{"id":3,"instances":3},{"id":5,"instances":1},{"id":7,"instances":2},{"id":9,"instances":2},{"id":11,"instances":2},{"id":12,"instances":3},{"id":14,"instances":3},{"id":16,"instances":4},{"id":18,"instances":1},{"id":20,"instances":3},{"id":24,"instances":3},{"id":25,"instances":1},{"id":27,"instances":2},{"id":33,"instances":3},{"id":35,"instances":1}]},{"name":"Earth Spirit","id":61,"guid":69792,"type":"Pet","icon":"abilities/inv_elemental_primal_earth","petOwner":17,"fights":[{"id":2,"instances":1},{"id":3,"instances":3},{"id":5,"instances":1},{"id":7,"instances":2},{"id":9,"instances":2},{"id":11,"instances":2},{"id":12,"instances":3},{"id":14,"instances":3},{"id":16,"instances":4},{"id":18,"instances":1},{"id":20,"instances":3},{"id":24,"instances":3},{"id":25,"instances":1},{"id":27,"instances":2},{"id":33,"instances":3},{"id":35,"instances":1}]},{"name":"Rhuuroon","id":206,"guid":16671935,"type":"Pet","icon":"abilities/spell_shadow_summonfelhunter","petOwner":6,"fights":[{"id":30,"instances":1}]},{"name":"Greater Earth Elemental","id":139,"guid":95072,"type":"Pet","icon":"abilities/spell_nature_earthelemental_totem","petOwner":1,"fights":[{"id":12,"instances":1},{"id":14,"instances":1},{"id":16,"instances":1},{"id":20,"instances":1},{"id":24,"instances":1},{"id":33,"instances":1}]},{"name":"Serpent","id":182,"guid":57037561,"type":"Pet","icon":"custom-icon-ability_hunter_sickem","petOwner":180,"fights":[{"id":24,"instances":1},{"id":25,"instances":1},{"id":26,"instances":1},{"id":27,"instances":1},{"id":29,"instances":1},{"id":30,"instances":1},{"id":31,"instances":1},{"id":32,"instances":1},{"id":33,"instances":1},{"id":34,"instances":1},{"id":35,"instances":1},{"id":36,"instances":1}]},{"name":"Guardian of Azeroth","id":80,"guid":152396,"type":"Pet","icon":"abilities/inv_glowing-azerite-geode","petOwner":10,"fights":[{"id":3,"instances":1},{"id":7,"instances":1},{"id":12,"instances":1},{"id":14,"instances":1},{"id":16,"instances":2},{"id":20,"instances":1},{"id":24,"instances":1},{"id":27,"instances":1},{"id":33,"instances":1}]},{"name":"Greater Fire Elemental","id":78,"guid":95061,"type":"Pet","icon":"abilities/spell_fire_elemental_totem","petOwner":1,"fights":[{"id":3,"instances":1},{"id":7,"instances":1},{"id":12,"instances":1},{"id":14,"instances":2},{"id":16,"instances":2},{"id":20,"instances":1},{"id":24,"instances":1},{"id":27,"instances":1},{"id":33,"instances":1}]},{"name":"Mirror Image","id":72,"guid":31216,"type":"Pet","icon":"abilities/spell_magic_managain","petOwner":19,"fights":[{"id":3,"instances":6},{"id":5,"instances":3},{"id":7,"instances":3},{"id":10,"instances":3},{"id":11,"instances":3},{"id":12,"instances":6},{"id":14,"instances":6},{"id":16,"instances":6},{"id":20,"instances":6},{"id":24,"instances":3},{"id":25,"instances":3},{"id":27,"instances":3},{"id":33,"instances":3}]},{"name":"Guardian of Azeroth","id":84,"guid":152396,"type":"Pet","icon":"abilities/inv_glowing-azerite-geode","petOwner":17,"fights":[{"id":3,"instances":1},{"id":7,"instances":1},{"id":9,"instances":1},{"id":12,"instances":1},{"id":14,"instances":1},{"id":16,"instances":2},{"id":20,"instances":1},{"id":24,"instances":1},{"id":27,"instances":1},{"id":33,"instances":1}]},{"name":"Mindbender","id":90,"guid":62982,"type":"Pet","icon":"abilities/spell_shadow_soulleech_3","petOwner":13,"fights":[{"id":3,"instances":2},{"id":11,"instances":2},{"id":12,"instances":2},{"id":13,"instances":2},{"id":14,"instances":2},{"id":16,"instances":3},{"id":20,"instances":2},{"id":24,"instances":2},{"id":27,"instances":2},{"id":33,"instances":2}]},{"name":"Mirror Image","id":87,"guid":31216,"type":"Pet","icon":"abilities/spell_magic_managain","petOwner":3,"fights":[{"id":3,"instances":3},{"id":7,"instances":3},{"id":9,"instances":3},{"id":12,"instances":3},{"id":14,"instances":3},{"id":16,"instances":3},{"id":20,"instances":3},{"id":24,"instances":3},{"id":27,"instances":3},{"id":33,"instances":3}]},{"name":"Mindbender","id":76,"guid":62982,"type":"Pet","icon":"abilities/spell_shadow_soulleech_3","petOwner":11,"fights":[{"id":3,"instances":2},{"id":7,"instances":2},{"id":9,"instances":1},{"id":11,"instances":1},{"id":12,"instances":2},{"id":14,"instances":3},{"id":16,"instances":4},{"id":17,"instances":1},{"id":20,"instances":3},{"id":24,"instances":2},{"id":25,"instances":1},{"id":27,"instances":2},{"id":33,"instances":2}]},{"name":"Magus of the Dead","id":48,"guid":148797,"type":"Pet","icon":"abilities/achievement_ladydeathwhisper","petOwner":24,"fights":[{"id":1,"instances":3},{"id":2,"instances":1},{"id":3,"instances":5},{"id":4,"instances":1},{"id":5,"instances":3},{"id":7,"instances":4},{"id":8,"instances":4},{"id":9,"instances":5},{"id":10,"instances":2},{"id":11,"instances":9},{"id":12,"instances":6},{"id":13,"instances":5},{"id":14,"instances":7},{"id":15,"instances":1},{"id":16,"instances":7},{"id":17,"instances":1},{"id":18,"instances":2},{"id":20,"instances":6},{"id":22,"instances":7},{"id":24,"instances":5},{"id":25,"instances":5},{"id":27,"instances":5},{"id":29,"instances":3},{"id":30,"instances":1},{"id":33,"instances":5},{"id":34,"instances":5},{"id":35,"instances":2}]},{"name":"Healing Stream Totem","id":91,"guid":3527,"type":"Pet","icon":"abilities/inv_spear_04","petOwner":10,"fights":[{"id":3,"instances":1},{"id":11,"instances":1},{"id":16,"instances":1}]},{"name":"Black Ox Statue","id":103,"guid":61146,"type":"Pet","icon":"abilities/monk_ability_summonoxstatue","petOwner":5,"fights":[{"id":6,"instances":1},{"id":9,"instances":2},{"id":24,"instances":1},{"id":29,"instances":1},{"id":33,"instances":1}]},{"name":"Camel","id":205,"guid":57009096,"type":"Pet","icon":"abilities/ability_hunter_beastsoothe","petOwner":180,"fights":[{"id":30,"instances":1},{"id":31,"instances":1}]},{"name":"Capacitor Totem","id":38,"guid":61245,"type":"Pet","icon":"abilities/spell_nature_brilliance","petOwner":10,"fights":[{"id":1,"instances":1},{"id":18,"instances":1},{"id":35,"instances":1}]},{"name":"Demonic Gateway","id":70,"guid":59271,"type":"Pet","icon":"custom-icon-trade_engineering","petOwner":22,"fights":[{"id":11,"instances":1}]},{"name":"Darkglare","id":53,"guid":103673,"type":"Pet","icon":"abilities/inv_beholderwarlock","petOwner":22,"fights":[{"id":1,"instances":1},{"id":3,"instances":1},{"id":7,"instances":1},{"id":12,"instances":2},{"id":13,"instances":1},{"id":14,"instances":2},{"id":16,"instances":2},{"id":20,"instances":2},{"id":24,"instances":1},{"id":27,"instances":1},{"id":33,"instances":2}]},{"name":"Belnik","id":54,"guid":48951159,"type":"Pet","icon":"abilities/spell_shadow_summonimp","petOwner":7,"fights":[{"id":2,"instances":1},{"id":3,"instances":1},{"id":4,"instances":1},{"id":5,"instances":1},{"id":6,"instances":1},{"id":7,"instances":1},{"id":8,"instances":1},{"id":10,"instances":1},{"id":11,"instances":1},{"id":12,"instances":1},{"id":14,"instances":1},{"id":15,"instances":1},{"id":16,"instances":1},{"id":17,"instances":1},{"id":18,"instances":1},{"id":19,"instances":1},{"id":20,"instances":1},{"id":22,"instances":1},{"id":24,"instances":1},{"id":27,"instances":1},{"id":33,"instances":1},{"id":34,"instances":1},{"id":35,"instances":1}]},{"name":"Darkglare","id":83,"guid":103673,"type":"Pet","icon":"abilities/inv_beholderwarlock","petOwner":6,"fights":[{"id":3,"instances":1},{"id":5,"instances":1},{"id":7,"instances":1},{"id":8,"instances":1},{"id":11,"instances":1},{"id":12,"instances":1},{"id":13,"instances":1},{"id":14,"instances":1},{"id":16,"instances":1},{"id":20,"instances":1},{"id":24,"instances":1},{"id":27,"instances":1},{"id":33,"instances":1}]},{"name":"Courser","id":187,"guid":57035053,"type":"Pet","icon":"abilities/ability_hunter_beastcall","petOwner":180,"fights":[{"id":25,"instances":1},{"id":26,"instances":1},{"id":27,"instances":1},{"id":29,"instances":1}]},{"name":"Guardian of Azeroth","id":79,"guid":152396,"type":"Pet","icon":"abilities/inv_glowing-azerite-geode","petOwner":18,"fights":[{"id":3,"instances":1},{"id":7,"instances":1},{"id":12,"instances":1},{"id":14,"instances":1},{"id":16,"instances":2},{"id":20,"instances":1},{"id":24,"instances":1},{"id":27,"instances":1},{"id":33,"instances":1}]},{"name":"Aztip","id":32,"guid":16671937,"type":"Pet","icon":"abilities/spell_shadow_summonimp","petOwner":6,"fights":[{"id":1,"instances":1},{"id":2,"instances":1},{"id":3,"instances":1},{"id":4,"instances":1},{"id":5,"instances":1},{"id":6,"instances":1},{"id":7,"instances":1},{"id":8,"instances":1},{"id":9,"instances":1},{"id":10,"instances":1},{"id":11,"instances":1},{"id":12,"instances":1},{"id":13,"instances":1},{"id":14,"instances":1},{"id":15,"instances":1},{"id":16,"instances":1},{"id":17,"instances":1},{"id":18,"instances":1},{"id":19,"instances":1},{"id":20,"instances":1},{"id":22,"instances":1},{"id":24,"instances":1},{"id":25,"instances":1},{"id":27,"instances":1},{"id":29,"instances":1},{"id":31,"instances":1},{"id":32,"instances":1},{"id":33,"instances":1},{"id":34,"instances":1},{"id":35,"instances":1}]},{"name":"Rupnik","id":29,"guid":48193659,"type":"Pet","icon":"abilities/spell_shadow_summonimp","petOwner":22,"fights":[{"id":1,"instances":1},{"id":2,"instances":1},{"id":3,"instances":1},{"id":4,"instances":1},{"id":5,"instances":1},{"id":6,"instances":1},{"id":7,"instances":1},{"id":8,"instances":1},{"id":9,"instances":1},{"id":11,"instances":1},{"id":12,"instances":1},{"id":13,"instances":1},{"id":14,"instances":1},{"id":15,"instances":1},{"id":16,"instances":1},{"id":17,"instances":1},{"id":18,"instances":1},{"id":19,"instances":1},{"id":20,"instances":1},{"id":22,"instances":1},{"id":24,"instances":1},{"id":25,"instances":1},{"id":26,"instances":1},{"id":27,"instances":1},{"id":29,"instances":1},{"id":31,"instances":1},{"id":32,"instances":1},{"id":33,"instances":1},{"id":34,"instances":1},{"id":35,"instances":1}]},{"name":"Casketleaper","id":28,"guid":50828584,"type":"Pet","icon":"abilities/spell_shadow_animatedead","petOwner":24,"fights":[{"id":1,"instances":1},{"id":2,"instances":1},{"id":3,"instances":1},{"id":4,"instances":1},{"id":5,"instances":1},{"id":6,"instances":1},{"id":7,"instances":1},{"id":8,"instances":1},{"id":9,"instances":1},{"id":10,"instances":1},{"id":11,"instances":1},{"id":12,"instances":1},{"id":13,"instances":1},{"id":14,"instances":1},{"id":15,"instances":1},{"id":16,"instances":1},{"id":17,"instances":1},{"id":18,"instances":1},{"id":19,"instances":1},{"id":20,"instances":1},{"id":21,"instances":1},{"id":22,"instances":1},{"id":24,"instances":1},{"id":25,"instances":1},{"id":26,"instances":1},{"id":27,"instances":1},{"id":29,"instances":1},{"id":30,"instances":1},{"id":31,"instances":1},{"id":32,"instances":1},{"id":33,"instances":1},{"id":34,"instances":1},{"id":35,"instances":1}]},{"name":"Spirit Beast","id":181,"guid":57008383,"type":"Pet","icon":"abilities/ability_hunter_beastcall","petOwner":180,"fights":[{"id":24,"instances":1},{"id":31,"instances":1},{"id":33,"instances":1},{"id":34,"instances":1},{"id":35,"instances":1},{"id":36,"instances":1}]},{"name":"Magus of the Dead","id":50,"guid":163366,"type":"Pet","icon":"abilities/artifactability_unholydeathknight_deathsembrace","petOwner":24,"fights":[{"id":1,"instances":1},{"id":3,"instances":4},{"id":5,"instances":2},{"id":7,"instances":3},{"id":8,"instances":2},{"id":9,"instances":3},{"id":11,"instances":3},{"id":12,"instances":4},{"id":13,"instances":3},{"id":14,"instances":4},{"id":15,"instances":1},{"id":16,"instances":5},{"id":17,"instances":1},{"id":18,"instances":1},{"id":20,"instances":4},{"id":22,"instances":1},{"id":24,"instances":4},{"id":25,"instances":2},{"id":27,"instances":3},{"id":29,"instances":2},{"id":30,"instances":1},{"id":33,"instances":4},{"id":34,"instances":2}]},{"name":"Infernal","id":118,"guid":89,"type":"Pet","icon":"abilities/spell_shadow_summoninfernal","petOwner":7,"fights":[{"id":9,"instances":2},{"id":27,"instances":10}]},{"name":"Demonic Gateway","id":110,"guid":59262,"type":"Pet","icon":"custom-icon-trade_engineering","petOwner":6,"fights":[{"id":8,"instances":1},{"id":24,"instances":1}]},{"name":"Spirit Wolf","id":82,"guid":29264,"type":"Pet","icon":"abilities/spell_shaman_feralspirit","petOwner":10,"fights":[{"id":3,"instances":2},{"id":7,"instances":2},{"id":11,"instances":2},{"id":12,"instances":2},{"id":14,"instances":2},{"id":16,"instances":4},{"id":20,"instances":4},{"id":24,"instances":2},{"id":27,"instances":2},{"id":33,"instances":2}]},{"name":"Xuen","id":66,"guid":63508,"type":"Pet","icon":"abilities/ability_monk_prideofthetiger","petOwner":17,"fights":[{"id":2,"instances":1},{"id":3,"instances":3},{"id":5,"instances":1},{"id":6,"instances":2},{"id":7,"instances":2},{"id":9,"instances":3},{"id":10,"instances":1},{"id":11,"instances":3},{"id":12,"instances":4},{"id":13,"instances":1},{"id":14,"instances":3},{"id":16,"instances":6},{"id":18,"instances":1},{"id":20,"instances":4},{"id":24,"instances":3},{"id":27,"instances":3},{"id":33,"instances":3},{"id":35,"instances":1}]},{"name":"Demonic Gateway","id":69,"guid":59262,"type":"Pet","icon":"custom-icon-trade_engineering","petOwner":22,"fights":[{"id":11,"instances":1}]}],"enemyPets":[{"name":"Doomguard","id":178,"guid":11859,"type":"Pet","icon":"custom-icon-spell_shadow_shadowbolt","petOwner":22,"fights":[{"id":23,"instances":1}]}],"phases":[{"boss":2336,"phases":["Stage One: Cult of the Void","Stage Two: Death from Above","Stage Three: The Void Unleashed"]},{"boss":2327,"phases":["Obsidian Destroyer","Obsidian Statue"]},{"boss":2331,"phases":["Gathering Power","Unleashed Wrath"]},{"boss":2335,"phases":["Shadowy Carapace","Void-Tinged Carapace","Noxious Carapace"]}],"logVersion":16,"gameVersion":1,"title":"Ny'alotha","owner":"Astraeus","start":1602803119188,"end":1602807375925,"zone":24,"exportedCharacters":[{"id":50770329,"name":"Agilities","server":"Sargeras","region":"US"},{"id":25157,"name":"Astraeus","server":"Sargeras","region":"US"},{"id":43168671,"name":"Cloveresque","server":"Sargeras","region":"US"},{"id":49480944,"name":"Colener","server":"Sargeras","region":"US"},{"id":25150,"name":"Deathdefier","server":"Sargeras","region":"US"},{"id":143403,"name":"Demyx","server":"Sargeras","region":"US"},{"id":8619477,"name":"Doldra","server":"Sargeras","region":"US"},{"id":36599560,"name":"Enst","server":"Sargeras","region":"US"},{"id":462615,"name":"Fsizz","server":"Sargeras","region":"US"},{"id":14044284,"name":"Horsegodx","server":"Sargeras","region":"US"},{"id":21034388,"name":"Ichimage","server":"Sargeras","region":"US"},{"id":34567408,"name":"Jorm","server":"Sargeras","region":"US"},{"id":32112846,"name":"Lolislayerx","server":"Sargeras","region":"US"},{"id":31551588,"name":"Nezha","server":"Sargeras","region":"US"},{"id":33394112,"name":"Noeyesicries","server":"Sargeras","region":"US"},{"id":42331912,"name":"Recondo","server":"Sargeras","region":"US"},{"id":25148,"name":"Sopringlez","server":"Sargeras","region":"US"},{"id":51957930,"name":"Sponkxx","server":"Sargeras","region":"US"},{"id":48011916,"name":"Tnastylock","server":"Sargeras","region":"US"},{"id":52010492,"name":"Toniç","server":"Sargeras","region":"US"},{"id":53781,"name":"Umira","server":"Sargeras","region":"US"},{"id":14120212,"name":"Usbeohrn","server":"Sargeras","region":"US"},{"id":19797784,"name":"Vyny","server":"Sargeras","region":"US"},{"id":36979987,"name":"Walluss","server":"Sargeras","region":"US"},{"id":38785694,"name":"Weedgokux","server":"Sargeras","region":"US"},{"id":41940874,"name":"Wintersx","server":"Sargeras","region":"US"},{"id":11432949,"name":"Youngleaves","server":"Sargeras","region":"US"},{"id":50840666,"name":"Zhaidk","server":"Sargeras","region":"US"}]}