[{"timestamp":935411,"type":"combatantinfo","pin":"0","sourceID":5,"gear":[{"id":159310,"quality":3,"icon":"inv_helm_leather_kultirasdungeon_c_01.jpg","itemLevel":480,"bonusIDs":[5448,1647,4786,6511]},{"id":158075,"quality":6,"icon":"inv_heartofazeroth.jpg","itemLevel":515,"bonusIDs":[6316,4932,4933]},{"id":174133,"quality":4,"icon":"inv_shoulder_leatherraidnzoth_d_01.jpg","itemLevel":475,"bonusIDs":[4823,1502,4786,6509]},{"id":151116,"quality":3,"icon":"inv_shirt_06.jpg","itemLevel":1},{"id":159314,"quality":3,"icon":"inv_chest_leather_kultirasdungeon_c_01.jpg","itemLevel":480,"bonusIDs":[5448,1647,4786,6510]},{"id":159333,"quality":3,"icon":"inv_belt_leather_kultirasdungeon_c_01.jpg","itemLevel":475,"bonusIDs":[6536,6578,6579,6573,6515,1647,4786]},{"id":169070,"quality":4,"icon":"inv_pant_leather_kultirasdungeon_c_01.jpg","itemLevel":475,"bonusIDs":[6536,6578,6513,1532,4786,6516]},{"id":173516,"quality":3,"icon":"inv_boot_leatherraidnzoth_d_01.jpg","itemLevel":470,"bonusIDs":[6412,6513,6578,6579,6554,1527,4786]},{"id":160214,"quality":3,"icon":"inv_bracer_leather_zandalardungeon_c_01.jpg","itemLevel":475,"permanentEnchant":5971,"bonusIDs":[6536,6578,6513,1647,4786,6516]},{"id":173492,"quality":3,"icon":"inv_glove_leatherraidnzoth_d_01.jpg","itemLevel":470,"permanentEnchant":5937,"bonusIDs":[6412,4802,6513,6578,1527,4786,6516],"gems":[{"id":168637,"itemLevel":120,"icon":"inv_misc_metagem_b.jpg"}]},{"id":174533,"quality":4,"icon":"inv_70_quest_ring7c.jpg","itemLevel":470,"permanentEnchant":6108,"bonusIDs":[4823,1808,6578,6513,1502,4786,6516],"gems":[{"id":168639,"itemLevel":120,"icon":"inv_misc_gem_x4_uncommon_perfectcut_orange.jpg"}]},{"id":174531,"quality":4,"icon":"inv_70_pvp_ring2c.jpg","itemLevel":460,"permanentEnchant":6108,"bonusIDs":[4823,6578,6579,6547,6515,1502,4786]},{"id":174500,"quality":4,"icon":"spell_nature_lightningoverload.jpg","itemLevel":460,"bonusIDs":[4823,1502,4786,6514],"gems":[{"id":168639,"itemLevel":120,"icon":"inv_misc_gem_x4_uncommon_perfectcut_orange.jpg"}]},{"id":159617,"quality":3,"icon":"inv_icon_feather06a.jpg","itemLevel":465,"bonusIDs":[6536,4802,6515,1637,4786],"gems":[{"id":168639,"itemLevel":120,"icon":"inv_misc_gem_x4_uncommon_perfectcut_orange.jpg"}]},{"id":169223,"quality":5,"icon":"inv_misc_cape_deathwingraid_d_03.jpg","itemLevel":500,"bonusIDs":[6590,1472]},{"id":159653,"quality":3,"icon":"inv_hand_1h_battledungeon_c_01.jpg","itemLevel":465,"permanentEnchant":5962,"bonusIDs":[6536,6516,6513,1637,4786]},{"id":172197,"quality":4,"icon":"inv_hand_1h_nzothraid_d_01.jpg","itemLevel":460,"permanentEnchant":5965,"bonusIDs":[4823,6569,6578,6579,1502,4786,6514],"gems":[{"id":168639,"itemLevel":120,"icon":"inv_misc_gem_x4_uncommon_perfectcut_orange.jpg"}]},{"id":46874,"quality":3,"icon":"inv_shirt_guildtabard_01.jpg","itemLevel":1}],"auras":[{"source":5,"ability":297039,"stacks":1,"icon":"spell_misc_food.jpg","name":"Well Fed"},{"source":5,"ability":297147,"stacks":1,"icon":"inv__azerite-explosion.jpg"},{"source":5,"ability":298836,"stacks":1,"icon":"trade_alchemy_dpotion_c26.jpg","name":"Greater Flask of the Currents"},{"source":2,"ability":21562,"stacks":1,"icon":"spell_holy_wordfortitude.jpg","name":"Power Word: Fortitude"},{"source":12,"ability":166646,"stacks":1,"icon":"monk_stance_whitetiger.jpg"},{"source":5,"ability":295834,"stacks":1,"icon":"spell_azerite_essence14.jpg"},{"source":5,"ability":317065,"stacks":1,"icon":"creatureportrait_altarofearth_01.jpg","name":"Battle-Scarred Augmentation"}],"faction":0,"specID":577,"strength":1215,"agility":12034,"stamina":28404,"intellect":1000,"dodge":0,"parry":0,"block":0,"armor":3743,"critMelee":1248,"critRanged":1248,"critSpell":1248,"speed":0,"leech":0,"hasteMelee":1195,"hasteRanged":1195,"hasteSpell":1195,"avoidance":0,"mastery":1052,"versatilityDamageDone":1129,"versatilityHealingDone":1129,"versatilityDamageReduction":1129,"talents":[{"id":206478,"icon":"ability_creature_poison_01_purple.jpg"},{"id":258920,"icon":"ability_demonhunter_immolation.jpg"},{"id":258881,"icon":"ability_demonhunter_bladedance.jpg"},{"id":204909,"icon":"ability_demonhunter_soulcleave2.jpg"},{"id":206416,"icon":"ability_deathwing_bloodcorruption_death.jpg"},{"id":211881,"icon":"ability_bossfellord_felspike.jpg"},{"id":213410,"icon":"spell_shadow_demonform.jpg"}],"pvpTalents":[{"id":208683,"icon":"ability_pvp_gladiatormedallion.jpg"},{"id":235893,"icon":"artifactability_havocdemonhunter_anguishofthedeceiver.jpg"},{"id":227635,"icon":"ability_demonhunter_darkness.jpg"},{"id":205596,"icon":"inv_misc_steelweaponchain.jpg"}],"artifact":[{"traitID":159,"rank":480,"spellID":273231,"icon":"ability_demonhunter_eyebeam.jpg","slot":0},{"traitID":220,"rank":480,"spellID":288754,"icon":"ability_demonhunter_glide.jpg","slot":0},{"traitID":30,"rank":480,"spellID":266180,"icon":"ability_vehicle_electrocharge.jpg","slot":0},{"traitID":15,"rank":480,"spellID":263962,"icon":"ability_vehicle_shellshieldgenerator_green.jpg","slot":0},{"traitID":13,"rank":480,"spellID":263978,"icon":"inv_smallazeriteshard.jpg","slot":0},{"traitID":353,"rank":475,"spellID":278500,"icon":"spell_warlock_soulburn.jpg","slot":2},{"traitID":159,"rank":475,"spellID":273231,"icon":"ability_demonhunter_eyebeam.jpg","slot":2},{"traitID":21,"rank":475,"spellID":263984,"icon":"ability_skyreach_four_wind.jpg","slot":2},{"traitID":85,"rank":475,"spellID":268596,"icon":"inv_jewelcrafting_argusgemcut_yellow_miscicons.jpg","slot":2},{"traitID":13,"rank":475,"spellID":263978,"icon":"inv_smallazeriteshard.jpg","slot":2},{"traitID":126,"rank":480,"spellID":279581,"icon":"ability_demonhunter_bladedance.jpg","slot":4},{"traitID":159,"rank":480,"spellID":273231,"icon":"ability_demonhunter_eyebeam.jpg","slot":4},{"traitID":459,"rank":480,"spellID":279899,"icon":"inv_ember.jpg","slot":4},{"traitID":85,"rank":480,"spellID":268596,"icon":"inv_jewelcrafting_argusgemcut_yellow_miscicons.jpg","slot":4},{"traitID":13,"rank":480,"spellID":263978,"icon":"inv_smallazeriteshard.jpg","slot":4}],"heartOfAzeroth":[{"traitID":14,"rank":3,"spellID":299358,"icon":"spell_azerite_essence14.jpg","slot":0,"isMajor":true},{"traitID":14,"rank":3,"spellID":299357,"icon":"spell_azerite_essence14.jpg","slot":0,"isMajor":false},{"traitID":35,"rank":3,"spellID":311198,"icon":"ability_essence_reapingflames.jpg","slot":1,"isMajor":false},{"traitID":23,"rank":3,"spellID":298275,"icon":"inv__azerite-explosion.jpg","slot":2,"isMajor":false},{"traitID":32,"rank":3,"spellID":304123,"icon":"spell_azerite_essence_17.jpg","slot":3,"isMajor":false}]},{"timestamp":935411,"type":"combatantinfo","pin":"0","sourceID":6,"gear":[{"id":157953,"quality":3,"icon":"inv_helm_mail_zandalarquest_b_01.jpg","itemLevel":450,"bonusIDs":[1637,4786,6505]},{"id":158075,"quality":6,"icon":"inv_heartofazeroth.jpg","itemLevel":507,"bonusIDs":[6316,4932,4933]},{"id":174152,"quality":4,"icon":"inv_shoulder_mail_nzothraid_d_01.jpg","itemLevel":465,"bonusIDs":[4823,1502,4786,6509]},{"id":98080,"quality":3,"icon":"inv_shirt_red_01.jpg","itemLevel":1},{"id":173840,"quality":3,"icon":"inv_chest_mail_nzothraid_d_01.jpg","itemLevel":450,"bonusIDs":[1502,4786,6504]},{"id":159361,"quality":3,"icon":"inv_belt_mail_zandalardungeon_c_01.jpg","itemLevel":455,"bonusIDs":[5006,4802,6578,6579,6544,6515,1627,4786],"gems":[{"id":168640,"itemLevel":120,"icon":"inv_misc_gem_x4_uncommon_perfectcut_purple.jpg"}]},{"id":174255,"quality":4,"icon":"inv_pant_mail_nzothraid_d_01.jpg","itemLevel":445,"bonusIDs":[4822,1808,6516,6513,1487,4786],"gems":[{"id":153708,"itemLevel":120,"icon":"inv_jewelcrafting_80_specialgemcut01.jpg"}]},{"id":173517,"quality":3,"icon":"inv_boot_mail_nzothraid_d_01.jpg","itemLevel":445,"bonusIDs":[6412,4803,6515,6578,6579,6544,1502,4786]},{"id":173453,"quality":3,"icon":"inv_bracer_mail_nzothraid_d_01.jpg","itemLevel":450,"bonusIDs":[6412,4803,6515,6578,1507,4786,6516]},{"id":157920,"quality":3,"icon":"inv_glove_mail_zandalarquest_b_01.jpg","itemLevel":445,"bonusIDs":[4803,6578,6579,6439,6470,6513,1637,4786]},{"id":174268,"quality":4,"icon":"inv_70_raid_ring3c.jpg","itemLevel":445,"permanentEnchant":6108,"bonusIDs":[4822,1808,6516,6513,1487,4786],"gems":[{"id":168637,"itemLevel":120,"icon":"inv_misc_metagem_b.jpg"}]},{"id":159462,"quality":3,"icon":"inv_ring_80_06e.jpg","itemLevel":440,"permanentEnchant":6110,"bonusIDs":[4780,6578,6515,1612,4786,6516]},{"id":174044,"quality":4,"icon":"inv_misc_scales_stonypale.jpg","itemLevel":460,"bonusIDs":[4823,6513,1502,4786]},{"id":158374,"quality":3,"icon":"inv_alchemy_71_potion4.jpg","itemLevel":445,"bonusIDs":[5006,6513,1617,4786]},{"id":169223,"quality":5,"icon":"inv_misc_cape_deathwingraid_d_03.jpg","itemLevel":500,"bonusIDs":[6580,1472]},{"id":158112,"quality":3,"icon":"inv_bow_1h_zandalarquest_b_01.jpg","itemLevel":445,"permanentEnchant":5955,"bonusIDs":[4803,4802,6516,6513,1637,4786],"gems":[{"id":168641,"itemLevel":120,"icon":"inv_misc_gem_x4_uncommon_perfectcut_yellow.jpg"}]},{"id":0,"quality":1,"icon":"inv_axe_02.jpg","itemLevel":0},{"id":65909,"quality":2,"icon":"inv_misc_tabard_dragonmawclan.jpg","itemLevel":85}],"auras":[{"source":6,"ability":298836,"stacks":1,"icon":"trade_alchemy_dpotion_c26.jpg","name":"Greater Flask of the Currents"},{"source":2,"ability":21562,"stacks":1,"icon":"spell_holy_wordfortitude.jpg","name":"Power Word: Fortitude"},{"source":6,"ability":270058,"stacks":1,"icon":"creatureportrait_altarofearth_01.jpg","name":"Battle-Scarred Augmentation"},{"source":12,"ability":166646,"stacks":1,"icon":"monk_stance_whitetiger.jpg"},{"source":6,"ability":295246,"stacks":1,"icon":"inv_azerite-area-denial.jpg"},{"source":6,"ability":297147,"stacks":1,"icon":"inv__azerite-explosion.jpg"},{"source":6,"ability":295834,"stacks":1,"icon":"spell_azerite_essence14.jpg"}],"faction":0,"specID":253,"strength":892,"agility":11002,"stamina":22838,"intellect":1205,"dodge":0,"parry":0,"block":0,"armor":4465,"critMelee":1140,"critRanged":1140,"critSpell":1140,"speed":0,"leech":0,"hasteMelee":1489,"hasteRanged":1489,"hasteSpell":1489,"avoidance":0,"mastery":1294,"versatilityDamageDone":193,"versatilityHealingDone":193,"versatilityDamageReduction":193,"talents":[{"id":267116,"icon":"ability_hunter_bestialdiscipline.jpg"},{"id":199528,"icon":"icon_upgradestone_beast_uncommon.jpg"},{"id":270581,"icon":"ability_hunter_onewithnature.jpg"},{"id":257944,"icon":"ability_hunter_thrillofthehunt.jpg"},{"id":109215,"icon":"ability_hunter_posthaste.jpg"},{"id":199530,"icon":"warrior_talent_icon_thunderstruck.jpg"},{"id":191384,"icon":"ability_deathwing_assualtaspects.jpg"}],"pvpTalents":[{"id":196029,"icon":"ability_bossdarkvindicator_auraofcontempt.jpg"},{"id":212668,"icon":"ability_hunter_beastwithin.jpg"},{"id":205691,"icon":"hunter_pvp_direbeastbasilisk.jpg"},{"id":202589,"icon":"inv_misc_deepseascales.jpg"}],"artifact":[{"traitID":211,"rank":450,"spellID":274441,"icon":"ability_druid_mangle.jpg","slot":0},{"traitID":367,"rank":450,"spellID":278529,"icon":"ability_hunter_barbedshot.jpg","slot":0},{"traitID":30,"rank":450,"spellID":266180,"icon":"ability_vehicle_electrocharge.jpg","slot":0},{"traitID":44,"rank":450,"spellID":268599,"icon":"inv_misc_monsterfang_02.jpg","slot":0},{"traitID":13,"rank":450,"spellID":263978,"icon":"inv_smallazeriteshard.jpg","slot":0},{"traitID":211,"rank":465,"spellID":274441,"icon":"ability_druid_mangle.jpg","slot":2},{"traitID":161,"rank":465,"spellID":273262,"icon":"ability_druid_ferociousbite.jpg","slot":2},{"traitID":22,"rank":465,"spellID":263987,"icon":"spell_shaman_thunderstorm.jpg","slot":2},{"traitID":83,"rank":465,"spellID":268437,"icon":"inv_pet_inquisitoreye.jpg","slot":2},{"traitID":13,"rank":465,"spellID":263978,"icon":"inv_smallazeriteshard.jpg","slot":2},{"traitID":161,"rank":450,"spellID":273262,"icon":"ability_druid_ferociousbite.jpg","slot":4},{"traitID":365,"rank":450,"spellID":287093,"icon":"ability_hunter_longevity.jpg","slot":4},{"traitID":31,"rank":450,"spellID":266937,"icon":"ability_criticalstrike.jpg","slot":4},{"traitID":15,"rank":450,"spellID":263962,"icon":"ability_vehicle_shellshieldgenerator_green.jpg","slot":4},{"traitID":13,"rank":450,"spellID":263978,"icon":"inv_smallazeriteshard.jpg","slot":4}],"heartOfAzeroth":[{"traitID":14,"rank":3,"spellID":299358,"icon":"spell_azerite_essence14.jpg","slot":0,"isMajor":true},{"traitID":14,"rank":3,"spellID":299357,"icon":"spell_azerite_essence14.jpg","slot":0,"isMajor":false},{"traitID":23,"rank":3,"spellID":298275,"icon":"inv__azerite-explosion.jpg","slot":1,"isMajor":false},{"traitID":35,"rank":3,"spellID":311198,"icon":"ability_essence_reapingflames.jpg","slot":2,"isMajor":false},{"traitID":5,"rank":3,"spellID":299337,"icon":"inv_azerite-area-denial.jpg","slot":3,"isMajor":false}]},{"timestamp":935411,"type":"combatantinfo","pin":"0","sourceID":7,"gear":[{"id":174118,"quality":4,"icon":"inv_helm_cloth_nzothraid_d_01.jpg","itemLevel":475,"bonusIDs":[4823,1502,4786,6508]},{"id":158075,"quality":6,"icon":"inv_heartofazeroth.jpg","itemLevel":521,"bonusIDs":[6316,4932,4933]},{"id":174117,"quality":4,"icon":"inv_shoulder_cloth_nzothraid_d_01.jpg","itemLevel":475,"bonusIDs":[4823,1502,4786,6509]},{"id":151116,"quality":3,"icon":"inv_shirt_06.jpg","itemLevel":1},{"id":169072,"quality":4,"icon":"inv_chest_cloth_kultirasdungeon_c_01.jpg","itemLevel":480,"bonusIDs":[5448,1532,4786,6510]},{"id":158346,"quality":3,"icon":"inv_belt_cloth_kultirasdungeon_c_01.jpg","itemLevel":465,"bonusIDs":[6534,6516,6513,1637,4786]},{"id":173811,"quality":3,"icon":"inv_pant_cloth_nzothraid_d_01.jpg","itemLevel":470,"bonusIDs":[6412,6515,6578,6579,6544,1527,4786]},{"id":173495,"quality":3,"icon":"inv_boot_cloth_nzothraid_d_01.jpg","itemLevel":470,"bonusIDs":[6412,6515,6578,6579,6554,1527,4786]},{"id":173437,"quality":3,"icon":"inv_bracer_cloth_nzothraid_d_01.jpg","itemLevel":460,"bonusIDs":[6412,6513,6578,6579,6482,6470,1517,4786]},{"id":174125,"quality":4,"icon":"inv_glove_cloth_nzothraid_d_01.jpg","itemLevel":475,"bonusIDs":[4824,1808,6516,6515,1517,4786],"gems":[{"id":168639,"itemLevel":120,"icon":"inv_misc_gem_x4_uncommon_perfectcut_orange.jpg"}]},{"id":169156,"quality":4,"icon":"inv_jewelry_mech_ring_blue.jpg","itemLevel":465,"permanentEnchant":6108,"bonusIDs":[6536,6516,6515,1522,4786]},{"id":169157,"quality":4,"icon":"inv_jewelry_mech_ring_blue.jpg","itemLevel":465,"permanentEnchant":6108,"bonusIDs":[6536,4802,6516,6515,1522,4786],"gems":[{"id":168639,"itemLevel":120,"icon":"inv_misc_gem_x4_uncommon_perfectcut_orange.jpg"}]},{"id":174500,"quality":4,"icon":"spell_nature_lightningoverload.jpg","itemLevel":460,"bonusIDs":[4823,6515,1502,4786]},{"id":174060,"quality":4,"icon":"ability_demonhunter_soulcleave2.jpg","itemLevel":475,"bonusIDs":[4824,6515,1517,4786]},{"id":169223,"quality":5,"icon":"inv_misc_cape_deathwingraid_d_03.jpg","itemLevel":500,"permanentEnchant":6088,"bonusIDs":[6589,1472]},{"id":158321,"quality":3,"icon":"inv_wand_1h_battledungeon_c_01.jpg","itemLevel":465,"permanentEnchant":5965,"bonusIDs":[6534,4802,6516,6515,1637,4786],"gems":[{"id":168641,"itemLevel":120,"icon":"inv_misc_gem_x4_uncommon_perfectcut_yellow.jpg"}]},{"id":159668,"quality":3,"icon":"inv_offhand_1h_battledungeon_c_01.jpg","itemLevel":465,"bonusIDs":[6536,6516,6515,1637,4786]},{"id":0,"quality":1,"icon":"inv_axe_02.jpg","itemLevel":0}],"auras":[{"source":7,"ability":295246,"stacks":1,"icon":"inv_azerite-area-denial.jpg"},{"source":7,"ability":298268,"stacks":1,"icon":"spell_azerite_essence05.jpg"},{"source":7,"ability":295834,"stacks":1,"icon":"spell_azerite_essence14.jpg"},{"source":7,"ability":298837,"stacks":1,"icon":"trade_alchemy_dpotion_c25.jpg","name":"Greater Flask of Endless Fathoms"},{"source":2,"ability":21562,"stacks":1,"icon":"spell_holy_wordfortitude.jpg","name":"Power Word: Fortitude"},{"source":12,"ability":166646,"stacks":1,"icon":"monk_stance_whitetiger.jpg"}],"faction":0,"specID":258,"strength":852,"agility":1220,"stamina":27962,"intellect":14271,"dodge":0,"parry":0,"block":0,"armor":2252,"critMelee":2484,"critRanged":2484,"critSpell":2484,"speed":0,"leech":53,"hasteMelee":1852,"hasteRanged":1852,"hasteSpell":1852,"avoidance":0,"mastery":591,"versatilityDamageDone":119,"versatilityHealingDone":119,"versatilityDamageReduction":119,"talents":[{"id":205351,"icon":"spell_mage_presenceofmind.jpg"},{"id":64129,"icon":"spell_holy_symbolofhope.jpg"},{"id":109142,"icon":"spell_shadow_mindtwisting.jpg"},{"id":64044,"icon":"spell_shadow_psychichorrors.jpg"},{"id":155271,"icon":"ability_priest_auspiciousspirits.jpg"},{"id":199849,"icon":"spell_shadow_twistedfaith.jpg"},{"id":193225,"icon":"inv_enchant_voidcrystal.jpg"}],"pvpTalents":[{"id":214027,"icon":"sha_ability_rogue_sturdyrecuperate.jpg"},{"id":228630,"icon":"ability_priest_shadowyapparition.jpg"},{"id":211522,"icon":"spell_priest_psyfiend.jpg"},{"id":213602,"icon":"spell_magic_lesserinvisibilty.jpg"}],"artifact":[{"traitID":403,"rank":475,"spellID":277682,"icon":"ability_priest_shadowyapparition.jpg","slot":0},{"traitID":405,"rank":475,"spellID":278661,"icon":"spell_priest_void-flay.jpg","slot":0},{"traitID":31,"rank":475,"spellID":266937,"icon":"ability_criticalstrike.jpg","slot":0},{"traitID":83,"rank":475,"spellID":268437,"icon":"inv_pet_inquisitoreye.jpg","slot":0},{"traitID":13,"rank":475,"spellID":263978,"icon":"inv_smallazeriteshard.jpg","slot":0},{"traitID":236,"rank":475,"spellID":275722,"icon":"inv_misc_eye_03.jpg","slot":2},{"traitID":405,"rank":475,"spellID":278661,"icon":"spell_priest_void-flay.jpg","slot":2},{"traitID":18,"rank":475,"spellID":264108,"icon":"ability_deathknight_deathsiphon2.jpg","slot":2},{"traitID":204,"rank":475,"spellID":274366,"icon":"spell_magic_lesserinvisibilty.jpg","slot":2},{"traitID":13,"rank":475,"spellID":263978,"icon":"inv_smallazeriteshard.jpg","slot":2},{"traitID":405,"rank":480,"spellID":278661,"icon":"spell_priest_void-flay.jpg","slot":4},{"traitID":403,"rank":480,"spellID":277682,"icon":"ability_priest_shadowyapparition.jpg","slot":4},{"traitID":21,"rank":480,"spellID":263984,"icon":"ability_skyreach_four_wind.jpg","slot":4},{"traitID":14,"rank":480,"spellID":268594,"icon":"rogue_burstofspeed.jpg","slot":4},{"traitID":13,"rank":480,"spellID":263978,"icon":"inv_smallazeriteshard.jpg","slot":4}],"heartOfAzeroth":[{"traitID":14,"rank":3,"spellID":299358,"icon":"spell_azerite_essence14.jpg","slot":0,"isMajor":true},{"traitID":14,"rank":3,"spellID":299357,"icon":"spell_azerite_essence14.jpg","slot":0,"isMajor":false},{"traitID":27,"rank":4,"spellID":299373,"icon":"spell_azerite_essence05.jpg","slot":1,"isMajor":false},{"traitID":35,"rank":4,"spellID":311198,"icon":"ability_essence_reapingflames.jpg","slot":2,"isMajor":false},{"traitID":5,"rank":4,"spellID":299337,"icon":"inv_azerite-area-denial.jpg","slot":3,"isMajor":false}]},{"timestamp":935411,"type":"combatantinfo","pin":"0","sourceID":8,"gear":[{"id":174132,"quality":4,"icon":"inv_helm_leatherraidnzoth_d_01.jpg","itemLevel":465,"bonusIDs":[4823,1502,4786,6508]},{"id":158075,"quality":6,"icon":"inv_heartofazeroth.jpg","itemLevel":507,"bonusIDs":[4932,4933,6316]},{"id":157915,"quality":3,"icon":"inv_shoulder_leather_zandalarquest_b_01.jpg","itemLevel":450,"bonusIDs":[1637,4786,6506]},{"id":0,"quality":1,"icon":"inv_axe_02.jpg","itemLevel":0},{"id":174136,"quality":4,"icon":"inv_chest_leatherraidnzoth_d_01.jpg","itemLevel":475,"bonusIDs":[4823,1502,4786,6507]},{"id":174142,"quality":4,"icon":"inv_belt_leatherraidnzoth_d_01.jpg","itemLevel":460,"bonusIDs":[4823,6516,6513,1502,4786]},{"id":159345,"quality":3,"icon":"inv_pant_leather_kultirasdungeon_c_01.jpg","itemLevel":440,"bonusIDs":[4780,6578,6579,6554,6513,1612,4786]},{"id":165473,"quality":3,"icon":"inv_leather_warfrontsforsaken_d_01boot.jpg","itemLevel":460,"bonusIDs":[5845,6516,1577,4786]},{"id":169069,"quality":4,"icon":"inv_bracer_leather_kultirasdungeon_c_01.jpg","itemLevel":470,"bonusIDs":[6530,6578,6515,1527,4786,6516]},{"id":159346,"quality":3,"icon":"inv_glove_leather_kultirasdungeon_c_01.jpg","itemLevel":460,"bonusIDs":[6528,6516,6515,1632,4786]},{"id":174532,"quality":4,"icon":"inv_70_raid_ring6a.jpg","itemLevel":460,"bonusIDs":[4823,6516,6513,1502,4786]},{"id":162548,"quality":3,"icon":"inv_misc_primitive_ring25.jpg","itemLevel":455,"bonusIDs":[5009,6516,6515,1627,4786]},{"id":174044,"quality":4,"icon":"inv_misc_scales_stonypale.jpg","itemLevel":460,"bonusIDs":[4823,41,6513,1502,4786]},{"id":173943,"quality":4,"icon":"ability_xavius_tormentingdetonation.jpg","itemLevel":460,"bonusIDs":[4823,6515,1502,4786]},{"id":169223,"quality":5,"icon":"inv_misc_cape_deathwingraid_d_03.jpg","itemLevel":500,"bonusIDs":[6581,1472]},{"id":172197,"quality":4,"icon":"inv_hand_1h_nzothraid_d_01.jpg","itemLevel":460,"permanentEnchant":6148,"bonusIDs":[4823,6569,6578,6579,6513,1502,4786]},{"id":174105,"quality":4,"icon":"inv_sword_1h_nzothraid_d_01.jpg","itemLevel":460,"permanentEnchant":5962,"bonusIDs":[4823,6516,6513,1502,4786]},{"id":0,"quality":1,"icon":"inv_axe_02.jpg","itemLevel":0}],"auras":[{"source":8,"ability":295246,"stacks":1,"icon":"inv_azerite-area-denial.jpg"},{"source":8,"ability":295365,"stacks":1,"icon":"inv_radientazeritematrix.jpg"},{"source":8,"ability":298836,"stacks":1,"icon":"trade_alchemy_dpotion_c26.jpg","name":"Greater Flask of the Currents"},{"source":12,"ability":166646,"stacks":1,"icon":"monk_stance_whitetiger.jpg"},{"source":2,"ability":21562,"stacks":1,"icon":"spell_holy_wordfortitude.jpg","name":"Power Word: Fortitude"}],"faction":0,"specID":577,"strength":1215,"agility":11468,"stamina":25142,"intellect":1000,"dodge":0,"parry":0,"block":0,"armor":3343,"critMelee":1105,"critRanged":1105,"critSpell":1105,"speed":0,"leech":103,"hasteMelee":984,"hasteRanged":984,"hasteSpell":984,"avoidance":0,"mastery":981,"versatilityDamageDone":740,"versatilityHealingDone":740,"versatilityDamageReduction":740,"talents":[{"id":203550,"icon":"ability_bosskilrogg_deadeye.jpg"},{"id":258920,"icon":"ability_demonhunter_immolation.jpg"},{"id":258881,"icon":"ability_demonhunter_bladedance.jpg"},{"id":204909,"icon":"ability_demonhunter_soulcleave2.jpg"},{"id":206416,"icon":"ability_deathwing_bloodcorruption_death.jpg"},{"id":211881,"icon":"ability_bossfellord_felspike.jpg"},{"id":213410,"icon":"spell_shadow_demonform.jpg"}],"pvpTalents":[{"id":208683,"icon":"ability_pvp_gladiatormedallion.jpg"},{"id":227635,"icon":"ability_demonhunter_darkness.jpg"},{"id":206803,"icon":"ability_demonhunter_rain-from-above.jpg"},{"id":205604,"icon":"ability_demonhunter_reversemagic.jpg"}],"artifact":[{"traitID":159,"rank":465,"spellID":273231,"icon":"ability_demonhunter_eyebeam.jpg","slot":0},{"traitID":126,"rank":465,"spellID":279581,"icon":"ability_demonhunter_bladedance.jpg","slot":0},{"traitID":22,"rank":465,"spellID":263987,"icon":"spell_shaman_thunderstorm.jpg","slot":0},{"traitID":466,"rank":465,"spellID":280012,"icon":"spell_misc_zandalari_council_soulswap.jpg","slot":0},{"traitID":13,"rank":465,"spellID":263978,"icon":"inv_smallazeriteshard.jpg","slot":0},{"traitID":159,"rank":450,"spellID":273231,"icon":"ability_demonhunter_eyebeam.jpg","slot":2},{"traitID":353,"rank":450,"spellID":278500,"icon":"spell_warlock_soulburn.jpg","slot":2},{"traitID":461,"rank":450,"spellID":279926,"icon":"inv_smallazeritefragment.jpg","slot":2},{"traitID":466,"rank":450,"spellID":280012,"icon":"spell_misc_zandalari_council_soulswap.jpg","slot":2},{"traitID":13,"rank":450,"spellID":263978,"icon":"inv_smallazeriteshard.jpg","slot":2},{"traitID":220,"rank":475,"spellID":288754,"icon":"ability_demonhunter_glide.jpg","slot":4},{"traitID":159,"rank":475,"spellID":273231,"icon":"ability_demonhunter_eyebeam.jpg","slot":4},{"traitID":22,"rank":475,"spellID":263987,"icon":"spell_shaman_thunderstorm.jpg","slot":4},{"traitID":85,"rank":475,"spellID":268596,"icon":"inv_jewelcrafting_argusgemcut_yellow_miscicons.jpg","slot":4},{"traitID":13,"rank":475,"spellID":263978,"icon":"inv_smallazeriteshard.jpg","slot":4}],"heartOfAzeroth":[{"traitID":35,"rank":2,"spellID":311194,"icon":"ability_essence_reapingflames.jpg","slot":0,"isMajor":true},{"traitID":35,"rank":2,"spellID":311197,"icon":"ability_essence_reapingflames.jpg","slot":0,"isMajor":false},{"traitID":32,"rank":2,"spellID":304089,"icon":"spell_azerite_essence_17.jpg","slot":1,"isMajor":false},{"traitID":12,"rank":1,"spellID":295365,"icon":"inv_radientazeritematrix.jpg","slot":2,"isMajor":false},{"traitID":5,"rank":3,"spellID":299337,"icon":"inv_azerite-area-denial.jpg","slot":3,"isMajor":false}]},{"timestamp":935411,"type":"combatantinfo","pin":"0","sourceID":1,"gear":[{"id":174151,"quality":4,"icon":"inv_helm_mail_nzothraid_d_01.jpg","itemLevel":475,"bonusIDs":[4823,1502,4786,6508]},{"id":158075,"quality":6,"icon":"inv_heartofazeroth.jpg","itemLevel":511,"bonusIDs":[6316,4932,4933]},{"id":174149,"quality":4,"icon":"inv_shoulder_mail_nzothraid_d_01.jpg","itemLevel":465,"bonusIDs":[4823,1502,4786,6509]},{"id":0,"quality":1,"icon":"inv_axe_02.jpg","itemLevel":0},{"id":159395,"quality":3,"icon":"inv_chest_mail_kultirasdungeon_c_01.jpg","itemLevel":450,"bonusIDs":[5442,1617,4786,6504]},{"id":174156,"quality":4,"icon":"inv_belt_mail_nzothraid_d_01.jpg","itemLevel":460,"bonusIDs":[4823,6516,6515,1502,4786]},{"id":173450,"quality":3,"icon":"inv_pant_mail_nzothraid_d_01.jpg","itemLevel":465,"bonusIDs":[6412,6513,6578,6579,6479,6470,1522,4786]},{"id":169053,"quality":4,"icon":"inv_boots_mail_kultirasdungeon_c_01.jpg","itemLevel":470,"bonusIDs":[6530,6578,6515,1527,4786,6516]},{"id":173473,"quality":3,"icon":"inv_bracer_mail_nzothraid_d_01.jpg","itemLevel":460,"bonusIDs":[6412,43,6513,6578,6579,6437,6455,1517,4786]},{"id":174162,"quality":4,"icon":"inv_glove_mail_nzothraid_d_01.jpg","itemLevel":460,"bonusIDs":[4823,6516,6515,1502,4786]},{"id":159463,"quality":3,"icon":"inv_ring_80_05a.jpg","itemLevel":465,"bonusIDs":[6536,6516,6515,1637,4786]},{"id":174530,"quality":4,"icon":"inv_70_raid_ring8d.jpg","itemLevel":460,"bonusIDs":[4823,1808,40,6578,6579,6477,6455,6513,1502,4786],"gems":[{"id":168641,"itemLevel":120,"icon":"inv_misc_gem_x4_uncommon_perfectcut_yellow.jpg"}]},{"id":174044,"quality":4,"icon":"inv_misc_scales_stonypale.jpg","itemLevel":460,"bonusIDs":[4823,41,6515,1502,4786]},{"id":174060,"quality":4,"icon":"ability_demonhunter_soulcleave2.jpg","itemLevel":460,"bonusIDs":[4823,6515,1502,4786]},{"id":169223,"quality":5,"icon":"inv_misc_cape_deathwingraid_d_03.jpg","itemLevel":492,"bonusIDs":[6283,1472]},{"id":172198,"quality":4,"icon":"inv_axe_1h_nzothraid_d_02.jpg","itemLevel":460,"permanentEnchant":6112,"bonusIDs":[4823,6570,6578,6579,1502,4786,6513]},{"id":169068,"quality":4,"icon":"inv_shield_1h_mechagnome_c_01.jpg","itemLevel":475,"bonusIDs":[6536,6578,6515,1532,4786,6516]},{"id":69210,"quality":4,"icon":"inv_epicguildtabard.jpg","itemLevel":1}],"auras":[{"source":1,"ability":295365,"stacks":1,"icon":"inv_radientazeritematrix.jpg"},{"source":1,"ability":2645,"stacks":1,"icon":"spell_nature_spiritwolf.jpg","name":"Ghost Wolf"},{"source":2,"ability":21562,"stacks":1,"icon":"spell_holy_wordfortitude.jpg","name":"Power Word: Fortitude"},{"source":1,"ability":298837,"stacks":1,"icon":"trade_alchemy_dpotion_c25.jpg","name":"Greater Flask of Endless Fathoms"},{"source":12,"ability":166646,"stacks":1,"icon":"monk_stance_whitetiger.jpg"}],"faction":0,"specID":262,"strength":633,"agility":1465,"stamina":25918,"intellect":14822,"dodge":0,"parry":0,"block":0,"armor":8910,"critMelee":1175,"critRanged":1175,"critSpell":1175,"speed":0,"leech":103,"hasteMelee":1203,"hasteRanged":1203,"hasteSpell":1203,"avoidance":96,"mastery":1262,"versatilityDamageDone":481,"versatilityHealingDone":481,"versatilityDamageReduction":481,"talents":[{"id":108283,"icon":"ability_shaman_echooftheelements.jpg"},{"id":273221,"icon":"spell_nature_stormreach.jpg"},{"id":260878,"icon":"spell_hunter_lonewolf.jpg"},{"id":16166,"icon":"spell_nature_elementalabsorption.jpg"},{"id":30884,"icon":"spell_nature_natureguardian.jpg"},{"id":117013,"icon":"shaman_talent_primalelementalist.jpg"},{"id":191634,"icon":"ability_thunderking_lightningwhip.jpg"}],"pvpTalents":[{"id":208683,"icon":"ability_pvp_gladiatormedallion.jpg"},{"id":204330,"icon":"spell_fire_totemofwrath.jpg"},{"id":204393,"icon":"spell_shaman_lavaflow.jpg"},{"id":204264,"icon":"spell_shaman_tidalwaves.jpg"}],"artifact":[{"traitID":416,"rank":475,"spellID":278697,"icon":"spell_nature_elementalprecision_1.jpg","slot":0},{"traitID":457,"rank":475,"spellID":279829,"icon":"spell_shaman_lavasurge.jpg","slot":0},{"traitID":30,"rank":475,"spellID":266180,"icon":"ability_vehicle_electrocharge.jpg","slot":0},{"traitID":15,"rank":475,"spellID":263962,"icon":"ability_vehicle_shellshieldgenerator_green.jpg","slot":0},{"traitID":13,"rank":475,"spellID":263978,"icon":"inv_smallazeriteshard.jpg","slot":0},{"traitID":416,"rank":465,"spellID":278697,"icon":"spell_nature_elementalprecision_1.jpg","slot":2},{"traitID":457,"rank":465,"spellID":279829,"icon":"spell_shaman_lavasurge.jpg","slot":2},{"traitID":30,"rank":465,"spellID":266180,"icon":"ability_vehicle_electrocharge.jpg","slot":2},{"traitID":207,"rank":465,"spellID":274412,"icon":"ability_shaman_astralshift.jpg","slot":2},{"traitID":13,"rank":465,"spellID":263978,"icon":"inv_smallazeriteshard.jpg","slot":2},{"traitID":447,"rank":450,"spellID":277666,"icon":"spell_shaman_improvedreincarnation.jpg","slot":4},{"traitID":416,"rank":450,"spellID":278697,"icon":"spell_nature_elementalprecision_1.jpg","slot":4},{"traitID":31,"rank":450,"spellID":266937,"icon":"ability_criticalstrike.jpg","slot":4},{"traitID":539,"rank":450,"spellID":287774,"icon":"inv_jewelry_talisman_06.jpg","slot":4},{"traitID":13,"rank":450,"spellID":263978,"icon":"inv_smallazeriteshard.jpg","slot":4}],"heartOfAzeroth":[{"traitID":35,"rank":3,"spellID":311195,"icon":"ability_essence_reapingflames.jpg","slot":0,"isMajor":true},{"traitID":35,"rank":3,"spellID":311198,"icon":"ability_essence_reapingflames.jpg","slot":0,"isMajor":false},{"traitID":36,"rank":3,"spellID":311306,"icon":"ability_essence_momentofglory.jpg","slot":1,"isMajor":false},{"traitID":12,"rank":4,"spellID":299350,"icon":"spell_azerite_essence_15.jpg","slot":2,"isMajor":false},{"traitID":37,"rank":3,"spellID":313920,"icon":"ability_essence_replicaofknowledge.jpg","slot":3,"isMajor":false}]},{"timestamp":935411,"type":"combatantinfo","pin":"0","sourceID":9,"gear":[{"id":174151,"quality":4,"icon":"inv_helm_mail_nzothraid_d_01.jpg","itemLevel":475,"bonusIDs":[4823,1502,4786,6508]},{"id":158075,"quality":6,"icon":"inv_heartofazeroth.jpg","itemLevel":513,"bonusIDs":[4932,4933,6316]},{"id":174152,"quality":4,"icon":"inv_shoulder_mail_nzothraid_d_01.jpg","itemLevel":480,"bonusIDs":[4824,1517,4786,6512]},{"id":18231,"quality":2,"icon":"inv_shirt_12.jpg","itemLevel":1},{"id":174147,"quality":4,"icon":"inv_chest_mail_nzothraid_d_01.jpg","itemLevel":475,"bonusIDs":[4823,1502,4786,6507]},{"id":173452,"quality":3,"icon":"inv_belt_mail_nzothraid_d_01.jpg","itemLevel":470,"bonusIDs":[6412,4802,42,6513,6578,6579,6562,1527,4786],"gems":[{"id":168639,"itemLevel":120,"icon":"inv_misc_gem_x4_uncommon_perfectcut_orange.jpg"}]},{"id":170443,"quality":4,"icon":"inv_pant_mail_nzothraidmythic_d_01.jpg","itemLevel":470,"bonusIDs":[1679,6482,6470],"gems":[{"id":168639,"itemLevel":120,"icon":"inv_misc_gem_x4_uncommon_perfectcut_orange.jpg"}]},{"id":170440,"quality":4,"icon":"inv_boot_mail_nzothraidmythic_d_01.jpg","itemLevel":470,"bonusIDs":[1706,6516],"gems":[{"id":168639,"itemLevel":120,"icon":"inv_misc_gem_x4_uncommon_perfectcut_orange.jpg"}]},{"id":159380,"quality":3,"icon":"inv_bracer_mail_zandalardungeon_c_01.jpg","itemLevel":465,"bonusIDs":[5010,4802,43,6578,6515,1637,4786,6482,6470],"gems":[{"id":168639,"itemLevel":120,"icon":"inv_misc_gem_x4_uncommon_perfectcut_orange.jpg"}]},{"id":173448,"quality":3,"icon":"inv_glove_mail_nzothraid_d_01.jpg","itemLevel":470,"bonusIDs":[6412,6578,1527,4786,6514,6482,6470],"gems":[{"id":168639,"itemLevel":120,"icon":"inv_misc_gem_x4_uncommon_perfectcut_orange.jpg"}]},{"id":175008,"quality":4,"icon":"inv_70_raid_ring8d.jpg","itemLevel":460,"permanentEnchant":6108,"bonusIDs":[4823,6516,6513,1502,4786],"gems":[{"id":168639,"itemLevel":120,"icon":"inv_misc_gem_x4_uncommon_perfectcut_orange.jpg"}]},{"id":159459,"quality":3,"icon":"inv_ring_80_03e.jpg","itemLevel":475,"permanentEnchant":6108,"bonusIDs":[6536,6578,6579,6564,6515,1647,4786]},{"id":174500,"quality":4,"icon":"spell_nature_lightningoverload.jpg","itemLevel":460,"bonusIDs":[4823,1502,4786,6514],"gems":[{"id":168639,"itemLevel":120,"icon":"inv_misc_gem_x4_uncommon_perfectcut_orange.jpg"}]},{"id":174044,"quality":4,"icon":"inv_misc_scales_stonypale.jpg","itemLevel":475,"bonusIDs":[4824,1808,6513,1517,4786],"gems":[{"id":168639,"itemLevel":120,"icon":"inv_misc_gem_x4_uncommon_perfectcut_orange.jpg"}]},{"id":169223,"quality":5,"icon":"inv_misc_cape_deathwingraid_d_03.jpg","itemLevel":500,"bonusIDs":[6590,1472]},{"id":172229,"quality":4,"icon":"inv_firearm_2h_nzothraid_d_01.jpg","itemLevel":470,"permanentEnchant":5950,"bonusIDs":[4823,41,6516,6513,1502,4786]},{"id":0,"quality":1,"icon":"inv_axe_02.jpg","itemLevel":0},{"id":0,"quality":1,"icon":"inv_axe_02.jpg","itemLevel":0}],"auras":[{"source":9,"ability":295246,"stacks":1,"icon":"inv_azerite-area-denial.jpg"},{"source":9,"ability":296320,"stacks":1,"icon":"spell_azerite_essence_18.jpg"},{"source":9,"ability":298836,"stacks":1,"icon":"trade_alchemy_dpotion_c26.jpg","name":"Greater Flask of the Currents"},{"source":2,"ability":21562,"stacks":1,"icon":"spell_holy_wordfortitude.jpg","name":"Power Word: Fortitude"},{"source":9,"ability":297039,"stacks":1,"icon":"spell_misc_food.jpg","name":"Well Fed"}],"faction":0,"specID":253,"strength":896,"agility":13869,"stamina":27970,"intellect":1200,"dodge":0,"parry":0,"block":0,"armor":5264,"critMelee":2878,"critRanged":2878,"critSpell":2878,"speed":106,"leech":196,"hasteMelee":1693,"hasteRanged":1693,"hasteSpell":1693,"avoidance":0,"mastery":694,"versatilityDamageDone":692,"versatilityHealingDone":692,"versatilityDamageReduction":692,"talents":[{"id":267116,"icon":"ability_hunter_bestialdiscipline.jpg"},{"id":199528,"icon":"icon_upgradestone_beast_uncommon.jpg"},{"id":270581,"icon":"ability_hunter_onewithnature.jpg"},{"id":257944,"icon":"ability_hunter_thrillofthehunt.jpg"},{"id":109215,"icon":"ability_hunter_posthaste.jpg"},{"id":199530,"icon":"warrior_talent_icon_thunderstruck.jpg"},{"id":199532,"icon":"ability_hunter_snaketrap.jpg"}],"pvpTalents":[{"id":208683,"icon":"ability_pvp_gladiatormedallion.jpg"},{"id":202746,"icon":"ability_rogue_feigndeath.jpg"},{"id":236776,"icon":"spell_fire_selfdestruct.jpg"},{"id":204190,"icon":"ability_hunter_invigeration.jpg"}],"artifact":[{"traitID":366,"rank":475,"spellID":279806,"icon":"spell_nature_protectionformnature.jpg","slot":0},{"traitID":211,"rank":475,"spellID":274441,"icon":"ability_druid_mangle.jpg","slot":0},{"traitID":30,"rank":475,"spellID":266180,"icon":"ability_vehicle_electrocharge.jpg","slot":0},{"traitID":15,"rank":475,"spellID":263962,"icon":"ability_vehicle_shellshieldgenerator_green.jpg","slot":0},{"traitID":13,"rank":475,"spellID":263978,"icon":"inv_smallazeriteshard.jpg","slot":0},{"traitID":211,"rank":480,"spellID":274441,"icon":"ability_druid_mangle.jpg","slot":2},{"traitID":161,"rank":480,"spellID":273262,"icon":"ability_druid_ferociousbite.jpg","slot":2},{"traitID":18,"rank":480,"spellID":264108,"icon":"ability_deathknight_deathsiphon2.jpg","slot":2},{"traitID":83,"rank":480,"spellID":268437,"icon":"inv_pet_inquisitoreye.jpg","slot":2},{"traitID":13,"rank":480,"spellID":263978,"icon":"inv_smallazeriteshard.jpg","slot":2},{"traitID":366,"rank":475,"spellID":279806,"icon":"spell_nature_protectionformnature.jpg","slot":4},{"traitID":211,"rank":475,"spellID":274441,"icon":"ability_druid_mangle.jpg","slot":4},{"traitID":30,"rank":475,"spellID":266180,"icon":"ability_vehicle_electrocharge.jpg","slot":4},{"traitID":14,"rank":475,"spellID":268594,"icon":"rogue_burstofspeed.jpg","slot":4},{"traitID":13,"rank":475,"spellID":263978,"icon":"inv_smallazeriteshard.jpg","slot":4}],"heartOfAzeroth":[{"traitID":22,"rank":3,"spellID":299370,"icon":"spell_azerite_essence_18.jpg","slot":0,"isMajor":true},{"traitID":22,"rank":3,"spellID":299369,"icon":"spell_azerite_essence_18.jpg","slot":0,"isMajor":false},{"traitID":37,"rank":3,"spellID":313920,"icon":"ability_essence_replicaofknowledge.jpg","slot":1,"isMajor":false},{"traitID":35,"rank":3,"spellID":311198,"icon":"ability_essence_reapingflames.jpg","slot":2,"isMajor":false},{"traitID":5,"rank":3,"spellID":299337,"icon":"inv_azerite-area-denial.jpg","slot":3,"isMajor":false}]},{"timestamp":935411,"type":"combatantinfo","pin":"0","sourceID":10,"gear":[{"id":174118,"quality":4,"icon":"inv_helm_cloth_nzothraid_d_01.jpg","itemLevel":475,"bonusIDs":[4823,1502,4786,6508]},{"id":158075,"quality":6,"icon":"inv_heartofazeroth.jpg","itemLevel":511,"bonusIDs":[4932,4933,6316]},{"id":174117,"quality":4,"icon":"inv_shoulder_cloth_nzothraid_d_01.jpg","itemLevel":475,"bonusIDs":[4823,1502,4786,6509]},{"id":0,"quality":1,"icon":"inv_axe_02.jpg","itemLevel":0},{"id":174115,"quality":4,"icon":"inv_chest_cloth_nzothraid_d_01.jpg","itemLevel":465,"bonusIDs":[4823,1502,4786,6507]},{"id":165470,"quality":3,"icon":"inv_belt_cloth_warfrontsforsaken_d_01.jpg","itemLevel":460,"bonusIDs":[5845,6578,6579,6545,1577,4786]},{"id":174121,"quality":4,"icon":"inv_pant_cloth_nzothraid_d_01.jpg","itemLevel":460,"bonusIDs":[4823,6578,6579,6474,6455,6513,1502,4786]},{"id":174123,"quality":4,"icon":"inv_boot_cloth_nzothraid_d_01.jpg","itemLevel":460,"bonusIDs":[4823,6516,6513,1502,4786]},{"id":174129,"quality":4,"icon":"inv_bracer_cloth_nzothraid_d_01.jpg","itemLevel":460,"bonusIDs":[4823,42,6578,6513,1502,4786,6516]},{"id":174125,"quality":4,"icon":"inv_glove_cloth_nzothraid_d_01.jpg","itemLevel":460,"bonusIDs":[4823,6516,6513,1502,4786]},{"id":174533,"quality":4,"icon":"inv_70_quest_ring7c.jpg","itemLevel":470,"permanentEnchant":6108,"bonusIDs":[4823,6516,6515,1502,4786]},{"id":174530,"quality":4,"icon":"inv_70_raid_ring8d.jpg","itemLevel":460,"permanentEnchant":6108,"bonusIDs":[4823,6513,1502,4786,6482,6470]},{"id":174060,"quality":4,"icon":"ability_demonhunter_soulcleave2.jpg","itemLevel":460,"bonusIDs":[4823,6515,1502,4786]},{"id":174103,"quality":4,"icon":"inv_offhand_hyjal_d_01.jpg","itemLevel":470,"bonusIDs":[4823,6513,1502,4786]},{"id":169223,"quality":5,"icon":"inv_misc_cape_deathwingraid_d_03.jpg","itemLevel":500,"bonusIDs":[6580,1472]},{"id":172189,"quality":4,"icon":"inv_wand_1h_nzothraid_d_01.jpg","itemLevel":460,"permanentEnchant":6112,"bonusIDs":[4823,42,6578,6515,1502,4786,6516]},{"id":172190,"quality":4,"icon":"inv_offhand_1h_nzothraid_d_01.jpg","itemLevel":460,"bonusIDs":[4823,6515,1502,4786,6482,6470]},{"id":0,"quality":1,"icon":"inv_axe_02.jpg","itemLevel":0}],"auras":[{"source":10,"ability":298268,"stacks":1,"icon":"spell_azerite_essence05.jpg"},{"source":10,"ability":295246,"stacks":1,"icon":"inv_azerite-area-denial.jpg"},{"source":10,"ability":298837,"stacks":1,"icon":"trade_alchemy_dpotion_c25.jpg","name":"Greater Flask of Endless Fathoms"},{"source":10,"ability":297034,"stacks":1,"icon":"spell_misc_food.jpg","name":"Well Fed"},{"source":12,"ability":166646,"stacks":1,"icon":"monk_stance_whitetiger.jpg"},{"source":10,"ability":295834,"stacks":1,"icon":"spell_azerite_essence14.jpg"},{"source":10,"ability":270058,"stacks":1,"icon":"creatureportrait_altarofearth_01.jpg","name":"Battle-Scarred Augmentation"},{"source":2,"ability":21562,"stacks":1,"icon":"spell_holy_wordfortitude.jpg","name":"Power Word: Fortitude"}],"faction":0,"specID":258,"strength":848,"agility":1219,"stamina":26382,"intellect":14325,"dodge":0,"parry":0,"block":0,"armor":2137,"critMelee":2024,"critRanged":2024,"critSpell":2024,"speed":145,"leech":53,"hasteMelee":1514,"hasteRanged":1514,"hasteSpell":1514,"avoidance":0,"mastery":866,"versatilityDamageDone":459,"versatilityHealingDone":459,"versatilityDamageReduction":459,"talents":[{"id":205351,"icon":"spell_mage_presenceofmind.jpg"},{"id":288733,"icon":"spell_shadow_dispersion.jpg"},{"id":109142,"icon":"spell_shadow_mindtwisting.jpg"},{"id":263716,"icon":"ability_priest_silence.jpg"},{"id":155271,"icon":"ability_priest_auspiciousspirits.jpg"},{"id":199849,"icon":"spell_shadow_twistedfaith.jpg"},{"id":193225,"icon":"inv_enchant_voidcrystal.jpg"}],"pvpTalents":[{"id":208683,"icon":"ability_pvp_gladiatormedallion.jpg"},{"id":228630,"icon":"ability_priest_shadowyapparition.jpg"},{"id":211522,"icon":"spell_priest_psyfiend.jpg"},{"id":213602,"icon":"spell_magic_lesserinvisibilty.jpg"}],"artifact":[{"traitID":403,"rank":475,"spellID":277682,"icon":"ability_priest_shadowyapparition.jpg","slot":0},{"traitID":405,"rank":475,"spellID":278661,"icon":"spell_priest_void-flay.jpg","slot":0},{"traitID":31,"rank":475,"spellID":266937,"icon":"ability_criticalstrike.jpg","slot":0},{"traitID":83,"rank":475,"spellID":268437,"icon":"inv_pet_inquisitoreye.jpg","slot":0},{"traitID":13,"rank":475,"spellID":263978,"icon":"inv_smallazeriteshard.jpg","slot":0},{"traitID":403,"rank":475,"spellID":277682,"icon":"ability_priest_shadowyapparition.jpg","slot":2},{"traitID":405,"rank":475,"spellID":278661,"icon":"spell_priest_void-flay.jpg","slot":2},{"traitID":18,"rank":475,"spellID":264108,"icon":"ability_deathknight_deathsiphon2.jpg","slot":2},{"traitID":44,"rank":475,"spellID":268599,"icon":"inv_misc_monsterfang_02.jpg","slot":2},{"traitID":13,"rank":475,"spellID":263978,"icon":"inv_smallazeriteshard.jpg","slot":2},{"traitID":236,"rank":465,"spellID":275722,"icon":"inv_misc_eye_03.jpg","slot":4},{"traitID":405,"rank":465,"spellID":278661,"icon":"spell_priest_void-flay.jpg","slot":4},{"traitID":21,"rank":465,"spellID":263984,"icon":"ability_skyreach_four_wind.jpg","slot":4},{"traitID":14,"rank":465,"spellID":268594,"icon":"rogue_burstofspeed.jpg","slot":4},{"traitID":13,"rank":465,"spellID":263978,"icon":"inv_smallazeriteshard.jpg","slot":4}],"heartOfAzeroth":[{"traitID":14,"rank":3,"spellID":299358,"icon":"spell_azerite_essence14.jpg","slot":0,"isMajor":true},{"traitID":14,"rank":3,"spellID":299357,"icon":"spell_azerite_essence14.jpg","slot":0,"isMajor":false},{"traitID":5,"rank":3,"spellID":299337,"icon":"inv_azerite-area-denial.jpg","slot":1,"isMajor":false},{"traitID":27,"rank":3,"spellID":299373,"icon":"spell_azerite_essence05.jpg","slot":2,"isMajor":false},{"traitID":35,"rank":3,"spellID":311198,"icon":"ability_essence_reapingflames.jpg","slot":3,"isMajor":false}]},{"timestamp":935411,"type":"combatantinfo","pin":"0","sourceID":12,"gear":[{"id":174132,"quality":4,"icon":"inv_helm_leatherraidnzoth_d_01.jpg","itemLevel":465,"bonusIDs":[4823,1502,4786,6508]},{"id":158075,"quality":6,"icon":"inv_heartofazeroth.jpg","itemLevel":513,"bonusIDs":[4932,4933,6316]},{"id":174133,"quality":4,"icon":"inv_shoulder_leatherraidnzoth_d_01.jpg","itemLevel":475,"bonusIDs":[4823,1502,4786,6509]},{"id":0,"quality":1,"icon":"inv_axe_02.jpg","itemLevel":0},{"id":174136,"quality":4,"icon":"inv_chest_leatherraidnzoth_d_01.jpg","itemLevel":475,"bonusIDs":[4823,1502,4786,6507]},{"id":173816,"quality":3,"icon":"inv_belt_leatherraidnzoth_d_01.jpg","itemLevel":445,"bonusIDs":[6412,4803,6515,6578,6579,6553,1502,4786]},{"id":174143,"quality":4,"icon":"inv_pant_leatherraidnzoth_d_01.jpg","itemLevel":460,"bonusIDs":[4823,42,6516,6513,1502,4786]},{"id":174144,"quality":4,"icon":"inv_boot_leatherraidnzoth_d_01.jpg","itemLevel":470,"bonusIDs":[4823,6516,6513,1502,4786]},{"id":174138,"quality":4,"icon":"inv_bracer_leatherraidnzoth_d_01.jpg","itemLevel":460,"bonusIDs":[4823,1808,6516,6513,1502,4786],"gems":[{"id":168642,"itemLevel":120,"icon":"inv_misc_gem_x4_uncommon_perfectcut_blue.jpg"}]},{"id":155889,"quality":3,"icon":"inv_glove_leather_kultirasdungeon_c_01.jpg","itemLevel":460,"bonusIDs":[6528,6516,6513,1632,4786]},{"id":174530,"quality":4,"icon":"inv_70_raid_ring8d.jpg","itemLevel":460,"permanentEnchant":6111,"bonusIDs":[4823,1808,6516,6515,1502,4786],"gems":[{"id":168642,"itemLevel":120,"icon":"inv_misc_gem_x4_uncommon_perfectcut_blue.jpg"}]},{"id":172664,"quality":4,"icon":"inv_ring_80_02d.jpg","itemLevel":445,"permanentEnchant":6111,"bonusIDs":[6363,6389,6578,6579,6553,6515,1557,4786]},{"id":174528,"quality":4,"icon":"spell_priest_mindspike.jpg","itemLevel":460,"bonusIDs":[4823,1808,6515,1502,4786],"gems":[{"id":168642,"itemLevel":120,"icon":"inv_misc_gem_x4_uncommon_perfectcut_blue.jpg"}]},{"id":173946,"quality":4,"icon":"achievement_boss_heraldvolazj.jpg","itemLevel":460,"bonusIDs":[4823,6513,1502,4786]},{"id":169223,"quality":5,"icon":"inv_misc_cape_deathwingraid_d_03.jpg","itemLevel":500,"bonusIDs":[6584,1472]},{"id":169052,"quality":4,"icon":"inv_mace_1h_troggking_c_01.jpg","itemLevel":465,"permanentEnchant":5965,"bonusIDs":[5010,6578,6513,1522,4786,6516]},{"id":174105,"quality":4,"icon":"inv_sword_1h_nzothraid_d_01.jpg","itemLevel":460,"permanentEnchant":5962,"bonusIDs":[4823,6516,6513,1502,4786]},{"id":45582,"quality":2,"icon":"inv_misc_tournaments_tabard_troll.jpg","itemLevel":1}],"auras":[{"source":2,"ability":21562,"stacks":1,"icon":"spell_holy_wordfortitude.jpg","name":"Power Word: Fortitude"},{"source":12,"ability":295365,"stacks":1,"icon":"inv_radientazeritematrix.jpg"},{"source":12,"ability":295246,"stacks":1,"icon":"inv_azerite-area-denial.jpg"},{"source":12,"ability":166646,"stacks":1,"icon":"monk_stance_whitetiger.jpg"},{"source":12,"ability":297037,"stacks":1,"icon":"spell_misc_food.jpg","name":"Well Fed"}],"faction":0,"specID":269,"strength":631,"agility":10779,"stamina":26178,"intellect":1467,"dodge":0,"parry":0,"block":0,"armor":3470,"critMelee":1598,"critRanged":1598,"critSpell":1598,"speed":137,"leech":0,"hasteMelee":1122,"hasteRanged":1122,"hasteSpell":1122,"avoidance":0,"mastery":710,"versatilityDamageDone":1416,"versatilityHealingDone":1416,"versatilityDamageReduction":1416,"talents":[{"id":123986,"icon":"spell_arcane_arcanetorrent.jpg"},{"id":115008,"icon":"ability_monk_quitornado.jpg"},{"id":261947,"icon":"inv_fistofthewhitetiger.jpg"},{"id":116844,"icon":"spell_monk_ringofpeace.jpg"},{"id":122278,"icon":"ability_monk_dampenharm.jpg"},{"id":196740,"icon":"ability_monk_palmstrike.jpg"},{"id":152175,"icon":"ability_monk_hurricanestrike.jpg"}],"pvpTalents":[{"id":196029,"icon":"ability_bossdarkvindicator_auraofcontempt.jpg"},{"id":287771,"icon":"ability_monk_expelharm.jpg"},{"id":287681,"icon":"monk_ability_fistoffury.jpg"},{"id":201372,"icon":"ability_monk_ridethewind.jpg"}],"artifact":[{"traitID":389,"rank":465,"spellID":279918,"icon":"monk_ability_fistoffury.jpg","slot":0},{"traitID":117,"rank":465,"spellID":287055,"icon":"ability_monk_prideofthetiger.jpg","slot":0},{"traitID":22,"rank":465,"spellID":263987,"icon":"spell_shaman_thunderstorm.jpg","slot":0},{"traitID":83,"rank":465,"spellID":268437,"icon":"inv_pet_inquisitoreye.jpg","slot":0},{"traitID":13,"rank":465,"spellID":263978,"icon":"inv_smallazeriteshard.jpg","slot":0},{"traitID":391,"rank":475,"spellID":286585,"icon":"ability_monk_quitornado.jpg","slot":2},{"traitID":389,"rank":475,"spellID":279918,"icon":"monk_ability_fistoffury.jpg","slot":2},{"traitID":21,"rank":475,"spellID":263984,"icon":"ability_skyreach_four_wind.jpg","slot":2},{"traitID":218,"rank":475,"spellID":274762,"icon":"ability_monk_healthsphere.jpg","slot":2},{"traitID":13,"rank":475,"spellID":263978,"icon":"inv_smallazeriteshard.jpg","slot":2},{"traitID":388,"rank":475,"spellID":288634,"icon":"ability_monk_mightyoxkick.jpg","slot":4},{"traitID":389,"rank":475,"spellID":279918,"icon":"monk_ability_fistoffury.jpg","slot":4},{"traitID":31,"rank":475,"spellID":266937,"icon":"ability_criticalstrike.jpg","slot":4},{"traitID":218,"rank":475,"spellID":274762,"icon":"ability_monk_healthsphere.jpg","slot":4},{"traitID":13,"rank":475,"spellID":263978,"icon":"inv_smallazeriteshard.jpg","slot":4}],"heartOfAzeroth":[{"traitID":35,"rank":3,"spellID":311195,"icon":"ability_essence_reapingflames.jpg","slot":0,"isMajor":true},{"traitID":35,"rank":3,"spellID":311198,"icon":"ability_essence_reapingflames.jpg","slot":0,"isMajor":false},{"traitID":5,"rank":3,"spellID":299337,"icon":"inv_azerite-area-denial.jpg","slot":1,"isMajor":false},{"traitID":32,"rank":2,"spellID":304089,"icon":"spell_azerite_essence_17.jpg","slot":2,"isMajor":false},{"traitID":12,"rank":4,"spellID":299350,"icon":"spell_azerite_essence_15.jpg","slot":3,"isMajor":false}]},{"timestamp":935411,"type":"combatantinfo","pin":"0","sourceID":2,"gear":[{"id":174116,"quality":4,"icon":"inv_helm_cloth_nzothraid_d_01.jpg","itemLevel":465,"bonusIDs":[4823,1502,4786,6508]},{"id":158075,"quality":6,"icon":"inv_heartofazeroth.jpg","itemLevel":519,"bonusIDs":[6316,4932,4933]},{"id":172592,"quality":4,"icon":"inv_shoulder_cloth_nzothraid_d_01.jpg","itemLevel":480,"bonusIDs":[6388,6372,1587,4786,6512]},{"id":6833,"quality":2,"icon":"inv_shirt_08.jpg","itemLevel":1},{"id":169072,"quality":4,"icon":"inv_chest_cloth_kultirasdungeon_c_01.jpg","itemLevel":480,"bonusIDs":[5448,1532,4786,6510]},{"id":173813,"quality":3,"icon":"inv_belt_cloth_nzothraid_d_01.jpg","itemLevel":470,"bonusIDs":[6412,6578,1527,4786,6482,6470,6514],"gems":[{"id":168639,"itemLevel":120,"icon":"inv_misc_gem_x4_uncommon_perfectcut_orange.jpg"}]},{"id":170461,"quality":4,"icon":"inv_pant_cloth_nzothraidmythic_d_01.jpg","itemLevel":470,"bonusIDs":[1692,6482,6470],"gems":[{"id":168639,"itemLevel":120,"icon":"inv_misc_gem_x4_uncommon_perfectcut_orange.jpg"}]},{"id":169049,"quality":4,"icon":"inv_boot_cloth_kultirasdungeon_c_01.jpg","itemLevel":475,"bonusIDs":[6536,6578,1532,4786,6514,6482,6470],"gems":[{"id":168639,"itemLevel":120,"icon":"inv_misc_gem_x4_uncommon_perfectcut_orange.jpg"}]},{"id":158348,"quality":3,"icon":"inv_bracer_cloth_zandalardungeon_c_01.jpg","itemLevel":475,"bonusIDs":[6536,6578,6579,6476,6470,1647,4786,6514],"gems":[{"id":168639,"itemLevel":120,"icon":"inv_misc_gem_x4_uncommon_perfectcut_orange.jpg"}]},{"id":174125,"quality":4,"icon":"inv_glove_cloth_nzothraid_d_01.jpg","itemLevel":475,"bonusIDs":[4824,1808,6515,1517,4786,6482,6470],"gems":[{"id":168639,"itemLevel":120,"icon":"inv_misc_gem_x4_uncommon_perfectcut_orange.jpg"}]},{"id":159461,"quality":3,"icon":"inv_ring_80_05b.jpg","itemLevel":465,"permanentEnchant":6108,"bonusIDs":[6536,6516,1637,4786,6514],"gems":[{"id":168639,"itemLevel":120,"icon":"inv_misc_gem_x4_uncommon_perfectcut_orange.jpg"}]},{"id":158314,"quality":3,"icon":"inv_ring_80_06b.jpg","itemLevel":465,"permanentEnchant":6108,"bonusIDs":[6536,1637,4786,6514,6474,6455],"gems":[{"id":168639,"itemLevel":120,"icon":"inv_misc_gem_x4_uncommon_perfectcut_orange.jpg"}]},{"id":174060,"quality":4,"icon":"ability_demonhunter_soulcleave2.jpg","itemLevel":460,"bonusIDs":[4823,6515,1502,4786]},{"id":174500,"quality":4,"icon":"spell_nature_lightningoverload.jpg","itemLevel":460,"bonusIDs":[4823,40,1502,4786,6514],"gems":[{"id":168639,"itemLevel":120,"icon":"inv_misc_gem_x4_uncommon_perfectcut_orange.jpg"}]},{"id":169223,"quality":5,"icon":"inv_misc_cape_deathwingraid_d_03.jpg","itemLevel":500,"permanentEnchant":6088,"bonusIDs":[6589,1472]},{"id":158321,"quality":3,"icon":"inv_wand_1h_battledungeon_c_01.jpg","itemLevel":475,"permanentEnchant":5965,"bonusIDs":[6536,4802,6578,6515,1647,4786,6476,6470],"gems":[{"id":168639,"itemLevel":120,"icon":"inv_misc_gem_x4_uncommon_perfectcut_orange.jpg"}]},{"id":158322,"quality":3,"icon":"inv_offhand_1h_battledungeon_c_02.jpg","itemLevel":475,"bonusIDs":[6536,6578,1647,4786,6514,6516],"gems":[{"id":168639,"itemLevel":120,"icon":"inv_misc_gem_x4_uncommon_perfectcut_orange.jpg"}]},{"id":69210,"quality":4,"icon":"inv_epicguildtabard.jpg","itemLevel":1}],"auras":[{"source":2,"ability":297147,"stacks":1,"icon":"inv__azerite-explosion.jpg"},{"source":2,"ability":295834,"stacks":1,"icon":"spell_azerite_essence14.jpg"},{"source":2,"ability":298837,"stacks":1,"icon":"trade_alchemy_dpotion_c25.jpg","name":"Greater Flask of Endless Fathoms"},{"source":2,"ability":297034,"stacks":1,"icon":"spell_misc_food.jpg","name":"Well Fed"},{"source":2,"ability":21562,"stacks":1,"icon":"spell_holy_wordfortitude.jpg","name":"Power Word: Fortitude"},{"source":2,"ability":317065,"stacks":1,"icon":"creatureportrait_altarofearth_01.jpg","name":"Battle-Scarred Augmentation"},{"source":2,"ability":295246,"stacks":1,"icon":"inv_azerite-area-denial.jpg"},{"source":12,"ability":166646,"stacks":1,"icon":"monk_stance_whitetiger.jpg"}],"faction":0,"specID":258,"strength":854,"agility":1215,"stamina":28142,"intellect":14574,"dodge":0,"parry":0,"block":0,"armor":2276,"critMelee":3479,"critRanged":3479,"critSpell":3479,"speed":0,"leech":0,"hasteMelee":2873,"hasteRanged":2873,"hasteSpell":2873,"avoidance":103,"mastery":479,"versatilityDamageDone":87,"versatilityHealingDone":87,"versatilityDamageReduction":87,"talents":[{"id":205351,"icon":"spell_mage_presenceofmind.jpg"},{"id":64129,"icon":"spell_holy_symbolofhope.jpg"},{"id":109142,"icon":"spell_shadow_mindtwisting.jpg"},{"id":64044,"icon":"spell_shadow_psychichorrors.jpg"},{"id":155271,"icon":"ability_priest_auspiciousspirits.jpg"},{"id":199849,"icon":"spell_shadow_twistedfaith.jpg"},{"id":193225,"icon":"inv_enchant_voidcrystal.jpg"}],"pvpTalents":[{"id":196029,"icon":"ability_bossdarkvindicator_auraofcontempt.jpg"},{"id":228630,"icon":"ability_priest_shadowyapparition.jpg"},{"id":211522,"icon":"spell_priest_psyfiend.jpg"},{"id":213602,"icon":"spell_magic_lesserinvisibilty.jpg"}],"artifact":[{"traitID":405,"rank":465,"spellID":278661,"icon":"spell_priest_void-flay.jpg","slot":0},{"traitID":403,"rank":465,"spellID":277682,"icon":"ability_priest_shadowyapparition.jpg","slot":0},{"traitID":30,"rank":465,"spellID":266180,"icon":"ability_vehicle_electrocharge.jpg","slot":0},{"traitID":15,"rank":465,"spellID":263962,"icon":"ability_vehicle_shellshieldgenerator_green.jpg","slot":0},{"traitID":13,"rank":465,"spellID":263978,"icon":"inv_smallazeriteshard.jpg","slot":0},{"traitID":236,"rank":480,"spellID":275722,"icon":"inv_misc_eye_03.jpg","slot":2},{"traitID":403,"rank":480,"spellID":277682,"icon":"ability_priest_shadowyapparition.jpg","slot":2},{"traitID":31,"rank":480,"spellID":266937,"icon":"ability_criticalstrike.jpg","slot":2},{"traitID":204,"rank":480,"spellID":274366,"icon":"spell_magic_lesserinvisibilty.jpg","slot":2},{"traitID":13,"rank":480,"spellID":263978,"icon":"inv_smallazeriteshard.jpg","slot":2},{"traitID":405,"rank":480,"spellID":278661,"icon":"spell_priest_void-flay.jpg","slot":4},{"traitID":403,"rank":480,"spellID":277682,"icon":"ability_priest_shadowyapparition.jpg","slot":4},{"traitID":21,"rank":480,"spellID":263984,"icon":"ability_skyreach_four_wind.jpg","slot":4},{"traitID":14,"rank":480,"spellID":268594,"icon":"rogue_burstofspeed.jpg","slot":4},{"traitID":13,"rank":480,"spellID":263978,"icon":"inv_smallazeriteshard.jpg","slot":4}],"heartOfAzeroth":[{"traitID":14,"rank":3,"spellID":299358,"icon":"spell_azerite_essence14.jpg","slot":0,"isMajor":true},{"traitID":14,"rank":3,"spellID":299357,"icon":"spell_azerite_essence14.jpg","slot":0,"isMajor":false},{"traitID":5,"rank":4,"spellID":299337,"icon":"inv_azerite-area-denial.jpg","slot":1,"isMajor":false},{"traitID":23,"rank":4,"spellID":298275,"icon":"inv__azerite-explosion.jpg","slot":2,"isMajor":false},{"traitID":35,"rank":4,"spellID":311198,"icon":"ability_essence_reapingflames.jpg","slot":3,"isMajor":false}]},{"timestamp":935411,"type":"combatantinfo","pin":"0","sourceID":13,"gear":[{"id":174250,"quality":4,"icon":"inv_helm_mail_nzothraid_d_01.jpg","itemLevel":450,"bonusIDs":[4822,1487,4786,6505]},{"id":158075,"quality":6,"icon":"inv_heartofazeroth.jpg","itemLevel":459,"bonusIDs":[4932,4933,6316]},{"id":173838,"quality":3,"icon":"inv_shoulder_mail_nzothraid_d_01.jpg","itemLevel":435,"bonusIDs":[1487,4786,6503]},{"id":0,"quality":1,"icon":"inv_axe_02.jpg","itemLevel":0},{"id":168358,"quality":4,"icon":"inv_chest_mail_nazjatarraid_d_01.jpg","itemLevel":420,"bonusIDs":[4822,1487,4786,6263]},{"id":159403,"quality":3,"icon":"inv_belt_mail_kultirasdungeon_c_01.jpg","itemLevel":435,"bonusIDs":[4780,6516,6515,1607,4786]},{"id":173450,"quality":3,"icon":"inv_pant_mail_nzothraid_d_01.jpg","itemLevel":410,"bonusIDs":[6412,6515,1467,4785]},{"id":157919,"quality":3,"icon":"inv_boots_mail_zandalarquest_b_01.jpg","itemLevel":430,"bonusIDs":[4803,6516,6513,1622,4786]},{"id":174955,"quality":4,"icon":"inv_bracer_mail_nzothraid_d_01.jpg","itemLevel":440,"bonusIDs":[6540,6513,6578,6579,4803]},{"id":159366,"quality":3,"icon":"inv_glove_mail_kultirasdungeon_c_01.jpg","itemLevel":430,"bonusIDs":[4779,6516,6515,1602,4786]},{"id":159458,"quality":3,"icon":"inv_ring_80_03a.jpg","itemLevel":445,"bonusIDs":[5005,6516,6513,1617,4786]},{"id":158151,"quality":3,"icon":"inv_70_dungeon_ring4d.jpg","itemLevel":330,"bonusIDs":[4803,6516,6513,1522,4785]},{"id":169301,"quality":4,"icon":"inv_inscription_trinket02.jpg","itemLevel":400},{"id":169328,"quality":4,"icon":"inv_inscription_trinket03.jpg","itemLevel":400},{"id":159289,"quality":3,"icon":"inv_cape_cloth_kultirasdungeon_c_01.jpg","itemLevel":430,"bonusIDs":[4779,1602,4786]},{"id":170310,"quality":4,"icon":"inv_knife_1h_warfrontshorde_c_01.jpg","itemLevel":400,"bonusIDs":[1711,5804]},{"id":163878,"quality":3,"icon":"inv_shield_1h_warfrontshorde_c_02.jpg","itemLevel":370,"bonusIDs":[1562,4786]},{"id":161328,"quality":3,"icon":"inv_tabard_orcclan.jpg","itemLevel":1}],"auras":[{"source":13,"ability":295365,"stacks":1,"icon":"inv_radientazeritematrix.jpg"},{"source":2,"ability":21562,"stacks":1,"icon":"spell_holy_wordfortitude.jpg","name":"Power Word: Fortitude"},{"source":13,"ability":298837,"stacks":1,"icon":"trade_alchemy_dpotion_c25.jpg","name":"Greater Flask of Endless Fathoms"},{"source":12,"ability":166646,"stacks":1,"icon":"monk_stance_whitetiger.jpg"}],"faction":0,"specID":262,"strength":634,"agility":1464,"stamina":15516,"intellect":8669,"dodge":0,"parry":0,"block":0,"armor":5624,"critMelee":636,"critRanged":636,"critSpell":636,"speed":0,"leech":0,"hasteMelee":865,"hasteRanged":865,"hasteSpell":865,"avoidance":0,"mastery":1007,"versatilityDamageDone":831,"versatilityHealingDone":831,"versatilityDamageReduction":831,"talents":[{"id":117014,"icon":"shaman_talent_elementalblast.jpg"},{"id":273221,"icon":"spell_nature_stormreach.jpg"},{"id":265046,"icon":"spell_nature_brilliance.jpg"},{"id":192249,"icon":"inv_stormelemental.jpg"},{"id":108281,"icon":"ability_shaman_ancestralguidance.jpg"},{"id":117013,"icon":"shaman_talent_primalelementalist.jpg"},{"id":260895,"icon":"ability_shaman_ascendance.jpg"}],"pvpTalents":[{"id":214027,"icon":"sha_ability_rogue_sturdyrecuperate.jpg"},{"id":204403,"icon":"spell_shaman_thunderstorm.jpg"},{"id":204330,"icon":"spell_fire_totemofwrath.jpg"},{"id":204393,"icon":"spell_shaman_lavaflow.jpg"}],"artifact":[{"traitID":138,"rank":450,"spellID":272989,"icon":"spell_nature_healingwavegreater.jpg","slot":0},{"traitID":447,"rank":450,"spellID":277666,"icon":"spell_shaman_improvedreincarnation.jpg","slot":0},{"traitID":102,"rank":450,"spellID":267892,"icon":"inv_misc_markoftheworldtree.jpg","slot":0},{"traitID":84,"rank":450,"spellID":268595,"icon":"inv_shield_pandariaquest_b_02.jpg","slot":0},{"traitID":13,"rank":450,"spellID":263978,"icon":"inv_smallazeriteshard.jpg","slot":0},{"traitID":224,"rank":435,"spellID":275488,"icon":"inv_spear_04.jpg","slot":2},{"traitID":449,"rank":435,"spellID":277658,"icon":"spell_nature_giftofthewaterspirit.jpg","slot":2},{"traitID":463,"rank":435,"spellID":267889,"icon":"spell_holy_fanaticism.jpg","slot":2},{"traitID":539,"rank":435,"spellID":287774,"icon":"inv_jewelry_talisman_06.jpg","slot":2},{"traitID":13,"rank":435,"spellID":263978,"icon":"inv_smallazeriteshard.jpg","slot":2},{"traitID":191,"rank":420,"spellID":287300,"icon":"spell_shaman_tidalwaves.jpg","slot":4},{"traitID":422,"rank":420,"spellID":278713,"icon":"spell_nature_riptide.jpg","slot":4},{"traitID":105,"rank":420,"spellID":267886,"icon":"inv_gizmo_manasyphon.jpg","slot":4},{"traitID":44,"rank":420,"spellID":268599,"icon":"inv_misc_monsterfang_02.jpg","slot":4},{"traitID":13,"rank":420,"spellID":263978,"icon":"inv_smallazeriteshard.jpg","slot":4}],"heartOfAzeroth":[{"traitID":35,"rank":1,"spellID":310690,"icon":"ability_essence_reapingflames.jpg","slot":0,"isMajor":true},{"traitID":35,"rank":1,"spellID":310712,"icon":"ability_essence_reapingflames.jpg","slot":0,"isMajor":false},{"traitID":12,"rank":1,"spellID":295365,"icon":"inv_radientazeritematrix.jpg","slot":1,"isMajor":false}]},{"timestamp":935411,"type":"combatantinfo","pin":"0","sourceID":11,"gear":[{"id":171009,"quality":4,"icon":"inv_helm_goggles_draenortradeskill_d_01.jpg","itemLevel":480},{"id":158075,"quality":6,"icon":"inv_heartofazeroth.jpg","itemLevel":509,"bonusIDs":[6316,4932,4933]},{"id":169075,"quality":4,"icon":"inv_shoulder_plate_kultirasdungeon_c_01.jpg","itemLevel":480,"bonusIDs":[5448,1532,4786,6512]},{"id":0,"quality":1,"icon":"inv_axe_02.jpg","itemLevel":0},{"id":168979,"quality":4,"icon":"inv_chest_plate_kultirasdungeon_c_01.jpg","itemLevel":465,"bonusIDs":[5445,1517,4786,6507]},{"id":174174,"quality":4,"icon":"inv_belt_plate_nzothraid_d_01.jpg","itemLevel":460,"onUseEnchant":4223,"bonusIDs":[4823,6516,6513,1502,4786]},{"id":159411,"quality":3,"icon":"inv_pant_plate_kultirasdungeon_c_01.jpg","itemLevel":470,"bonusIDs":[6532,6578,6579,6544,6513,1642,4786]},{"id":159444,"quality":3,"icon":"inv_boot_plate_kultirasdungeon_c_01.jpg","itemLevel":465,"bonusIDs":[6528,6578,6513,1637,4786,6516]},{"id":159433,"quality":3,"icon":"inv_bracer_plate_zandalardungeon_c_01.jpg","itemLevel":475,"bonusIDs":[6536,6578,6579,6551,6515,1647,4786]},{"id":173456,"quality":3,"icon":"inv_glove_plate_nzothraid_d_01.jpg","itemLevel":455,"bonusIDs":[6412,4803,6515,6578,1512,4786,6516]},{"id":159459,"quality":3,"icon":"inv_ring_80_03e.jpg","itemLevel":460,"permanentEnchant":6109,"bonusIDs":[6530,6516,6515,1632,4786]},{"id":174533,"quality":4,"icon":"inv_70_quest_ring7c.jpg","itemLevel":470,"permanentEnchant":6109,"bonusIDs":[4823,6578,6513,1502,4786,6516]},{"id":169313,"quality":4,"icon":"trade_alchemy_dpotion_b21.jpg","itemLevel":450,"bonusIDs":[4799,1502,5865,4784]},{"id":173940,"quality":4,"icon":"trade_archaeology_nerubian_obelisk.jpg","itemLevel":460,"bonusIDs":[4823,1808,6513,1502,4786],"gems":[{"id":153707,"itemLevel":120,"icon":"inv_jewelcrafting_80_specialgemcut01.jpg"}]},{"id":169223,"quality":5,"icon":"inv_misc_cape_deathwingraid_d_03.jpg","itemLevel":500,"bonusIDs":[6589,1472]},{"id":172199,"quality":4,"icon":"inv_sword_1h_nzothraid_d_01.jpg","itemLevel":460,"permanentEnchant":6148,"bonusIDs":[4823,6571,6578,6579,6513,1502,4786]},{"id":158713,"quality":3,"icon":"inv_shield_1h_battledungeon_c_02.jpg","itemLevel":465,"bonusIDs":[6534,42,6516,6513,1637,4786]},{"id":0,"quality":1,"icon":"inv_axe_02.jpg","itemLevel":0}],"auras":[{"source":11,"ability":295750,"stacks":1,"icon":"inv_enchant_voidsphere.jpg"},{"source":11,"ability":295365,"stacks":1,"icon":"inv_radientazeritematrix.jpg"},{"source":11,"ability":294668,"stacks":1,"icon":"spell_azerite_essence08.jpg"},{"source":9,"ability":34477,"stacks":1,"icon":"ability_hunter_misdirection.jpg","name":"Misdirection"},{"source":2,"ability":21562,"stacks":1,"icon":"spell_holy_wordfortitude.jpg","name":"Power Word: Fortitude"},{"source":12,"ability":166646,"stacks":1,"icon":"monk_stance_whitetiger.jpg"},{"source":11,"ability":298841,"stacks":1,"icon":"trade_alchemy_dpotion_c23.jpg","name":"Greater Flask of the Undertow"},{"source":11,"ability":297035,"stacks":1,"icon":"spell_misc_food.jpg","name":"Well Fed"},{"source":11,"ability":317065,"stacks":1,"icon":"creatureportrait_altarofearth_01.jpg","name":"Battle-Scarred Augmentation"}],"faction":0,"specID":66,"strength":11577,"agility":515,"stamina":41404,"intellect":1464,"dodge":0,"parry":1772,"block":0,"armor":11294,"critMelee":1772,"critRanged":1772,"critSpell":1772,"speed":69,"leech":0,"hasteMelee":2253,"hasteRanged":2253,"hasteSpell":2253,"avoidance":0,"mastery":2684,"versatilityDamageDone":1638,"versatilityHealingDone":1638,"versatilityDamageReduction":1638,"talents":[{"id":152261,"icon":"inv_shield_1h_hyrja_d_01.jpg"},{"id":204023,"icon":"ability_paladin_enlightenedjudgements.jpg"},{"id":115750,"icon":"ability_paladin_blindinglight.jpg"},{"id":204018,"icon":"spell_holy_blessingofprotection.jpg"},{"id":204077,"icon":"spell_holy_crusade.jpg"},{"id":183778,"icon":"spell_holy_divineprovidence.jpg"},{"id":203791,"icon":"spell_holy_divinepurpose.jpg"}],"pvpTalents":[{"id":214027,"icon":"sha_ability_rogue_sturdyrecuperate.jpg"},{"id":216860,"icon":"ability_paladin_judgementofthepure.jpg"},{"id":305394,"icon":"spell_holy_sealofvalor.jpg"},{"id":199542,"icon":"spell_holy_crusaderaura.jpg"}],"artifact":[{"traitID":125,"rank":480,"spellID":272898,"icon":"spell_holy_avenginewrath.jpg","slot":0},{"traitID":501,"rank":480,"spellID":280178,"icon":"inv_misc_enggizmos_15.jpg","slot":0},{"traitID":459,"rank":480,"spellID":279899,"icon":"inv_ember.jpg","slot":0},{"traitID":502,"rank":480,"spellID":280181,"icon":"inv_robotpet.jpg","slot":0},{"traitID":13,"rank":480,"spellID":263978,"icon":"inv_smallazeriteshard.jpg","slot":0},{"traitID":395,"rank":480,"spellID":278609,"icon":"inv_helmet_74.jpg","slot":2},{"traitID":569,"rank":480,"spellID":300170,"icon":"inv_misc_pocketwatch_02.jpg","slot":2},{"traitID":21,"rank":480,"spellID":263984,"icon":"ability_skyreach_four_wind.jpg","slot":2},{"traitID":206,"rank":480,"spellID":274388,"icon":"spell_holy_divineshield.jpg","slot":2},{"traitID":13,"rank":480,"spellID":263978,"icon":"inv_smallazeriteshard.jpg","slot":2},{"traitID":395,"rank":465,"spellID":278609,"icon":"inv_helmet_74.jpg","slot":4},{"traitID":569,"rank":465,"spellID":300170,"icon":"inv_misc_pocketwatch_02.jpg","slot":4},{"traitID":459,"rank":465,"spellID":279899,"icon":"inv_ember.jpg","slot":4},{"traitID":14,"rank":465,"spellID":268594,"icon":"rogue_burstofspeed.jpg","slot":4},{"traitID":13,"rank":465,"spellID":263978,"icon":"inv_smallazeriteshard.jpg","slot":4}],"heartOfAzeroth":[{"traitID":2,"rank":3,"spellID":298081,"icon":"spell_azerite_essence08.jpg","slot":0,"isMajor":true},{"traitID":2,"rank":3,"spellID":298083,"icon":"inv_elemental_eternal_shadow.jpg","slot":0,"isMajor":false},{"traitID":12,"rank":4,"spellID":299350,"icon":"spell_azerite_essence_15.jpg","slot":1,"isMajor":false},{"traitID":13,"rank":3,"spellID":300020,"icon":"inv_enchant_voidsphere.jpg","slot":2,"isMajor":false},{"traitID":37,"rank":3,"spellID":313920,"icon":"ability_essence_replicaofknowledge.jpg","slot":3,"isMajor":false}]},{"timestamp":935411,"type":"combatantinfo","pin":"0","sourceID":3,"gear":[{"id":159302,"quality":3,"icon":"inv_helm_leather_kultirasdungeon_c_01.jpg","itemLevel":480,"bonusIDs":[5448,1647,4786,6511]},{"id":158075,"quality":6,"icon":"inv_heartofazeroth.jpg","itemLevel":515,"bonusIDs":[4932,4933,6316]},{"id":174133,"quality":4,"icon":"inv_shoulder_leatherraidnzoth_d_01.jpg","itemLevel":475,"bonusIDs":[4823,1502,4786,6509]},{"id":0,"quality":1,"icon":"inv_axe_02.jpg","itemLevel":0},{"id":174136,"quality":4,"icon":"inv_chest_leatherraidnzoth_d_01.jpg","itemLevel":475,"bonusIDs":[4823,1502,4786,6507]},{"id":168986,"quality":4,"icon":"inv_belt_leather_kultirasdungeon_c_01.jpg","itemLevel":465,"bonusIDs":[6536,6516,6513,1522,4786]},{"id":174143,"quality":4,"icon":"inv_pant_leatherraidnzoth_d_01.jpg","itemLevel":460,"bonusIDs":[4823,42,6578,6579,6537,6513,1502,4786]},{"id":159295,"quality":3,"icon":"inv_boot_leather_kultirasdungeon_c_01.jpg","itemLevel":460,"bonusIDs":[6530,41,6516,6513,1632,4786]},{"id":158305,"quality":3,"icon":"inv_bracer_leather_kultirasdungeon_c_01.jpg","itemLevel":460,"bonusIDs":[6532,6516,6513,1632,4786]},{"id":173508,"quality":3,"icon":"inv_glove_leatherraidnzoth_d_01.jpg","itemLevel":465,"bonusIDs":[6412,6513,6516,1522,4786]},{"id":159459,"quality":3,"icon":"inv_ring_80_03e.jpg","itemLevel":470,"permanentEnchant":6108,"bonusIDs":[6532,6578,6579,6539,6513,1642,4786]},{"id":174532,"quality":4,"icon":"inv_70_raid_ring6a.jpg","itemLevel":460,"permanentEnchant":6108,"bonusIDs":[4823,1808,6578,6579,6537,6513,1502,4786],"gems":[{"id":168639,"itemLevel":120,"icon":"inv_misc_gem_x4_uncommon_perfectcut_orange.jpg"}]},{"id":159612,"quality":3,"icon":"inv_enchant_shardshadowfrostlarge.jpg","itemLevel":470,"bonusIDs":[6534,4802,6513,1642,4786],"gems":[{"id":168639,"itemLevel":120,"icon":"inv_misc_gem_x4_uncommon_perfectcut_orange.jpg"}]},{"id":171085,"quality":4,"icon":"achievement_dungeon_ulduar80_10man.jpg","itemLevel":470,"gems":[{"id":168642,"itemLevel":120,"icon":"inv_misc_gem_x4_uncommon_perfectcut_blue.jpg"}]},{"id":169223,"quality":5,"icon":"inv_misc_cape_deathwingraid_d_03.jpg","itemLevel":500,"bonusIDs":[6589,1472]},{"id":158370,"quality":3,"icon":"inv_polearm_2h_snakeman_c_01.jpg","itemLevel":475,"permanentEnchant":5962,"bonusIDs":[6536,40,6578,6515,1647,4786,6516]},{"id":0,"quality":1,"icon":"inv_axe_02.jpg","itemLevel":0},{"id":83080,"quality":2,"icon":"inv_misc_tournaments_tabard_orc.jpg","itemLevel":1}],"auras":[{"source":12,"ability":166646,"stacks":1,"icon":"monk_stance_whitetiger.jpg"},{"source":3,"ability":298836,"stacks":1,"icon":"trade_alchemy_dpotion_c26.jpg","name":"Greater Flask of the Currents"},{"source":3,"ability":295750,"stacks":1,"icon":"inv_enchant_voidsphere.jpg"},{"source":3,"ability":294964,"stacks":1,"icon":"spell_frostfire-orb.jpg"},{"source":3,"ability":295365,"stacks":1,"icon":"inv_radientazeritematrix.jpg"},{"source":2,"ability":21562,"stacks":1,"icon":"spell_holy_wordfortitude.jpg","name":"Power Word: Fortitude"}],"faction":0,"specID":268,"strength":628,"agility":10360,"stamina":37668,"intellect":1468,"dodge":0,"parry":0,"block":0,"armor":4446,"critMelee":1592,"critRanged":1592,"critSpell":1592,"speed":137,"leech":103,"hasteMelee":1216,"hasteRanged":1216,"hasteSpell":1216,"avoidance":144,"mastery":1128,"versatilityDamageDone":921,"versatilityHealingDone":921,"versatilityDamageReduction":921,"talents":[{"id":196607,"icon":"ability_druid_primalprecision.jpg"},{"id":115008,"icon":"ability_monk_quitornado.jpg"},{"id":196721,"icon":"spell_brew_wheat.jpg"},{"id":116844,"icon":"spell_monk_ringofpeace.jpg"},{"id":280515,"icon":"ability_creature_cursed_04.jpg"},{"id":116847,"icon":"ability_monk_rushingjadewind.jpg"},{"id":196737,"icon":"monk_ability_avertharm.jpg"}],"pvpTalents":[{"id":196029,"icon":"ability_bossdarkvindicator_auraofcontempt.jpg"},{"id":207025,"icon":"ability_monk_provoke.jpg"},{"id":202200,"icon":"ability_monk_zenmeditation.jpg"},{"id":0,"icon":"inv_axe_02.jpg"}],"artifact":[{"traitID":383,"rank":480,"spellID":278569,"icon":"monk_stance_drunkenox.jpg","slot":0},{"traitID":384,"rank":480,"spellID":278571,"icon":"ability_monk_shuffle.jpg","slot":0},{"traitID":101,"rank":480,"spellID":271557,"icon":"boss_odunrunes_blue.jpg","slot":0},{"traitID":85,"rank":480,"spellID":268596,"icon":"inv_jewelcrafting_argusgemcut_yellow_miscicons.jpg","slot":0},{"traitID":13,"rank":480,"spellID":263978,"icon":"inv_smallazeriteshard.jpg","slot":0},{"traitID":384,"rank":475,"spellID":278571,"icon":"ability_monk_shuffle.jpg","slot":2},{"traitID":383,"rank":475,"spellID":278569,"icon":"monk_stance_drunkenox.jpg","slot":2},{"traitID":21,"rank":475,"spellID":263984,"icon":"ability_skyreach_four_wind.jpg","slot":2},{"traitID":85,"rank":475,"spellID":268596,"icon":"inv_jewelcrafting_argusgemcut_yellow_miscicons.jpg","slot":2},{"traitID":13,"rank":475,"spellID":263978,"icon":"inv_smallazeriteshard.jpg","slot":2},{"traitID":116,"rank":475,"spellID":272792,"icon":"ability_monk_breathoffire.jpg","slot":4},{"traitID":383,"rank":475,"spellID":278569,"icon":"monk_stance_drunkenox.jpg","slot":4},{"traitID":98,"rank":475,"spellID":271536,"icon":"inv_shield_33.jpg","slot":4},{"traitID":85,"rank":475,"spellID":268596,"icon":"inv_jewelcrafting_argusgemcut_yellow_miscicons.jpg","slot":4},{"traitID":13,"rank":475,"spellID":263978,"icon":"inv_smallazeriteshard.jpg","slot":4}],"heartOfAzeroth":[{"traitID":12,"rank":3,"spellID":299353,"icon":"spell_azerite_essence_15.jpg","slot":0,"isMajor":true},{"traitID":12,"rank":3,"spellID":299350,"icon":"spell_azerite_essence_15.jpg","slot":0,"isMajor":false},{"traitID":7,"rank":3,"spellID":300005,"icon":"spell_frostfire-orb.jpg","slot":1,"isMajor":false},{"traitID":13,"rank":3,"spellID":300020,"icon":"inv_enchant_voidsphere.jpg","slot":2,"isMajor":false},{"traitID":37,"rank":3,"spellID":313920,"icon":"ability_essence_replicaofknowledge.jpg","slot":3,"isMajor":false}]},{"timestamp":935411,"type":"combatantinfo","pin":"0","sourceID":14,"gear":[{"id":159334,"quality":3,"icon":"inv_helm_leather_kultirasdungeon_c_01.jpg","itemLevel":465,"bonusIDs":[5445,1632,4786,6508]},{"id":158075,"quality":6,"icon":"inv_heartofazeroth.jpg","itemLevel":515,"bonusIDs":[6316,4932,4933]},{"id":172723,"quality":4,"icon":"inv_shoulder_leatherraidnzoth_d_01.jpg","itemLevel":465,"bonusIDs":[6386,6389,1572,4786,6509]},{"id":98092,"quality":3,"icon":"inv_shirt_04.jpg","itemLevel":1},{"id":174136,"quality":4,"icon":"inv_chest_leatherraidnzoth_d_01.jpg","itemLevel":475,"bonusIDs":[4823,1502,4786,6507]},{"id":159325,"quality":3,"icon":"inv_belt_leather_zandalardungeon_c_01.jpg","itemLevel":460,"bonusIDs":[6528,6516,6513,1632,4786]},{"id":159322,"quality":3,"icon":"inv_pant_leather_kultirasdungeon_c_01.jpg","itemLevel":475,"bonusIDs":[6536,6578,6579,6552,6513,1647,4786]},{"id":155862,"quality":3,"icon":"inv_boot_leather_kultirasdungeon_c_01.jpg","itemLevel":475,"bonusIDs":[6536,6578,6579,6494,6613,6513,1647,4786]},{"id":159300,"quality":3,"icon":"inv_bracer_leather_zandalardungeon_c_01.jpg","itemLevel":475,"bonusIDs":[6536,6578,6513,1647,4786,6573]},{"id":159312,"quality":3,"icon":"inv_glove_leather_zandalardungeon_c_01.jpg","itemLevel":475,"permanentEnchant":5932,"bonusIDs":[6536,6578,6579,6475,6462,1647,4786,6514],"gems":[{"id":168641,"itemLevel":120,"icon":"inv_misc_gem_x4_uncommon_perfectcut_yellow.jpg"}]},{"id":158362,"quality":3,"icon":"inv_ring_80_01e.jpg","itemLevel":475,"permanentEnchant":6109,"bonusIDs":[6536,6578,6513,1647,4786,6482,6470]},{"id":159462,"quality":3,"icon":"inv_ring_80_06e.jpg","itemLevel":465,"permanentEnchant":6110,"bonusIDs":[6536,4802,6516,6513,1637,4786],"gems":[{"id":168640,"itemLevel":120,"icon":"inv_misc_gem_x4_uncommon_perfectcut_purple.jpg"}]},{"id":174500,"quality":4,"icon":"spell_nature_lightningoverload.jpg","itemLevel":460,"bonusIDs":[4823,6515,1502,4786]},{"id":173944,"quality":4,"icon":"inv_misc_bearclaw_nightmare.jpg","itemLevel":475,"bonusIDs":[4824,6513,1517,4786]},{"id":169223,"quality":5,"icon":"inv_misc_cape_deathwingraid_d_03.jpg","itemLevel":500,"bonusIDs":[6589,1472]},{"id":172201,"quality":4,"icon":"inv_knife_1h_nzothraid_d_03.jpg","itemLevel":475,"permanentEnchant":5964,"bonusIDs":[4824,6516,6513,1517,4786]},{"id":159669,"quality":3,"icon":"inv_offhand_1h_battledungeon_c_01.jpg","itemLevel":475,"bonusIDs":[6536,6578,6513,1647,4786,6516]},{"id":167812,"quality":3,"icon":"inv_tabard_brawlersguildhorde.jpg","itemLevel":1}],"auras":[{"source":14,"ability":298837,"stacks":1,"icon":"trade_alchemy_dpotion_c25.jpg","name":"Greater Flask of Endless Fathoms"},{"source":2,"ability":21562,"stacks":1,"icon":"spell_holy_wordfortitude.jpg","name":"Power Word: Fortitude"},{"source":14,"ability":297034,"stacks":1,"icon":"spell_misc_food.jpg","name":"Well Fed"},{"source":12,"ability":166646,"stacks":1,"icon":"monk_stance_whitetiger.jpg"},{"source":14,"ability":296136,"stacks":1,"icon":"creatureportrait_twilightshammer_summoningportal_water01.jpg"},{"source":14,"ability":296320,"stacks":1,"icon":"spell_azerite_essence_18.jpg"},{"source":14,"ability":296207,"stacks":1,"icon":"inv_farm_herbseed.jpg"}],"faction":0,"specID":105,"strength":632,"agility":1465,"stamina":27343,"intellect":14344,"dodge":0,"parry":0,"block":0,"armor":3619,"critMelee":1621,"critRanged":1621,"critSpell":1621,"speed":0,"leech":0,"hasteMelee":1654,"hasteRanged":1654,"hasteSpell":1654,"avoidance":0,"mastery":1393,"versatilityDamageDone":469,"versatilityHealingDone":469,"versatilityDamageReduction":469,"talents":[{"id":207383,"icon":"ability_druid_empoweredrejuvination.jpg"},{"id":252216,"icon":"ability_druid_dash_orange.jpg"},{"id":197491,"icon":"talentspec_druid_feral_bear.jpg"},{"id":132469,"icon":"ability_druid_typhoon.jpg"},{"id":33891,"icon":"ability_druid_improvedtreeform.jpg"},{"id":197073,"icon":"ability_druid_dreamstate.jpg"},{"id":197721,"icon":"spell_druid_wildburst.jpg"}],"pvpTalents":[{"id":208683,"icon":"ability_pvp_gladiatormedallion.jpg"},{"id":203553,"icon":"ability_druid_focusedgrowth.jpg"},{"id":203624,"icon":"ability_druid_flourish.jpg"},{"id":33786,"icon":"spell_nature_earthbind.jpg"}],"artifact":[{"traitID":172,"rank":465,"spellID":279778,"icon":"inv_relics_idolofrejuvenation.jpg","slot":0},{"traitID":505,"rank":465,"spellID":281841,"icon":"ability_skyreach_wind.jpg","slot":0},{"traitID":104,"rank":465,"spellID":267884,"icon":"achievement_zone_stormpeaks_01.jpg","slot":0},{"traitID":14,"rank":465,"spellID":268594,"icon":"rogue_burstofspeed.jpg","slot":0},{"traitID":13,"rank":465,"spellID":263978,"icon":"inv_smallazeriteshard.jpg","slot":0},{"traitID":362,"rank":465,"spellID":278515,"icon":"spell_nature_resistnature.jpg","slot":2},{"traitID":363,"rank":465,"spellID":278513,"icon":"inv_misc_head_dragon_green.jpg","slot":2},{"traitID":42,"rank":465,"spellID":267883,"icon":"achievement_guildperk_everyones-a-hero.jpg","slot":2},{"traitID":15,"rank":465,"spellID":263962,"icon":"ability_vehicle_shellshieldgenerator_green.jpg","slot":2},{"traitID":13,"rank":465,"spellID":263978,"icon":"inv_smallazeriteshard.jpg","slot":2},{"traitID":120,"rank":475,"spellID":287251,"icon":"ability_druid_flourish.jpg","slot":4},{"traitID":172,"rank":475,"spellID":279778,"icon":"inv_relics_idolofrejuvenation.jpg","slot":4},{"traitID":19,"rank":475,"spellID":267880,"icon":"inv_misc_emberweavebandage.jpg","slot":4},{"traitID":467,"rank":475,"spellID":280013,"icon":"spell_nature_stoneclawtotem.jpg","slot":4},{"traitID":13,"rank":475,"spellID":263978,"icon":"inv_smallazeriteshard.jpg","slot":4}],"heartOfAzeroth":[{"traitID":20,"rank":3,"spellID":299944,"icon":"spell_azerite_essence07.jpg","slot":0,"isMajor":true},{"traitID":20,"rank":3,"spellID":299940,"icon":"inv_farm_herbseed.jpg","slot":0,"isMajor":false},{"traitID":32,"rank":3,"spellID":304123,"icon":"spell_azerite_essence_17.jpg","slot":1,"isMajor":false},{"traitID":22,"rank":4,"spellID":299369,"icon":"spell_azerite_essence_18.jpg","slot":2,"isMajor":false},{"traitID":19,"rank":3,"spellID":299936,"icon":"creatureportrait_twilightshammer_summoningportal_water01.jpg","slot":3,"isMajor":false}]},{"timestamp":935411,"type":"combatantinfo","pin":"0","sourceID":61,"gear":[{"id":166562,"quality":3,"icon":"inv_helm_mail_warfrontsforsaken_d_01.jpg","itemLevel":465,"bonusIDs":[5845,1577,4786,6508]},{"id":158075,"quality":6,"icon":"inv_heartofazeroth.jpg","itemLevel":505,"bonusIDs":[6316,4932,4933]},{"id":159376,"quality":3,"icon":"inv_shoulders_mail_kultirasdungeon_c_01.jpg","itemLevel":465,"bonusIDs":[5445,1632,4786,6509]},{"id":18231,"quality":2,"icon":"inv_shirt_12.jpg","itemLevel":1},{"id":158355,"quality":3,"icon":"inv_chest_mail_zandalardungeon_c_01.jpg","itemLevel":465,"bonusIDs":[5445,1632,4786,6507]},{"id":159403,"quality":3,"icon":"inv_belt_mail_kultirasdungeon_c_01.jpg","itemLevel":470,"bonusIDs":[6532,6578,6579,6563,6513,1642,4786]},{"id":165484,"quality":3,"icon":"inv_pants_mail_warfrontsforsaken_d_01.jpg","itemLevel":460,"bonusIDs":[5845,6578,6579,6566,1577,4786]},{"id":159371,"quality":3,"icon":"inv_boot_mail_zandalardungeon_c_01.jpg","itemLevel":460,"bonusIDs":[6528,4802,6578,6579,6573,6513,1632,4786],"gems":[{"id":168639,"itemLevel":120,"icon":"inv_misc_gem_x4_uncommon_perfectcut_orange.jpg"}]},{"id":158357,"quality":3,"icon":"inv_bracer_mail_zandalardungeon_c_01.jpg","itemLevel":455,"permanentEnchant":5936,"bonusIDs":[5009,4802,6516,6515,1627,4786],"gems":[{"id":168639,"itemLevel":120,"icon":"inv_misc_gem_x4_uncommon_perfectcut_orange.jpg"}]},{"id":173509,"quality":3,"icon":"inv_glove_mail_nzothraid_d_01.jpg","itemLevel":470,"bonusIDs":[6412,6513,6578,6579,6564,1527,4786]},{"id":174268,"quality":4,"icon":"inv_70_raid_ring3c.jpg","itemLevel":445,"permanentEnchant":6108,"bonusIDs":[4822,6516,6515,1487,4786]},{"id":158362,"quality":3,"icon":"inv_ring_80_01e.jpg","itemLevel":455,"permanentEnchant":6108,"bonusIDs":[5010,6516,6515,1627,4786]},{"id":174500,"quality":4,"icon":"spell_nature_lightningoverload.jpg","itemLevel":430,"bonusIDs":[4825,6513,1472,4786]},{"id":174103,"quality":4,"icon":"inv_offhand_hyjal_d_01.jpg","itemLevel":470,"bonusIDs":[4823,6513,1502,4786]},{"id":169223,"quality":5,"icon":"inv_misc_cape_deathwingraid_d_03.jpg","itemLevel":500,"permanentEnchant":6088,"bonusIDs":[6580,1472]},{"id":174010,"quality":4,"icon":"inv_knife_1h_nzothraid_d_03.jpg","itemLevel":425,"permanentEnchant":5964,"bonusIDs":[6516,6515,1537,4785]},{"id":162457,"quality":3,"icon":"inv_shield_1h_zandalarquest_b_01.jpg","itemLevel":445,"bonusIDs":[4803,6578,6515,1637,4786,6516]},{"id":69210,"quality":4,"icon":"inv_epicguildtabard.jpg","itemLevel":1}],"auras":[{"source":61,"ability":303448,"stacks":1,"icon":"inv_azerite-debuff.jpg"},{"source":61,"ability":296320,"stacks":1,"icon":"spell_azerite_essence_18.jpg"},{"source":2,"ability":21562,"stacks":1,"icon":"spell_holy_wordfortitude.jpg","name":"Power Word: Fortitude"},{"source":61,"ability":2645,"stacks":1,"icon":"spell_nature_spiritwolf.jpg","name":"Ghost Wolf"},{"source":12,"ability":166646,"stacks":1,"icon":"monk_stance_whitetiger.jpg"}],"faction":0,"specID":264,"strength":632,"agility":1469,"stamina":25033,"intellect":12331,"dodge":0,"parry":0,"block":0,"armor":8106,"critMelee":1724,"critRanged":1724,"critSpell":1724,"speed":0,"leech":0,"hasteMelee":1073,"hasteRanged":1073,"hasteSpell":1073,"avoidance":0,"mastery":787,"versatilityDamageDone":1272,"versatilityHealingDone":1272,"versatilityDamageReduction":1272,"talents":[{"id":73685,"icon":"spell_shaman_unleashweapon_life.jpg"},{"id":108283,"icon":"ability_shaman_echooftheelements.jpg"},{"id":260878,"icon":"spell_hunter_lonewolf.jpg"},{"id":198838,"icon":"spell_nature_stoneskintotem.jpg"},{"id":30884,"icon":"spell_nature_natureguardian.jpg"},{"id":157153,"icon":"ability_shaman_condensationtotem.jpg"},{"id":157154,"icon":"spell_shaman_hightide.jpg"}],"pvpTalents":[{"id":196029,"icon":"ability_bossdarkvindicator_auraofcontempt.jpg"},{"id":204331,"icon":"spell_nature_wrathofair_totem.jpg"},{"id":204264,"icon":"spell_shaman_tidalwaves.jpg"},{"id":204261,"icon":"ability_shaman_freedomwolf.jpg"}],"artifact":[{"traitID":447,"rank":465,"spellID":277666,"icon":"spell_shaman_improvedreincarnation.jpg","slot":0},{"traitID":526,"rank":465,"spellID":287662,"icon":"inv_glaive_1h_warfrontsforsaken_d_01.jpg","slot":0},{"traitID":21,"rank":465,"spellID":263984,"icon":"ability_skyreach_four_wind.jpg","slot":0},{"traitID":474,"rank":465,"spellID":280021,"icon":"spell_nature_spiritwolf.jpg","slot":0},{"traitID":13,"rank":465,"spellID":263978,"icon":"inv_smallazeriteshard.jpg","slot":0},{"traitID":416,"rank":465,"spellID":278697,"icon":"spell_nature_elementalprecision_1.jpg","slot":2},{"traitID":457,"rank":465,"spellID":279829,"icon":"spell_shaman_lavasurge.jpg","slot":2},{"traitID":21,"rank":465,"spellID":263984,"icon":"ability_skyreach_four_wind.jpg","slot":2},{"traitID":474,"rank":465,"spellID":280021,"icon":"spell_nature_spiritwolf.jpg","slot":2},{"traitID":13,"rank":465,"spellID":263978,"icon":"inv_smallazeriteshard.jpg","slot":2},{"traitID":416,"rank":465,"spellID":278697,"icon":"spell_nature_elementalprecision_1.jpg","slot":4},{"traitID":423,"rank":465,"spellID":278715,"icon":"spell_shaman_spiritlink.jpg","slot":4},{"traitID":21,"rank":465,"spellID":263984,"icon":"ability_skyreach_four_wind.jpg","slot":4},{"traitID":15,"rank":465,"spellID":263962,"icon":"ability_vehicle_shellshieldgenerator_green.jpg","slot":4},{"traitID":13,"rank":465,"spellID":263978,"icon":"inv_smallazeriteshard.jpg","slot":4}],"heartOfAzeroth":[{"traitID":22,"rank":3,"spellID":299370,"icon":"spell_azerite_essence_18.jpg","slot":0,"isMajor":true},{"traitID":22,"rank":3,"spellID":299369,"icon":"spell_azerite_essence_18.jpg","slot":0,"isMajor":false},{"traitID":24,"rank":3,"spellID":298304,"icon":"spell_azerite_essence02.jpg","slot":1,"isMajor":false},{"traitID":32,"rank":2,"spellID":304089,"icon":"spell_azerite_essence_17.jpg","slot":2,"isMajor":false},{"traitID":21,"rank":3,"spellID":303476,"icon":"inv_azerite-debuff.jpg","slot":3,"isMajor":false}]},{"timestamp":935411,"type":"combatantinfo","pin":"0","sourceID":65,"gear":[{"id":173845,"quality":3,"icon":"inv_helm_cloth_nzothraid_d_01.jpg","itemLevel":435,"bonusIDs":[1487,4786,6502]},{"id":158075,"quality":6,"icon":"inv_heartofazeroth.jpg","itemLevel":501,"bonusIDs":[4932,4933,6316]},{"id":174120,"quality":4,"icon":"inv_shoulder_cloth_nzothraid_d_01.jpg","itemLevel":465,"bonusIDs":[4823,1502,4786,6509]},{"id":0,"quality":1,"icon":"inv_axe_02.jpg","itemLevel":0},{"id":165492,"quality":3,"icon":"inv_chest_cloth_warfrontsforsaken_d_01.jpg","itemLevel":465,"bonusIDs":[5845,1577,4786,6507]},{"id":159255,"quality":3,"icon":"inv_belt_cloth_zandalardungeon_c_01.jpg","itemLevel":460,"bonusIDs":[5008,6578,6579,6556,6513,1632,4786]},{"id":174121,"quality":4,"icon":"inv_pant_cloth_nzothraid_d_01.jpg","itemLevel":460,"bonusIDs":[4823,6516,6513,1502,4786]},{"id":174123,"quality":4,"icon":"inv_boot_cloth_nzothraid_d_01.jpg","itemLevel":460,"bonusIDs":[4823,6516,6515,1502,4786]},{"id":159227,"quality":3,"icon":"inv_bracer_cloth_kultirasdungeon_c_01.jpg","itemLevel":465,"bonusIDs":[6536,6516,6513,1637,4786]},{"id":159231,"quality":3,"icon":"inv_glove_cloth_zandalardungeon_c_01.jpg","itemLevel":475,"bonusIDs":[6536,4802,6578,6579,6544,6515,1647,4786],"gems":[{"id":168638,"itemLevel":120,"icon":"inv_misc_metagem_b.jpg"}]},{"id":165679,"quality":3,"icon":"inv_misc_diamondring1.jpg","itemLevel":445,"permanentEnchant":6108,"bonusIDs":[4803,6516,6513,1637,4786]},{"id":174533,"quality":4,"icon":"inv_70_quest_ring7c.jpg","itemLevel":470,"bonusIDs":[4823,6516,6513,1502,4786]},{"id":173944,"quality":4,"icon":"inv_misc_bearclaw_nightmare.jpg","itemLevel":460,"bonusIDs":[4823,6513,1502,4786]},{"id":174060,"quality":4,"icon":"ability_demonhunter_soulcleave2.jpg","itemLevel":460,"bonusIDs":[4823,6513,1502,4786]},{"id":169223,"quality":5,"icon":"inv_misc_cape_deathwingraid_d_03.jpg","itemLevel":470,"bonusIDs":[6272]},{"id":172201,"quality":4,"icon":"inv_knife_1h_nzothraid_d_03.jpg","itemLevel":460,"permanentEnchant":5949,"bonusIDs":[4823,6516,6513,1502,4786]},{"id":172190,"quality":4,"icon":"inv_offhand_1h_nzothraid_d_01.jpg","itemLevel":460,"bonusIDs":[4823,6516,6513,1502,4786]},{"id":0,"quality":1,"icon":"inv_axe_02.jpg","itemLevel":0}],"auras":[{"source":2,"ability":21562,"stacks":1,"icon":"spell_holy_wordfortitude.jpg","name":"Power Word: Fortitude"},{"source":12,"ability":166646,"stacks":1,"icon":"monk_stance_whitetiger.jpg"},{"source":65,"ability":298837,"stacks":1,"icon":"trade_alchemy_dpotion_c25.jpg","name":"Greater Flask of Endless Fathoms"},{"source":65,"ability":296320,"stacks":1,"icon":"spell_azerite_essence_18.jpg"},{"source":65,"ability":295365,"stacks":1,"icon":"inv_radientazeritematrix.jpg"},{"source":65,"ability":295834,"stacks":1,"icon":"spell_azerite_essence14.jpg"}],"faction":0,"specID":62,"strength":644,"agility":999,"stamina":23297,"intellect":13653,"dodge":0,"parry":0,"block":0,"armor":2020,"critMelee":1318,"critRanged":1318,"critSpell":1318,"speed":0,"leech":0,"hasteMelee":1437,"hasteRanged":1437,"hasteSpell":1437,"avoidance":0,"mastery":1156,"versatilityDamageDone":738,"versatilityHealingDone":738,"versatilityDamageReduction":738,"talents":[{"id":264354,"icon":"spell_arcane_starfire.jpg"},{"id":212653,"icon":"spell_arcane_massdispel.jpg"},{"id":1463,"icon":"ability_mage_incantersabsorbtion.jpg"},{"id":205028,"icon":"spell_arcane_arcane01.jpg"},{"id":235711,"icon":"ability_monk_deadlyreach.jpg"},{"id":210725,"icon":"spell_mage_icenova.jpg"},{"id":155147,"icon":"spell_mage_overpowered.jpg"}],"pvpTalents":[{"id":208683,"icon":"ability_pvp_gladiatormedallion.jpg"},{"id":198100,"icon":"spell_arcane_arcane02.jpg"},{"id":213220,"icon":"spell_mage_altertime.jpg"},{"id":210476,"icon":"ability_mage_invisibility.jpg"}],"artifact":[{"traitID":214,"rank":435,"spellID":274594,"icon":"ability_mage_arcanebarrage.jpg","slot":0},{"traitID":582,"rank":435,"spellID":317137,"icon":"inv_heart_of_the_thunder-king_icon.jpg","slot":0},{"traitID":459,"rank":435,"spellID":279899,"icon":"inv_ember.jpg","slot":0},{"traitID":85,"rank":435,"spellID":268596,"icon":"inv_jewelcrafting_argusgemcut_yellow_miscicons.jpg","slot":0},{"traitID":13,"rank":435,"spellID":263978,"icon":"inv_smallazeriteshard.jpg","slot":0},{"traitID":88,"rank":465,"spellID":270669,"icon":"spell_nature_starfall.jpg","slot":2},{"traitID":582,"rank":465,"spellID":317137,"icon":"inv_heart_of_the_thunder-king_icon.jpg","slot":2},{"traitID":459,"rank":465,"spellID":279899,"icon":"inv_ember.jpg","slot":2},{"traitID":546,"rank":465,"spellID":288121,"icon":"spell_arcane_studentofmagic.jpg","slot":2},{"traitID":13,"rank":465,"spellID":263978,"icon":"inv_smallazeriteshard.jpg","slot":2},{"traitID":127,"rank":465,"spellID":286027,"icon":"spell_arcane_arcanepotency.jpg","slot":4},{"traitID":523,"rank":465,"spellID":287631,"icon":"inv_misc_potionsete.jpg","slot":4},{"traitID":21,"rank":465,"spellID":263984,"icon":"ability_skyreach_four_wind.jpg","slot":4},{"traitID":205,"rank":465,"spellID":274379,"icon":"spell_magearmor.jpg","slot":4},{"traitID":13,"rank":465,"spellID":263978,"icon":"inv_smallazeriteshard.jpg","slot":4}],"heartOfAzeroth":[{"traitID":14,"rank":3,"spellID":299358,"icon":"spell_azerite_essence14.jpg","slot":0,"isMajor":true},{"traitID":14,"rank":3,"spellID":299357,"icon":"spell_azerite_essence14.jpg","slot":0,"isMajor":false},{"traitID":12,"rank":1,"spellID":295365,"icon":"inv_radientazeritematrix.jpg","slot":1,"isMajor":false},{"traitID":22,"rank":1,"spellID":296320,"icon":"spell_azerite_essence_18.jpg","slot":2,"isMajor":false},{"traitID":35,"rank":1,"spellID":310712,"icon":"ability_essence_reapingflames.jpg","slot":3,"isMajor":false}]}]