{"fights":[{"id":1,"start_time":86495,"end_time":311678,"boss":2329,"name":"Wrathion","size":14,"difficulty":4,"kill":true,"partial":3,"bossPercentage":0,"fightPercentage":0,"lastPhaseForPercentageDisplay":1,"maps":[1580]},{"id":2,"start_time":336777,"end_time":407408,"boss":0,"name":"Monstrous Behemoth"},{"id":3,"start_time":422283,"end_time":497873,"boss":0,"name":"Khateph"},{"id":4,"start_time":516081,"end_time":516081,"boss":0,"name":"Onyx Scarab"},{"id":5,"start_time":533161,"end_time":579873,"boss":0,"name":"Aqir Shadowcrafter"},{"id":6,"start_time":593711,"end_time":694266,"boss":0,"name":"Aqir Shadowcrafter"},{"id":7,"start_time":935411,"end_time":1152967,"boss":2327,"name":"Maut","size":15,"difficulty":4,"kill":true,"partial":3,"bossPercentage":0,"fightPercentage":0,"lastPhaseForPercentageDisplay":1,"maps":[1581]},{"id":8,"start_time":1180305,"end_time":1180391,"boss":0,"name":"Onyx Scarab"},{"id":9,"start_time":1217762,"end_time":1319464,"boss":0,"name":"Ossirat"},{"id":10,"start_time":1349176,"end_time":1436268,"boss":0,"name":"Anubisath Sentinel"},{"id":11,"start_time":1471558,"end_time":1522493,"boss":0,"name":"Anubisath Sentinel"},{"id":12,"start_time":1569298,"end_time":1772003,"boss":2334,"name":"Prophet Skitra","size":15,"difficulty":4,"kill":true,"partial":3,"bossPercentage":0,"fightPercentage":0,"lastPhaseForPercentageDisplay":0,"maps":[1581]},{"id":13,"start_time":1877137,"end_time":1916378,"boss":0,"name":"Maddened Conscript"},{"id":14,"start_time":1934770,"end_time":1975053,"boss":0,"name":"Gryth'ax the Executioner"},{"id":15,"start_time":2088900,"end_time":2173116,"boss":0,"name":"Umbral Gatekeeper"},{"id":16,"start_time":2190176,"end_time":2269714,"boss":0,"name":"Jesh'ra"},{"id":17,"start_time":2284085,"end_time":2336059,"boss":0,"name":"Demented Knife-Twister"},{"id":18,"start_time":2354043,"end_time":2385063,"boss":0,"name":"Monstrous Behemoth"},{"id":19,"start_time":2397266,"end_time":2633455,"boss":0,"name":"Sanguimar"},{"id":20,"start_time":2683849,"end_time":2711658,"boss":2335,"name":"Shad'har the Insatiable","size":18,"difficulty":4,"kill":false,"partial":3,"bossPercentage":9863,"fightPercentage":9863,"lastPhaseForPercentageDisplay":1,"maps":[1594]},{"id":21,"start_time":2752661,"end_time":2780534,"boss":2335,"name":"Shad'har the Insatiable","size":18,"difficulty":4,"kill":false,"partial":3,"bossPercentage":9998,"fightPercentage":9998,"lastPhaseForPercentageDisplay":1,"maps":[1594]},{"id":22,"start_time":2802431,"end_time":2840594,"boss":0,"name":"Demented Knife-Twister"},{"id":23,"start_time":2936443,"end_time":3144014,"boss":2335,"name":"Shad'har the Insatiable","size":18,"difficulty":4,"kill":true,"partial":3,"bossPercentage":0,"fightPercentage":0,"lastPhaseForPercentageDisplay":3,"maps":[1594]},{"id":24,"start_time":3185664,"end_time":3376210,"boss":0,"name":"Drest'agath"},{"id":25,"start_time":3475856,"end_time":3764633,"boss":2343,"name":"Drest'agath","size":18,"difficulty":4,"kill":true,"partial":3,"bossPercentage":0,"fightPercentage":0,"lastPhaseForPercentageDisplay":0,"maps":[1595]},{"id":26,"start_time":3818362,"end_time":3954955,"boss":0,"name":"Corrosive Digester"},{"id":27,"start_time":4059160,"end_time":4266796,"boss":2345,"name":"Il'gynoth, Corruption Reborn","size":18,"difficulty":4,"kill":false,"partial":3,"bossPercentage":7082,"fightPercentage":7082,"lastPhaseForPercentageDisplay":0,"maps":[1596]},{"id":28,"start_time":4269847,"end_time":4269847,"boss":0,"name":"Onolatry"},{"id":29,"start_time":4409320,"end_time":4780203,"boss":2345,"name":"Il'gynoth, Corruption Reborn","size":18,"difficulty":4,"kill":true,"partial":3,"bossPercentage":36,"fightPercentage":36,"lastPhaseForPercentageDisplay":0,"maps":[1596]},{"id":30,"start_time":4847063,"end_time":4911470,"boss":0,"name":"Monstrous Behemoth"},{"id":31,"start_time":4923675,"end_time":5015727,"boss":0,"name":"Umbral Seer"},{"id":32,"start_time":5026177,"end_time":5102155,"boss":0,"name":"Monstrous Behemoth"},{"id":33,"start_time":5186150,"end_time":5438191,"boss":2328,"name":"Dark Inquisitor Xanesh","size":18,"difficulty":4,"kill":true,"partial":3,"bossPercentage":0,"fightPercentage":0,"lastPhaseForPercentageDisplay":0,"maps":[1592]},{"id":34,"start_time":5526044,"end_time":5562548,"boss":0,"name":"Iron-Willed Enforcer"},{"id":35,"start_time":5574674,"end_time":5638833,"boss":0,"name":"Vexiona"},{"id":36,"start_time":5655414,"end_time":5705202,"boss":0,"name":"Vexiona"},{"id":37,"start_time":5715427,"end_time":5737906,"boss":0,"name":"Vexiona"},{"id":38,"start_time":6431759,"end_time":6691553,"boss":2336,"name":"Vexiona","size":18,"difficulty":4,"kill":true,"partial":3,"bossPercentage":0,"fightPercentage":0,"lastPhaseForPercentageDisplay":1,"maps":[1593]},{"id":39,"start_time":6760004,"end_time":6792054,"boss":0,"name":"Aqir Swarmkeeper"},{"id":40,"start_time":6804573,"end_time":6968993,"boss":0,"name":"Deresh of the Nothingness"},{"id":41,"start_time":6980134,"end_time":7009873,"boss":0,"name":"Aqir Crusher"},{"id":42,"start_time":7118206,"end_time":7318137,"boss":2333,"name":"The Hivemind","size":18,"difficulty":4,"kill":true,"partial":3,"bossPercentage":0,"fightPercentage":0,"lastPhaseForPercentageDisplay":0,"maps":[1590]},{"id":43,"start_time":7327493,"end_time":7327510,"boss":0,"name":"Engorged Maggot"},{"id":44,"start_time":7358377,"end_time":7416316,"boss":0,"name":"Aqir Crusher"},{"id":45,"start_time":7447422,"end_time":7479346,"boss":0,"name":"Abyssal Watcher"},{"id":46,"start_time":7497946,"end_time":7520943,"boss":0,"name":"Abyssal Watcher"},{"id":47,"start_time":7547191,"end_time":7571975,"boss":0,"name":"Abyssal Watcher"},{"id":48,"start_time":7593642,"end_time":7618150,"boss":0,"name":"Abyssal Watcher"},{"id":49,"start_time":7931180,"end_time":7983571,"boss":2331,"name":"Ra-den the Despoiled","size":19,"difficulty":4,"kill":false,"partial":3,"bossPercentage":9927,"fightPercentage":9927,"lastPhaseForPercentageDisplay":1,"maps":[1591]},{"id":50,"start_time":8150455,"end_time":8371739,"boss":2331,"name":"Ra-den the Despoiled","size":19,"difficulty":4,"kill":true,"partial":3,"bossPercentage":0,"fightPercentage":0,"lastPhaseForPercentageDisplay":2,"maps":[1591]},{"id":51,"start_time":8419877,"end_time":8492087,"boss":0,"name":"Eye of the Depths"},{"id":52,"start_time":8503584,"end_time":8579195,"boss":0,"name":"Monstrous Behemoth"},{"id":53,"start_time":8635637,"end_time":8683220,"boss":0,"name":"Amalgamation of Flesh"},{"id":54,"start_time":8748521,"end_time":8795705,"boss":0,"name":"Amalgamation of Flesh"},{"id":55,"start_time":8837441,"end_time":8941923,"boss":2337,"name":"Carapace of N'Zoth","size":18,"difficulty":4,"kill":false,"partial":3,"bossPercentage":7061,"fightPercentage":7061,"lastPhaseForPercentageDisplay":1,"maps":[1597]},{"id":56,"start_time":9006660,"end_time":9454243,"boss":2337,"name":"Carapace of N'Zoth","size":18,"difficulty":4,"kill":true,"partial":3,"bossPercentage":0,"fightPercentage":0,"lastPhaseForPercentageDisplay":3,"maps":[1597]},{"id":57,"start_time":9461556,"end_time":9461556,"boss":0,"name":"Thrashing Tentacle"},{"id":58,"start_time":9716181,"end_time":10343423,"boss":2344,"name":"N'Zoth the Corruptor","size":18,"difficulty":4,"kill":true,"partial":3,"bossPercentage":226,"fightPercentage":226,"lastPhaseForPercentageDisplay":2,"maps":[1597]},{"id":59,"start_time":10346560,"end_time":10349214,"boss":0,"name":"N'Zoth the Corruptor"}],"completeRaids":[{"id":10000,"start_time":86495,"end_time":10343423,"boss":2346,"name":"Ny'alotha","size":18,"difficulty":4,"kill":true,"partial":3,"speedClear":true}],"lang":"en","friendlies":[{"name":"Draftshot","id":9,"guid":179830499,"type":"Hunter","server":"Area52","icon":"Hunter-BeastMastery","fights":[{"id":1},{"id":2},{"id":3},{"id":5},{"id":6},{"id":7},{"id":9},{"id":10},{"id":11},{"id":12}]},{"name":"Alootam","id":1,"guid":150199666,"type":"Shaman","server":"Area52","icon":"Shaman-Elemental","fights":[{"id":1},{"id":2},{"id":3},{"id":5},{"id":6},{"id":7},{"id":9},{"id":10},{"id":11},{"id":12},{"id":13},{"id":14},{"id":15},{"id":16},{"id":17},{"id":18},{"id":19},{"id":20},{"id":21},{"id":22},{"id":23},{"id":24},{"id":25},{"id":26},{"id":27},{"id":29},{"id":31},{"id":32},{"id":33},{"id":34},{"id":35},{"id":36},{"id":37},{"id":38},{"id":39},{"id":40},{"id":41},{"id":42},{"id":44},{"id":45},{"id":46},{"id":47},{"id":48},{"id":49},{"id":50},{"id":51},{"id":52},{"id":53},{"id":54},{"id":55},{"id":56},{"id":58},{"id":59}]},{"name":"Thysera","id":65,"guid":180738199,"type":"Mage","server":"Area52","icon":"Mage-Arcane","fights":[{"id":7},{"id":8},{"id":9},{"id":10},{"id":11},{"id":12},{"id":13},{"id":14},{"id":15},{"id":16},{"id":17},{"id":18},{"id":19},{"id":20},{"id":21},{"id":22},{"id":23},{"id":24},{"id":25},{"id":26},{"id":27},{"id":29},{"id":30},{"id":31},{"id":32},{"id":33},{"id":35},{"id":36},{"id":37},{"id":38},{"id":39},{"id":40},{"id":41},{"id":42},{"id":43},{"id":44},{"id":45},{"id":46},{"id":47},{"id":48},{"id":49},{"id":50},{"id":51}]},{"name":"Beast","id":71,"guid":62005,"type":"Pet","icon":"abilities/ability_hunter_sickem","fights":[{"id":7,"instances":1}]},{"name":"Derizzler","id":12,"guid":152566599,"type":"Monk","server":"Area52","icon":"Monk-Windwalker","fights":[{"id":1},{"id":2},{"id":3},{"id":6},{"id":7},{"id":8},{"id":9},{"id":10},{"id":11},{"id":12},{"id":13},{"id":14},{"id":15},{"id":16},{"id":17},{"id":18},{"id":19},{"id":20},{"id":21},{"id":22},{"id":23},{"id":24},{"id":25},{"id":26},{"id":27},{"id":29},{"id":31},{"id":32},{"id":33},{"id":34},{"id":35},{"id":36},{"id":37},{"id":38},{"id":39},{"id":40},{"id":41},{"id":42},{"id":43},{"id":44},{"id":45},{"id":46},{"id":47},{"id":48},{"id":49},{"id":50},{"id":51},{"id":52},{"id":53},{"id":54},{"id":55},{"id":56},{"id":58}]},{"name":"Swiskar","id":186,"guid":115062901,"type":"Hunter","server":"Area52","icon":"Hunter-BeastMastery","fights":[{"id":49},{"id":50},{"id":51},{"id":52},{"id":53},{"id":54},{"id":55},{"id":56},{"id":58}]},{"name":"Kaeldaimon","id":8,"guid":179473051,"type":"DemonHunter","server":"Area52","icon":"DemonHunter-Havoc","fights":[{"id":1},{"id":2},{"id":3},{"id":5},{"id":6},{"id":7},{"id":8},{"id":9},{"id":10},{"id":11},{"id":12},{"id":13},{"id":14},{"id":15},{"id":16},{"id":17},{"id":18},{"id":19},{"id":20},{"id":21},{"id":22},{"id":23},{"id":24},{"id":25},{"id":26},{"id":27},{"id":28},{"id":29},{"id":30},{"id":31},{"id":32},{"id":33},{"id":34},{"id":35},{"id":36},{"id":37},{"id":38},{"id":39},{"id":40},{"id":41},{"id":42},{"id":44},{"id":45},{"id":46},{"id":47},{"id":48},{"id":49},{"id":50},{"id":51},{"id":52},{"id":53},{"id":54},{"id":55},{"id":56},{"id":58}]},{"name":"Onolatry","id":96,"guid":187058783,"type":"Priest","server":"Illidan","icon":"Priest-Holy","fights":[{"id":16},{"id":17},{"id":18},{"id":19},{"id":20},{"id":21},{"id":22},{"id":23},{"id":24},{"id":25},{"id":26},{"id":27},{"id":29},{"id":30},{"id":31},{"id":32},{"id":33},{"id":34},{"id":35}]},{"name":"Pikell","id":14,"guid":171319943,"type":"Druid","server":"Area52","icon":"Druid","fights":[{"id":1},{"id":2},{"id":3},{"id":5},{"id":6},{"id":7},{"id":8},{"id":9},{"id":10},{"id":11},{"id":12},{"id":13},{"id":14},{"id":15},{"id":16},{"id":17},{"id":18},{"id":19},{"id":20},{"id":21},{"id":22},{"id":23},{"id":24},{"id":25},{"id":26},{"id":27},{"id":28},{"id":29},{"id":30},{"id":31},{"id":32},{"id":33},{"id":34},{"id":35},{"id":36},{"id":37},{"id":38},{"id":39},{"id":40},{"id":41},{"id":42},{"id":43},{"id":44},{"id":45},{"id":46},{"id":47},{"id":48},{"id":49},{"id":50},{"id":51},{"id":52},{"id":53},{"id":54},{"id":55},{"id":56},{"id":57},{"id":58},{"id":59}]},{"name":"Joanne","id":4,"guid":161365725,"type":"Priest","server":"Area52","icon":"Priest-Holy","fights":[{"id":1},{"id":2},{"id":3}]},{"name":"Ashoko","id":3,"guid":157998027,"type":"Monk","server":"Area52","icon":"Monk-Brewmaster","fights":[{"id":1},{"id":2},{"id":3},{"id":4},{"id":5},{"id":6},{"id":7},{"id":9},{"id":10},{"id":11},{"id":12},{"id":13},{"id":14},{"id":15},{"id":16},{"id":17},{"id":18},{"id":19},{"id":20},{"id":21},{"id":22},{"id":23},{"id":24},{"id":25},{"id":26},{"id":27},{"id":28},{"id":29},{"id":30},{"id":31},{"id":32},{"id":33},{"id":34},{"id":35},{"id":36},{"id":37},{"id":38},{"id":39},{"id":40},{"id":41},{"id":42},{"id":43},{"id":44},{"id":45},{"id":46},{"id":47},{"id":48},{"id":49},{"id":50},{"id":51},{"id":52},{"id":53},{"id":54},{"id":55},{"id":56},{"id":57},{"id":58},{"id":59}]},{"name":"Kaagsanity","id":2,"guid":150129516,"type":"Priest","server":"Area52","icon":"Priest","fights":[{"id":1},{"id":2},{"id":3},{"id":4},{"id":5},{"id":6},{"id":7},{"id":8},{"id":9},{"id":10},{"id":11},{"id":12},{"id":13},{"id":14},{"id":15},{"id":16},{"id":17},{"id":18},{"id":19},{"id":20},{"id":21},{"id":22},{"id":23},{"id":24},{"id":25},{"id":26},{"id":27},{"id":29},{"id":30},{"id":31},{"id":32},{"id":33},{"id":34},{"id":35},{"id":36},{"id":37},{"id":38},{"id":39},{"id":40},{"id":41},{"id":42},{"id":43},{"id":44},{"id":45},{"id":46},{"id":47},{"id":48},{"id":49},{"id":50},{"id":51},{"id":52},{"id":53},{"id":54},{"id":55},{"id":56},{"id":57},{"id":58},{"id":59}]},{"name":"Vampyric","id":7,"guid":159033278,"type":"Priest","server":"Area52","icon":"Priest-Shadow","fights":[{"id":1},{"id":2},{"id":3},{"id":5},{"id":6},{"id":7},{"id":8},{"id":9},{"id":10},{"id":11},{"id":12},{"id":13},{"id":14},{"id":15},{"id":16},{"id":17},{"id":18},{"id":19},{"id":20},{"id":21},{"id":22},{"id":23},{"id":24},{"id":25},{"id":26},{"id":27},{"id":29},{"id":30},{"id":31},{"id":32},{"id":33},{"id":34},{"id":35},{"id":36},{"id":37},{"id":38},{"id":39},{"id":40},{"id":41},{"id":42},{"id":43},{"id":44},{"id":45},{"id":46},{"id":47},{"id":48},{"id":49},{"id":50},{"id":51},{"id":52},{"id":53},{"id":54},{"id":55},{"id":56},{"id":57},{"id":58},{"id":59}]},{"name":"Singsòng","id":99,"guid":206491379,"type":"Monk","server":"Zul'jin","icon":"Monk-Mistweaver","fights":[{"id":17},{"id":18},{"id":19},{"id":20},{"id":21},{"id":22},{"id":23},{"id":24},{"id":25},{"id":26},{"id":27},{"id":28},{"id":29},{"id":30},{"id":31},{"id":32},{"id":33},{"id":34},{"id":35},{"id":36},{"id":37},{"id":38},{"id":39},{"id":40},{"id":41},{"id":42},{"id":43},{"id":44},{"id":45},{"id":46},{"id":47},{"id":48},{"id":49},{"id":50},{"id":51},{"id":52},{"id":53},{"id":54},{"id":55},{"id":56},{"id":57},{"id":58},{"id":59}]},{"name":"Solstis","id":11,"guid":154653513,"type":"Paladin","server":"Area52","icon":"Paladin-Protection","fights":[{"id":1},{"id":2},{"id":3},{"id":5},{"id":6},{"id":7},{"id":8},{"id":9},{"id":10},{"id":11},{"id":12},{"id":13},{"id":14},{"id":15},{"id":16},{"id":17},{"id":18},{"id":19},{"id":20},{"id":21},{"id":22},{"id":23},{"id":24},{"id":25},{"id":26},{"id":27},{"id":28},{"id":29},{"id":30},{"id":31},{"id":32},{"id":33},{"id":34},{"id":35},{"id":36},{"id":37},{"id":38},{"id":39},{"id":40},{"id":41},{"id":42},{"id":44},{"id":45},{"id":46},{"id":47},{"id":48},{"id":49},{"id":50},{"id":51},{"id":52},{"id":53},{"id":54},{"id":55},{"id":56},{"id":57},{"id":58},{"id":59}]},{"name":"Wrathion","id":209,"guid":160177,"type":"NPC","icon":"custom-icon-spell_fire_sealoffire","fights":[{"id":55,"instances":1,"groups":1},{"id":56,"instances":1,"groups":5}]},{"name":"Leejunghun","id":10,"guid":166547507,"type":"Priest","server":"Area52","icon":"Priest-Shadow","fights":[{"id":1},{"id":2},{"id":3},{"id":5},{"id":6},{"id":7},{"id":9},{"id":10},{"id":11},{"id":12},{"id":13},{"id":14},{"id":15},{"id":16},{"id":17},{"id":18},{"id":19},{"id":20},{"id":21},{"id":22},{"id":23},{"id":24},{"id":25},{"id":26},{"id":27},{"id":28},{"id":29},{"id":30},{"id":31},{"id":32},{"id":33},{"id":34},{"id":35},{"id":36},{"id":37},{"id":38},{"id":39},{"id":40},{"id":41},{"id":42},{"id":43},{"id":44},{"id":45},{"id":46},{"id":47},{"id":48},{"id":49},{"id":50},{"id":51},{"id":52},{"id":53},{"id":54},{"id":55},{"id":56},{"id":57},{"id":58},{"id":59}]},{"name":"Xydiria","id":5,"guid":147900486,"type":"DemonHunter","server":"Area52","icon":"DemonHunter-Havoc","fights":[{"id":1},{"id":6},{"id":7},{"id":8},{"id":9},{"id":10},{"id":11},{"id":12},{"id":13},{"id":14},{"id":15},{"id":16},{"id":17},{"id":18},{"id":19},{"id":20},{"id":21},{"id":22},{"id":23},{"id":24},{"id":25},{"id":26},{"id":27},{"id":28},{"id":29},{"id":31},{"id":32},{"id":33},{"id":34},{"id":35},{"id":36},{"id":37},{"id":38},{"id":39},{"id":40},{"id":41},{"id":42},{"id":43},{"id":44},{"id":45},{"id":46},{"id":47},{"id":48},{"id":49},{"id":50},{"id":51},{"id":52},{"id":53},{"id":54},{"id":55},{"id":56},{"id":58},{"id":59}]},{"name":"Saift","id":152,"guid":119577724,"type":"Paladin","server":"Mal'Ganis","icon":"Paladin-Holy","fights":[{"id":38},{"id":39},{"id":40},{"id":41},{"id":42},{"id":43},{"id":44},{"id":45},{"id":46},{"id":47},{"id":48},{"id":49},{"id":50},{"id":51},{"id":52},{"id":53},{"id":54},{"id":55},{"id":56},{"id":57},{"id":58}]},{"name":"Raggnaarokk","id":6,"guid":139711375,"type":"Hunter","server":"Area52","icon":"Hunter-BeastMastery","fights":[{"id":1},{"id":2},{"id":3},{"id":5},{"id":6},{"id":7},{"id":9},{"id":10},{"id":11},{"id":12},{"id":13},{"id":14},{"id":15},{"id":16},{"id":17},{"id":18},{"id":19},{"id":20},{"id":21},{"id":22},{"id":23},{"id":24},{"id":25},{"id":26},{"id":27},{"id":28},{"id":29},{"id":30},{"id":31},{"id":32},{"id":33},{"id":34},{"id":35},{"id":36},{"id":37},{"id":38},{"id":39},{"id":40},{"id":41},{"id":42},{"id":44},{"id":45},{"id":46},{"id":47},{"id":48},{"id":49},{"id":50},{"id":51},{"id":52},{"id":53},{"id":54},{"id":55},{"id":56},{"id":58}]},{"name":"Epicdemic","id":102,"guid":140920729,"type":"DeathKnight","server":"Hyjal","icon":"DeathKnight-Unholy","fights":[{"id":17},{"id":18},{"id":19},{"id":20},{"id":21},{"id":22},{"id":23},{"id":24},{"id":25},{"id":26},{"id":27},{"id":28},{"id":29},{"id":30},{"id":31},{"id":32},{"id":33},{"id":34},{"id":35},{"id":36},{"id":37},{"id":38},{"id":39},{"id":40},{"id":41},{"id":42},{"id":44},{"id":45},{"id":46},{"id":47},{"id":48},{"id":49},{"id":50},{"id":51},{"id":52},{"id":53},{"id":54},{"id":55},{"id":56},{"id":58}]},{"name":"Rockblocked","id":61,"guid":109923227,"type":"Shaman","server":"Cho'gall","icon":"Shaman-Restoration","fights":[{"id":5},{"id":6},{"id":7},{"id":8},{"id":9},{"id":10},{"id":11},{"id":12},{"id":13},{"id":14},{"id":15},{"id":16},{"id":17},{"id":18},{"id":19},{"id":20},{"id":21},{"id":22},{"id":23},{"id":24},{"id":25},{"id":26},{"id":27},{"id":29},{"id":30},{"id":31},{"id":32},{"id":33},{"id":34},{"id":35},{"id":36},{"id":37},{"id":38},{"id":39},{"id":40},{"id":41},{"id":42},{"id":43},{"id":44},{"id":45},{"id":46},{"id":47},{"id":48},{"id":49},{"id":50},{"id":51},{"id":52},{"id":53},{"id":54},{"id":55},{"id":56},{"id":57},{"id":58},{"id":59}]},{"name":"Draftdemon","id":88,"guid":178963064,"type":"DemonHunter","server":"Area52","icon":"DemonHunter-Havoc","fights":[{"id":15},{"id":16},{"id":17},{"id":18},{"id":19},{"id":20},{"id":21},{"id":22},{"id":23},{"id":24},{"id":25},{"id":26},{"id":27},{"id":28},{"id":29},{"id":30},{"id":31},{"id":32},{"id":33},{"id":34},{"id":35},{"id":36},{"id":37},{"id":38},{"id":39},{"id":40},{"id":41},{"id":42},{"id":44},{"id":45},{"id":46},{"id":47},{"id":48},{"id":49},{"id":50},{"id":51},{"id":52},{"id":53},{"id":54},{"id":55},{"id":56},{"id":58}]},{"name":"Hêllscream","id":148,"guid":170759317,"type":"Warrior","server":"Area52","icon":"Warrior-Fury","fights":[{"id":38},{"id":39},{"id":40},{"id":41},{"id":42},{"id":44},{"id":45},{"id":46},{"id":47},{"id":48},{"id":49},{"id":50},{"id":51},{"id":52},{"id":53},{"id":54},{"id":55},{"id":56},{"id":58},{"id":59}]},{"name":"Ñðx","id":13,"guid":180336568,"type":"Shaman","server":"Area52","icon":"Shaman-Elemental","fights":[{"id":1},{"id":2},{"id":3},{"id":5},{"id":6},{"id":7},{"id":9},{"id":10},{"id":11},{"id":12},{"id":14},{"id":15},{"id":16},{"id":17},{"id":18},{"id":19},{"id":20},{"id":21},{"id":22},{"id":23},{"id":24},{"id":25},{"id":26},{"id":27},{"id":28},{"id":29},{"id":30},{"id":31},{"id":32},{"id":33},{"id":34},{"id":35},{"id":36}]}],"enemies":[{"name":"Aqir Swarmkeeper","id":167,"guid":162303,"type":"NPC","icon":"custom-icon-inv_inscription_pigment_bug07","fights":[{"id":39,"instances":1},{"id":40,"instances":1}]},{"name":"Nightmare Antigen","id":213,"guid":157452,"type":"NPC","icon":"custom-icon-sha_spell_fire_ragnaros_supernova_nightmare","fights":[{"id":55,"instances":27,"groups":1},{"id":56,"instances":68,"groups":4}]},{"name":"Vita Portal","id":191,"guid":161943,"type":"NPC","icon":"custom-icon-trade_engineering","fights":[{"id":49,"instances":1},{"id":50,"instances":1}]},{"name":"Void Ascendant","id":146,"guid":162719,"type":"NPC","icon":"custom-icon-spell_priest_voidsear","fights":[{"id":35,"instances":1},{"id":36,"instances":1}]},{"name":"Fury of N'Zoth","id":208,"guid":157439,"type":"Boss","icon":"custom-icon-spell_priest_void-blast","fights":[{"id":55,"instances":1},{"id":56,"instances":1}]},{"name":"Onolatry","id":96,"guid":187058783,"type":"Priest","server":"Illidan","icon":"Priest-Holy","fights":[{"id":28}]},{"name":"Growth-Covered Tentacle","id":211,"guid":157485,"type":"NPC","icon":"custom-icon-ability_golemthunderclap","fights":[{"id":55,"instances":2}]},{"name":"Spellbound Ritualist","id":94,"guid":162716,"type":"NPC","icon":"custom-icon-spell_shadow_shadowbolt","fights":[{"id":35,"instances":1,"groups":1},{"id":36,"instances":3,"groups":1},{"id":37,"instances":1,"groups":1}]},{"name":"Deathwing","id":231,"guid":160665,"type":"NPC","icon":"custom-icon-spell_fire_felflamering_red","fights":[{"id":58,"instances":1,"groups":4}]},{"name":"Kaagsanity","id":2,"guid":150129516,"type":"Priest","server":"Area52","icon":"Priest","fights":[{"id":28}]},{"name":"Demented Knife-Twister","id":101,"guid":159417,"type":"NPC","icon":"custom-icon-ability_rogue_shadowyduel","fights":[{"id":17,"instances":2,"groups":1},{"id":22,"instances":2,"groups":1},{"id":31,"instances":2,"groups":1},{"id":51,"instances":1,"groups":1},{"id":52,"instances":1,"groups":1}]},{"name":"Deresh of the Nothingness","id":171,"guid":159768,"type":"NPC","icon":"custom-icon-spell_priest_voidtendrils","fights":[{"id":40,"instances":1}]},{"name":"Essence of Void","id":197,"guid":156980,"type":"NPC","icon":"custom-icon-inv_enchant_voidsphere","fights":[{"id":49,"instances":1,"groups":2},{"id":50,"instances":3,"groups":4}]},{"name":"Gnashing Terror","id":116,"guid":161334,"type":"NPC","icon":"custom-icon-ability_creature_poison_02","fights":[{"id":19,"instances":1,"groups":1},{"id":24,"instances":4,"groups":2}]},{"name":"Shredded Psyche","id":82,"guid":158781,"type":"NPC","icon":"custom-icon-spell_shadow_painandsuffering","fights":[{"id":12,"instances":3}]},{"name":"Aqir Drone","id":169,"guid":162306,"type":"NPC","icon":"NPC","fights":[{"id":40,"instances":10,"groups":2}]},{"name":"Corrupted Neuron","id":225,"guid":162331,"type":"NPC","icon":"NPC","fights":[{"id":58,"instances":18,"groups":2}]},{"name":"Crackling Shard","id":43,"guid":158327,"type":"NPC","icon":"custom-icon-ability_rhyolith_volcano","fights":[{"id":1,"instances":32,"groups":1}]},{"name":"Psychus","id":220,"guid":158376,"type":"NPC","icon":"custom-icon-ability_creature_disease_05","fights":[{"id":58,"instances":3}]},{"name":"Mindgate","id":230,"guid":158374,"type":"NPC","icon":"custom-icon-ability_kaztik_dominatemind","fights":[{"id":58,"instances":2}]},{"name":"Maw of Drest'agath","id":130,"guid":157613,"type":"NPC","icon":"custom-icon-ability_creature_poison_02","fights":[{"id":25,"instances":4,"groups":3}]},{"name":"Anubisath Sentinel","id":78,"guid":162534,"type":"NPC","icon":"custom-icon-ability_warrior_trauma","fights":[{"id":10,"instances":1},{"id":11,"instances":1}]},{"name":"Fanatical Cultist","id":142,"guid":162715,"type":"NPC","icon":"NPC","fights":[{"id":34,"instances":4,"groups":1},{"id":35,"instances":8,"groups":1},{"id":36,"instances":5,"groups":1},{"id":37,"instances":4,"groups":1}]},{"name":"Horrific Hemorrhage","id":212,"guid":157486,"type":"NPC","icon":"custom-icon-ability_druid_ironfur","fights":[{"id":55,"instances":12,"groups":2},{"id":56,"instances":12,"groups":2}]},{"name":"Ossirat","id":50,"guid":161746,"type":"NPC","icon":"custom-icon-inv_weapon_hand_08","fights":[{"id":9,"instances":1,"groups":2}]},{"name":"Aqir Venomweaver","id":173,"guid":161229,"type":"NPC","icon":"custom-icon-spell_nature_corrosivebreath","fights":[{"id":41,"instances":2,"groups":1}]},{"name":"Sinister Soulcarver","id":144,"guid":162717,"type":"NPC","icon":"custom-icon-ability_theblackarrow","fights":[{"id":35,"instances":2,"groups":1},{"id":37,"instances":2,"groups":1}]},{"name":"Dark Ritualist","id":139,"guid":161286,"type":"NPC","icon":"custom-icon-spell_priest_divinestar_shadow2","fights":[{"id":32,"instances":2,"groups":1}]},{"name":"Living Blood","id":109,"guid":159312,"type":"NPC","icon":"custom-icon-ability_deathwing_bloodcorruption_earth","fights":[{"id":19,"instances":23,"groups":4},{"id":24,"instances":10,"groups":3},{"id":26,"instances":4,"groups":1}]},{"name":"Iron-Willed Enforcer","id":143,"guid":162718,"type":"NPC","icon":"custom-icon-ability_smash","fights":[{"id":34,"instances":2,"groups":1},{"id":35,"instances":1,"groups":1},{"id":37,"instances":1,"groups":1}]},{"name":"Living Miasma","id":121,"guid":157229,"type":"NPC","icon":"custom-icon-ability_priest_voidentropy","fights":[{"id":23,"instances":6,"groups":9}]},{"name":"Prophet Skitra","id":85,"guid":157620,"type":"NPC","icon":"NPC","fights":[{"id":12,"instances":1,"groups":2}]},{"name":"Zealous Adherent","id":100,"guid":159308,"type":"NPC","icon":"custom-icon-ability_ironmaidens_convulsiveshadows","fights":[{"id":17,"instances":3,"groups":1},{"id":30,"instances":1,"groups":1},{"id":31,"instances":2,"groups":1},{"id":46,"instances":4,"groups":1},{"id":47,"instances":4,"groups":1},{"id":48,"instances":4,"groups":1},{"id":51,"instances":1,"groups":1},{"id":52,"instances":2,"groups":1}]},{"name":"Spike Tentacle","id":229,"guid":160249,"type":"NPC","icon":"custom-icon-spell_shadow_painspike","fights":[{"id":58,"instances":18,"groups":2}]},{"name":"Eye of Drest'agath","id":127,"guid":157612,"type":"NPC","icon":"custom-icon-spell_shadow_siphonmana","fights":[{"id":25,"instances":6,"groups":3}]},{"name":"N'Zoth the Corruptor","id":218,"guid":158041,"type":"Boss","icon":"custom-icon-spell_shadow_painandsuffering","fights":[{"id":58,"instances":1,"groups":2},{"id":59,"instances":1,"groups":1}]},{"name":"Gryth'ax the Executioner","id":87,"guid":159224,"type":"NPC","icon":"custom-icon-spell_shadow_painspike","fights":[{"id":14,"instances":1}]},{"name":"Tek'ris","id":176,"guid":157254,"type":"Boss","icon":"custom-icon-ability_priest_voidentropy","fights":[{"id":42,"instances":1}]},{"name":"Void Ascendant","id":147,"guid":157467,"type":"NPC","icon":"custom-icon-spell_priest_voidsear","fights":[{"id":37,"instances":1},{"id":38,"instances":2}]},{"name":"Cursed Blood","id":134,"guid":159720,"type":"NPC","icon":"custom-icon-spell_deathknight_bloodtap","fights":[{"id":27,"instances":2,"groups":3},{"id":29,"instances":3,"groups":4}]},{"name":"Gibbering Ooze","id":110,"guid":161835,"type":"NPC","icon":"NPC","fights":[{"id":19,"instances":5,"groups":2},{"id":24,"instances":5,"groups":2},{"id":26,"instances":3,"groups":1}]},{"name":"Wrathion","id":18,"guid":156818,"type":"Boss","icon":"custom-icon-ability_deathwing_cataclysm","fights":[{"id":1,"instances":1,"groups":2}]},{"name":"Il'gynoth","id":132,"guid":158328,"type":"Boss","icon":"custom-icon-inv_eyeofnzothpet","fights":[{"id":27,"instances":1,"groups":1},{"id":29,"instances":1,"groups":3}]},{"name":"Gaze of Madness","id":210,"guid":157442,"type":"NPC","icon":"custom-icon-spell_priest_shadow-mend","fights":[{"id":55,"instances":2},{"id":56,"instances":3}]},{"name":"Aqir Darter","id":182,"guid":157256,"type":"NPC","icon":"custom-icon-ability_vehicle_sonicshockwave","fights":[{"id":42,"instances":6,"groups":2}]},{"name":"Occult Shadowmender","id":55,"guid":159425,"type":"NPC","icon":"custom-icon-spell_shadow_painspike","fights":[{"id":2,"instances":1,"groups":1},{"id":10,"instances":1,"groups":1},{"id":15,"instances":1,"groups":1},{"id":30,"instances":1,"groups":1},{"id":31,"instances":1,"groups":1},{"id":32,"instances":2,"groups":1},{"id":51,"instances":2,"groups":1}]},{"name":"Leeching Parasite","id":108,"guid":159309,"type":"NPC","icon":"custom-icon-trade_engineering","fights":[{"id":19,"instances":9,"groups":3}]},{"name":"Cultist Sycophant","id":138,"guid":161251,"type":"NPC","icon":"custom-icon-ability_ironmaidens_sanguinestrikes","fights":[{"id":32,"instances":8,"groups":1}]},{"name":"Shad'har the Insatiable","id":119,"guid":157231,"type":"Boss","icon":"custom-icon-ability_warlock_everlastingaffliction","fights":[{"id":20,"instances":1},{"id":21,"instances":1},{"id":23,"instances":1}]},{"name":"Thrashing Tentacle","id":217,"guid":162159,"type":"NPC","icon":"custom-icon-ability_golemthunderclap","fights":[{"id":56,"instances":3},{"id":57,"instances":1}]},{"name":"Umbral Gatekeeper","id":89,"guid":163708,"type":"NPC","icon":"custom-icon-spell_priest_void-blast","fights":[{"id":15,"instances":2,"groups":1}]},{"name":"Khateph","id":49,"guid":159321,"type":"NPC","icon":"custom-icon-inv_misc_archstone_01","fights":[{"id":3,"instances":1}]},{"name":"Void Fanatic","id":53,"guid":160183,"type":"NPC","icon":"NPC","fights":[{"id":2,"instances":5,"groups":1},{"id":10,"instances":8,"groups":1},{"id":16,"instances":12,"groups":1},{"id":30,"instances":2,"groups":1},{"id":51,"instances":1,"groups":1},{"id":52,"instances":1,"groups":1}]},{"name":"Void Initiate","id":73,"guid":160182,"type":"NPC","icon":"custom-icon-ability_ironmaidens_convulsiveshadows","fights":[{"id":9,"instances":5,"groups":1},{"id":10,"instances":4,"groups":1},{"id":13,"instances":22,"groups":2},{"id":15,"instances":4,"groups":1},{"id":16,"instances":8,"groups":1},{"id":18,"instances":2,"groups":1},{"id":30,"instances":1,"groups":1},{"id":51,"instances":1,"groups":1},{"id":52,"instances":1,"groups":1}]},{"name":"Anubisath Sentinel","id":80,"guid":162508,"type":"NPC","icon":"custom-icon-spell_shadow_shadowbolt","fights":[{"id":11,"instances":1}]},{"name":"Willing Sacrifice","id":52,"guid":162647,"type":"NPC","icon":"custom-icon-ability_warlock_everlastingaffliction","fights":[{"id":2,"instances":1,"groups":1},{"id":10,"instances":1,"groups":2}]},{"name":"Blood of Ny'alotha","id":136,"guid":159514,"type":"NPC","icon":"custom-icon-ability_warrior_bloodnova","fights":[{"id":27,"instances":12,"groups":1},{"id":29,"instances":35,"groups":1}]},{"name":"Void Hunter","id":199,"guid":157366,"type":"NPC","icon":"custom-icon-ability_warlock_shadowfurytga","fights":[{"id":49,"instances":1},{"id":50,"instances":2}]},{"name":"Ka'zir","id":175,"guid":157253,"type":"Boss","icon":"custom-icon-ability_pet_baneling","fights":[{"id":42,"instances":1}]},{"name":"Flayed Soul","id":141,"guid":157005,"type":"NPC","icon":"custom-icon-ability_demonhunter_soulcleave2","fights":[{"id":33,"instances":40,"groups":4}]},{"name":"Image of Absolution","id":86,"guid":160990,"type":"NPC","icon":"custom-icon-inv_enchant_dustillusion","fights":[{"id":12,"instances":21,"groups":1}]},{"name":"Corruptor Tentacle","id":228,"guid":158375,"type":"NPC","icon":"custom-icon-spell_shadow_skull","fights":[{"id":58,"instances":11,"groups":6}]},{"name":"Aqir Heartpiercer","id":170,"guid":162305,"type":"NPC","icon":"custom-icon-inv_misc_organ_01","fights":[{"id":40,"instances":4,"groups":2}]},{"name":"Sinister Soulcarver","id":158,"guid":157449,"type":"NPC","icon":"custom-icon-ability_theblackarrow","fights":[{"id":38,"instances":2}]},{"name":"Aqir Shadowcrafter","id":60,"guid":161416,"type":"NPC","icon":"custom-icon-spell_shadow_shadowbolt","fights":[{"id":5,"instances":2,"groups":1},{"id":6,"instances":2,"groups":1}]},{"name":"Amalgamation of Flesh","id":206,"guid":163841,"type":"NPC","icon":"custom-icon-inv_enchant_voidsphere","fights":[{"id":53,"instances":19,"groups":1},{"id":54,"instances":5,"groups":1}]},{"name":"Coagulated Monstrosity","id":112,"guid":161836,"type":"NPC","icon":"NPC","fights":[{"id":19,"instances":3,"groups":1},{"id":24,"instances":3,"groups":1}]},{"name":"Chittering Waspling","id":183,"guid":161837,"type":"NPC","icon":"NPC","fights":[{"id":44,"instances":5,"groups":2},{"id":49,"instances":2,"groups":1}]},{"name":"Aqir Scarab","id":59,"guid":159405,"type":"NPC","icon":"NPC","fights":[{"id":5,"instances":13,"groups":1},{"id":6,"instances":24,"groups":2}]},{"name":"Onyx Scarab","id":54,"guid":161834,"type":"NPC","icon":"NPC","fights":[{"id":2,"instances":4,"groups":2},{"id":3,"instances":3,"groups":2},{"id":4,"instances":1,"groups":1},{"id":8,"instances":2,"groups":1},{"id":9,"instances":2,"groups":2}]},{"name":"Synthesis Growth","id":215,"guid":157475,"type":"NPC","icon":"custom-icon-spell_necro_necroticsmash","fights":[{"id":56,"instances":16,"groups":2}]},{"name":"Engorged Maggot","id":115,"guid":161833,"type":"NPC","icon":"NPC","fights":[{"id":19,"instances":8,"groups":1},{"id":24,"instances":16,"groups":2},{"id":43,"instances":3,"groups":1},{"id":44,"instances":5,"groups":2}]},{"name":"Monstrous Behemoth","id":57,"guid":159303,"type":"NPC","icon":"custom-icon-ability_warlock_everlastingaffliction","fights":[{"id":2,"instances":1},{"id":9,"instances":2},{"id":15,"instances":1},{"id":16,"instances":1},{"id":18,"instances":1},{"id":30,"instances":1},{"id":32,"instances":1},{"id":52,"instances":1}]},{"name":"Prophet Skitra","id":81,"guid":157238,"type":"Boss","icon":"custom-icon-inv_misc_shadowegg","fights":[{"id":12,"instances":1,"groups":2}]},{"name":"Acidic Aqir","id":180,"guid":161019,"type":"NPC","icon":"custom-icon-ability_creature_poison_06","fights":[{"id":42,"instances":12,"groups":3}]},{"name":"Tentacle of Drest'agath","id":129,"guid":157614,"type":"NPC","icon":"custom-icon-ability_earthen_pillar","fights":[{"id":25,"instances":4,"groups":2}]},{"name":"Sanguimar","id":117,"guid":159767,"type":"NPC","icon":"custom-icon-ability_deathwing_bloodcorruption_earth","fights":[{"id":19,"instances":1}]},{"name":"Spiked Tentacle","id":91,"guid":159416,"type":"NPC","icon":"custom-icon-achievement_boss_yoggsaron_01","fights":[{"id":19,"instances":3,"groups":1}]},{"name":"Image of Absolution","id":83,"guid":160904,"type":"NPC","icon":"custom-icon-inv_enchant_dustillusion","fights":[{"id":12,"instances":21,"groups":1}]},{"name":"N'Zoth the Corruptor","id":223,"guid":162480,"type":"NPC","icon":"custom-icon-spell_priest_void-blast","fights":[{"id":58,"instances":1,"groups":6}]},{"name":"Corrosive Digester","id":95,"guid":162828,"type":"NPC","icon":"custom-icon-inv_misc_food_legion_gooslime_multi","fights":[{"id":19,"instances":1,"groups":1},{"id":24,"instances":1,"groups":1},{"id":26,"instances":7,"groups":1}]},{"name":"Shath'Yar Scribe","id":74,"guid":163690,"type":"NPC","icon":"custom-icon-inv_enchant_voidsphere","fights":[{"id":9,"instances":1,"groups":1},{"id":10,"instances":1,"groups":1},{"id":14,"instances":2,"groups":1}]},{"name":"Anubisath Sentinel","id":79,"guid":161571,"type":"NPC","icon":"custom-icon-ability_warrior_savageblow","fights":[{"id":11,"instances":1}]},{"name":"Dying Voidspawn","id":93,"guid":163712,"type":"NPC","icon":"custom-icon-ability_fixated_state_red","fights":[{"id":15,"instances":21,"groups":1}]},{"name":"Anubisath Sentinel","id":77,"guid":162417,"type":"NPC","icon":"custom-icon-spell_nature_thorns","fights":[{"id":10,"instances":1},{"id":11,"instances":1}]},{"name":"Aqir Skitterer","id":166,"guid":161217,"type":"NPC","icon":"custom-icon-ability_fixated_state_red","fights":[{"id":39,"instances":7,"groups":1},{"id":40,"instances":30,"groups":2},{"id":41,"instances":20,"groups":1},{"id":44,"instances":14,"groups":1}]},{"name":"Maddened Conscript","id":56,"guid":159305,"type":"NPC","icon":"custom-icon-ability_racial_bloodrage","fights":[{"id":2,"instances":1,"groups":1},{"id":10,"instances":1,"groups":1},{"id":13,"instances":2,"groups":1},{"id":15,"instances":2,"groups":1},{"id":17,"instances":2,"groups":1},{"id":30,"instances":1,"groups":1},{"id":31,"instances":1,"groups":1},{"id":32,"instances":2,"groups":1},{"id":51,"instances":2,"groups":1}]},{"name":"Acidic Aqir","id":181,"guid":159173,"type":"NPC","icon":"custom-icon-ability_creature_poison_06","fights":[{"id":42,"instances":3}]},{"name":"Exposed Synapse","id":219,"guid":159578,"type":"NPC","icon":"custom-icon-spell_nature_focusedmind","fights":[{"id":58,"instances":60,"groups":5}]},{"name":"Sylvanas Windrunner","id":232,"guid":160671,"type":"NPC","icon":"custom-icon-ability_theblackarrow","fights":[{"id":58,"instances":1,"groups":4}]},{"name":"Mind's Eye","id":221,"guid":158122,"type":"NPC","icon":"custom-icon-inv_eyeofnzothpet","fights":[{"id":58,"instances":1,"groups":2}]},{"name":"Queen Azshara","id":140,"guid":156579,"type":"NPC","icon":"custom-icon-ability_warlock_eradication","fights":[{"id":33,"instances":1}]},{"name":"Essence of Vita","id":195,"guid":156884,"type":"NPC","icon":"custom-icon-ability_thunderking_lightningwhip","fights":[{"id":49,"instances":1,"groups":2},{"id":50,"instances":3,"groups":6}]},{"name":"Mycelial Cyst","id":214,"guid":157461,"type":"NPC","icon":"custom-icon-ability_druid_ironfur","fights":[{"id":56,"instances":32,"groups":1}]},{"name":"Ashwalker Assassin","id":46,"guid":160291,"type":"NPC","icon":"custom-icon-ability_stealth","fights":[{"id":1,"instances":4,"groups":1}]},{"name":"Crushing Tendril","id":113,"guid":161312,"type":"NPC","icon":"custom-icon-achievement_boss_yoggsaron_01","fights":[{"id":19,"instances":2,"groups":1},{"id":24,"instances":3,"groups":2}]},{"name":"Drest'agath","id":126,"guid":157602,"type":"Boss","icon":"custom-icon-spell_shaman_earthquake","fights":[{"id":24,"instances":1},{"id":25,"instances":1}]},{"name":"Eye of the Depths","id":103,"guid":159510,"type":"NPC","icon":"custom-icon-spell_shadow_shadowfury","fights":[{"id":17,"instances":1},{"id":21,"instances":1},{"id":24,"instances":2},{"id":40,"instances":1},{"id":51,"instances":1}]},{"name":"Aqir Swarmer","id":168,"guid":162664,"type":"NPC","icon":"custom-icon-ability_fixated_state_red","fights":[{"id":39,"instances":1,"groups":1},{"id":40,"instances":4,"groups":1}]},{"name":"Amahtet","id":51,"guid":159320,"type":"NPC","icon":"custom-icon-inv_misc_archstone_01","fights":[{"id":3,"instances":1}]},{"name":"Void Portal","id":192,"guid":161945,"type":"NPC","icon":"custom-icon-trade_engineering","fights":[{"id":49,"instances":1},{"id":50,"instances":1}]},{"name":"Umbral Seer","id":76,"guid":159219,"type":"NPC","icon":"custom-icon-spell_shadow_painspike","fights":[{"id":10,"instances":1,"groups":1},{"id":18,"instances":1,"groups":1},{"id":19,"instances":1,"groups":1},{"id":31,"instances":2,"groups":1},{"id":51,"instances":1,"groups":1},{"id":52,"instances":2,"groups":1}]},{"name":"Void Horror","id":114,"guid":161335,"type":"NPC","icon":"custom-icon-spell_shadow_siphonmana","fights":[{"id":19,"instances":2,"groups":1},{"id":24,"instances":5,"groups":2}]},{"name":"Dark Inquisitor Xanesh","id":90,"guid":156575,"type":"Boss","icon":"custom-icon-inv_gauntlets_09","fights":[{"id":33,"instances":1}]},{"name":"Crackling Stalker","id":198,"guid":157365,"type":"NPC","icon":"custom-icon-spell_lightning_lightningbolt01","fights":[{"id":49,"instances":1},{"id":50,"instances":1}]},{"name":"Abyssal Watcher","id":184,"guid":161173,"type":"NPC","icon":"custom-icon-spell_fire_twilightflamestrike","fights":[{"id":45,"instances":2,"groups":1},{"id":46,"instances":1,"groups":1},{"id":47,"instances":1,"groups":1},{"id":48,"instances":1,"groups":1}]},{"name":"Aqir Drone","id":179,"guid":157255,"type":"NPC","icon":"custom-icon-ability_fixated_state_red","fights":[{"id":42,"instances":20,"groups":2}]},{"name":"Thought Harvester","id":233,"guid":162933,"type":"NPC","icon":"custom-icon-spell_shadow_brainwash","fights":[{"id":58,"instances":5,"groups":2}]},{"name":"Aqir Crusher","id":174,"guid":161218,"type":"NPC","icon":"custom-icon-inv_misc_volatileearth","fights":[{"id":41,"instances":2,"groups":1},{"id":44,"instances":1,"groups":1}]},{"name":"Vexiona","id":145,"guid":157354,"type":"Boss","icon":"custom-icon-ability_priest_voidentropy","fights":[{"id":35,"instances":1},{"id":36,"instances":1},{"id":37,"instances":1},{"id":38,"instances":1}]},{"name":"Hepthys","id":48,"guid":161745,"type":"NPC","icon":"custom-icon-inv_misc_archstone_01","fights":[{"id":9,"instances":1}]},{"name":"Spellbound Ritualist","id":162,"guid":157450,"type":"NPC","icon":"custom-icon-spell_shadow_shadowbolt","fights":[{"id":38,"instances":5,"groups":2}]},{"name":"Dark Manifestation","id":68,"guid":156650,"type":"NPC","icon":"custom-icon-warlock_curse_shadow","fights":[{"id":7,"instances":4,"groups":3}]},{"name":"Organ of Corruption","id":133,"guid":158343,"type":"Boss","icon":"custom-icon-inv_misc_organ_06","fights":[{"id":27,"instances":5,"groups":3},{"id":29,"instances":6,"groups":4}]},{"name":"Fanatical Cultist","id":157,"guid":157447,"type":"NPC","icon":"NPC","fights":[{"id":38,"instances":14,"groups":3}]},{"name":"Ra-den","id":193,"guid":156866,"type":"Boss","icon":"custom-icon-ability_deathwing_bloodcorruption_death","fights":[{"id":49,"instances":1},{"id":50,"instances":1}]},{"name":"Basher Tentacle","id":227,"guid":158367,"type":"NPC","icon":"custom-icon-spell_priest_voidtendrils","fights":[{"id":58,"instances":8,"groups":4}]},{"name":"Maut","id":67,"guid":156523,"type":"Boss","icon":"custom-icon-inv_misc_archstone_01","fights":[{"id":7,"instances":1}]},{"name":"Jesh'ra","id":97,"guid":159764,"type":"NPC","icon":"custom-icon-ability_rogue_envelopingshadows","fights":[{"id":16,"instances":1}]}],"friendlyPets":[{"name":"Twisted Appendage","id":111,"guid":162764,"type":"Pet","icon":"abilities/achievement_boss_yoggsaron_01","petOwner":102,"fights":[{"id":19,"instances":2},{"id":23,"instances":3},{"id":24,"instances":1},{"id":25,"instances":2},{"id":26,"instances":2},{"id":27,"instances":3},{"id":29,"instances":5},{"id":30,"instances":1},{"id":31,"instances":1},{"id":32,"instances":1},{"id":33,"instances":2},{"id":34,"instances":1},{"id":35,"instances":1},{"id":36,"instances":2},{"id":37,"instances":1},{"id":38,"instances":1},{"id":40,"instances":4},{"id":41,"instances":1},{"id":42,"instances":4},{"id":44,"instances":1},{"id":46,"instances":3},{"id":48,"instances":1},{"id":50,"instances":5},{"id":51,"instances":1},{"id":52,"instances":1},{"id":53,"instances":1},{"id":56,"instances":6},{"id":58,"instances":5}]},{"name":"Guardian of Azeroth","id":118,"guid":152396,"type":"Pet","icon":"abilities/inv_glowing-azerite-geode","petOwner":88,"fights":[{"id":19,"instances":1},{"id":23,"instances":2},{"id":25,"instances":2},{"id":27,"instances":1},{"id":29,"instances":2},{"id":33,"instances":2},{"id":38,"instances":2},{"id":42,"instances":2},{"id":50,"instances":2},{"id":55,"instances":1},{"id":56,"instances":3},{"id":58,"instances":3}]},{"name":"Twisted Appendage","id":69,"guid":162764,"type":"Pet","icon":"abilities/achievement_boss_yoggsaron_01","petOwner":65,"fights":[{"id":7,"instances":4},{"id":9,"instances":2},{"id":12,"instances":3},{"id":14,"instances":1},{"id":16,"instances":2},{"id":17,"instances":2},{"id":18,"instances":1},{"id":19,"instances":1},{"id":23,"instances":2},{"id":24,"instances":2},{"id":25,"instances":10},{"id":26,"instances":1},{"id":27,"instances":2},{"id":29,"instances":3},{"id":31,"instances":1},{"id":33,"instances":3},{"id":35,"instances":1},{"id":38,"instances":3},{"id":40,"instances":4},{"id":41,"instances":1},{"id":42,"instances":3},{"id":50,"instances":2}]},{"name":"Guardian of Azeroth","id":24,"guid":152396,"type":"Pet","icon":"abilities/inv_glowing-azerite-geode","petOwner":10,"fights":[{"id":1,"instances":2},{"id":3,"instances":1},{"id":7,"instances":2},{"id":9,"instances":1},{"id":12,"instances":2},{"id":15,"instances":1},{"id":19,"instances":1},{"id":23,"instances":2},{"id":25,"instances":2},{"id":27,"instances":1},{"id":29,"instances":2},{"id":33,"instances":2},{"id":50,"instances":2},{"id":51,"instances":1},{"id":55,"instances":1},{"id":56,"instances":2},{"id":58,"instances":3}]},{"name":"Army of the Dead","id":107,"guid":24207,"type":"Pet","icon":"abilities/artifactability_unholydeathknight_deathsembrace","petOwner":102,"fights":[{"id":19,"instances":8},{"id":23,"instances":20},{"id":24,"instances":4},{"id":25,"instances":24},{"id":26,"instances":8},{"id":27,"instances":16},{"id":29,"instances":28},{"id":30,"instances":4},{"id":31,"instances":4},{"id":32,"instances":1},{"id":33,"instances":20},{"id":34,"instances":4},{"id":36,"instances":1},{"id":38,"instances":15},{"id":40,"instances":4},{"id":41,"instances":4},{"id":42,"instances":20},{"id":45,"instances":4},{"id":47,"instances":4},{"id":50,"instances":20},{"id":51,"instances":4},{"id":52,"instances":3},{"id":55,"instances":12},{"id":56,"instances":28},{"id":58,"instances":24}]},{"name":"Shadowfiend","id":23,"guid":19668,"type":"Pet","icon":"abilities/spell_shadow_shadowfiend","petOwner":10,"fights":[{"id":1,"instances":2},{"id":3,"instances":1},{"id":7,"instances":2},{"id":9,"instances":1},{"id":12,"instances":2},{"id":15,"instances":1},{"id":19,"instances":1},{"id":23,"instances":2},{"id":25,"instances":2},{"id":27,"instances":1},{"id":29,"instances":2},{"id":33,"instances":2},{"id":38,"instances":2},{"id":42,"instances":1},{"id":50,"instances":2},{"id":51,"instances":1},{"id":55,"instances":1},{"id":56,"instances":2},{"id":58,"instances":3}]},{"name":"Jade Serpent Statue","id":104,"guid":60849,"type":"Pet","icon":"abilities/ability_monk_summonserpentstatue","petOwner":99,"fights":[{"id":18,"instances":1},{"id":19,"instances":2},{"id":20,"instances":1},{"id":23,"instances":1},{"id":24,"instances":1},{"id":25,"instances":1},{"id":26,"instances":2},{"id":27,"instances":1},{"id":29,"instances":1},{"id":30,"instances":1},{"id":31,"instances":2},{"id":32,"instances":2},{"id":33,"instances":1},{"id":34,"instances":1},{"id":35,"instances":2},{"id":36,"instances":1},{"id":37,"instances":1},{"id":38,"instances":1},{"id":39,"instances":1},{"id":40,"instances":3},{"id":41,"instances":1},{"id":42,"instances":1},{"id":44,"instances":1},{"id":45,"instances":1},{"id":46,"instances":2},{"id":47,"instances":1},{"id":48,"instances":2},{"id":49,"instances":2},{"id":50,"instances":2},{"id":52,"instances":2},{"id":53,"instances":1},{"id":55,"instances":1},{"id":56,"instances":2},{"id":58,"instances":2}]},{"name":"Earth Spirit","id":29,"guid":69792,"type":"Pet","icon":"abilities/inv_elemental_primal_earth","petOwner":12,"fights":[{"id":1,"instances":4},{"id":2,"instances":1},{"id":3,"instances":1},{"id":6,"instances":1},{"id":7,"instances":2},{"id":9,"instances":2},{"id":10,"instances":2},{"id":12,"instances":4},{"id":13,"instances":2},{"id":15,"instances":1},{"id":16,"instances":1},{"id":18,"instances":1},{"id":19,"instances":3},{"id":23,"instances":4},{"id":24,"instances":3},{"id":25,"instances":4},{"id":26,"instances":1},{"id":27,"instances":3},{"id":29,"instances":5},{"id":33,"instances":4},{"id":34,"instances":1},{"id":35,"instances":1},{"id":36,"instances":1},{"id":37,"instances":1},{"id":38,"instances":4},{"id":39,"instances":1},{"id":40,"instances":1},{"id":42,"instances":3},{"id":44,"instances":1},{"id":45,"instances":1},{"id":47,"instances":1},{"id":48,"instances":1},{"id":50,"instances":4},{"id":51,"instances":1},{"id":52,"instances":1},{"id":55,"instances":2},{"id":56,"instances":6},{"id":58,"instances":6}]},{"name":"Dreadfang","id":207,"guid":46124708,"type":"Pet","icon":"abilities/ability_hunter_beastcall","petOwner":6,"fights":[{"id":54,"instances":1}]},{"name":"Twisted Appendage","id":160,"guid":162764,"type":"Pet","icon":"abilities/achievement_boss_yoggsaron_01","petOwner":148,"fights":[{"id":38,"instances":2},{"id":40,"instances":1},{"id":41,"instances":2},{"id":42,"instances":1},{"id":45,"instances":1},{"id":50,"instances":4},{"id":51,"instances":2},{"id":54,"instances":1},{"id":55,"instances":1},{"id":56,"instances":6},{"id":58,"instances":7}]},{"name":"Earthen Wall Totem","id":63,"guid":100943,"type":"Pet","icon":"abilities/spell_nature_stoneskintotem","petOwner":61,"fights":[{"id":6,"instances":1},{"id":7,"instances":3},{"id":9,"instances":2},{"id":11,"instances":1},{"id":12,"instances":2},{"id":14,"instances":1},{"id":16,"instances":1},{"id":19,"instances":3},{"id":23,"instances":2},{"id":24,"instances":1},{"id":25,"instances":1},{"id":26,"instances":2},{"id":27,"instances":1},{"id":30,"instances":1},{"id":31,"instances":1},{"id":33,"instances":2},{"id":34,"instances":1},{"id":36,"instances":1},{"id":37,"instances":1},{"id":38,"instances":4},{"id":40,"instances":2},{"id":41,"instances":1},{"id":42,"instances":1},{"id":45,"instances":1},{"id":48,"instances":1},{"id":50,"instances":3},{"id":51,"instances":1},{"id":52,"instances":1},{"id":53,"instances":1},{"id":55,"instances":1},{"id":56,"instances":6},{"id":58,"instances":4}]},{"name":"Capacitor Totem","id":75,"guid":61245,"type":"Pet","icon":"abilities/spell_nature_brilliance","petOwner":61,"fights":[{"id":9,"instances":1},{"id":10,"instances":1},{"id":13,"instances":1},{"id":17,"instances":1},{"id":29,"instances":1},{"id":35,"instances":1},{"id":36,"instances":1},{"id":37,"instances":1},{"id":40,"instances":2},{"id":44,"instances":1},{"id":46,"instances":1},{"id":48,"instances":1},{"id":51,"instances":1}]},{"name":"Primal Fire Elemental","id":42,"guid":61029,"type":"Pet","icon":"abilities/spell_fire_elemental_totem","petOwner":1,"fights":[{"id":1,"instances":1},{"id":7,"instances":1},{"id":12,"instances":2},{"id":19,"instances":1},{"id":23,"instances":1},{"id":24,"instances":1},{"id":25,"instances":2},{"id":27,"instances":1},{"id":29,"instances":1},{"id":33,"instances":2},{"id":38,"instances":1},{"id":42,"instances":1},{"id":50,"instances":1},{"id":56,"instances":1},{"id":58,"instances":2}]},{"name":"Shadowfiend","id":32,"guid":19668,"type":"Pet","icon":"abilities/spell_shadow_shadowfiend","petOwner":7,"fights":[{"id":1,"instances":2},{"id":3,"instances":1},{"id":7,"instances":1},{"id":9,"instances":1},{"id":10,"instances":1},{"id":12,"instances":1},{"id":23,"instances":1},{"id":25,"instances":2},{"id":27,"instances":1},{"id":29,"instances":2},{"id":33,"instances":2},{"id":38,"instances":2},{"id":42,"instances":2},{"id":50,"instances":2},{"id":51,"instances":1},{"id":55,"instances":1},{"id":56,"instances":2},{"id":58,"instances":2}]},{"name":"Abaddon","id":21,"guid":38025394,"type":"Pet","icon":"custom-icon-ability_hunter_sickem","petOwner":6,"fights":[{"id":1,"instances":1},{"id":2,"instances":1},{"id":3,"instances":1},{"id":5,"instances":1},{"id":6,"instances":1},{"id":7,"instances":1},{"id":9,"instances":1},{"id":10,"instances":1},{"id":11,"instances":1},{"id":12,"instances":1},{"id":13,"instances":1},{"id":14,"instances":1},{"id":15,"instances":1},{"id":16,"instances":1},{"id":17,"instances":1},{"id":18,"instances":1},{"id":19,"instances":1},{"id":20,"instances":1},{"id":21,"instances":1},{"id":22,"instances":1},{"id":23,"instances":1},{"id":24,"instances":1},{"id":25,"instances":1},{"id":26,"instances":1},{"id":27,"instances":1},{"id":28,"instances":1},{"id":29,"instances":1},{"id":30,"instances":1},{"id":31,"instances":1},{"id":32,"instances":1},{"id":33,"instances":1},{"id":34,"instances":1},{"id":35,"instances":1},{"id":36,"instances":1},{"id":37,"instances":1},{"id":38,"instances":1},{"id":39,"instances":1},{"id":40,"instances":1},{"id":41,"instances":1},{"id":42,"instances":1},{"id":44,"instances":1},{"id":45,"instances":1},{"id":46,"instances":1},{"id":47,"instances":1},{"id":48,"instances":1},{"id":49,"instances":1},{"id":50,"instances":1},{"id":51,"instances":1},{"id":52,"instances":1},{"id":53,"instances":1},{"id":54,"instances":1},{"id":55,"instances":1},{"id":56,"instances":1},{"id":58,"instances":1}]},{"name":"Loki","id":20,"guid":38025387,"type":"Pet","icon":"abilities/ability_hunter_beastcall","petOwner":6,"fights":[{"id":1,"instances":1},{"id":2,"instances":1},{"id":3,"instances":1},{"id":5,"instances":1},{"id":6,"instances":1},{"id":7,"instances":1},{"id":9,"instances":1},{"id":10,"instances":1},{"id":11,"instances":1},{"id":12,"instances":1},{"id":13,"instances":1},{"id":14,"instances":1},{"id":15,"instances":1},{"id":16,"instances":1},{"id":17,"instances":1},{"id":18,"instances":1},{"id":19,"instances":1},{"id":20,"instances":1},{"id":21,"instances":1},{"id":22,"instances":1},{"id":23,"instances":1},{"id":24,"instances":1},{"id":25,"instances":1},{"id":26,"instances":1},{"id":27,"instances":1},{"id":28,"instances":1},{"id":29,"instances":1},{"id":30,"instances":1},{"id":31,"instances":1},{"id":32,"instances":1},{"id":33,"instances":1},{"id":34,"instances":1},{"id":35,"instances":1},{"id":36,"instances":1},{"id":37,"instances":1},{"id":38,"instances":1},{"id":39,"instances":1},{"id":40,"instances":1},{"id":41,"instances":1},{"id":42,"instances":1},{"id":44,"instances":1},{"id":45,"instances":1},{"id":46,"instances":1},{"id":47,"instances":1},{"id":48,"instances":1},{"id":49,"instances":1},{"id":50,"instances":1},{"id":51,"instances":1},{"id":52,"instances":1},{"id":53,"instances":1},{"id":54,"instances":1},{"id":55,"instances":1},{"id":56,"instances":1},{"id":57,"instances":1},{"id":58,"instances":1}]},{"name":"Guardian of Azeroth","id":25,"guid":152396,"type":"Pet","icon":"abilities/inv_glowing-azerite-geode","petOwner":5,"fights":[{"id":1,"instances":2},{"id":7,"instances":2},{"id":9,"instances":1},{"id":12,"instances":2},{"id":19,"instances":1},{"id":23,"instances":2},{"id":25,"instances":2},{"id":27,"instances":1},{"id":29,"instances":2},{"id":33,"instances":2},{"id":38,"instances":2},{"id":42,"instances":2},{"id":50,"instances":2},{"id":55,"instances":1},{"id":56,"instances":2},{"id":58,"instances":4}]},{"name":"Grubmaw","id":105,"guid":37147918,"type":"Pet","icon":"abilities/spell_shadow_animatedead","petOwner":102,"fights":[{"id":19,"instances":1},{"id":20,"instances":1},{"id":21,"instances":1},{"id":23,"instances":1},{"id":24,"instances":1},{"id":25,"instances":1},{"id":26,"instances":1},{"id":27,"instances":1},{"id":28,"instances":1},{"id":29,"instances":1},{"id":30,"instances":1},{"id":31,"instances":1},{"id":32,"instances":1},{"id":33,"instances":1},{"id":34,"instances":1},{"id":35,"instances":1},{"id":36,"instances":1},{"id":37,"instances":1},{"id":38,"instances":1},{"id":39,"instances":1},{"id":40,"instances":1},{"id":41,"instances":1},{"id":42,"instances":1},{"id":44,"instances":1},{"id":45,"instances":1},{"id":46,"instances":1},{"id":47,"instances":1},{"id":48,"instances":1},{"id":49,"instances":1},{"id":50,"instances":1},{"id":51,"instances":1},{"id":52,"instances":1},{"id":53,"instances":1},{"id":54,"instances":1},{"id":55,"instances":1},{"id":56,"instances":1},{"id":58,"instances":1}]},{"name":"Twisted Appendage","id":40,"guid":162764,"type":"Pet","icon":"abilities/achievement_boss_yoggsaron_01","petOwner":10,"fights":[{"id":1,"instances":3},{"id":2,"instances":1},{"id":3,"instances":1},{"id":5,"instances":1},{"id":6,"instances":1},{"id":7,"instances":6},{"id":9,"instances":2},{"id":10,"instances":1},{"id":12,"instances":4},{"id":15,"instances":1},{"id":16,"instances":4},{"id":17,"instances":1},{"id":18,"instances":1},{"id":19,"instances":4},{"id":23,"instances":3},{"id":24,"instances":2},{"id":25,"instances":14},{"id":26,"instances":1},{"id":27,"instances":2},{"id":29,"instances":10},{"id":30,"instances":1},{"id":32,"instances":1},{"id":33,"instances":4},{"id":34,"instances":1},{"id":36,"instances":1},{"id":38,"instances":4},{"id":40,"instances":2},{"id":42,"instances":6},{"id":44,"instances":1},{"id":50,"instances":3},{"id":51,"instances":1},{"id":53,"instances":1},{"id":54,"instances":1},{"id":55,"instances":1},{"id":56,"instances":10},{"id":58,"instances":11}]},{"name":"Hati","id":16,"guid":49700482,"type":"Pet","icon":"custom-icon-ability_hunter_sickem","petOwner":9,"fights":[{"id":1,"instances":1},{"id":2,"instances":1},{"id":3,"instances":1},{"id":5,"instances":1},{"id":6,"instances":1},{"id":7,"instances":1},{"id":9,"instances":1},{"id":10,"instances":1},{"id":11,"instances":1},{"id":12,"instances":1}]},{"name":"Primal Earth Elemental","id":202,"guid":61056,"type":"Pet","icon":"abilities/spell_nature_earthelemental_totem","petOwner":1,"fights":[{"id":50,"instances":1}]},{"name":"Black Ox Statue","id":155,"guid":61146,"type":"Pet","icon":"abilities/monk_ability_summonoxstatue","petOwner":3,"fights":[{"id":38,"instances":4},{"id":55,"instances":1},{"id":56,"instances":2}]},{"name":"Shadowfiend","id":222,"guid":19668,"type":"Pet","icon":"abilities/spell_shadow_shadowfiend","petOwner":2,"fights":[{"id":58,"instances":3}]},{"name":"Voidling","id":34,"guid":128142,"type":"Pet","icon":"abilities/spell_shadow_shadowfiend","petOwner":2,"fights":[{"id":1,"instances":2},{"id":3,"instances":1},{"id":7,"instances":2},{"id":9,"instances":1},{"id":12,"instances":2},{"id":16,"instances":1},{"id":19,"instances":1},{"id":23,"instances":2},{"id":25,"instances":2},{"id":27,"instances":1},{"id":29,"instances":2},{"id":33,"instances":2},{"id":38,"instances":2},{"id":42,"instances":1},{"id":50,"instances":2},{"id":55,"instances":1},{"id":56,"instances":2}]},{"name":"Healing Tide Totem","id":64,"guid":59764,"type":"Pet","icon":"abilities/ability_shaman_healingtide","petOwner":61,"fights":[{"id":6,"instances":1},{"id":7,"instances":3},{"id":9,"instances":2},{"id":10,"instances":2},{"id":12,"instances":3},{"id":13,"instances":2},{"id":14,"instances":1},{"id":15,"instances":2},{"id":17,"instances":2},{"id":19,"instances":4},{"id":20,"instances":1},{"id":23,"instances":4},{"id":24,"instances":5},{"id":25,"instances":7},{"id":26,"instances":3},{"id":27,"instances":6},{"id":29,"instances":7},{"id":30,"instances":1},{"id":31,"instances":3},{"id":32,"instances":3},{"id":33,"instances":8},{"id":34,"instances":1},{"id":35,"instances":2},{"id":36,"instances":1},{"id":37,"instances":3},{"id":38,"instances":5},{"id":39,"instances":1},{"id":40,"instances":3},{"id":42,"instances":5},{"id":44,"instances":2},{"id":46,"instances":1},{"id":48,"instances":1},{"id":49,"instances":1},{"id":50,"instances":6},{"id":51,"instances":2},{"id":53,"instances":1},{"id":54,"instances":1},{"id":55,"instances":2},{"id":56,"instances":13},{"id":58,"instances":12}]},{"name":"Hati","id":17,"guid":49700478,"type":"Pet","icon":"custom-icon-ability_hunter_sickem","petOwner":9,"fights":[{"id":1,"instances":1},{"id":2,"instances":1},{"id":3,"instances":1},{"id":5,"instances":1},{"id":6,"instances":1},{"id":7,"instances":1},{"id":9,"instances":1},{"id":10,"instances":1},{"id":11,"instances":1},{"id":12,"instances":1}]},{"name":"Primal Storm Elemental","id":19,"guid":77942,"type":"Pet","icon":"abilities/spell_shaman_stormtotem","petOwner":13,"fights":[{"id":1,"instances":2},{"id":6,"instances":1},{"id":7,"instances":1},{"id":12,"instances":2},{"id":15,"instances":1},{"id":19,"instances":1},{"id":23,"instances":1},{"id":25,"instances":2},{"id":27,"instances":1},{"id":29,"instances":1},{"id":30,"instances":1},{"id":33,"instances":2}]},{"name":"Twisted Appendage","id":38,"guid":162764,"type":"Pet","icon":"abilities/achievement_boss_yoggsaron_01","petOwner":7,"fights":[{"id":1,"instances":3},{"id":3,"instances":2},{"id":5,"instances":3},{"id":9,"instances":4},{"id":10,"instances":2},{"id":12,"instances":4},{"id":13,"instances":1},{"id":14,"instances":2},{"id":15,"instances":1},{"id":16,"instances":3},{"id":18,"instances":1},{"id":19,"instances":2},{"id":23,"instances":2},{"id":25,"instances":5},{"id":26,"instances":1},{"id":27,"instances":4},{"id":29,"instances":10},{"id":30,"instances":3},{"id":32,"instances":1},{"id":33,"instances":5},{"id":35,"instances":1},{"id":38,"instances":3},{"id":40,"instances":3},{"id":42,"instances":3},{"id":46,"instances":1},{"id":50,"instances":3},{"id":53,"instances":1},{"id":55,"instances":2},{"id":56,"instances":5},{"id":58,"instances":10}]},{"name":"Guardian of Azeroth","id":33,"guid":152396,"type":"Pet","icon":"abilities/inv_glowing-azerite-geode","petOwner":2,"fights":[{"id":1,"instances":2},{"id":3,"instances":1},{"id":7,"instances":2},{"id":9,"instances":1},{"id":12,"instances":2},{"id":16,"instances":1},{"id":19,"instances":1},{"id":23,"instances":2},{"id":25,"instances":2},{"id":27,"instances":1},{"id":29,"instances":2},{"id":33,"instances":2},{"id":38,"instances":2},{"id":50,"instances":2},{"id":51,"instances":1},{"id":55,"instances":1},{"id":56,"instances":2}]},{"name":"Serpent Ward","id":154,"guid":106378,"type":"Pet","icon":"abilities/spell_fire_searingtotem","petOwner":61,"fights":[{"id":38,"instances":1}]},{"name":"Fire Spirit","id":31,"guid":69791,"type":"Pet","icon":"abilities/inv_summerfest_firespirit","petOwner":12,"fights":[{"id":1,"instances":4},{"id":2,"instances":1},{"id":3,"instances":1},{"id":6,"instances":1},{"id":7,"instances":2},{"id":9,"instances":2},{"id":10,"instances":2},{"id":12,"instances":4},{"id":13,"instances":2},{"id":15,"instances":1},{"id":16,"instances":1},{"id":18,"instances":1},{"id":19,"instances":3},{"id":23,"instances":4},{"id":24,"instances":3},{"id":25,"instances":4},{"id":26,"instances":1},{"id":27,"instances":3},{"id":29,"instances":5},{"id":33,"instances":4},{"id":34,"instances":1},{"id":35,"instances":1},{"id":36,"instances":1},{"id":37,"instances":1},{"id":38,"instances":4},{"id":39,"instances":1},{"id":40,"instances":1},{"id":42,"instances":3},{"id":44,"instances":1},{"id":45,"instances":1},{"id":47,"instances":1},{"id":48,"instances":1},{"id":50,"instances":4},{"id":51,"instances":1},{"id":52,"instances":1},{"id":55,"instances":2},{"id":56,"instances":6},{"id":58,"instances":6}]},{"name":"Beast","id":37,"guid":62005,"type":"Pet","icon":"abilities/ability_hunter_sickem","petOwner":6,"fights":[{"id":1,"instances":4},{"id":3,"instances":1},{"id":6,"instances":1},{"id":7,"instances":4},{"id":9,"instances":1},{"id":10,"instances":1},{"id":11,"instances":1},{"id":12,"instances":4},{"id":15,"instances":2},{"id":17,"instances":1},{"id":19,"instances":3},{"id":23,"instances":4},{"id":24,"instances":2},{"id":25,"instances":4},{"id":26,"instances":2},{"id":27,"instances":4},{"id":29,"instances":6}]},{"name":"Magus of the Dead","id":106,"guid":148797,"type":"Pet","icon":"abilities/achievement_ladydeathwhisper","petOwner":102,"fights":[{"id":19,"instances":2},{"id":23,"instances":4},{"id":24,"instances":1},{"id":25,"instances":5},{"id":26,"instances":2},{"id":27,"instances":3},{"id":29,"instances":6},{"id":30,"instances":1},{"id":31,"instances":1},{"id":32,"instances":1},{"id":33,"instances":4},{"id":34,"instances":1},{"id":36,"instances":1},{"id":38,"instances":3},{"id":40,"instances":1},{"id":41,"instances":1},{"id":42,"instances":4},{"id":45,"instances":1},{"id":47,"instances":1},{"id":50,"instances":4},{"id":51,"instances":1},{"id":52,"instances":1},{"id":55,"instances":2},{"id":56,"instances":6},{"id":58,"instances":5}]},{"name":"Capacitor Totem","id":84,"guid":61245,"type":"Pet","icon":"abilities/spell_nature_brilliance","petOwner":1,"fights":[{"id":12,"instances":2}]},{"name":"Twisted Appendage","id":128,"guid":162764,"type":"Pet","icon":"abilities/achievement_boss_yoggsaron_01","petOwner":5,"fights":[{"id":25,"instances":5}]},{"name":"Guardian of Azeroth","id":27,"guid":152396,"type":"Pet","icon":"abilities/inv_glowing-azerite-geode","petOwner":7,"fights":[{"id":1,"instances":2},{"id":3,"instances":1},{"id":7,"instances":1},{"id":9,"instances":1},{"id":10,"instances":1},{"id":12,"instances":1},{"id":23,"instances":1},{"id":25,"instances":2},{"id":27,"instances":1},{"id":29,"instances":2},{"id":33,"instances":2},{"id":38,"instances":2},{"id":42,"instances":2},{"id":50,"instances":2},{"id":51,"instances":1},{"id":55,"instances":1},{"id":56,"instances":2},{"id":58,"instances":2}]},{"name":"Dethklok","id":189,"guid":27057633,"type":"Pet","icon":"custom-icon-ability_warstomp","petOwner":186,"fights":[{"id":49,"instances":1},{"id":50,"instances":1},{"id":51,"instances":1},{"id":52,"instances":1},{"id":53,"instances":1},{"id":54,"instances":1},{"id":55,"instances":1},{"id":56,"instances":1},{"id":58,"instances":1}]},{"name":"Xuen","id":58,"guid":63508,"type":"Pet","icon":"abilities/ability_monk_prideofthetiger","petOwner":12,"fights":[{"id":3,"instances":1},{"id":7,"instances":2},{"id":12,"instances":1},{"id":17,"instances":1},{"id":18,"instances":1},{"id":19,"instances":2},{"id":23,"instances":4},{"id":24,"instances":2},{"id":25,"instances":4},{"id":26,"instances":1},{"id":27,"instances":2},{"id":29,"instances":5},{"id":32,"instances":1},{"id":33,"instances":3},{"id":38,"instances":3},{"id":40,"instances":1},{"id":42,"instances":1},{"id":50,"instances":3},{"id":56,"instances":7},{"id":58,"instances":4}]},{"name":"Primal Earth Elemental","id":137,"guid":61056,"type":"Pet","icon":"abilities/spell_nature_earthelemental_totem","petOwner":13,"fights":[{"id":27,"instances":1}]},{"name":"Efflorescence","id":22,"guid":47649,"type":"Pet","icon":"abilities/inv_misc_herb_talandrasrose","petOwner":14,"fights":[{"id":1,"instances":2},{"id":2,"instances":2},{"id":3,"instances":1},{"id":5,"instances":1},{"id":7,"instances":6},{"id":9,"instances":1},{"id":10,"instances":2},{"id":11,"instances":1},{"id":12,"instances":2},{"id":13,"instances":2},{"id":14,"instances":2},{"id":15,"instances":3},{"id":16,"instances":1}]},{"name":"Capacitor Totem","id":44,"guid":61245,"type":"Pet","icon":"abilities/spell_nature_brilliance","petOwner":13,"fights":[{"id":1,"instances":1},{"id":5,"instances":1},{"id":17,"instances":1}]},{"name":"Twisted Appendage","id":41,"guid":162764,"type":"Pet","icon":"abilities/achievement_boss_yoggsaron_01","petOwner":6,"fights":[{"id":1,"instances":2},{"id":5,"instances":2},{"id":7,"instances":2},{"id":9,"instances":1},{"id":10,"instances":1},{"id":12,"instances":4},{"id":13,"instances":1},{"id":14,"instances":1},{"id":16,"instances":2},{"id":18,"instances":3},{"id":19,"instances":3},{"id":22,"instances":2},{"id":23,"instances":4},{"id":24,"instances":3},{"id":25,"instances":4},{"id":26,"instances":3},{"id":27,"instances":1},{"id":29,"instances":6},{"id":31,"instances":1},{"id":32,"instances":1},{"id":33,"instances":5},{"id":35,"instances":2},{"id":36,"instances":1},{"id":37,"instances":1},{"id":38,"instances":2},{"id":40,"instances":3},{"id":42,"instances":1},{"id":50,"instances":1},{"id":52,"instances":2},{"id":55,"instances":3},{"id":56,"instances":5},{"id":58,"instances":6}]},{"name":"Absorb-o-Tron","id":36,"guid":143985,"type":"Pet","icon":"abilities/inv_robotpet","petOwner":11,"fights":[{"id":1,"instances":3},{"id":5,"instances":1},{"id":6,"instances":2},{"id":7,"instances":3},{"id":9,"instances":2},{"id":10,"instances":1},{"id":12,"instances":3},{"id":13,"instances":1},{"id":14,"instances":1},{"id":15,"instances":1},{"id":16,"instances":1},{"id":18,"instances":1},{"id":19,"instances":3},{"id":21,"instances":1},{"id":23,"instances":1},{"id":24,"instances":4},{"id":25,"instances":4},{"id":26,"instances":3},{"id":27,"instances":3},{"id":29,"instances":3},{"id":30,"instances":1},{"id":31,"instances":3},{"id":32,"instances":1},{"id":33,"instances":1},{"id":35,"instances":1},{"id":36,"instances":1},{"id":38,"instances":5},{"id":40,"instances":1},{"id":42,"instances":4},{"id":47,"instances":1},{"id":50,"instances":3},{"id":51,"instances":2},{"id":53,"instances":1},{"id":54,"instances":1},{"id":55,"instances":3},{"id":56,"instances":4},{"id":58,"instances":6}]},{"name":"Thunderwolf","id":190,"guid":27057639,"type":"Pet","icon":"abilities/ability_hunter_beastcall","petOwner":186,"fights":[{"id":49,"instances":1},{"id":50,"instances":1},{"id":51,"instances":1},{"id":52,"instances":1},{"id":53,"instances":1},{"id":54,"instances":1},{"id":55,"instances":1},{"id":56,"instances":1},{"id":58,"instances":1}]},{"name":"Spirit Link Totem","id":70,"guid":53006,"type":"Pet","icon":"abilities/spell_shaman_spiritlink","petOwner":61,"fights":[{"id":7,"instances":1},{"id":9,"instances":1},{"id":12,"instances":1},{"id":14,"instances":1},{"id":18,"instances":1},{"id":23,"instances":1},{"id":24,"instances":1},{"id":25,"instances":1},{"id":26,"instances":1},{"id":29,"instances":1},{"id":32,"instances":1},{"id":33,"instances":1},{"id":38,"instances":1},{"id":40,"instances":1},{"id":42,"instances":1},{"id":45,"instances":1},{"id":50,"instances":2},{"id":51,"instances":1},{"id":53,"instances":1},{"id":55,"instances":1},{"id":56,"instances":3},{"id":58,"instances":2}]},{"name":"Guardian of Azeroth","id":26,"guid":152396,"type":"Pet","icon":"abilities/inv_glowing-azerite-geode","petOwner":6,"fights":[{"id":1,"instances":2},{"id":3,"instances":1},{"id":7,"instances":2},{"id":9,"instances":1},{"id":12,"instances":2},{"id":19,"instances":1},{"id":23,"instances":2},{"id":25,"instances":2},{"id":27,"instances":1},{"id":29,"instances":2},{"id":33,"instances":2},{"id":38,"instances":2},{"id":42,"instances":2},{"id":50,"instances":2},{"id":51,"instances":1},{"id":55,"instances":1},{"id":56,"instances":2},{"id":58,"instances":3}]},{"name":"Twisted Appendage","id":39,"guid":162764,"type":"Pet","icon":"abilities/achievement_boss_yoggsaron_01","petOwner":11,"fights":[{"id":1,"instances":1},{"id":2,"instances":2},{"id":3,"instances":1},{"id":5,"instances":1},{"id":6,"instances":3},{"id":7,"instances":2},{"id":9,"instances":5},{"id":10,"instances":2},{"id":11,"instances":2},{"id":12,"instances":4},{"id":13,"instances":1},{"id":15,"instances":2},{"id":16,"instances":3},{"id":17,"instances":1},{"id":19,"instances":3},{"id":23,"instances":2},{"id":24,"instances":1},{"id":25,"instances":4},{"id":26,"instances":1},{"id":27,"instances":4},{"id":28,"instances":1},{"id":29,"instances":7},{"id":30,"instances":2},{"id":31,"instances":3},{"id":32,"instances":2},{"id":33,"instances":5},{"id":35,"instances":1},{"id":38,"instances":4},{"id":39,"instances":1},{"id":40,"instances":2},{"id":41,"instances":1},{"id":42,"instances":2},{"id":45,"instances":1},{"id":46,"instances":1},{"id":48,"instances":1},{"id":49,"instances":1},{"id":50,"instances":3},{"id":51,"instances":2},{"id":53,"instances":2},{"id":55,"instances":2},{"id":56,"instances":6},{"id":58,"instances":9}]}],"enemyPets":[{"name":"Unstable Void Stalker","id":200,"guid":157235,"type":"Pet","icon":"custom-icon-ability_garrosh_empowered_whirling_corruption","petOwner":102,"fights":[{"id":49,"instances":1}]},{"name":"Capacitor Totem","id":84,"guid":61245,"type":"Pet","icon":"abilities/spell_nature_brilliance","petOwner":1,"fights":[{"id":27,"instances":1}]},{"name":"Unstable Void Stalker","id":201,"guid":157235,"type":"Pet","icon":"custom-icon-spell_priest_void-blast","petOwner":1,"fights":[{"id":49,"instances":1}]}],"phases":[{"boss":2336,"phases":["Stage One: Cult of the Void","Stage Two: Death from Above","Stage Three: The Void Unleashed"]},{"boss":2337,"phases":["Stage One: Exterior Carapace","Stage Two: Subcutaneous Tunnel","Stage Three: Locus of Infinite Truths"]},{"boss":2327,"phases":["Obsidian Destroyer","Obsidian Statue"]},{"boss":2344,"phases":["Stage One: Writhing Onslaught","Stage Two: Convergence"]},{"boss":2331,"phases":["Gathering Power","Unleashed Wrath"]},{"boss":2329,"phases":["The Black Emperor","Smoke and Mirrors"]},{"boss":2335,"phases":["Shadowy Carapace","Void-Tinged Carapace","Noxious Carapace"]}],"logVersion":16,"gameVersion":1,"title":"Ny'alotha","owner":"Atheren","start":1591751353260,"end":1591762104619,"zone":24,"exportedCharacters":[{"id":17405111,"name":"Alootam","server":"Area 52","region":"US"},{"id":42926841,"name":"Ashoko","server":"Area 52","region":"US"},{"id":22713653,"name":"Derizzler","server":"Area 52","region":"US"},{"id":43458849,"name":"Draftdemon","server":"Area 52","region":"US"},{"id":44927372,"name":"Draftshot","server":"Area 52","region":"US"},{"id":48084811,"name":"Epicdemic","server":"Hyjal","region":"US"},{"id":38154355,"name":"Hêllscream","server":"Area 52","region":"US"},{"id":32566724,"name":"Joanne","server":"Area 52","region":"US"},{"id":16451595,"name":"Kaagsanity","server":"Area 52","region":"US"},{"id":46977899,"name":"Kaeldaimon","server":"Area 52","region":"US"},{"id":41399399,"name":"Leejunghun","server":"Area 52","region":"US"},{"id":48638832,"name":"Onolatry","server":"Illidan","region":"US"},{"id":38664843,"name":"Pikell","server":"Area 52","region":"US"},{"id":12438952,"name":"Raggnaarokk","server":"Area 52","region":"US"},{"id":17400052,"name":"Rockblocked","server":"Cho'gall","region":"US"},{"id":2103685,"name":"Saift","server":"Mal'Ganis","region":"US"},{"id":41049595,"name":"Singsòng","server":"Zul'jin","region":"US"},{"id":23101174,"name":"Solstis","server":"Area 52","region":"US"},{"id":45723574,"name":"Swiskar","server":"Area 52","region":"US"},{"id":47476455,"name":"Thysera","server":"Area 52","region":"US"},{"id":27763940,"name":"Vampyric","server":"Area 52","region":"US"},{"id":17513832,"name":"Xydiria","server":"Area 52","region":"US"},{"id":47313061,"name":"Ñðx","server":"Area 52","region":"US"}]}