[{"timestamp":6543561,"type":"combatantinfo","pin":"0","sourceID":1,"gear":[{"id":175864,"quality":3,"icon":"inv_helm_cloth_oribosdungeon_c_01.jpg","itemLevel":213,"bonusIDs":[6795,1487,6646]},{"id":175885,"quality":3,"icon":"inv_7_0raid_necklace_03a.jpg","itemLevel":213,"bonusIDs":[6788,1487,6646]},{"id":175873,"quality":3,"icon":"inv_shoulder_cloth_oribosdungeon_c_01.jpg","itemLevel":213,"bonusIDs":[6781,1487,6646]},{"id":0,"quality":1,"icon":"inv_axe_02.jpg","itemLevel":0},{"id":175852,"quality":3,"icon":"inv_robe_cloth_oribosdungeon_c_01.jpg","itemLevel":213,"permanentEnchant":6230,"bonusIDs":[6795,1487,6646]},{"id":175876,"quality":3,"icon":"inv_belt_cloth_oribosdungeon_c_01.jpg","itemLevel":213,"bonusIDs":[6781,1487,6646]},{"id":175868,"quality":3,"icon":"inv_pant_cloth_oribosdungeon_c_01.jpg","itemLevel":213,"bonusIDs":[6795,1487,6646]},{"id":175857,"quality":3,"icon":"inv_boot_cloth_oribosdungeon_c_01.jpg","itemLevel":213,"permanentEnchant":6207,"bonusIDs":[6781,1487,6646]},{"id":178782,"quality":3,"icon":"inv_bracer_cloth_oribosdungeon_c_01.jpg","itemLevel":213,"permanentEnchant":6220,"bonusIDs":[7203,6652,7194,1509,6646]},{"id":173244,"quality":5,"icon":"inv_cloth_mawraid_d_01_glove.jpg","itemLevel":213,"bonusIDs":[6716,1487,7031,6649,6648],"effectID":337122,"effectIcon":"spell_shadow_soulleech_3.jpg"},{"id":175879,"quality":3,"icon":"inv_jewelry_ring_01.jpg","itemLevel":213,"permanentEnchant":6166,"bonusIDs":[6788,1487,6646]},{"id":178329,"quality":3,"icon":"inv_jewelry_ring_01.jpg","itemLevel":213,"permanentEnchant":6166,"bonusIDs":[6788,1487,6646]},{"id":175884,"quality":3,"icon":"spell_holy_championsbond.jpg","itemLevel":213,"bonusIDs":[6781,1487,6646]},{"id":178298,"quality":3,"icon":"inv_misc_token_argentdawn3.jpg","itemLevel":213,"bonusIDs":[6781,1487,6646]},{"id":178265,"quality":3,"icon":"inv_cape_pandaria_b_02.jpg","itemLevel":213,"permanentEnchant":6202,"bonusIDs":[6788,1487,6646]},{"id":178829,"quality":3,"icon":"inv_staff_2h_oribosdungeon_c_01.jpg","itemLevel":213,"permanentEnchant":6228,"temporaryEnchant":6188,"bonusIDs":[7203,6652,1511,6646]},{"id":0,"quality":1,"icon":"inv_axe_02.jpg","itemLevel":0},{"id":0,"quality":1,"icon":"inv_axe_02.jpg","itemLevel":0}],"auras":[{"source":1,"ability":308488,"stacks":1,"icon":"spell_misc_food.jpg","name":"Well Fed"},{"source":24,"ability":166646,"stacks":1,"icon":"monk_stance_whitetiger.jpg"},{"source":6,"ability":1459,"stacks":1,"icon":"spell_holy_magicalsentry.jpg","name":"Arcane Intellect"},{"source":1,"ability":311450,"stacks":1,"icon":"inv_inscription_vantusrune_castlenathria01.jpg"},{"source":1,"ability":307185,"stacks":1,"icon":"inv_alchemy_80_flask01green.jpg","name":"Spectral Flask of Power"},{"source":3,"ability":21562,"stacks":1,"icon":"spell_holy_wordfortitude.jpg","name":"Power Word: Fortitude"}],"expansion":"shadowlands","faction":0,"specID":265,"covenantID":4,"soulbindID":4,"strength":172,"agility":348,"stamina":1932,"intellect":1536,"dodge":0,"parry":0,"block":0,"armor":337,"critMelee":149,"critRanged":149,"critSpell":149,"speed":30,"leech":0,"hasteMelee":752,"hasteRanged":752,"hasteSpell":752,"avoidance":0,"mastery":179,"versatilityDamageDone":984,"versatilityHealingDone":984,"versatilityDamageReduction":820,"talents":[{"id":198590,"icon":"spell_shadow_haunting.jpg"},{"id":196103,"icon":"ability_bossmannoroth_empoweredmannorothsgaze.jpg"},{"id":111400,"icon":"ability_deathwing_sealarmorbreachtga.jpg"},{"id":205179,"icon":"inv_enchant_voidsphere.jpg"},{"id":6789,"icon":"ability_warlock_mortalcoil.jpg"},{"id":48181,"icon":"ability_warlock_haunt.jpg"},{"id":113860,"icon":"spell_warlock_soulburn.jpg"}],"pvpTalents":[{"id":0,"icon":"inv_axe_02.jpg"},{"id":199954,"icon":"ability_creature_cursed_05.jpg"},{"id":248855,"icon":"spell_warlock_demonicportal_green.jpg"},{"id":221711,"icon":"warlock_spelldrain.jpg"}],"artifact":[{"traitID":1122,"rank":1,"spellID":0,"icon":"inv_axe_02.jpg"},{"traitID":1135,"rank":1,"spellID":0,"icon":"inv_axe_02.jpg"},{"traitID":1136,"rank":1,"spellID":323095,"icon":"spell_shadow_zdemonformgreen.jpg"},{"traitID":1124,"rank":1,"spellID":323074,"icon":"inv_misc_food_legion_gooslime_pool.jpg"},{"traitID":1126,"rank":1,"spellID":323091,"icon":"inv_maldraxxusslime_green.jpg"},{"traitID":1128,"rank":1,"spellID":0,"icon":"inv_axe_02.jpg"},{"traitID":1130,"rank":1,"spellID":323081,"icon":"inv_maldraxxusslime_plague.jpg"},{"traitID":1133,"rank":1,"spellID":0,"icon":"inv_axe_02.jpg"}],"heartOfAzeroth":[{"traitID":203,"rank":155,"spellID":339576,"icon":"spell_shadow_burningspirit.jpg"},{"traitID":174,"rank":155,"spellID":339455,"icon":"spell_shadow_spectralsight.jpg"},{"traitID":171,"rank":155,"spellID":339411,"icon":"warrior_doubletime.jpg"},{"traitID":218,"rank":155,"spellID":340268,"icon":"spell_animamaldraxxus_wave.jpg"}]},{"timestamp":6543561,"type":"combatantinfo","pin":"0","sourceID":4,"gear":[{"id":171415,"quality":5,"icon":"inv_helm_plate_mawraidmythic_d_01.jpg","itemLevel":213,"bonusIDs":[6716,1487,7060,6649,6648],"effectID":337831,"effectIcon":"ability_bossfelmagnaron_runeempowered.jpg"},{"id":178335,"quality":3,"icon":"inv_7_0raid_necklace_03a.jpg","itemLevel":213,"bonusIDs":[6788,1487,6646]},{"id":175872,"quality":3,"icon":"inv_plate_oribosdungeon_c_01_shoulder.jpg","itemLevel":213,"bonusIDs":[6781,1487,6646]},{"id":3428,"quality":2,"icon":"inv_shirt_grey_01.jpg","itemLevel":1},{"id":175853,"quality":3,"icon":"inv_plate_oribosdungeon_c_01_chest.jpg","itemLevel":213,"permanentEnchant":6230,"temporaryEnchant":6225,"bonusIDs":[6795,1487,6646]},{"id":179326,"quality":3,"icon":"inv_plate_oribosdungeon_c_01_buckle.jpg","itemLevel":213,"bonusIDs":[7206,6652,7194,1517,6646]},{"id":178701,"quality":3,"icon":"inv_plate_oribosdungeon_c_01_pants.jpg","itemLevel":213,"temporaryEnchant":6225,"bonusIDs":[6808,1521,6646]},{"id":175856,"quality":3,"icon":"inv_plate_oribosdungeon_c_01_boots.jpg","itemLevel":213,"permanentEnchant":6207,"temporaryEnchant":6225,"bonusIDs":[6781,1487,6646]},{"id":178845,"quality":3,"icon":"inv_plate_oribosdungeon_c_01_bracer.jpg","itemLevel":213,"bonusIDs":[7208,6652,7193,1517,6646]},{"id":175861,"quality":3,"icon":"inv_plate_oribosdungeon_c_01_glove.jpg","itemLevel":213,"permanentEnchant":6210,"temporaryEnchant":6225,"bonusIDs":[6781,1487,6646]},{"id":178329,"quality":3,"icon":"inv_jewelry_ring_01.jpg","itemLevel":213,"permanentEnchant":6166,"bonusIDs":[6788,1487,6646]},{"id":175879,"quality":3,"icon":"inv_jewelry_ring_01.jpg","itemLevel":213,"permanentEnchant":6166,"bonusIDs":[6788,1487,6646]},{"id":180118,"quality":3,"icon":"ability_bastion_demonhunter.jpg","itemLevel":213,"bonusIDs":[6808,1521,6646]},{"id":179331,"quality":3,"icon":"inv_misc_scales_stonyorange.jpg","itemLevel":213,"bonusIDs":[6808,6652,1521,6646]},{"id":178265,"quality":3,"icon":"inv_cape_pandaria_b_02.jpg","itemLevel":213,"permanentEnchant":6203,"bonusIDs":[6788,1487,6646]},{"id":183433,"quality":3,"icon":"inv_mace_1h_oribosdungeon_c_02.jpg","itemLevel":213,"permanentEnchant":6223,"temporaryEnchant":6201,"bonusIDs":[7157,1507,6646]},{"id":178490,"quality":3,"icon":"inv_shield_1h_oribosdungeon_c_01.jpg","itemLevel":213,"bonusIDs":[7150,1507,6646]},{"id":40643,"quality":4,"icon":"inv_chest_cloth_30.jpg","itemLevel":1}],"auras":[{"source":16,"ability":61295,"stacks":1,"icon":"spell_nature_riptide.jpg","name":"Riptide"},{"source":13,"ability":156910,"stacks":1,"icon":"ability_paladin_beaconsoflight.jpg","name":"Beacon of Faith"},{"source":17,"ability":33763,"stacks":1,"icon":"inv_misc_herb_felblossom.jpg","name":"Lifebloom"},{"source":3,"ability":21562,"stacks":1,"icon":"spell_holy_wordfortitude.jpg","name":"Power Word: Fortitude"},{"source":17,"ability":774,"stacks":1,"icon":"spell_nature_rejuvenation.jpg","name":"Rejuvenation"},{"source":4,"ability":307166,"stacks":1,"icon":"inv_potion_132.jpg","name":"Eternal Flask"}],"expansion":"shadowlands","faction":0,"specID":66,"covenantID":1,"soulbindID":7,"strength":1248,"agility":158,"stamina":2981,"intellect":452,"dodge":0,"parry":117,"block":0,"armor":1970,"critMelee":117,"critRanged":117,"critSpell":117,"speed":0,"leech":0,"hasteMelee":453,"hasteRanged":453,"hasteSpell":453,"avoidance":30,"mastery":342,"versatilityDamageDone":762,"versatilityHealingDone":762,"versatilityDamageReduction":762,"talents":[{"id":204019,"icon":"paladin_retribution.jpg"},{"id":203776,"icon":"ability_skyreach_shielded.jpg"},{"id":234299,"icon":"spell_holy_fistofjustice.jpg"},{"id":114154,"icon":"spell_holy_holyguidance.jpg"},{"id":223817,"icon":"spell_holy_divinepurpose.jpg"},{"id":204054,"icon":"ability_paladin_righteousvengeance.jpg"},{"id":204074,"icon":"ability_paladin_shieldofthetemplar.jpg"}],"pvpTalents":[{"id":0,"icon":"inv_axe_02.jpg"},{"id":216868,"icon":"spell_holy_innerfire.jpg"},{"id":199542,"icon":"spell_holy_crusaderaura.jpg"},{"id":216853,"icon":"spell_holy_sealofprotection.jpg"}],"artifact":[{"traitID":1303,"rank":1,"spellID":328257,"icon":"ability_hunter_readiness.jpg"},{"traitID":1305,"rank":1,"spellID":0,"icon":"inv_axe_02.jpg"},{"traitID":1308,"rank":1,"spellID":328261,"icon":"spell_arcane_focusedpower.jpg"},{"traitID":1311,"rank":1,"spellID":0,"icon":"inv_axe_02.jpg"},{"traitID":1312,"rank":1,"spellID":0,"icon":"inv_axe_02.jpg"},{"traitID":1314,"rank":1,"spellID":328265,"icon":"ability_hunter_displacement.jpg"},{"traitID":1315,"rank":1,"spellID":0,"icon":"inv_axe_02.jpg"},{"traitID":1316,"rank":1,"spellID":328266,"icon":"spell_animabastion_buff.jpg"}],"heartOfAzeroth":[{"traitID":196,"rank":155,"spellID":340012,"icon":"inv_shield_1h_armyoflight_c_01.jpg"},{"traitID":216,"rank":155,"spellID":340218,"icon":"spell_animabastion_orb.jpg"},{"traitID":197,"rank":155,"spellID":340023,"icon":"ability_crown_of_the_heavens_icon.jpg"},{"traitID":195,"rank":155,"spellID":340006,"icon":"ability_warrior_victoryrush.jpg"}]},{"timestamp":6543561,"type":"combatantinfo","pin":"0","sourceID":5,"gear":[{"id":175865,"quality":3,"icon":"inv_helm_mail_oribosdungeon_c_01.jpg","itemLevel":213,"bonusIDs":[6795,1487,6646]},{"id":178299,"quality":3,"icon":"inv_7_0raid_necklace_03a.jpg","itemLevel":213,"bonusIDs":[6788,1487,6646]},{"id":172327,"quality":5,"icon":"inv_mail_mawraid_d_01_shoulder.jpg","itemLevel":213,"bonusIDs":[6716,1487,7013,6647,6650],"effectID":336870,"effectIcon":"inv_spear_07.jpg"},{"id":0,"quality":1,"icon":"inv_axe_02.jpg","itemLevel":0},{"id":175854,"quality":3,"icon":"inv_chest_mail_oribosdungeon_c_01.jpg","itemLevel":213,"bonusIDs":[6795,1487,6646]},{"id":175877,"quality":3,"icon":"inv_belt_mail_oribosdungeon_c_01.jpg","itemLevel":213,"bonusIDs":[6781,1487,6646]},{"id":175869,"quality":3,"icon":"inv_pant_mail_oribosdungeon_c_01.jpg","itemLevel":213,"bonusIDs":[6795,1487,6646]},{"id":175858,"quality":3,"icon":"inv_boot_mail_oribosdungeon_c_01.jpg","itemLevel":213,"permanentEnchant":6211,"bonusIDs":[6781,1487,6646]},{"id":175882,"quality":3,"icon":"inv_bracer_mail_oribosdungeon_c_01.jpg","itemLevel":213,"permanentEnchant":6222,"bonusIDs":[6788,1487,6646]},{"id":175863,"quality":3,"icon":"inv_glove_mail_oribosdungeon_c_01.jpg","itemLevel":213,"permanentEnchant":6205,"bonusIDs":[6781,1487,6646]},{"id":178293,"quality":3,"icon":"inv_jewelry_ring_01.jpg","itemLevel":213,"permanentEnchant":6164,"bonusIDs":[6788,1487,6646]},{"id":175879,"quality":3,"icon":"inv_jewelry_ring_01.jpg","itemLevel":213,"permanentEnchant":6170,"bonusIDs":[6788,1487,6646]},{"id":175884,"quality":3,"icon":"spell_holy_championsbond.jpg","itemLevel":213,"bonusIDs":[6781,1487,6646]},{"id":178298,"quality":3,"icon":"inv_misc_token_argentdawn3.jpg","itemLevel":213,"bonusIDs":[6781,1487,6646]},{"id":178265,"quality":3,"icon":"inv_cape_pandaria_b_02.jpg","itemLevel":213,"permanentEnchant":6202,"bonusIDs":[6788,1487,6646]},{"id":178664,"quality":3,"icon":"inv_bow_1h_oribosdungeon_c_01.jpg","itemLevel":213,"permanentEnchant":6196,"bonusIDs":[6774,1507,6646]},{"id":0,"quality":1,"icon":"inv_axe_02.jpg","itemLevel":0},{"id":0,"quality":1,"icon":"inv_axe_02.jpg","itemLevel":0}],"auras":[{"source":5,"ability":308434,"stacks":1,"icon":"spell_misc_food.jpg","name":"Well Fed"},{"source":24,"ability":166646,"stacks":1,"icon":"monk_stance_whitetiger.jpg"},{"source":3,"ability":21562,"stacks":1,"icon":"spell_holy_wordfortitude.jpg","name":"Power Word: Fortitude"},{"source":6,"ability":1459,"stacks":1,"icon":"spell_holy_magicalsentry.jpg","name":"Arcane Intellect"},{"source":5,"ability":155228,"stacks":1,"icon":"spell_hunter_lonewolf.jpg"},{"source":5,"ability":307185,"stacks":1,"icon":"inv_alchemy_80_flask01green.jpg","name":"Spectral Flask of Power"}],"expansion":"shadowlands","faction":0,"specID":254,"covenantID":2,"soulbindID":8,"strength":277,"agility":1171,"stamina":1757,"intellect":386,"dodge":0,"parry":0,"block":0,"armor":800,"critMelee":474,"critRanged":474,"critSpell":474,"speed":30,"leech":0,"hasteMelee":423,"hasteRanged":423,"hasteSpell":423,"avoidance":0,"mastery":34,"versatilityDamageDone":1160,"versatilityHealingDone":1160,"versatilityDamageReduction":967,"talents":[{"id":260309,"icon":"ability_hunter_mastermarksman.jpg"},{"id":212431,"icon":"ability_hunter_explosiveshot.jpg"},{"id":270581,"icon":"ability_hunter_onewithnature.jpg"},{"id":342049,"icon":"ability_hunter_chimerashot2.jpg"},{"id":109215,"icon":"ability_hunter_posthaste.jpg"},{"id":260402,"icon":"ability_hunter_crossfire.jpg"},{"id":260243,"icon":"ability_hunter_rapidkilling.jpg"}],"pvpTalents":[{"id":0,"icon":"inv_axe_02.jpg"},{"id":202589,"icon":"inv_misc_deepseascales.jpg"},{"id":202746,"icon":"ability_rogue_feigndeath.jpg"},{"id":202797,"icon":"ability_hunter_potentvenom.jpg"}],"artifact":[],"heartOfAzeroth":[]},{"timestamp":6543588,"type":"combatantinfo","pin":"0","sourceID":6,"gear":[{"id":175864,"quality":3,"icon":"inv_helm_cloth_oribosdungeon_c_01.jpg","itemLevel":213,"bonusIDs":[6795,1487,6646]},{"id":180115,"quality":3,"icon":"inv_7_0raid_necklace_03a.jpg","itemLevel":213,"bonusIDs":[7203,6652,7194,1511,6646]},{"id":175873,"quality":3,"icon":"inv_shoulder_cloth_oribosdungeon_c_01.jpg","itemLevel":213,"bonusIDs":[6781,1487,6646]},{"id":0,"quality":1,"icon":"inv_axe_02.jpg","itemLevel":0},{"id":173241,"quality":5,"icon":"inv_cloth_mawraid_d_01_robe.jpg","itemLevel":213,"temporaryEnchant":6225,"bonusIDs":[6716,1487,6828,6649,6647],"effectID":327284,"effectIcon":"trade_engineering.jpg"},{"id":175876,"quality":3,"icon":"inv_belt_cloth_oribosdungeon_c_01.jpg","itemLevel":213,"bonusIDs":[6781,1487,6646]},{"id":175868,"quality":3,"icon":"inv_pant_cloth_oribosdungeon_c_01.jpg","itemLevel":213,"temporaryEnchant":6225,"bonusIDs":[6795,1487,6646]},{"id":175857,"quality":3,"icon":"inv_boot_cloth_oribosdungeon_c_01.jpg","itemLevel":213,"temporaryEnchant":6225,"bonusIDs":[6781,1487,6646]},{"id":175880,"quality":3,"icon":"inv_bracer_cloth_oribosdungeon_c_01.jpg","itemLevel":213,"bonusIDs":[6788,1487,6646]},{"id":175862,"quality":3,"icon":"inv_glove_cloth_oribosdungeon_c_01.jpg","itemLevel":213,"temporaryEnchant":6225,"bonusIDs":[6781,1487,6646]},{"id":178293,"quality":3,"icon":"inv_jewelry_ring_01.jpg","itemLevel":213,"bonusIDs":[6788,1487,6646]},{"id":178824,"quality":3,"icon":"inv_jewelry_ring_01.jpg","itemLevel":213,"bonusIDs":[7207,6652,7193,1517,6646]},{"id":175884,"quality":3,"icon":"spell_holy_championsbond.jpg","itemLevel":213,"bonusIDs":[6781,1487,6646]},{"id":178298,"quality":3,"icon":"inv_misc_token_argentdawn3.jpg","itemLevel":213,"bonusIDs":[6781,1487,6646]},{"id":175851,"quality":3,"icon":"inv_cape_pandaria_b_02.jpg","itemLevel":213,"bonusIDs":[6788,1487,6646]},{"id":178473,"quality":3,"icon":"inv_staff_2h_oribosdungeon_c_01.jpg","itemLevel":213,"temporaryEnchant":6188,"bonusIDs":[6774,1507,6646]},{"id":0,"quality":1,"icon":"inv_axe_02.jpg","itemLevel":0},{"id":0,"quality":1,"icon":"inv_axe_02.jpg","itemLevel":0}],"auras":[{"source":3,"ability":21562,"stacks":1,"icon":"spell_holy_wordfortitude.jpg","name":"Power Word: Fortitude"},{"source":6,"ability":1459,"stacks":1,"icon":"spell_holy_magicalsentry.jpg","name":"Arcane Intellect"},{"source":24,"ability":166646,"stacks":1,"icon":"monk_stance_whitetiger.jpg"},{"source":10,"ability":207386,"stacks":1,"icon":"inv_misc_trailofflowers.jpg","name":"Spring Blossoms"},{"source":6,"ability":327284,"stacks":1,"icon":"trade_engineering.jpg"},{"source":6,"ability":278309,"stacks":1,"icon":"spell_frost_frostblast.jpg"},{"source":6,"ability":307166,"stacks":1,"icon":"inv_potion_132.jpg","name":"Eternal Flask"}],"expansion":"shadowlands","faction":0,"specID":64,"covenantID":2,"soulbindID":3,"strength":195,"agility":307,"stamina":1937,"intellect":1492,"dodge":0,"parry":0,"block":0,"armor":337,"critMelee":420,"critRanged":420,"critSpell":420,"speed":0,"leech":0,"hasteMelee":576,"hasteRanged":576,"hasteSpell":576,"avoidance":0,"mastery":119,"versatilityDamageDone":866,"versatilityHealingDone":866,"versatilityDamageReduction":722,"talents":[{"id":205024,"icon":"achievement_dungeon_frozenthrone.jpg"},{"id":212653,"icon":"spell_arcane_massdispel.jpg"},{"id":116011,"icon":"spell_mage_runeofpower.jpg"},{"id":278309,"icon":"spell_frost_frostblast.jpg"},{"id":235224,"icon":"ability_mage_deepfreeze.jpg"},{"id":56377,"icon":"spell_frost_ice-shards.jpg"},{"id":155149,"icon":"spell_mage_thermalvoid.jpg"}],"pvpTalents":[{"id":0,"icon":"inv_axe_02.jpg"},{"id":236788,"icon":"spell_arcane_rune.jpg"},{"id":198100,"icon":"spell_arcane_arcane02.jpg"},{"id":198126,"icon":"ability_mage_chilledtothebone.jpg"}],"artifact":[{"traitID":1001,"rank":1,"spellID":0,"icon":"inv_axe_02.jpg"},{"traitID":997,"rank":1,"spellID":0,"icon":"inv_axe_02.jpg"},{"traitID":999,"rank":1,"spellID":332754,"icon":"achievement_bg_killxenemies_generalsroom.jpg"},{"traitID":1005,"rank":1,"spellID":0,"icon":"inv_axe_02.jpg"},{"traitID":1420,"rank":1,"spellID":332756,"icon":"spell_misc_warsongfocus.jpg"},{"traitID":1423,"rank":1,"spellID":0,"icon":"inv_axe_02.jpg"},{"traitID":1424,"rank":1,"spellID":319978,"icon":"ability_garrosh_touch_of_yshaarj.jpg"},{"traitID":1426,"rank":1,"spellID":340159,"icon":"inv_misc_reforgedarchstone_01.jpg"}],"heartOfAzeroth":[{"traitID":17,"rank":155,"spellID":336460,"icon":"spell_fire_blueflamering.jpg"},{"traitID":48,"rank":155,"spellID":337136,"icon":"inv_soulbarrier.jpg"},{"traitID":21,"rank":155,"spellID":336569,"icon":"spell_frost_frostblast.jpg"},{"traitID":20,"rank":155,"spellID":336522,"icon":"spell_frost_coldhearted.jpg"}]},{"timestamp":6543588,"type":"combatantinfo","pin":"0","sourceID":7,"gear":[{"id":175865,"quality":3,"icon":"inv_helm_mail_oribosdungeon_c_01.jpg","itemLevel":213,"bonusIDs":[6795,1487,6646]},{"id":178335,"quality":3,"icon":"inv_7_0raid_necklace_03a.jpg","itemLevel":213,"bonusIDs":[6788,1487,6646]},{"id":172327,"quality":5,"icon":"inv_mail_mawraid_d_01_shoulder.jpg","itemLevel":213,"bonusIDs":[6716,1487,7013,6648,6649],"effectID":336870,"effectIcon":"inv_spear_07.jpg"},{"id":0,"quality":1,"icon":"inv_axe_02.jpg","itemLevel":0},{"id":175854,"quality":3,"icon":"inv_chest_mail_oribosdungeon_c_01.jpg","itemLevel":213,"permanentEnchant":6214,"bonusIDs":[6795,1487,6646]},{"id":175877,"quality":3,"icon":"inv_belt_mail_oribosdungeon_c_01.jpg","itemLevel":213,"bonusIDs":[6781,1487,6646]},{"id":175869,"quality":3,"icon":"inv_pant_mail_oribosdungeon_c_01.jpg","itemLevel":213,"bonusIDs":[6795,1487,6646]},{"id":175858,"quality":3,"icon":"inv_boot_mail_oribosdungeon_c_01.jpg","itemLevel":213,"permanentEnchant":6211,"bonusIDs":[6781,1487,6646]},{"id":175882,"quality":3,"icon":"inv_bracer_mail_oribosdungeon_c_01.jpg","itemLevel":213,"bonusIDs":[6788,1487,6646]},{"id":175863,"quality":3,"icon":"inv_glove_mail_oribosdungeon_c_01.jpg","itemLevel":213,"bonusIDs":[6781,1487,6646]},{"id":178736,"quality":3,"icon":"inv_jewelry_ring_51naxxramas.jpg","itemLevel":213,"bonusIDs":[7204,6652,6935,1509,6646],"gems":[{"id":173130,"itemLevel":120,"icon":"inv_jewelcrafting_90_rarecut_purple.jpg"}]},{"id":178329,"quality":3,"icon":"inv_jewelry_ring_01.jpg","itemLevel":213,"permanentEnchant":6166,"bonusIDs":[6788,1487,6646]},{"id":178298,"quality":3,"icon":"inv_misc_token_argentdawn3.jpg","itemLevel":213,"bonusIDs":[6781,1487,6646]},{"id":175884,"quality":3,"icon":"spell_holy_championsbond.jpg","itemLevel":213,"bonusIDs":[6781,1487,6646]},{"id":178301,"quality":3,"icon":"inv_cape_pandaria_b_02.jpg","itemLevel":213,"permanentEnchant":6203,"bonusIDs":[6788,1487,6646]},{"id":178664,"quality":3,"icon":"inv_bow_1h_oribosdungeon_c_01.jpg","itemLevel":213,"permanentEnchant":6195,"bonusIDs":[6774,1507,6646]},{"id":0,"quality":1,"icon":"inv_axe_02.jpg","itemLevel":0},{"id":0,"quality":1,"icon":"inv_axe_02.jpg","itemLevel":0}],"auras":[{"source":7,"ability":308506,"stacks":1,"icon":"spell_misc_food.jpg","name":"Well Fed"},{"source":3,"ability":21562,"stacks":1,"icon":"spell_holy_wordfortitude.jpg","name":"Power Word: Fortitude"},{"source":6,"ability":1459,"stacks":1,"icon":"spell_holy_magicalsentry.jpg","name":"Arcane Intellect"},{"source":7,"ability":307185,"stacks":1,"icon":"inv_alchemy_80_flask01green.jpg","name":"Spectral Flask of Power"},{"source":7,"ability":155228,"stacks":1,"icon":"spell_hunter_lonewolf.jpg"},{"source":10,"ability":207386,"stacks":1,"icon":"inv_misc_trailofflowers.jpg","name":"Spring Blossoms"}],"expansion":"shadowlands","faction":0,"specID":254,"covenantID":4,"soulbindID":10,"strength":277,"agility":1192,"stamina":1757,"intellect":386,"dodge":0,"parry":0,"block":0,"armor":800,"critMelee":222,"critRanged":222,"critSpell":222,"speed":0,"leech":0,"hasteMelee":501,"hasteRanged":501,"hasteSpell":501,"avoidance":30,"mastery":339,"versatilityDamageDone":1006,"versatilityHealingDone":1006,"versatilityDamageReduction":838,"talents":[{"id":260309,"icon":"ability_hunter_mastermarksman.jpg"},{"id":260228,"icon":"ability_hunter_zenarchery.jpg"},{"id":270581,"icon":"ability_hunter_onewithnature.jpg"},{"id":342049,"icon":"ability_hunter_chimerashot2.jpg"},{"id":109215,"icon":"ability_hunter_posthaste.jpg"},{"id":260402,"icon":"ability_hunter_crossfire.jpg"},{"id":260243,"icon":"ability_hunter_rapidkilling.jpg"}],"pvpTalents":[{"id":0,"icon":"inv_axe_02.jpg"},{"id":202589,"icon":"inv_misc_deepseascales.jpg"},{"id":202746,"icon":"ability_rogue_feigndeath.jpg"},{"id":202797,"icon":"ability_hunter_potentvenom.jpg"}],"artifact":[{"traitID":1267,"rank":1,"spellID":326507,"icon":"inv_cooking_80_brinyflesh.jpg"},{"traitID":1269,"rank":1,"spellID":326511,"icon":"inv_boots_raidshaman_i_01.jpg"},{"traitID":1272,"rank":1,"spellID":326514,"icon":"garrison_greenarmor.jpg"},{"traitID":1264,"rank":1,"spellID":0,"icon":"inv_axe_02.jpg"},{"traitID":1270,"rank":1,"spellID":326512,"icon":"trade_archaeology_bones-of-transformation.jpg"},{"traitID":1263,"rank":1,"spellID":0,"icon":"inv_axe_02.jpg"},{"traitID":1265,"rank":1,"spellID":0,"icon":"inv_axe_02.jpg"},{"traitID":1276,"rank":1,"spellID":0,"icon":"inv_axe_02.jpg"}],"heartOfAzeroth":[{"traitID":188,"rank":155,"spellID":339920,"icon":"ability_creature_cursed_04.jpg"},{"traitID":166,"rank":155,"spellID":339377,"icon":"inv_shield_21.jpg"},{"traitID":192,"rank":155,"spellID":339973,"icon":"ability_hunter_resistanceisfutile.jpg"},{"traitID":199,"rank":155,"spellID":340033,"icon":"ability_hunter_markedshot.jpg"}]},{"timestamp":6543588,"type":"combatantinfo","pin":"0","sourceID":3,"gear":[{"id":173245,"quality":5,"icon":"inv_cloth_mawraid_d_01_helm.jpg","itemLevel":213,"bonusIDs":[6716,1487,6982,6649,6648],"effectID":336143,"effectIcon":"inv_jewelcrafting_shadowsongamethyst_02.jpg"},{"id":178335,"quality":3,"icon":"inv_7_0raid_necklace_03a.jpg","itemLevel":213,"bonusIDs":[6788,1487,6646]},{"id":178740,"quality":3,"icon":"inv_shoulder_cloth_oribosdungeon_c_01.jpg","itemLevel":213,"bonusIDs":[6808,6652,1505,6646]},{"id":0,"quality":1,"icon":"inv_axe_02.jpg","itemLevel":0},{"id":175852,"quality":3,"icon":"inv_robe_cloth_oribosdungeon_c_01.jpg","itemLevel":213,"permanentEnchant":6230,"bonusIDs":[6795,1487,6646]},{"id":175876,"quality":3,"icon":"inv_belt_cloth_oribosdungeon_c_01.jpg","itemLevel":213,"bonusIDs":[6781,1487,6646]},{"id":175868,"quality":3,"icon":"inv_pant_cloth_oribosdungeon_c_01.jpg","itemLevel":213,"bonusIDs":[6795,1487,6646]},{"id":175857,"quality":3,"icon":"inv_boot_cloth_oribosdungeon_c_01.jpg","itemLevel":213,"bonusIDs":[6781,1487,6646]},{"id":175880,"quality":3,"icon":"inv_bracer_cloth_oribosdungeon_c_01.jpg","itemLevel":213,"permanentEnchant":6220,"bonusIDs":[6788,1487,6646]},{"id":175862,"quality":3,"icon":"inv_glove_cloth_oribosdungeon_c_01.jpg","itemLevel":213,"bonusIDs":[6781,1487,6646]},{"id":178329,"quality":3,"icon":"inv_jewelry_ring_01.jpg","itemLevel":213,"permanentEnchant":6166,"bonusIDs":[6788,1487,6646]},{"id":178869,"quality":3,"icon":"inv_jewelry_ring_45.jpg","itemLevel":213,"permanentEnchant":6166,"bonusIDs":[7205,6652,7193,1514,6646]},{"id":184053,"quality":3,"icon":"inv_jewelry_talisman_13.jpg","itemLevel":213,"bonusIDs":[6788,1487,6646]},{"id":178298,"quality":3,"icon":"inv_misc_token_argentdawn3.jpg","itemLevel":213,"bonusIDs":[6781,1487,6646]},{"id":175851,"quality":3,"icon":"inv_cape_pandaria_b_02.jpg","itemLevel":213,"permanentEnchant":6208,"bonusIDs":[6788,1487,6646]},{"id":183435,"quality":3,"icon":"inv_knife_1h_oribosdungeon_c_02.jpg","itemLevel":213,"permanentEnchant":6229,"temporaryEnchant":6188,"bonusIDs":[6795,1507,6646]},{"id":178478,"quality":3,"icon":"inv_offhand_1h_oribosdungeon_c_01.jpg","itemLevel":213,"bonusIDs":[7150,1507,6646]},{"id":0,"quality":1,"icon":"inv_axe_02.jpg","itemLevel":0}],"auras":[{"source":3,"ability":21562,"stacks":1,"icon":"spell_holy_wordfortitude.jpg","name":"Power Word: Fortitude"},{"source":3,"ability":307166,"stacks":1,"icon":"inv_potion_132.jpg","name":"Eternal Flask"},{"source":10,"ability":207386,"stacks":1,"icon":"inv_misc_trailofflowers.jpg","name":"Spring Blossoms"}],"expansion":"shadowlands","faction":0,"specID":258,"covenantID":2,"soulbindID":8,"strength":258,"agility":374,"stamina":1767,"intellect":1540,"dodge":0,"parry":0,"block":0,"armor":337,"critMelee":234,"critRanged":234,"critSpell":234,"speed":0,"leech":0,"hasteMelee":442,"hasteRanged":442,"hasteSpell":442,"avoidance":0,"mastery":407,"versatilityDamageDone":833,"versatilityHealingDone":833,"versatilityDamageReduction":694,"talents":[{"id":193195,"icon":"ability_mage_studentofthemind.jpg"},{"id":64129,"icon":"spell_holy_symbolofhope.jpg"},{"id":109142,"icon":"spell_shadow_mindtwisting.jpg"},{"id":263716,"icon":"ability_priest_silence.jpg"},{"id":155271,"icon":"ability_priest_auspiciousspirits.jpg"},{"id":200174,"icon":"spell_shadow_soulleech_3.jpg"},{"id":341240,"icon":"spell_priest_void-flay.jpg"}],"pvpTalents":[{"id":0,"icon":"inv_axe_02.jpg"},{"id":280749,"icon":"inv_enchant_voidsphere.jpg"},{"id":228630,"icon":"ability_priest_shadowyapparition.jpg"},{"id":316262,"icon":"ability_priest_thoughtsteal01.jpg"}],"artifact":[{"traitID":1393,"rank":1,"spellID":331576,"icon":"spell_shadow_deathsembrace.jpg"},{"traitID":1397,"rank":1,"spellID":0,"icon":"inv_axe_02.jpg"},{"traitID":1398,"rank":1,"spellID":331579,"icon":"ability_rogue_dirtydeeds.jpg"},{"traitID":1401,"rank":1,"spellID":0,"icon":"inv_axe_02.jpg"},{"traitID":1404,"rank":1,"spellID":331584,"icon":"inv_tabard_duelersguild.jpg"},{"traitID":1405,"rank":1,"spellID":0,"icon":"inv_axe_02.jpg"},{"traitID":1406,"rank":1,"spellID":331586,"icon":"ability_rogue_bloodsplatter.jpg"},{"traitID":1395,"rank":1,"spellID":0,"icon":"inv_axe_02.jpg"}],"heartOfAzeroth":[{"traitID":73,"rank":155,"spellID":337762,"icon":"ability_priest_wordsofmeaning.jpg"},{"traitID":72,"rank":155,"spellID":337748,"icon":"spell_holy_restoration.jpg"},{"traitID":114,"rank":155,"spellID":338338,"icon":"spell_deathknight_gnaw_ghoul.jpg"},{"traitID":113,"rank":155,"spellID":338332,"icon":"spell_arcane_mindmastery.jpg"}]},{"timestamp":6543588,"type":"combatantinfo","pin":"0","sourceID":10,"gear":[{"id":175866,"quality":3,"icon":"inv_helm_leather_oribosdungeon_c_01.jpg","itemLevel":213,"bonusIDs":[6795,1487,6646]},{"id":178335,"quality":3,"icon":"inv_7_0raid_necklace_03a.jpg","itemLevel":213,"bonusIDs":[6788,1487,6646]},{"id":175871,"quality":3,"icon":"inv_shoulder_leather_oribosdungeon_c_01.jpg","itemLevel":213,"bonusIDs":[6781,1487,6646]},{"id":0,"quality":1,"icon":"inv_axe_02.jpg","itemLevel":0},{"id":175855,"quality":3,"icon":"inv_chest_leather_oribosdungeon_c_01.jpg","itemLevel":213,"permanentEnchant":6230,"bonusIDs":[6795,1487,6646]},{"id":175878,"quality":3,"icon":"inv_belt_leather_oribosdungeon_c_01.jpg","itemLevel":213,"bonusIDs":[6781,1487,6646]},{"id":175870,"quality":3,"icon":"inv_pant_leather_oribosdungeon_c_01.jpg","itemLevel":213,"bonusIDs":[6795,1487,6646]},{"id":175859,"quality":3,"icon":"inv_boot_leather_oribosdungeon_c_01.jpg","itemLevel":213,"permanentEnchant":6207,"bonusIDs":[6781,1487,6646]},{"id":172321,"quality":5,"icon":"inv_mail_mawraid_d_01_bracer.jpg","itemLevel":213,"permanentEnchant":6220,"bonusIDs":[6716,1487,7096,6649,6648],"effectID":339064,"effectIcon":"spell_druid_rampantgrowth.jpg"},{"id":175860,"quality":3,"icon":"inv_glove_leather_oribosdungeon_c_01.jpg","itemLevel":213,"bonusIDs":[6781,1487,6646]},{"id":178329,"quality":3,"icon":"inv_jewelry_ring_01.jpg","itemLevel":213,"permanentEnchant":6166,"bonusIDs":[6788,1487,6646]},{"id":175879,"quality":3,"icon":"inv_jewelry_ring_01.jpg","itemLevel":213,"permanentEnchant":6168,"bonusIDs":[6788,1487,6646]},{"id":175884,"quality":3,"icon":"spell_holy_championsbond.jpg","itemLevel":213,"bonusIDs":[6781,1487,6646]},{"id":178298,"quality":3,"icon":"inv_misc_token_argentdawn3.jpg","itemLevel":213,"bonusIDs":[6781,1487,6646]},{"id":178301,"quality":3,"icon":"inv_cape_pandaria_b_02.jpg","itemLevel":213,"permanentEnchant":6204,"bonusIDs":[6788,1487,6646]},{"id":178473,"quality":3,"icon":"inv_staff_2h_oribosdungeon_c_01.jpg","itemLevel":213,"permanentEnchant":6229,"bonusIDs":[6774,1507,6646]},{"id":0,"quality":1,"icon":"inv_axe_02.jpg","itemLevel":0},{"id":0,"quality":1,"icon":"inv_axe_02.jpg","itemLevel":0}],"auras":[{"source":10,"ability":308488,"stacks":1,"icon":"spell_misc_food.jpg","name":"Well Fed"},{"source":3,"ability":21562,"stacks":1,"icon":"spell_holy_wordfortitude.jpg","name":"Power Word: Fortitude"},{"source":6,"ability":1459,"stacks":1,"icon":"spell_holy_magicalsentry.jpg","name":"Arcane Intellect"},{"source":24,"ability":166646,"stacks":1,"icon":"monk_stance_whitetiger.jpg"},{"source":10,"ability":307166,"stacks":1,"icon":"inv_potion_132.jpg","name":"Eternal Flask"},{"source":10,"ability":207386,"stacks":1,"icon":"inv_misc_trailofflowers.jpg","name":"Spring Blossoms"}],"expansion":"shadowlands","faction":0,"specID":105,"covenantID":3,"soulbindID":6,"strength":195,"agility":448,"stamina":1944,"intellect":1747,"dodge":0,"parry":0,"block":0,"armor":554,"critMelee":82,"critRanged":82,"critSpell":82,"speed":0,"leech":30,"hasteMelee":573,"hasteRanged":573,"hasteSpell":573,"avoidance":0,"mastery":368,"versatilityDamageDone":1055,"versatilityHealingDone":1055,"versatilityDamageReduction":879,"talents":[{"id":207383,"icon":"ability_druid_empoweredrejuvination.jpg"},{"id":102401,"icon":"spell_druid_wildcharge.jpg"},{"id":197490,"icon":"talentspec_druid_feral_cat.jpg"},{"id":319454,"icon":"spell_holy_blessingofagility.jpg"},{"id":33891,"icon":"ability_druid_improvedtreeform.jpg"},{"id":207385,"icon":"inv_misc_trailofflowers.jpg"},{"id":197721,"icon":"spell_druid_wildburst.jpg"}],"pvpTalents":[{"id":0,"icon":"inv_axe_02.jpg"},{"id":233673,"icon":"inv_misc_herb_talandrasrose.jpg"},{"id":203553,"icon":"ability_druid_focusedgrowth.jpg"},{"id":203399,"icon":"ability_druid_empoweredtouch.jpg"}],"artifact":[{"traitID":1204,"rank":1,"spellID":325067,"icon":"inv_misc_monsterhorn_05.jpg"},{"traitID":1205,"rank":1,"spellID":325068,"icon":"ability_warrior_endlessrage.jpg"},{"traitID":1208,"rank":1,"spellID":325072,"icon":"inv_polearm_2h_heirloomspear_c_01.jpg"},{"traitID":1209,"rank":1,"spellID":0,"icon":"inv_axe_02.jpg"},{"traitID":1212,"rank":1,"spellID":0,"icon":"inv_axe_02.jpg"},{"traitID":1203,"rank":1,"spellID":325066,"icon":"ability_blackhand_marked4death.jpg"},{"traitID":1211,"rank":1,"spellID":0,"icon":"inv_axe_02.jpg"},{"traitID":1215,"rank":1,"spellID":0,"icon":"inv_axe_02.jpg"}],"heartOfAzeroth":[{"traitID":279,"rank":155,"spellID":341446,"icon":"ability_ardenweald_druid.jpg"},{"traitID":273,"rank":155,"spellID":340549,"icon":"ability_druid_flourish.jpg"},{"traitID":254,"rank":155,"spellID":340529,"icon":"spell_nature_stoneclawtotem.jpg"},{"traitID":275,"rank":155,"spellID":340621,"icon":"item_herbd.jpg"}]},{"timestamp":6543588,"type":"combatantinfo","pin":"0","sourceID":14,"gear":[{"id":175866,"quality":3,"icon":"inv_helm_leather_oribosdungeon_c_01.jpg","itemLevel":213,"bonusIDs":[6795,1487,6646]},{"id":178335,"quality":3,"icon":"inv_7_0raid_necklace_03a.jpg","itemLevel":213,"bonusIDs":[6788,1487,6646]},{"id":172319,"quality":5,"icon":"inv_shoulder_leather_mawraid_d_01.jpg","itemLevel":213,"bonusIDs":[6716,1487,7077,6650,6649],"effectID":337288,"effectIcon":"achievement_brewery_2.jpg"},{"id":0,"quality":1,"icon":"inv_axe_02.jpg","itemLevel":0},{"id":175855,"quality":3,"icon":"inv_chest_leather_oribosdungeon_c_01.jpg","itemLevel":213,"permanentEnchant":6230,"temporaryEnchant":6225,"bonusIDs":[6795,1487,6646]},{"id":175878,"quality":3,"icon":"inv_belt_leather_oribosdungeon_c_01.jpg","itemLevel":213,"bonusIDs":[6781,1487,6646]},{"id":175870,"quality":3,"icon":"inv_pant_leather_oribosdungeon_c_01.jpg","itemLevel":213,"temporaryEnchant":6225,"bonusIDs":[6795,1487,6646]},{"id":175859,"quality":3,"icon":"inv_boot_leather_oribosdungeon_c_01.jpg","itemLevel":213,"permanentEnchant":6211,"temporaryEnchant":6225,"bonusIDs":[6781,1487,6646]},{"id":175883,"quality":3,"icon":"inv_bracer_leather_oribosdungeon_c_01.jpg","itemLevel":213,"permanentEnchant":6222,"bonusIDs":[6788,1487,6646]},{"id":175860,"quality":3,"icon":"inv_glove_leather_oribosdungeon_c_01.jpg","itemLevel":213,"permanentEnchant":6205,"temporaryEnchant":6225,"bonusIDs":[6781,1487,6646]},{"id":178293,"quality":3,"icon":"inv_jewelry_ring_01.jpg","itemLevel":213,"permanentEnchant":6170,"bonusIDs":[6788,1487,6646]},{"id":178329,"quality":3,"icon":"inv_jewelry_ring_01.jpg","itemLevel":213,"permanentEnchant":6170,"bonusIDs":[6788,1487,6646]},{"id":178298,"quality":3,"icon":"inv_misc_token_argentdawn3.jpg","itemLevel":213,"bonusIDs":[6781,1487,6646]},{"id":175884,"quality":3,"icon":"spell_holy_championsbond.jpg","itemLevel":213,"bonusIDs":[6781,1487,6646]},{"id":178301,"quality":3,"icon":"inv_cape_pandaria_b_02.jpg","itemLevel":213,"permanentEnchant":6208,"bonusIDs":[6788,1487,6646]},{"id":183433,"quality":3,"icon":"inv_mace_1h_oribosdungeon_c_02.jpg","itemLevel":213,"permanentEnchant":6229,"temporaryEnchant":6190,"bonusIDs":[7157,1507,6646]},{"id":183433,"quality":3,"icon":"inv_mace_1h_oribosdungeon_c_02.jpg","itemLevel":213,"permanentEnchant":6227,"temporaryEnchant":6188,"bonusIDs":[7157,1507,6646]},{"id":0,"quality":1,"icon":"inv_axe_02.jpg","itemLevel":0}],"auras":[{"source":10,"ability":774,"stacks":1,"icon":"spell_nature_rejuvenation.jpg","name":"Rejuvenation"},{"source":10,"ability":207386,"stacks":1,"icon":"inv_misc_trailofflowers.jpg","name":"Spring Blossoms"},{"source":16,"ability":61295,"stacks":1,"icon":"spell_nature_riptide.jpg","name":"Riptide"},{"source":13,"ability":53563,"stacks":1,"icon":"ability_paladin_beaconoflight.jpg","name":"Beacon of Light"},{"source":10,"ability":33763,"stacks":1,"icon":"inv_misc_herb_felblossom.jpg","name":"Lifebloom"},{"source":3,"ability":21562,"stacks":1,"icon":"spell_holy_wordfortitude.jpg","name":"Power Word: Fortitude"},{"source":24,"ability":166646,"stacks":1,"icon":"monk_stance_whitetiger.jpg"},{"source":25,"ability":34477,"stacks":1,"icon":"ability_hunter_misdirection.jpg","name":"Misdirection"},{"source":14,"ability":307166,"stacks":1,"icon":"inv_potion_132.jpg","name":"Eternal Flask"}],"expansion":"shadowlands","faction":0,"specID":268,"covenantID":4,"soulbindID":10,"strength":194,"agility":1151,"stamina":2687,"intellect":447,"dodge":0,"parry":0,"block":0,"armor":692,"critMelee":159,"critRanged":159,"critSpell":159,"speed":0,"leech":0,"hasteMelee":393,"hasteRanged":393,"hasteSpell":393,"avoidance":0,"mastery":371,"versatilityDamageDone":1130,"versatilityHealingDone":1130,"versatilityDamageReduction":942,"talents":[{"id":196607,"icon":"ability_druid_primalprecision.jpg"},{"id":115008,"icon":"ability_monk_quitornado.jpg"},{"id":325093,"icon":"spell_brew_wheat.jpg"},{"id":115315,"icon":"monk_ability_summonoxstatue.jpg"},{"id":280515,"icon":"ability_creature_cursed_04.jpg"},{"id":116847,"icon":"ability_monk_rushingjadewind.jpg"},{"id":196737,"icon":"monk_ability_avertharm.jpg"}],"pvpTalents":[{"id":0,"icon":"inv_axe_02.jpg"},{"id":202126,"icon":"spell_brew_dark.jpg"},{"id":202107,"icon":"ability_monk_fortifyingale_new.jpg"},{"id":202200,"icon":"ability_monk_zenmeditation.jpg"}],"artifact":[{"traitID":1265,"rank":1,"spellID":0,"icon":"inv_axe_02.jpg"},{"traitID":1277,"rank":1,"spellID":326572,"icon":"inv_misc_enchantedpearla.jpg"},{"traitID":1263,"rank":1,"spellID":0,"icon":"inv_axe_02.jpg"},{"traitID":1271,"rank":1,"spellID":326513,"icon":"inv_misc_coinbag14.jpg"},{"traitID":1267,"rank":1,"spellID":326507,"icon":"inv_cooking_80_brinyflesh.jpg"},{"traitID":1272,"rank":1,"spellID":326514,"icon":"garrison_greenarmor.jpg"},{"traitID":1274,"rank":1,"spellID":0,"icon":"inv_axe_02.jpg"},{"traitID":1276,"rank":1,"spellID":0,"icon":"inv_axe_02.jpg"}],"heartOfAzeroth":[{"traitID":60,"rank":155,"spellID":337295,"icon":"spell_animamaldraxxus_nova.jpg"},{"traitID":15,"rank":155,"spellID":336379,"icon":"ability_monk_chiswirl.jpg"},{"traitID":47,"rank":155,"spellID":337134,"icon":"achievement_brewery_2.jpg"},{"traitID":46,"rank":155,"spellID":337119,"icon":"spell_brew_bolt_dark.jpg"}]},{"timestamp":6543588,"type":"combatantinfo","pin":"0","sourceID":12,"gear":[{"id":54476,"quality":2,"icon":"inv_helmet_cloth_cataclysm_b_01.jpg","itemLevel":213,"bonusIDs":[6845,7179]},{"id":177165,"quality":3,"icon":"inv_misc_necklace_shell07.jpg","itemLevel":213,"bonusIDs":[6938]},{"id":54474,"quality":2,"icon":"inv_shoulder_cloth_cataclysm_b_01.jpg","itemLevel":213,"bonusIDs":[6849,7179]},{"id":0,"quality":1,"icon":"inv_axe_02.jpg","itemLevel":0},{"id":54486,"quality":2,"icon":"inv_chest_cloth_cataclysm_b_01.jpg","itemLevel":213,"permanentEnchant":6230,"temporaryEnchant":6225,"bonusIDs":[6856,7179]},{"id":54471,"quality":2,"icon":"inv_belt_cloth_cataclysm_b_01.jpg","itemLevel":213,"bonusIDs":[6848,7179]},{"id":54483,"quality":2,"icon":"inv_pants_cloth_cataclysm_b_01.jpg","itemLevel":213,"temporaryEnchant":6225,"bonusIDs":[6862,7179]},{"id":180102,"quality":3,"icon":"inv_boot_cloth_oribosdungeon_c_01.jpg","itemLevel":213,"permanentEnchant":6207,"temporaryEnchant":6225,"bonusIDs":[6809,6652,1521,6646]},{"id":177098,"quality":3,"icon":"ivn_bracer_cloth_warfrontshorde_d_01.jpg","itemLevel":213,"permanentEnchant":6220,"bonusIDs":[6938]},{"id":175862,"quality":3,"icon":"inv_glove_cloth_oribosdungeon_c_01.jpg","itemLevel":213,"temporaryEnchant":6225,"bonusIDs":[6786,1455,6616]},{"id":178926,"quality":5,"icon":"inv_jewelcrafting_90_maxlvlring_red.jpg","itemLevel":213,"permanentEnchant":6166,"bonusIDs":[6716,1487,6980,6649,6647],"effectID":336067,"effectIcon":"spell_holy_spiritualguidence.jpg"},{"id":177167,"quality":3,"icon":"inv_70_dungeon_ring4a.jpg","itemLevel":213,"permanentEnchant":6166,"bonusIDs":[6938,1765]},{"id":177155,"quality":3,"icon":"inv_misc_rune_02.jpg","itemLevel":213,"bonusIDs":[6938,604]},{"id":178298,"quality":3,"icon":"inv_misc_token_argentdawn3.jpg","itemLevel":213,"bonusIDs":[6786,1455,6616]},{"id":163358,"quality":3,"icon":"ivn_cape_cloth_warfrontshorde_d_01.jpg","itemLevel":213,"permanentEnchant":6204,"bonusIDs":[6938]},{"id":177119,"quality":3,"icon":"inv_staff_2h_warfrontshorde_c_01.jpg","itemLevel":213,"permanentEnchant":6229,"temporaryEnchant":6190,"bonusIDs":[6938]},{"id":0,"quality":1,"icon":"inv_axe_02.jpg","itemLevel":0},{"id":0,"quality":1,"icon":"inv_axe_02.jpg","itemLevel":0}],"auras":[{"source":16,"ability":61295,"stacks":1,"icon":"spell_nature_riptide.jpg","name":"Riptide"},{"source":12,"ability":308488,"stacks":1,"icon":"spell_misc_food.jpg","name":"Well Fed"},{"source":24,"ability":166646,"stacks":1,"icon":"monk_stance_whitetiger.jpg"},{"source":6,"ability":1459,"stacks":1,"icon":"spell_holy_magicalsentry.jpg","name":"Arcane Intellect"},{"source":3,"ability":21562,"stacks":1,"icon":"spell_holy_wordfortitude.jpg","name":"Power Word: Fortitude"},{"source":12,"ability":307185,"stacks":1,"icon":"inv_alchemy_80_flask01green.jpg","name":"Spectral Flask of Power"}],"expansion":"shadowlands","faction":0,"specID":256,"covenantID":2,"soulbindID":3,"strength":262,"agility":375,"stamina":1958,"intellect":1622,"dodge":0,"parry":0,"block":0,"armor":337,"critMelee":628,"critRanged":628,"critSpell":628,"speed":0,"leech":30,"hasteMelee":1039,"hasteRanged":1039,"hasteSpell":1039,"avoidance":0,"mastery":100,"versatilityDamageDone":145,"versatilityHealingDone":145,"versatilityDamageReduction":145,"talents":[{"id":214621,"icon":"spell_warlock_focusshadow.jpg"},{"id":121536,"icon":"ability_priest_angelicfeather.jpg"},{"id":129250,"icon":"ability_priest_flashoflight.jpg"},{"id":204263,"icon":"ability_paladin_blindinglight2.jpg"},{"id":280391,"icon":"spell_holy_holyguidance.jpg"},{"id":204197,"icon":"ability_mage_firestarter.jpg"},{"id":246287,"icon":"spell_holy_divineillumination.jpg"}],"pvpTalents":[{"id":0,"icon":"inv_axe_02.jpg"},{"id":196162,"icon":"spell_holy_dispelmagic.jpg"},{"id":196439,"icon":"spell_holy_devineaegis.jpg"},{"id":214205,"icon":"spell_priest_burningwill.jpg"}],"artifact":[{"traitID":1424,"rank":1,"spellID":319978,"icon":"ability_garrosh_touch_of_yshaarj.jpg"},{"traitID":1423,"rank":1,"spellID":0,"icon":"inv_axe_02.jpg"},{"traitID":997,"rank":1,"spellID":0,"icon":"inv_axe_02.jpg"},{"traitID":999,"rank":1,"spellID":332754,"icon":"achievement_bg_killxenemies_generalsroom.jpg"},{"traitID":1001,"rank":1,"spellID":0,"icon":"inv_axe_02.jpg"},{"traitID":1005,"rank":1,"spellID":0,"icon":"inv_axe_02.jpg"},{"traitID":1419,"rank":1,"spellID":332755,"icon":"inv_chest_mail_revendreth_d_01.jpg"},{"traitID":1426,"rank":1,"spellID":340159,"icon":"inv_misc_reforgedarchstone_01.jpg"}],"heartOfAzeroth":[{"traitID":77,"rank":155,"spellID":337790,"icon":"spell_holy_spiritualguidence.jpg"},{"traitID":71,"rank":155,"spellID":337715,"icon":"ability_priest_clarityofwill.jpg"},{"traitID":75,"rank":155,"spellID":337778,"icon":"ability_priest_spiritoftheredeemer.jpg"},{"traitID":105,"rank":155,"spellID":338315,"icon":"spell_animarevendreth_debuff.jpg"}]},{"timestamp":6543588,"type":"combatantinfo","pin":"0","sourceID":16,"gear":[{"id":175865,"quality":3,"icon":"inv_helm_mail_oribosdungeon_c_01.jpg","itemLevel":213,"bonusIDs":[6795,1487,6646]},{"id":178299,"quality":3,"icon":"inv_7_0raid_necklace_03a.jpg","itemLevel":213,"bonusIDs":[6788,1487,6646]},{"id":175874,"quality":3,"icon":"inv_shoulder_mail_oribosdungeon_c_01.jpg","itemLevel":213,"bonusIDs":[6781,1487,6646]},{"id":0,"quality":1,"icon":"inv_axe_02.jpg","itemLevel":0},{"id":175854,"quality":3,"icon":"inv_chest_mail_oribosdungeon_c_01.jpg","itemLevel":213,"permanentEnchant":6217,"bonusIDs":[6795,1487,6646]},{"id":175877,"quality":3,"icon":"inv_belt_mail_oribosdungeon_c_01.jpg","itemLevel":213,"bonusIDs":[6781,1487,6646]},{"id":175869,"quality":3,"icon":"inv_pant_mail_oribosdungeon_c_01.jpg","itemLevel":213,"bonusIDs":[6795,1487,6646]},{"id":181189,"quality":3,"icon":"inv_boot_mail_oribosdungeon_c_01.jpg","itemLevel":213,"permanentEnchant":6211,"bonusIDs":[6652,1516,5897,6646]},{"id":175882,"quality":3,"icon":"inv_bracer_mail_oribosdungeon_c_01.jpg","itemLevel":213,"permanentEnchant":6220,"bonusIDs":[6788,1487,6646]},{"id":172324,"quality":5,"icon":"inv_mail_mawraid_d_01_glove.jpg","itemLevel":213,"bonusIDs":[6716,1487,6999,6647,6648],"effectID":335889,"effectIcon":"inv_axe_02.jpg"},{"id":181702,"quality":3,"icon":"inv_ring_bastion_01_silver.jpg","itemLevel":213,"permanentEnchant":6168,"bonusIDs":[7194,1479,5894,6646]},{"id":178871,"quality":3,"icon":"inv_ring_maldraxxus_01_red.jpg","itemLevel":213,"permanentEnchant":6164,"bonusIDs":[7203,41,7194,1511,6646]},{"id":178298,"quality":3,"icon":"inv_misc_token_argentdawn3.jpg","itemLevel":213,"bonusIDs":[6781,1487,6646]},{"id":184052,"quality":3,"icon":"ability_pvp_gladiatormedallion.jpg","itemLevel":213,"bonusIDs":[6788,1487,6646]},{"id":178755,"quality":3,"icon":"inv_cape_pandaria_b_02.jpg","itemLevel":213,"permanentEnchant":6204,"bonusIDs":[7203,6652,1511,6646]},{"id":183435,"quality":3,"icon":"inv_knife_1h_oribosdungeon_c_02.jpg","itemLevel":213,"permanentEnchant":6229,"temporaryEnchant":6190,"bonusIDs":[6795,1507,6646]},{"id":178490,"quality":3,"icon":"inv_shield_1h_oribosdungeon_c_01.jpg","itemLevel":213,"bonusIDs":[7150,1507,6646]},{"id":0,"quality":1,"icon":"inv_axe_02.jpg","itemLevel":0}],"auras":[{"source":16,"ability":308434,"stacks":1,"icon":"spell_misc_food.jpg","name":"Well Fed"},{"source":6,"ability":1459,"stacks":1,"icon":"spell_holy_magicalsentry.jpg","name":"Arcane Intellect"},{"source":24,"ability":166646,"stacks":1,"icon":"monk_stance_whitetiger.jpg"},{"source":3,"ability":21562,"stacks":1,"icon":"spell_holy_wordfortitude.jpg","name":"Power Word: Fortitude"},{"source":16,"ability":307185,"stacks":1,"icon":"inv_alchemy_80_flask01green.jpg","name":"Spectral Flask of Power"}],"expansion":"shadowlands","faction":0,"specID":264,"covenantID":2,"strength":195,"agility":448,"stamina":1834,"intellect":1601,"dodge":0,"parry":0,"block":0,"armor":1405,"critMelee":555,"critRanged":555,"critSpell":555,"speed":0,"leech":63,"hasteMelee":378,"hasteRanged":378,"hasteSpell":378,"avoidance":0,"mastery":221,"versatilityDamageDone":779,"versatilityHealingDone":779,"versatilityDamageReduction":649,"talents":[{"id":200072,"icon":"spell_nature_riptide.jpg"},{"id":108283,"icon":"ability_shaman_echooftheelements.jpg"},{"id":260878,"icon":"spell_hunter_lonewolf.jpg"},{"id":207399,"icon":"spell_nature_reincarnation.jpg"},{"id":30884,"icon":"spell_nature_natureguardian.jpg"},{"id":157153,"icon":"ability_shaman_condensationtotem.jpg"},{"id":114052,"icon":"spell_fire_elementaldevastation.jpg"}],"pvpTalents":[{"id":0,"icon":"inv_axe_02.jpg"},{"id":236501,"icon":"spell_nature_healingwavegreater.jpg"},{"id":204331,"icon":"spell_nature_wrathofair_totem.jpg"},{"id":204264,"icon":"spell_shaman_tidalwaves.jpg"}],"artifact":[],"heartOfAzeroth":[]},{"timestamp":6543588,"type":"combatantinfo","pin":"0","sourceID":13,"gear":[{"id":175850,"quality":3,"icon":"inv_plate_oribosdungeon_c_01_helm.jpg","itemLevel":213,"bonusIDs":[6800,1455,6616,6270]},{"id":177165,"quality":3,"icon":"inv_misc_necklace_shell07.jpg","itemLevel":213,"bonusIDs":[6938]},{"id":163454,"quality":3,"icon":"inv_plate_shoulder_warfrontshorde_b_01.jpg","itemLevel":213,"bonusIDs":[6938]},{"id":0,"quality":1,"icon":"inv_axe_02.jpg","itemLevel":0},{"id":163281,"quality":3,"icon":"inv_plate_chest_warfrontshorde_b_01.jpg","itemLevel":213,"permanentEnchant":6217,"bonusIDs":[6938]},{"id":163462,"quality":3,"icon":"inv_plate_belt_warfrontshorde_b_01.jpg","itemLevel":213,"bonusIDs":[6938]},{"id":177110,"quality":3,"icon":"inv_plate_pants_warfrontshorde_b_01.jpg","itemLevel":213,"temporaryEnchant":6225,"bonusIDs":[6938]},{"id":171413,"quality":5,"icon":"inv_boot_plate_mawraidmythic_d_01.jpg","itemLevel":213,"bonusIDs":[6716,1487,7058,6649,6647],"effectID":337777,"effectIcon":"spell_lfieblood.jpg"},{"id":177099,"quality":3,"icon":"inv_plate_bracer_warfrontshorde_d_01.jpg","itemLevel":213,"permanentEnchant":6220,"bonusIDs":[6938]},{"id":174292,"quality":3,"icon":"inv_glove_plate_bastion_d_01.jpg","itemLevel":213,"permanentEnchant":6210,"temporaryEnchant":6225},{"id":175879,"quality":3,"icon":"inv_jewelry_ring_01.jpg","itemLevel":213,"permanentEnchant":6166,"bonusIDs":[6793,1455,6616]},{"id":178824,"quality":3,"icon":"inv_jewelry_ring_01.jpg","itemLevel":213,"permanentEnchant":6166,"bonusIDs":[6807,1500,6646]},{"id":158154,"quality":3,"icon":"inv_tikiman2_zandalar.jpg","itemLevel":213,"bonusIDs":[4803,6513,1494,4785]},{"id":184054,"quality":3,"icon":"sha_ability_rogue_sturdyrecuperate.jpg","itemLevel":213,"bonusIDs":[6793,1455,6616]},{"id":174297,"quality":3,"icon":"inv_cape_plate_bastion_d_01.jpg","itemLevel":213,"permanentEnchant":6204},{"id":178670,"quality":3,"icon":"inv_1h_oribosdungeon_c_01.jpg","itemLevel":213,"permanentEnchant":6226,"bonusIDs":[7152,1475,6616]},{"id":177122,"quality":3,"icon":"inv_shield_1h_warfrontshorde_c_01.jpg","itemLevel":213,"bonusIDs":[6938]},{"id":0,"quality":1,"icon":"inv_axe_02.jpg","itemLevel":0}],"auras":[{"source":3,"ability":21562,"stacks":1,"icon":"spell_holy_wordfortitude.jpg","name":"Power Word: Fortitude"},{"source":6,"ability":1459,"stacks":1,"icon":"spell_holy_magicalsentry.jpg","name":"Arcane Intellect"},{"source":13,"ability":307185,"stacks":1,"icon":"inv_alchemy_80_flask01green.jpg","name":"Spectral Flask of Power"},{"source":24,"ability":166646,"stacks":1,"icon":"monk_stance_whitetiger.jpg"}],"expansion":"shadowlands","faction":0,"specID":65,"covenantID":1,"soulbindID":7,"strength":447,"agility":158,"stamina":1913,"intellect":1642,"dodge":0,"parry":0,"block":0,"armor":1791,"critMelee":377,"critRanged":377,"critSpell":377,"speed":0,"leech":30,"hasteMelee":729,"hasteRanged":729,"hasteSpell":729,"avoidance":0,"mastery":332,"versatilityDamageDone":238,"versatilityHealingDone":238,"versatilityDamageReduction":238,"talents":[{"id":223306,"icon":"ability_paladin_blessedmending.jpg"},{"id":183778,"icon":"spell_holy_divineprovidence.jpg"},{"id":234299,"icon":"spell_holy_fistofjustice.jpg"},{"id":214202,"icon":"ability_paladin_longarmofthelaw.jpg"},{"id":223817,"icon":"spell_holy_divinepurpose.jpg"},{"id":53376,"icon":"ability_paladin_judgementsofthejust.jpg"},{"id":156910,"icon":"ability_paladin_beaconsoflight.jpg"}],"pvpTalents":[{"id":0,"icon":"inv_axe_02.jpg"},{"id":199441,"icon":"ability_paladin_holyavenger.jpg"},{"id":199452,"icon":"spell_holy_sealofsacrifice.jpg"},{"id":210378,"icon":"spell_paladin_lightofdawn.jpg"}],"artifact":[{"traitID":1308,"rank":1,"spellID":328261,"icon":"spell_arcane_focusedpower.jpg"},{"traitID":1312,"rank":1,"spellID":0,"icon":"inv_axe_02.jpg"},{"traitID":1316,"rank":1,"spellID":328266,"icon":"spell_animabastion_buff.jpg"},{"traitID":1311,"rank":1,"spellID":0,"icon":"inv_axe_02.jpg"},{"traitID":1303,"rank":1,"spellID":328257,"icon":"ability_hunter_readiness.jpg"},{"traitID":1305,"rank":1,"spellID":0,"icon":"inv_axe_02.jpg"},{"traitID":1315,"rank":1,"spellID":0,"icon":"inv_axe_02.jpg"},{"traitID":1310,"rank":1,"spellID":328263,"icon":"inv_misc_bag_14.jpg"}],"heartOfAzeroth":[{"traitID":129,"rank":155,"spellID":338741,"icon":"ability_racial_holyresistance.jpg"},{"traitID":216,"rank":155,"spellID":340218,"icon":"spell_animabastion_orb.jpg"},{"traitID":194,"rank":155,"spellID":339987,"icon":"achievement_admiral_of_the_light.jpg"},{"traitID":193,"rank":155,"spellID":339984,"icon":"item_holyspark.jpg"}]},{"timestamp":6543588,"type":"combatantinfo","pin":"0","sourceID":17,"gear":[{"id":178691,"quality":3,"icon":"inv_helm_leather_oribosdungeon_c_01.jpg","itemLevel":213,"bonusIDs":[7209,6652,7193,1524,6646]},{"id":183040,"quality":4,"icon":"inv_7_0raid_necklace_03a.jpg","itemLevel":213,"bonusIDs":[7188,6652,7193,1498,6646]},{"id":178763,"quality":3,"icon":"inv_shoulder_leather_oribosdungeon_c_01.jpg","itemLevel":213,"bonusIDs":[7207,6652,1517,6646]},{"id":45037,"quality":4,"icon":"inv_shirt_purple_01.jpg","itemLevel":1},{"id":181402,"quality":3,"icon":"inv_chest_oribosquesting_b_01.jpg","itemLevel":213,"permanentEnchant":6230,"temporaryEnchant":6225,"bonusIDs":[6652,1564,5878,6646]},{"id":181587,"quality":3,"icon":"inv_belt_leather_oribosdungeon_c_01.jpg","itemLevel":213,"bonusIDs":[6652,7193,1479,5894,6646]},{"id":180108,"quality":3,"icon":"inv_pant_leather_oribosdungeon_c_01.jpg","itemLevel":213,"temporaryEnchant":6225,"bonusIDs":[7211,6652,1524,6646]},{"id":181578,"quality":3,"icon":"inv_boot_leather_oribosdungeon_c_01.jpg","itemLevel":213,"permanentEnchant":6207,"temporaryEnchant":6225,"bonusIDs":[43,1479,5894,6646]},{"id":172321,"quality":5,"icon":"inv_mail_mawraid_d_01_bracer.jpg","itemLevel":213,"permanentEnchant":6220,"bonusIDs":[6716,1487,7096,6649,6648],"effectID":339064,"effectIcon":"spell_druid_rampantgrowth.jpg"},{"id":181407,"quality":3,"icon":"inv_glove_oribosquesting_b_01.jpg","itemLevel":213,"temporaryEnchant":6225,"bonusIDs":[6652,1564,5878,6646]},{"id":178869,"quality":3,"icon":"inv_jewelry_ring_45.jpg","itemLevel":213,"permanentEnchant":6166,"bonusIDs":[6808,6652,7193,1511,6646]},{"id":178781,"quality":3,"icon":"inv_jewelry_ring_01.jpg","itemLevel":213,"permanentEnchant":6168,"bonusIDs":[7205,6652,6935,1512,6646],"gems":[{"id":173128,"itemLevel":120,"icon":"inv_jewelcrafting_90_rarecut_yellow.jpg"}]},{"id":178826,"quality":3,"icon":"inv_jewelcrafting_nightseye_01.jpg","itemLevel":213,"bonusIDs":[7214,6652,1527,6646]},{"id":178708,"quality":1,"icon":"inv_axe_02.jpg","itemLevel":213,"bonusIDs":[6809,6652,1511,6646,6917]},{"id":178851,"quality":3,"icon":"inv_cape_plate_nazjatarraidmythic_d_01.jpg","itemLevel":213,"permanentEnchant":6204,"bonusIDs":[6808,6652,1521,6646]},{"id":178829,"quality":3,"icon":"inv_staff_2h_oribosdungeon_c_01.jpg","itemLevel":213,"permanentEnchant":6229,"bonusIDs":[7209,6652,1524,6646]},{"id":0,"quality":1,"icon":"inv_axe_02.jpg","itemLevel":0},{"id":40643,"quality":4,"icon":"inv_chest_cloth_30.jpg","itemLevel":1}],"auras":[{"source":3,"ability":21562,"stacks":1,"icon":"spell_holy_wordfortitude.jpg","name":"Power Word: Fortitude"},{"source":6,"ability":1459,"stacks":1,"icon":"spell_holy_magicalsentry.jpg","name":"Arcane Intellect"},{"source":10,"ability":207386,"stacks":1,"icon":"inv_misc_trailofflowers.jpg","name":"Spring Blossoms"},{"source":17,"ability":307166,"stacks":1,"icon":"inv_potion_132.jpg","name":"Eternal Flask"}],"expansion":"shadowlands","faction":0,"specID":105,"covenantID":3,"soulbindID":6,"strength":195,"agility":448,"stamina":2035,"intellect":1690,"dodge":0,"parry":0,"block":0,"armor":554,"critMelee":308,"critRanged":308,"critSpell":308,"speed":0,"leech":30,"hasteMelee":582,"hasteRanged":582,"hasteSpell":582,"avoidance":0,"mastery":514,"versatilityDamageDone":291,"versatilityHealingDone":291,"versatilityDamageReduction":291,"talents":[{"id":207383,"icon":"ability_druid_empoweredrejuvination.jpg"},{"id":102401,"icon":"spell_druid_wildcharge.jpg"},{"id":197490,"icon":"talentspec_druid_feral_cat.jpg"},{"id":319454,"icon":"spell_holy_blessingofagility.jpg"},{"id":33891,"icon":"ability_druid_improvedtreeform.jpg"},{"id":207385,"icon":"inv_misc_trailofflowers.jpg"},{"id":197721,"icon":"spell_druid_wildburst.jpg"}],"pvpTalents":[{"id":0,"icon":"inv_axe_02.jpg"},{"id":203553,"icon":"ability_druid_focusedgrowth.jpg"},{"id":289237,"icon":"ability_druid_mastershapeshifter.jpg"},{"id":203399,"icon":"ability_druid_empoweredtouch.jpg"}],"artifact":[{"traitID":1203,"rank":1,"spellID":325066,"icon":"ability_blackhand_marked4death.jpg"},{"traitID":1205,"rank":1,"spellID":325068,"icon":"ability_warrior_endlessrage.jpg"},{"traitID":1212,"rank":1,"spellID":0,"icon":"inv_axe_02.jpg"},{"traitID":1215,"rank":1,"spellID":0,"icon":"inv_axe_02.jpg"},{"traitID":1204,"rank":1,"spellID":325067,"icon":"inv_misc_monsterhorn_05.jpg"},{"traitID":1209,"rank":1,"spellID":0,"icon":"inv_axe_02.jpg"},{"traitID":1211,"rank":1,"spellID":0,"icon":"inv_axe_02.jpg"},{"traitID":1216,"rank":1,"spellID":325073,"icon":"inv_misc_foot_centaur.jpg"}],"heartOfAzeroth":[{"traitID":273,"rank":155,"spellID":340549,"icon":"ability_druid_flourish.jpg"},{"traitID":275,"rank":155,"spellID":340621,"icon":"item_herbd.jpg"},{"traitID":279,"rank":155,"spellID":341446,"icon":"ability_ardenweald_druid.jpg"},{"traitID":254,"rank":155,"spellID":340529,"icon":"spell_nature_stoneclawtotem.jpg"}]},{"timestamp":6543588,"type":"combatantinfo","pin":"0","sourceID":11,"gear":[{"id":175864,"quality":3,"icon":"inv_helm_cloth_oribosdungeon_c_01.jpg","itemLevel":213,"bonusIDs":[6795,1487,6646]},{"id":175885,"quality":3,"icon":"inv_7_0raid_necklace_03a.jpg","itemLevel":213,"bonusIDs":[6788,1487,6646]},{"id":178740,"quality":3,"icon":"inv_shoulder_cloth_oribosdungeon_c_01.jpg","itemLevel":213,"bonusIDs":[7205,6652,1512,6646]},{"id":0,"quality":1,"icon":"inv_axe_02.jpg","itemLevel":0},{"id":179335,"quality":3,"icon":"inv_robe_cloth_oribosdungeon_c_01.jpg","itemLevel":213,"permanentEnchant":6230,"temporaryEnchant":6225,"bonusIDs":[7204,6652,1511,6646]},{"id":178822,"quality":3,"icon":"inv_belt_cloth_oribosdungeon_c_01.jpg","itemLevel":213,"bonusIDs":[7212,6652,7194,1524,6646]},{"id":175868,"quality":3,"icon":"inv_pant_cloth_oribosdungeon_c_01.jpg","itemLevel":213,"temporaryEnchant":6225,"bonusIDs":[6795,1487,6646]},{"id":175857,"quality":3,"icon":"inv_boot_cloth_oribosdungeon_c_01.jpg","itemLevel":213,"permanentEnchant":6207,"temporaryEnchant":6225,"bonusIDs":[6781,1487,6646]},{"id":181576,"quality":3,"icon":"inv_bracer_cloth_oribosdungeon_c_01.jpg","itemLevel":213,"permanentEnchant":6220,"bonusIDs":[6652,7193,1505,5878,6646]},{"id":173244,"quality":5,"icon":"inv_cloth_mawraid_d_01_glove.jpg","itemLevel":213,"temporaryEnchant":6225,"bonusIDs":[6716,1487,6829,6649,6647],"effectID":327364,"effectIcon":"spell_shadow_soulleech_2.jpg"},{"id":178293,"quality":3,"icon":"inv_jewelry_ring_01.jpg","itemLevel":213,"permanentEnchant":6164,"bonusIDs":[6788,1487,6646]},{"id":178824,"quality":3,"icon":"inv_jewelry_ring_01.jpg","itemLevel":213,"permanentEnchant":6164,"bonusIDs":[7204,6652,7194,1511,6646]},{"id":178298,"quality":3,"icon":"inv_misc_token_argentdawn3.jpg","itemLevel":213,"bonusIDs":[6781,1487,6646]},{"id":180117,"quality":3,"icon":"spell_animabastion_orb.jpg","itemLevel":213,"bonusIDs":[7203,6652,1511,6646]},{"id":175851,"quality":3,"icon":"inv_cape_pandaria_b_02.jpg","itemLevel":213,"permanentEnchant":6203,"bonusIDs":[6788,1487,6646]},{"id":183435,"quality":3,"icon":"inv_knife_1h_oribosdungeon_c_02.jpg","itemLevel":213,"permanentEnchant":6229,"temporaryEnchant":6188,"bonusIDs":[6795,1507,6646]},{"id":178828,"quality":3,"icon":"inv_offhand_1h_oribosdungeon_c_01.jpg","itemLevel":213,"bonusIDs":[7206,6652,1517,6646]},{"id":0,"quality":1,"icon":"inv_axe_02.jpg","itemLevel":0}],"auras":[{"source":3,"ability":21562,"stacks":1,"icon":"spell_holy_wordfortitude.jpg","name":"Power Word: Fortitude"},{"source":11,"ability":308434,"stacks":1,"icon":"spell_misc_food.jpg","name":"Well Fed"},{"source":6,"ability":1459,"stacks":1,"icon":"spell_holy_magicalsentry.jpg","name":"Arcane Intellect"},{"source":10,"ability":207386,"stacks":1,"icon":"inv_misc_trailofflowers.jpg","name":"Spring Blossoms"},{"source":11,"ability":307166,"stacks":1,"icon":"inv_potion_132.jpg","name":"Eternal Flask"},{"source":11,"ability":327364,"stacks":1,"icon":"spell_shadow_soulleech_2.jpg"},{"source":11,"ability":278309,"stacks":1,"icon":"spell_frost_frostblast.jpg"}],"expansion":"shadowlands","faction":0,"specID":64,"covenantID":4,"soulbindID":4,"strength":199,"agility":308,"stamina":1958,"intellect":1535,"dodge":0,"parry":0,"block":0,"armor":337,"critMelee":509,"critRanged":509,"critSpell":509,"speed":0,"leech":0,"hasteMelee":404,"hasteRanged":404,"hasteSpell":404,"avoidance":30,"mastery":298,"versatilityDamageDone":687,"versatilityHealingDone":687,"versatilityDamageReduction":687,"talents":[{"id":205024,"icon":"achievement_dungeon_frozenthrone.jpg"},{"id":212653,"icon":"spell_arcane_massdispel.jpg"},{"id":116011,"icon":"spell_mage_runeofpower.jpg"},{"id":278309,"icon":"spell_frost_frostblast.jpg"},{"id":235224,"icon":"ability_mage_deepfreeze.jpg"},{"id":56377,"icon":"spell_frost_ice-shards.jpg"},{"id":155149,"icon":"spell_mage_thermalvoid.jpg"}],"pvpTalents":[{"id":0,"icon":"inv_axe_02.jpg"},{"id":236788,"icon":"spell_arcane_rune.jpg"},{"id":198100,"icon":"spell_arcane_arcane02.jpg"},{"id":198126,"icon":"ability_mage_chilledtothebone.jpg"}],"artifact":[{"traitID":1122,"rank":1,"spellID":0,"icon":"inv_axe_02.jpg"},{"traitID":1126,"rank":1,"spellID":323091,"icon":"inv_maldraxxusslime_green.jpg"},{"traitID":1129,"rank":1,"spellID":323079,"icon":"inv_maldraxxusslime_purple.jpg"},{"traitID":1133,"rank":1,"spellID":0,"icon":"inv_axe_02.jpg"},{"traitID":1135,"rank":1,"spellID":0,"icon":"inv_axe_02.jpg"},{"traitID":1136,"rank":1,"spellID":323095,"icon":"spell_shadow_zdemonformgreen.jpg"},{"traitID":1124,"rank":1,"spellID":323074,"icon":"inv_misc_food_legion_gooslime_pool.jpg"},{"traitID":1128,"rank":1,"spellID":0,"icon":"inv_axe_02.jpg"}],"heartOfAzeroth":[{"traitID":21,"rank":155,"spellID":336569,"icon":"spell_frost_frostblast.jpg"},{"traitID":18,"rank":155,"spellID":336472,"icon":"spell_fire_blueflamestrike.jpg"},{"traitID":17,"rank":155,"spellID":336460,"icon":"spell_fire_blueflamering.jpg"},{"traitID":26,"rank":155,"spellID":336636,"icon":"spell_arcane_blink.jpg"}]},{"timestamp":6543588,"type":"combatantinfo","pin":"0","sourceID":18,"gear":[{"id":175866,"quality":3,"icon":"inv_helm_leather_oribosdungeon_c_01.jpg","itemLevel":213,"bonusIDs":[6795,1487,6646]},{"id":175885,"quality":3,"icon":"inv_7_0raid_necklace_03a.jpg","itemLevel":213,"bonusIDs":[6788,1487,6646]},{"id":175871,"quality":3,"icon":"inv_shoulder_leather_oribosdungeon_c_01.jpg","itemLevel":213,"bonusIDs":[6781,1487,6646]},{"id":0,"quality":1,"icon":"inv_axe_02.jpg","itemLevel":0},{"id":175855,"quality":3,"icon":"inv_chest_leather_oribosdungeon_c_01.jpg","itemLevel":213,"permanentEnchant":6230,"bonusIDs":[6795,1487,6646]},{"id":175878,"quality":3,"icon":"inv_belt_leather_oribosdungeon_c_01.jpg","itemLevel":213,"bonusIDs":[6781,1487,6646]},{"id":175870,"quality":3,"icon":"inv_pant_leather_oribosdungeon_c_01.jpg","itemLevel":213,"temporaryEnchant":6225,"bonusIDs":[6795,1487,6646]},{"id":175859,"quality":3,"icon":"inv_boot_leather_oribosdungeon_c_01.jpg","itemLevel":213,"permanentEnchant":6211,"temporaryEnchant":6225,"bonusIDs":[6781,1487,6646]},{"id":172321,"quality":5,"icon":"inv_mail_mawraid_d_01_bracer.jpg","itemLevel":213,"bonusIDs":[6716,1487,7041,6647,6650],"effectID":337504,"effectIcon":"artifactability_havocdemonhunter_anguishofthedeceiver.jpg"},{"id":175860,"quality":3,"icon":"inv_glove_leather_oribosdungeon_c_01.jpg","itemLevel":213,"temporaryEnchant":6225,"bonusIDs":[6781,1487,6646]},{"id":175879,"quality":3,"icon":"inv_jewelry_ring_01.jpg","itemLevel":213,"permanentEnchant":6164,"bonusIDs":[6788,1487,6646]},{"id":178293,"quality":3,"icon":"inv_jewelry_ring_01.jpg","itemLevel":213,"permanentEnchant":6164,"bonusIDs":[6788,1487,6646]},{"id":178298,"quality":3,"icon":"inv_misc_token_argentdawn3.jpg","itemLevel":213,"bonusIDs":[6781,1487,6646]},{"id":175884,"quality":3,"icon":"spell_holy_championsbond.jpg","itemLevel":213,"bonusIDs":[6781,1487,6646]},{"id":178265,"quality":3,"icon":"inv_cape_pandaria_b_02.jpg","itemLevel":213,"bonusIDs":[6788,1487,6646]},{"id":181215,"quality":3,"icon":"inv_sword_1h_revendrethquest_b_01.jpg","itemLevel":213,"permanentEnchant":6228,"temporaryEnchant":6188,"bonusIDs":[6652,1523,5894,6646]},{"id":181215,"quality":3,"icon":"inv_sword_1h_revendrethquest_b_01.jpg","itemLevel":213,"permanentEnchant":6223,"temporaryEnchant":6188,"bonusIDs":[6652,1523,5894,6646]},{"id":0,"quality":1,"icon":"inv_axe_02.jpg","itemLevel":0}],"auras":[{"source":18,"ability":308514,"stacks":1,"icon":"spell_misc_food.jpg","name":"Well Fed"},{"source":3,"ability":21562,"stacks":1,"icon":"spell_holy_wordfortitude.jpg","name":"Power Word: Fortitude"},{"source":18,"ability":307185,"stacks":1,"icon":"inv_alchemy_80_flask01green.jpg","name":"Spectral Flask of Power"},{"source":24,"ability":166646,"stacks":1,"icon":"monk_stance_whitetiger.jpg"},{"source":6,"ability":1459,"stacks":1,"icon":"spell_holy_magicalsentry.jpg","name":"Arcane Intellect"}],"expansion":"shadowlands","faction":0,"specID":577,"covenantID":2,"soulbindID":8,"strength":370,"agility":1207,"stamina":1886,"intellect":323,"dodge":0,"parry":0,"block":0,"armor":554,"critMelee":304,"critRanged":304,"critSpell":304,"speed":0,"leech":0,"hasteMelee":535,"hasteRanged":535,"hasteSpell":535,"avoidance":0,"mastery":105,"versatilityDamageDone":1145,"versatilityHealingDone":1145,"versatilityDamageReduction":954,"talents":[{"id":206478,"icon":"ability_creature_poison_01_purple.jpg"},{"id":320374,"icon":"ability_demonhunter_immolation.jpg"},{"id":342817,"icon":"inv_glaive_1h_artifactazgalor_d_06dual.jpg"},{"id":196555,"icon":"spell_warlock_demonsoul.jpg"},{"id":206416,"icon":"ability_deathwing_bloodcorruption_death.jpg"},{"id":211881,"icon":"ability_bossfellord_felspike.jpg"},{"id":213410,"icon":"spell_shadow_demonform.jpg"}],"pvpTalents":[{"id":0,"icon":"inv_axe_02.jpg"},{"id":205625,"icon":"spell_fire_felimmolation.jpg"},{"id":328725,"icon":"ability_demonhunter_vengefulretreat.jpg"},{"id":206803,"icon":"ability_demonhunter_rain-from-above.jpg"}],"artifact":[{"traitID":1393,"rank":1,"spellID":331576,"icon":"spell_shadow_deathsembrace.jpg"},{"traitID":1395,"rank":1,"spellID":0,"icon":"inv_axe_02.jpg"},{"traitID":1397,"rank":1,"spellID":0,"icon":"inv_axe_02.jpg"},{"traitID":1401,"rank":1,"spellID":0,"icon":"inv_axe_02.jpg"},{"traitID":1405,"rank":1,"spellID":0,"icon":"inv_axe_02.jpg"},{"traitID":1398,"rank":1,"spellID":331579,"icon":"ability_rogue_dirtydeeds.jpg"},{"traitID":1406,"rank":1,"spellID":331586,"icon":"ability_rogue_bloodsplatter.jpg"},{"traitID":1404,"rank":1,"spellID":331584,"icon":"inv_tabard_duelersguild.jpg"}],"heartOfAzeroth":[{"traitID":151,"rank":155,"spellID":339228,"icon":"inv_polearm_1h_felfireraid_d_02.jpg"},{"traitID":134,"rank":155,"spellID":338799,"icon":"inv_boots_cloth_35v4.jpg"},{"traitID":131,"rank":155,"spellID":338682,"icon":"inv_archaeology_orcclans_tattooknife.jpg"},{"traitID":153,"rank":155,"spellID":339231,"icon":"spell_fel_incinerate.jpg"}]},{"timestamp":6543588,"type":"combatantinfo","pin":"0","sourceID":22,"gear":[{"id":172325,"quality":5,"icon":"inv_mail_mawraid_d_01_helm.jpg","itemLevel":213,"bonusIDs":[6716,1487,7011,6649,6648],"effectID":336849,"effectIcon":"ability_trueshot.jpg"},{"id":178335,"quality":3,"icon":"inv_7_0raid_necklace_03a.jpg","itemLevel":213,"bonusIDs":[6788,1487,6646]},{"id":175874,"quality":3,"icon":"inv_shoulder_mail_oribosdungeon_c_01.jpg","itemLevel":213,"bonusIDs":[6781,1487,6646]},{"id":167194,"quality":2,"icon":"inv_shirt_purple_01.jpg","itemLevel":1},{"id":175854,"quality":3,"icon":"inv_chest_mail_oribosdungeon_c_01.jpg","itemLevel":213,"permanentEnchant":6230,"bonusIDs":[6795,1487,6646]},{"id":175877,"quality":3,"icon":"inv_belt_mail_oribosdungeon_c_01.jpg","itemLevel":213,"bonusIDs":[6781,1487,6646]},{"id":175869,"quality":3,"icon":"inv_pant_mail_oribosdungeon_c_01.jpg","itemLevel":213,"bonusIDs":[6795,1487,6646]},{"id":175858,"quality":3,"icon":"inv_boot_mail_oribosdungeon_c_01.jpg","itemLevel":213,"permanentEnchant":6211,"bonusIDs":[6781,1487,6646]},{"id":175882,"quality":3,"icon":"inv_bracer_mail_oribosdungeon_c_01.jpg","itemLevel":213,"permanentEnchant":6222,"bonusIDs":[6788,1487,6646]},{"id":175863,"quality":3,"icon":"inv_glove_mail_oribosdungeon_c_01.jpg","itemLevel":213,"permanentEnchant":6205,"bonusIDs":[6781,1487,6646]},{"id":178329,"quality":3,"icon":"inv_jewelry_ring_01.jpg","itemLevel":213,"permanentEnchant":6168,"bonusIDs":[6788,1487,6646]},{"id":175713,"quality":3,"icon":"inv_ring_ardenweald_02_orange.jpg","itemLevel":213,"permanentEnchant":6168,"bonusIDs":[6652,7193,1538,5894,6646]},{"id":178298,"quality":3,"icon":"inv_misc_token_argentdawn3.jpg","itemLevel":213,"bonusIDs":[6781,1487,6646]},{"id":175884,"quality":3,"icon":"spell_holy_championsbond.jpg","itemLevel":213,"bonusIDs":[6781,1487,6646]},{"id":178301,"quality":3,"icon":"inv_cape_pandaria_b_02.jpg","itemLevel":213,"permanentEnchant":6204,"bonusIDs":[6788,1487,6646]},{"id":178664,"quality":3,"icon":"inv_bow_1h_oribosdungeon_c_01.jpg","itemLevel":213,"permanentEnchant":6195,"bonusIDs":[6774,1507,6646]},{"id":0,"quality":1,"icon":"inv_axe_02.jpg","itemLevel":0},{"id":0,"quality":1,"icon":"inv_axe_02.jpg","itemLevel":0}],"auras":[{"source":3,"ability":21562,"stacks":1,"icon":"spell_holy_wordfortitude.jpg","name":"Power Word: Fortitude"},{"source":6,"ability":1459,"stacks":1,"icon":"spell_holy_magicalsentry.jpg","name":"Arcane Intellect"},{"source":10,"ability":207386,"stacks":1,"icon":"inv_misc_trailofflowers.jpg","name":"Spring Blossoms"},{"source":22,"ability":307166,"stacks":1,"icon":"inv_potion_132.jpg","name":"Eternal Flask"},{"source":24,"ability":166646,"stacks":1,"icon":"monk_stance_whitetiger.jpg"},{"source":22,"ability":155228,"stacks":1,"icon":"spell_hunter_lonewolf.jpg"}],"expansion":"shadowlands","faction":0,"specID":254,"covenantID":4,"soulbindID":10,"strength":276,"agility":1205,"stamina":1757,"intellect":385,"dodge":0,"parry":0,"block":0,"armor":800,"critMelee":160,"critRanged":160,"critSpell":160,"speed":0,"leech":30,"hasteMelee":546,"hasteRanged":546,"hasteSpell":546,"avoidance":0,"mastery":342,"versatilityDamageDone":988,"versatilityHealingDone":988,"versatilityDamageReduction":823,"talents":[{"id":260309,"icon":"ability_hunter_mastermarksman.jpg"},{"id":260228,"icon":"ability_hunter_zenarchery.jpg"},{"id":270581,"icon":"ability_hunter_onewithnature.jpg"},{"id":342049,"icon":"ability_hunter_chimerashot2.jpg"},{"id":109215,"icon":"ability_hunter_posthaste.jpg"},{"id":260402,"icon":"ability_hunter_crossfire.jpg"},{"id":194595,"icon":"ability_hunter_lockandload.jpg"}],"pvpTalents":[{"id":0,"icon":"inv_axe_02.jpg"},{"id":202589,"icon":"inv_misc_deepseascales.jpg"},{"id":202746,"icon":"ability_rogue_feigndeath.jpg"},{"id":202797,"icon":"ability_hunter_potentvenom.jpg"}],"artifact":[{"traitID":1272,"rank":1,"spellID":326514,"icon":"garrison_greenarmor.jpg"},{"traitID":1263,"rank":1,"spellID":0,"icon":"inv_axe_02.jpg"},{"traitID":1264,"rank":1,"spellID":0,"icon":"inv_axe_02.jpg"},{"traitID":1265,"rank":1,"spellID":0,"icon":"inv_axe_02.jpg"},{"traitID":1267,"rank":1,"spellID":326507,"icon":"inv_cooking_80_brinyflesh.jpg"},{"traitID":1269,"rank":1,"spellID":326511,"icon":"inv_boots_raidshaman_i_01.jpg"},{"traitID":1271,"rank":1,"spellID":326513,"icon":"inv_misc_coinbag14.jpg"},{"traitID":1276,"rank":1,"spellID":0,"icon":"inv_axe_02.jpg"}],"heartOfAzeroth":[{"traitID":166,"rank":155,"spellID":339377,"icon":"inv_shield_21.jpg"},{"traitID":192,"rank":155,"spellID":339973,"icon":"ability_hunter_resistanceisfutile.jpg"},{"traitID":143,"rank":155,"spellID":339129,"icon":"spell_necro_voodooblast.jpg"},{"traitID":188,"rank":155,"spellID":339920,"icon":"ability_creature_cursed_04.jpg"}]},{"timestamp":6543588,"type":"combatantinfo","pin":"0","sourceID":23,"gear":[{"id":173245,"quality":5,"icon":"inv_cloth_mawraid_d_01_helm.jpg","itemLevel":213,"bonusIDs":[6716,1487,6829,6649,6647],"effectID":327364,"effectIcon":"spell_shadow_soulleech_2.jpg"},{"id":178299,"quality":3,"icon":"inv_7_0raid_necklace_03a.jpg","itemLevel":213,"bonusIDs":[6788,1487,6646]},{"id":175873,"quality":3,"icon":"inv_shoulder_cloth_oribosdungeon_c_01.jpg","itemLevel":213,"bonusIDs":[6781,1487,6646]},{"id":0,"quality":1,"icon":"inv_axe_02.jpg","itemLevel":0},{"id":175852,"quality":3,"icon":"inv_robe_cloth_oribosdungeon_c_01.jpg","itemLevel":213,"permanentEnchant":6230,"temporaryEnchant":6225,"bonusIDs":[6795,1487,6646]},{"id":175876,"quality":3,"icon":"inv_belt_cloth_oribosdungeon_c_01.jpg","itemLevel":213,"bonusIDs":[6781,1487,6646]},{"id":175868,"quality":3,"icon":"inv_pant_cloth_oribosdungeon_c_01.jpg","itemLevel":213,"temporaryEnchant":6225,"bonusIDs":[6795,1487,6646]},{"id":180102,"quality":3,"icon":"inv_boot_cloth_oribosdungeon_c_01.jpg","itemLevel":213,"temporaryEnchant":6225,"bonusIDs":[7209,6652,1524,6646]},{"id":175880,"quality":3,"icon":"inv_bracer_cloth_oribosdungeon_c_01.jpg","itemLevel":213,"permanentEnchant":6220,"bonusIDs":[6788,1487,6646]},{"id":175862,"quality":3,"icon":"inv_glove_cloth_oribosdungeon_c_01.jpg","itemLevel":213,"temporaryEnchant":6225,"bonusIDs":[6781,1487,6646]},{"id":178293,"quality":3,"icon":"inv_jewelry_ring_01.jpg","itemLevel":213,"permanentEnchant":6164,"bonusIDs":[6788,1487,6646]},{"id":175879,"quality":3,"icon":"inv_jewelry_ring_01.jpg","itemLevel":213,"permanentEnchant":6164,"bonusIDs":[6788,1487,6646]},{"id":175884,"quality":3,"icon":"spell_holy_championsbond.jpg","itemLevel":213,"bonusIDs":[6781,1487,6646]},{"id":178298,"quality":3,"icon":"inv_misc_token_argentdawn3.jpg","itemLevel":213,"bonusIDs":[6781,1487,6646]},{"id":175851,"quality":3,"icon":"inv_cape_pandaria_b_02.jpg","itemLevel":213,"permanentEnchant":6204,"bonusIDs":[6788,1487,6646]},{"id":183435,"quality":3,"icon":"inv_knife_1h_oribosdungeon_c_02.jpg","itemLevel":213,"permanentEnchant":6229,"temporaryEnchant":6188,"bonusIDs":[6795,1507,6646]},{"id":178478,"quality":3,"icon":"inv_offhand_1h_oribosdungeon_c_01.jpg","itemLevel":213,"bonusIDs":[7150,1507,6646]},{"id":0,"quality":1,"icon":"inv_axe_02.jpg","itemLevel":0}],"auras":[{"source":23,"ability":308434,"stacks":1,"icon":"spell_misc_food.jpg","name":"Well Fed"},{"source":3,"ability":21562,"stacks":1,"icon":"spell_holy_wordfortitude.jpg","name":"Power Word: Fortitude"},{"source":6,"ability":1459,"stacks":1,"icon":"spell_holy_magicalsentry.jpg","name":"Arcane Intellect"},{"source":10,"ability":207386,"stacks":1,"icon":"inv_misc_trailofflowers.jpg","name":"Spring Blossoms"},{"source":24,"ability":166646,"stacks":1,"icon":"monk_stance_whitetiger.jpg"},{"source":23,"ability":327364,"stacks":1,"icon":"spell_shadow_soulleech_2.jpg"},{"source":23,"ability":278309,"stacks":1,"icon":"spell_frost_frostblast.jpg"},{"source":23,"ability":307185,"stacks":1,"icon":"inv_alchemy_80_flask01green.jpg","name":"Spectral Flask of Power"}],"expansion":"shadowlands","faction":0,"specID":64,"covenantID":1,"soulbindID":7,"strength":199,"agility":308,"stamina":1958,"intellect":1535,"dodge":0,"parry":0,"block":0,"armor":337,"critMelee":462,"critRanged":462,"critSpell":462,"speed":0,"leech":30,"hasteMelee":607,"hasteRanged":607,"hasteSpell":607,"avoidance":0,"mastery":0,"versatilityDamageDone":997,"versatilityHealingDone":997,"versatilityDamageReduction":831,"talents":[{"id":205024,"icon":"achievement_dungeon_frozenthrone.jpg"},{"id":212653,"icon":"spell_arcane_massdispel.jpg"},{"id":116011,"icon":"spell_mage_runeofpower.jpg"},{"id":278309,"icon":"spell_frost_frostblast.jpg"},{"id":235224,"icon":"ability_mage_deepfreeze.jpg"},{"id":56377,"icon":"spell_frost_ice-shards.jpg"},{"id":155149,"icon":"spell_mage_thermalvoid.jpg"}],"pvpTalents":[{"id":0,"icon":"inv_axe_02.jpg"},{"id":236788,"icon":"spell_arcane_rune.jpg"},{"id":198100,"icon":"spell_arcane_arcane02.jpg"},{"id":198126,"icon":"ability_mage_chilledtothebone.jpg"}],"artifact":[{"traitID":1311,"rank":1,"spellID":0,"icon":"inv_axe_02.jpg"},{"traitID":1312,"rank":1,"spellID":0,"icon":"inv_axe_02.jpg"},{"traitID":1303,"rank":1,"spellID":328257,"icon":"ability_hunter_readiness.jpg"},{"traitID":1305,"rank":1,"spellID":0,"icon":"inv_axe_02.jpg"},{"traitID":1308,"rank":1,"spellID":328261,"icon":"spell_arcane_focusedpower.jpg"},{"traitID":1314,"rank":1,"spellID":328265,"icon":"ability_hunter_displacement.jpg"},{"traitID":1315,"rank":1,"spellID":0,"icon":"inv_axe_02.jpg"},{"traitID":1316,"rank":1,"spellID":328266,"icon":"spell_animabastion_buff.jpg"}],"heartOfAzeroth":[{"traitID":17,"rank":155,"spellID":336460,"icon":"spell_fire_blueflamering.jpg"},{"traitID":45,"rank":155,"spellID":337123,"icon":"spell_frost_icefloes.jpg"},{"traitID":21,"rank":155,"spellID":336569,"icon":"spell_frost_frostblast.jpg"},{"traitID":40,"rank":155,"spellID":337058,"icon":"paladin_holy.jpg"}]},{"timestamp":6543588,"type":"combatantinfo","pin":"0","sourceID":15,"gear":[{"id":175850,"quality":3,"icon":"inv_plate_oribosdungeon_c_01_helm.jpg","itemLevel":213,"bonusIDs":[6795,1487,6646]},{"id":178335,"quality":3,"icon":"inv_7_0raid_necklace_03a.jpg","itemLevel":213,"bonusIDs":[6788,1487,6646]},{"id":175872,"quality":3,"icon":"inv_plate_oribosdungeon_c_01_shoulder.jpg","itemLevel":213,"bonusIDs":[6781,1487,6646]},{"id":0,"quality":1,"icon":"inv_axe_02.jpg","itemLevel":0},{"id":171412,"quality":5,"icon":"inv_chest_plate_mawraid_d_01.jpg","itemLevel":213,"permanentEnchant":6230,"bonusIDs":[6716,1487,7064,6649,6648],"effectID":337247,"effectIcon":"spell_paladin_templarsverdict.jpg"},{"id":175875,"quality":3,"icon":"inv_plate_oribosdungeon_c_01_buckle.jpg","itemLevel":213,"bonusIDs":[6781,1487,6646]},{"id":181200,"quality":3,"icon":"inv_plate_oribosdungeon_c_01_pants.jpg","itemLevel":213,"bonusIDs":[6652,1549,5865,6646]},{"id":175856,"quality":3,"icon":"inv_plate_oribosdungeon_c_01_boots.jpg","itemLevel":213,"permanentEnchant":6207,"bonusIDs":[6781,1487,6646]},{"id":175881,"quality":3,"icon":"inv_plate_oribosdungeon_c_01_bracer.jpg","itemLevel":213,"permanentEnchant":6220,"bonusIDs":[6788,1487,6646]},{"id":175861,"quality":3,"icon":"inv_plate_oribosdungeon_c_01_glove.jpg","itemLevel":213,"permanentEnchant":6210,"bonusIDs":[6781,1487,6646]},{"id":178329,"quality":3,"icon":"inv_jewelry_ring_01.jpg","itemLevel":213,"permanentEnchant":6168,"bonusIDs":[6788,1487,6646]},{"id":175879,"quality":3,"icon":"inv_jewelry_ring_01.jpg","itemLevel":213,"permanentEnchant":6168,"bonusIDs":[6788,1487,6646]},{"id":175884,"quality":3,"icon":"spell_holy_championsbond.jpg","itemLevel":213,"bonusIDs":[6781,1487,6646]},{"id":178298,"quality":3,"icon":"inv_misc_token_argentdawn3.jpg","itemLevel":213,"bonusIDs":[6781,1487,6646]},{"id":178301,"quality":3,"icon":"inv_cape_pandaria_b_02.jpg","itemLevel":213,"permanentEnchant":6208,"bonusIDs":[6788,1487,6646]},{"id":178476,"quality":3,"icon":"inv_sword_2h_oribosdungeon_c_01.jpg","itemLevel":213,"permanentEnchant":6223,"temporaryEnchant":6188,"bonusIDs":[6774,1507,6646]},{"id":0,"quality":1,"icon":"inv_axe_02.jpg","itemLevel":0},{"id":0,"quality":1,"icon":"inv_axe_02.jpg","itemLevel":0}],"auras":[{"source":10,"ability":207386,"stacks":1,"icon":"inv_misc_trailofflowers.jpg","name":"Spring Blossoms"},{"source":3,"ability":21562,"stacks":1,"icon":"spell_holy_wordfortitude.jpg","name":"Power Word: Fortitude"},{"source":15,"ability":267610,"stacks":1,"icon":"spell_paladin_templarsverdict.jpg"},{"source":15,"ability":267344,"stacks":1,"icon":"ability_paladin_artofwar.jpg"},{"source":15,"ability":307185,"stacks":1,"icon":"inv_alchemy_80_flask01green.jpg","name":"Spectral Flask of Power"}],"expansion":"shadowlands","faction":0,"specID":70,"covenantID":1,"soulbindID":7,"strength":1203,"agility":158,"stamina":1767,"intellect":452,"dodge":0,"parry":0,"block":0,"armor":1186,"critMelee":235,"critRanged":235,"critSpell":235,"speed":0,"leech":0,"hasteMelee":474,"hasteRanged":474,"hasteSpell":474,"avoidance":0,"mastery":361,"versatilityDamageDone":960,"versatilityHealingDone":960,"versatilityDamageReduction":800,"talents":[{"id":267610,"icon":"spell_paladin_templarsverdict.jpg"},{"id":231832,"icon":"ability_paladin_bladeofjustice.jpg"},{"id":234299,"icon":"spell_holy_fistofjustice.jpg"},{"id":114154,"icon":"spell_holy_holyguidance.jpg"},{"id":223817,"icon":"spell_holy_divinepurpose.jpg"},{"id":85804,"icon":"ability_paladin_gaurdedbythelight.jpg"},{"id":231895,"icon":"ability_paladin_sanctifiedwrath.jpg"}],"pvpTalents":[{"id":0,"icon":"inv_axe_02.jpg"},{"id":199428,"icon":"spell_holy_fanaticism.jpg"},{"id":305394,"icon":"spell_holy_sealofvalor.jpg"},{"id":210323,"icon":"spell_holy_retributionaura.jpg"}],"artifact":[{"traitID":1305,"rank":1,"spellID":0,"icon":"inv_axe_02.jpg"},{"traitID":1308,"rank":1,"spellID":328261,"icon":"spell_arcane_focusedpower.jpg"},{"traitID":1311,"rank":1,"spellID":0,"icon":"inv_axe_02.jpg"},{"traitID":1312,"rank":1,"spellID":0,"icon":"inv_axe_02.jpg"},{"traitID":1314,"rank":1,"spellID":328265,"icon":"ability_hunter_displacement.jpg"},{"traitID":1315,"rank":1,"spellID":0,"icon":"inv_axe_02.jpg"},{"traitID":1316,"rank":1,"spellID":328266,"icon":"spell_animabastion_buff.jpg"},{"traitID":1303,"rank":1,"spellID":328257,"icon":"ability_hunter_readiness.jpg"}],"heartOfAzeroth":[{"traitID":216,"rank":155,"spellID":340218,"icon":"spell_animabastion_orb.jpg"},{"traitID":167,"rank":155,"spellID":339374,"icon":"inv_mace_104.jpg"},{"traitID":176,"rank":155,"spellID":339531,"icon":"ability_priest_evangelism.jpg"}]},{"timestamp":6543588,"type":"combatantinfo","pin":"0","sourceID":24,"gear":[{"id":175866,"quality":3,"icon":"inv_helm_leather_oribosdungeon_c_01.jpg","itemLevel":213,"bonusIDs":[6795,1487,6646]},{"id":178299,"quality":3,"icon":"inv_7_0raid_necklace_03a.jpg","itemLevel":213,"bonusIDs":[6788,1487,6646]},{"id":175871,"quality":3,"icon":"inv_shoulder_leather_oribosdungeon_c_01.jpg","itemLevel":213,"bonusIDs":[6781,1487,6646]},{"id":0,"quality":1,"icon":"inv_axe_02.jpg","itemLevel":0},{"id":175855,"quality":3,"icon":"inv_chest_leather_oribosdungeon_c_01.jpg","itemLevel":213,"permanentEnchant":6214,"bonusIDs":[6795,1487,6646]},{"id":175878,"quality":3,"icon":"inv_belt_leather_oribosdungeon_c_01.jpg","itemLevel":213,"bonusIDs":[6781,1487,6646]},{"id":175870,"quality":3,"icon":"inv_pant_leather_oribosdungeon_c_01.jpg","itemLevel":213,"bonusIDs":[6795,1487,6646]},{"id":175859,"quality":3,"icon":"inv_boot_leather_oribosdungeon_c_01.jpg","itemLevel":213,"permanentEnchant":6211,"bonusIDs":[6781,1487,6646]},{"id":175883,"quality":3,"icon":"inv_bracer_leather_oribosdungeon_c_01.jpg","itemLevel":213,"permanentEnchant":6222,"bonusIDs":[6788,1487,6646]},{"id":172316,"quality":5,"icon":"inv_glove_leather_mawraid_d_01.jpg","itemLevel":213,"bonusIDs":[6716,1487,7068,6649,6647],"effectID":337334,"effectIcon":"ability_monk_tigerpalm.jpg"},{"id":178293,"quality":3,"icon":"inv_jewelry_ring_01.jpg","itemLevel":213,"permanentEnchant":6164,"bonusIDs":[6788,1487,6646]},{"id":175879,"quality":3,"icon":"inv_jewelry_ring_01.jpg","itemLevel":213,"permanentEnchant":6164,"bonusIDs":[6788,1487,6646]},{"id":175884,"quality":3,"icon":"spell_holy_championsbond.jpg","itemLevel":213,"bonusIDs":[6781,1487,6646]},{"id":184054,"quality":3,"icon":"sha_ability_rogue_sturdyrecuperate.jpg","itemLevel":213,"bonusIDs":[6788,1487,6646]},{"id":178265,"quality":3,"icon":"inv_cape_pandaria_b_02.jpg","itemLevel":213,"permanentEnchant":6204,"bonusIDs":[6788,1487,6646]},{"id":178474,"quality":3,"icon":"inv_1h_oribosdungeon_c_01.jpg","itemLevel":213,"permanentEnchant":6228,"temporaryEnchant":6188,"bonusIDs":[7157,1507,6646]},{"id":178474,"quality":3,"icon":"inv_1h_oribosdungeon_c_01.jpg","itemLevel":213,"permanentEnchant":6228,"temporaryEnchant":6188,"bonusIDs":[7157,1507,6646]},{"id":0,"quality":1,"icon":"inv_axe_02.jpg","itemLevel":0}],"auras":[{"source":24,"ability":307185,"stacks":1,"icon":"inv_alchemy_80_flask01green.jpg","name":"Spectral Flask of Power"},{"source":6,"ability":1459,"stacks":1,"icon":"spell_holy_magicalsentry.jpg","name":"Arcane Intellect"},{"source":3,"ability":21562,"stacks":1,"icon":"spell_holy_wordfortitude.jpg","name":"Power Word: Fortitude"},{"source":24,"ability":337334,"stacks":1,"icon":"ability_monk_tigerpalm.jpg"},{"source":24,"ability":166646,"stacks":1,"icon":"monk_stance_whitetiger.jpg"}],"expansion":"shadowlands","faction":0,"specID":269,"covenantID":2,"soulbindID":9,"strength":190,"agility":1193,"stamina":1756,"intellect":474,"dodge":0,"parry":0,"block":0,"armor":554,"critMelee":320,"critRanged":320,"critSpell":320,"speed":0,"leech":30,"hasteMelee":497,"hasteRanged":497,"hasteSpell":497,"avoidance":0,"mastery":63,"versatilityDamageDone":1069,"versatilityHealingDone":1069,"versatilityDamageReduction":891,"talents":[{"id":196607,"icon":"ability_druid_primalprecision.jpg"},{"id":115008,"icon":"ability_monk_quitornado.jpg"},{"id":115288,"icon":"ability_monk_energizingwine.jpg"},{"id":116844,"icon":"spell_monk_ringofpeace.jpg"},{"id":261767,"icon":"ability_monk_domeofmist.jpg"},{"id":196740,"icon":"ability_monk_palmstrike.jpg"},{"id":152173,"icon":"ability_monk_serenity.jpg"}],"pvpTalents":[{"id":0,"icon":"inv_axe_02.jpg"},{"id":233759,"icon":"ability_warrior_disarm.jpg"},{"id":201372,"icon":"ability_monk_ridethewind.jpg"},{"id":287506,"icon":"monk_stance_whitetiger.jpg"}],"artifact":[{"traitID":1545,"rank":1,"spellID":336140,"icon":"inv_raidpriestmythic_q_01boot.jpg"},{"traitID":1549,"rank":1,"spellID":0,"icon":"inv_axe_02.jpg"},{"traitID":1556,"rank":1,"spellID":0,"icon":"inv_axe_02.jpg"},{"traitID":1557,"rank":1,"spellID":336247,"icon":"achievement_halloween_smiley_01.jpg"},{"traitID":1560,"rank":1,"spellID":319983,"icon":"inv_drink_23.jpg"},{"traitID":1547,"rank":1,"spellID":0,"icon":"inv_axe_02.jpg"},{"traitID":1555,"rank":1,"spellID":0,"icon":"inv_axe_02.jpg"},{"traitID":1550,"rank":1,"spellID":336243,"icon":"inv_trinket_revendreth_01_gold.jpg"}],"heartOfAzeroth":[{"traitID":22,"rank":155,"spellID":336598,"icon":"ability_fixated_state_red.jpg"},{"traitID":33,"rank":155,"spellID":336853,"icon":"inv_misc_food_vendor_blackpepper.jpg"},{"traitID":62,"rank":155,"spellID":337301,"icon":"spell_animarevendreth_buff.jpg"},{"traitID":15,"rank":155,"spellID":336379,"icon":"ability_monk_chiswirl.jpg"}]},{"timestamp":6543588,"type":"combatantinfo","pin":"0","sourceID":25,"gear":[{"id":175865,"quality":3,"icon":"inv_helm_mail_oribosdungeon_c_01.jpg","itemLevel":213,"bonusIDs":[6795,1487,6646]},{"id":178707,"quality":3,"icon":"inv_neck_ardenweald_01_silver.jpg","itemLevel":213,"bonusIDs":[7205,7194,1514,6646]},{"id":172327,"quality":5,"icon":"inv_mail_mawraid_d_01_shoulder.jpg","itemLevel":213,"bonusIDs":[6716,1487,7013,6648,6647],"effectID":336870,"effectIcon":"inv_spear_07.jpg"},{"id":0,"quality":1,"icon":"inv_axe_02.jpg","itemLevel":0},{"id":175854,"quality":3,"icon":"inv_chest_mail_oribosdungeon_c_01.jpg","itemLevel":213,"permanentEnchant":6230,"bonusIDs":[6795,1487,6646]},{"id":178843,"quality":3,"icon":"inv_belt_mail_oribosdungeon_c_01.jpg","itemLevel":213,"bonusIDs":[6808,6652,7194,1521,6646]},{"id":179337,"quality":3,"icon":"inv_pant_mail_oribosdungeon_c_01.jpg","itemLevel":213,"bonusIDs":[7210,6652,1569,6646]},{"id":178830,"quality":3,"icon":"inv_boot_mail_oribosdungeon_c_01.jpg","itemLevel":213,"permanentEnchant":6211,"bonusIDs":[7209,6652,1524,6646]},{"id":178703,"quality":3,"icon":"inv_bracer_mail_oribosdungeon_c_01.jpg","itemLevel":213,"bonusIDs":[7209,6652,7194,1524,6646]},{"id":178798,"quality":3,"icon":"inv_glove_mail_oribosdungeon_c_01.jpg","itemLevel":213,"permanentEnchant":6205,"bonusIDs":[7209,6652,1524,6646]},{"id":178869,"quality":3,"icon":"inv_jewelry_ring_45.jpg","itemLevel":213,"permanentEnchant":6164,"bonusIDs":[7209,6652,7193,1524,6646]},{"id":178872,"quality":3,"icon":"inv_ring_maldraxxus_01_violet.jpg","itemLevel":213,"permanentEnchant":6164,"bonusIDs":[6807,6652,7193,1500,6646]},{"id":178769,"quality":3,"icon":"inv_alchemy_elixir_03.jpg","itemLevel":213,"bonusIDs":[6808,6652,1521,6646]},{"id":179350,"quality":3,"icon":"inv_trinket_80_titan02a.jpg","itemLevel":213,"bonusIDs":[7209,6652,1524,6646]},{"id":183034,"quality":4,"icon":"inv_cape_plate_nazjatarraidmythic_d_01.jpg","itemLevel":213,"permanentEnchant":6202,"bonusIDs":[7188,6652,1498,6646]},{"id":179348,"quality":3,"icon":"inv_bow_2h_crossbow_draenorquest_b_01.jpg","itemLevel":213,"permanentEnchant":6229,"bonusIDs":[7209,6652,1524,6646]},{"id":0,"quality":1,"icon":"inv_axe_02.jpg","itemLevel":0},{"id":0,"quality":1,"icon":"inv_axe_02.jpg","itemLevel":0}],"auras":[{"source":3,"ability":21562,"stacks":1,"icon":"spell_holy_wordfortitude.jpg","name":"Power Word: Fortitude"},{"source":6,"ability":1459,"stacks":1,"icon":"spell_holy_magicalsentry.jpg","name":"Arcane Intellect"},{"source":25,"ability":34477,"stacks":1,"icon":"ability_hunter_misdirection.jpg","name":"Misdirection"},{"source":24,"ability":166646,"stacks":1,"icon":"monk_stance_whitetiger.jpg"},{"source":25,"ability":155228,"stacks":1,"icon":"spell_hunter_lonewolf.jpg"},{"source":25,"ability":307185,"stacks":1,"icon":"inv_alchemy_80_flask01green.jpg","name":"Spectral Flask of Power"}],"expansion":"shadowlands","faction":0,"specID":254,"covenantID":4,"soulbindID":10,"strength":275,"agility":1353,"stamina":1756,"intellect":384,"dodge":0,"parry":0,"block":0,"armor":800,"critMelee":610,"critRanged":610,"critSpell":610,"speed":30,"leech":0,"hasteMelee":157,"hasteRanged":157,"hasteSpell":157,"avoidance":0,"mastery":654,"versatilityDamageDone":257,"versatilityHealingDone":257,"versatilityDamageReduction":257,"talents":[{"id":260309,"icon":"ability_hunter_mastermarksman.jpg"},{"id":212431,"icon":"ability_hunter_explosiveshot.jpg"},{"id":199483,"icon":"ability_hunter_camouflage.jpg"},{"id":342049,"icon":"ability_hunter_chimerashot2.jpg"},{"id":109215,"icon":"ability_hunter_posthaste.jpg"},{"id":260402,"icon":"ability_hunter_crossfire.jpg"},{"id":260243,"icon":"ability_hunter_rapidkilling.jpg"}],"pvpTalents":[{"id":0,"icon":"inv_axe_02.jpg"},{"id":202589,"icon":"inv_misc_deepseascales.jpg"},{"id":202746,"icon":"ability_rogue_feigndeath.jpg"},{"id":202797,"icon":"ability_hunter_potentvenom.jpg"}],"artifact":[{"traitID":1265,"rank":1,"spellID":0,"icon":"inv_axe_02.jpg"},{"traitID":1271,"rank":1,"spellID":326513,"icon":"inv_misc_coinbag14.jpg"},{"traitID":1272,"rank":1,"spellID":326514,"icon":"garrison_greenarmor.jpg"},{"traitID":1276,"rank":1,"spellID":0,"icon":"inv_axe_02.jpg"},{"traitID":1274,"rank":1,"spellID":0,"icon":"inv_axe_02.jpg"},{"traitID":1277,"rank":1,"spellID":326572,"icon":"inv_misc_enchantedpearla.jpg"},{"traitID":1263,"rank":1,"spellID":0,"icon":"inv_axe_02.jpg"},{"traitID":1267,"rank":1,"spellID":326507,"icon":"inv_cooking_80_brinyflesh.jpg"}],"heartOfAzeroth":[{"traitID":192,"rank":155,"spellID":339973,"icon":"ability_hunter_resistanceisfutile.jpg"},{"traitID":199,"rank":155,"spellID":340033,"icon":"ability_hunter_markedshot.jpg"},{"traitID":170,"rank":155,"spellID":339399,"icon":"ability_druid_galewinds.jpg"},{"traitID":157,"rank":155,"spellID":339264,"icon":"ability_argus_soulbombdebuffsmall.jpg"}]},{"timestamp":6543588,"type":"combatantinfo","pin":"0","sourceID":69,"gear":[{"id":172317,"quality":5,"icon":"inv_helm_leather_mawraid_d_01.jpg","itemLevel":213,"bonusIDs":[6716,1487,7124,6648,6650],"effectID":340090,"effectIcon":"ability_warlock_soullink.jpg"},{"id":178335,"quality":3,"icon":"inv_7_0raid_necklace_03a.jpg","itemLevel":213,"bonusIDs":[6788,1487,6646]},{"id":175871,"quality":3,"icon":"inv_shoulder_leather_oribosdungeon_c_01.jpg","itemLevel":213,"bonusIDs":[6781,1487,6646]},{"id":0,"quality":1,"icon":"inv_axe_02.jpg","itemLevel":0},{"id":175855,"quality":3,"icon":"inv_chest_leather_oribosdungeon_c_01.jpg","itemLevel":213,"permanentEnchant":6230,"bonusIDs":[6795,1487,6646]},{"id":175878,"quality":3,"icon":"inv_belt_leather_oribosdungeon_c_01.jpg","itemLevel":213,"bonusIDs":[6781,1487,6646]},{"id":175870,"quality":3,"icon":"inv_pant_leather_oribosdungeon_c_01.jpg","itemLevel":213,"bonusIDs":[6795,1487,6646]},{"id":175859,"quality":3,"icon":"inv_boot_leather_oribosdungeon_c_01.jpg","itemLevel":213,"permanentEnchant":6211,"bonusIDs":[6781,1487,6646]},{"id":175883,"quality":3,"icon":"inv_bracer_leather_oribosdungeon_c_01.jpg","itemLevel":213,"permanentEnchant":6222,"bonusIDs":[6788,1487,6646]},{"id":175860,"quality":3,"icon":"inv_glove_leather_oribosdungeon_c_01.jpg","itemLevel":213,"permanentEnchant":6205,"bonusIDs":[6781,1487,6646]},{"id":178293,"quality":3,"icon":"inv_jewelry_ring_01.jpg","itemLevel":213,"permanentEnchant":6168,"bonusIDs":[6788,1487,6646]},{"id":178329,"quality":3,"icon":"inv_jewelry_ring_01.jpg","itemLevel":213,"permanentEnchant":6168,"bonusIDs":[6788,1487,6646]},{"id":184052,"quality":3,"icon":"ability_pvp_gladiatormedallion.jpg","itemLevel":213,"bonusIDs":[6788,1487,6646]},{"id":178298,"quality":3,"icon":"inv_misc_token_argentdawn3.jpg","itemLevel":213,"bonusIDs":[6781,1487,6646]},{"id":178301,"quality":3,"icon":"inv_cape_pandaria_b_02.jpg","itemLevel":213,"permanentEnchant":6208,"bonusIDs":[6788,1487,6646]},{"id":178470,"quality":3,"icon":"inv_knife_1h_oribosdungeon_c_01.jpg","itemLevel":213,"permanentEnchant":6228,"bonusIDs":[7157,1507,6646]},{"id":178470,"quality":3,"icon":"inv_knife_1h_oribosdungeon_c_01.jpg","itemLevel":213,"permanentEnchant":6229,"bonusIDs":[7157,1507,6646]},{"id":0,"quality":1,"icon":"inv_axe_02.jpg","itemLevel":0}],"auras":[{"source":6,"ability":1459,"stacks":1,"icon":"spell_holy_magicalsentry.jpg","name":"Arcane Intellect"},{"source":69,"ability":307166,"stacks":1,"icon":"inv_potion_132.jpg","name":"Eternal Flask"},{"source":3,"ability":21562,"stacks":1,"icon":"spell_holy_wordfortitude.jpg","name":"Power Word: Fortitude"}],"expansion":"shadowlands","faction":0,"specID":261,"covenantID":4,"soulbindID":4,"strength":370,"agility":1279,"stamina":1767,"intellect":323,"dodge":0,"parry":0,"block":0,"armor":554,"critMelee":213,"critRanged":213,"critSpell":213,"speed":0,"leech":0,"hasteMelee":293,"hasteRanged":293,"hasteSpell":293,"avoidance":0,"mastery":350,"versatilityDamageDone":1103,"versatilityHealingDone":1103,"versatilityDamageReduction":919,"talents":[{"id":193537,"icon":"ability_ironmaidens_bladerush.jpg"},{"id":14062,"icon":"ability_stealth.jpg"},{"id":193531,"icon":"archaeology_5_0_changkiboard.jpg"},{"id":31230,"icon":"ability_rogue_cheatdeath.jpg"},{"id":277953,"icon":"spell_shadow_shadesofdarkness.jpg"},{"id":238104,"icon":"ability_rogue_envelopingshadows.jpg"},{"id":196976,"icon":"spell_shadow_charm.jpg"}],"pvpTalents":[{"id":0,"icon":"inv_axe_02.jpg"},{"id":207736,"icon":"rogue_shadow_reflection.jpg"},{"id":213981,"icon":"spell_ice_lament.jpg"},{"id":212182,"icon":"ability_rogue_smoke.jpg"}],"artifact":[{"traitID":1124,"rank":1,"spellID":323074,"icon":"inv_misc_food_legion_gooslime_pool.jpg"},{"traitID":1128,"rank":1,"spellID":0,"icon":"inv_axe_02.jpg"},{"traitID":1133,"rank":1,"spellID":0,"icon":"inv_axe_02.jpg"},{"traitID":1136,"rank":1,"spellID":323095,"icon":"spell_shadow_zdemonformgreen.jpg"},{"traitID":1122,"rank":1,"spellID":0,"icon":"inv_axe_02.jpg"},{"traitID":1126,"rank":1,"spellID":323091,"icon":"inv_maldraxxusslime_green.jpg"},{"traitID":1129,"rank":1,"spellID":323079,"icon":"inv_maldraxxusslime_purple.jpg"},{"traitID":1135,"rank":1,"spellID":0,"icon":"inv_axe_02.jpg"}],"heartOfAzeroth":[{"traitID":233,"rank":155,"spellID":341531,"icon":"inv_icon_shadowcouncilorb_purple.jpg"},{"traitID":247,"rank":155,"spellID":341559,"icon":"ability_rogue_masterofsubtlety.jpg"},{"traitID":227,"rank":155,"spellID":341272,"icon":"ability_maldraxxus_rogue.jpg"},{"traitID":245,"rank":155,"spellID":341549,"icon":"ability_rogue_focusedattacks.jpg"}]}]