{"fights":[{"id":1,"boss":2402,"start_time":347476,"end_time":442401,"name":"Kael'thas","size":20,"difficulty":5,"kill":false,"partial":3,"bossPercentage":1352,"fightPercentage":10000,"lastPhaseForPercentageDisplay":0,"maps":[1746]},{"id":2,"boss":2402,"start_time":523605,"end_time":615891,"name":"Kael'thas","size":20,"difficulty":5,"kill":false,"partial":3,"bossPercentage":1380,"fightPercentage":10000,"lastPhaseForPercentageDisplay":0,"maps":[1746]},{"id":3,"boss":2402,"start_time":739470,"end_time":826885,"name":"Kael'thas","size":20,"difficulty":5,"kill":false,"partial":3,"bossPercentage":1350,"fightPercentage":10000,"lastPhaseForPercentageDisplay":0,"maps":[1746]},{"id":4,"boss":2402,"start_time":1281644,"end_time":1377730,"name":"Kael'thas","size":20,"difficulty":5,"kill":false,"partial":3,"bossPercentage":1458,"fightPercentage":10000,"lastPhaseForPercentageDisplay":0,"maps":[1746]},{"id":5,"boss":2402,"start_time":1731178,"end_time":1829651,"name":"Kael'thas","size":20,"difficulty":5,"kill":false,"partial":3,"bossPercentage":1597,"fightPercentage":10000,"lastPhaseForPercentageDisplay":0,"maps":[1746]},{"id":6,"boss":2402,"start_time":1973926,"end_time":2074644,"name":"Kael'thas","size":20,"difficulty":5,"kill":false,"partial":3,"bossPercentage":1598,"fightPercentage":10000,"lastPhaseForPercentageDisplay":0,"maps":[1746]},{"id":7,"boss":2402,"start_time":2219350,"end_time":2319291,"name":"Kael'thas","size":20,"difficulty":5,"kill":false,"partial":3,"bossPercentage":1640,"fightPercentage":10000,"lastPhaseForPercentageDisplay":0,"maps":[1746]},{"id":8,"boss":2402,"start_time":2391735,"end_time":2491493,"name":"Kael'thas","size":20,"difficulty":5,"kill":false,"partial":3,"bossPercentage":1727,"fightPercentage":10000,"lastPhaseForPercentageDisplay":0,"maps":[1746]},{"id":9,"boss":2402,"start_time":2614593,"end_time":2714260,"name":"Kael'thas","size":20,"difficulty":5,"kill":false,"partial":3,"bossPercentage":1822,"fightPercentage":10000,"lastPhaseForPercentageDisplay":0,"maps":[1746]},{"id":10,"boss":2402,"start_time":2811456,"end_time":2912328,"name":"Kael'thas","size":20,"difficulty":5,"kill":false,"partial":3,"bossPercentage":1738,"fightPercentage":10000,"lastPhaseForPercentageDisplay":0,"maps":[1746]},{"id":11,"boss":2402,"start_time":3011217,"end_time":3105072,"name":"Kael'thas","size":20,"difficulty":5,"kill":false,"partial":3,"bossPercentage":1650,"fightPercentage":10000,"lastPhaseForPercentageDisplay":0,"maps":[1746]},{"id":12,"boss":2402,"start_time":3152123,"end_time":3354543,"name":"Kael'thas","size":20,"difficulty":5,"kill":false,"partial":3,"bossPercentage":1342,"fightPercentage":10000,"lastPhaseForPercentageDisplay":0,"maps":[1746]},{"id":13,"boss":2412,"start_time":3508829,"end_time":3610432,"name":"The Council of Blood","size":20,"difficulty":5,"kill":false,"partial":3,"bossPercentage":7530,"fightPercentage":7530,"lastPhaseForPercentageDisplay":0,"maps":[1750]},{"id":14,"boss":2412,"start_time":3725841,"end_time":3855400,"name":"The Council of Blood","size":20,"difficulty":5,"kill":false,"partial":3,"bossPercentage":7270,"fightPercentage":7270,"lastPhaseForPercentageDisplay":0,"maps":[1750]},{"id":15,"boss":2412,"start_time":3917809,"end_time":4043648,"name":"The Council of Blood","size":20,"difficulty":5,"kill":false,"partial":3,"bossPercentage":7008,"fightPercentage":7008,"lastPhaseForPercentageDisplay":0,"maps":[1750]},{"id":16,"boss":2412,"start_time":4098989,"end_time":4248353,"name":"The Council of Blood","size":20,"difficulty":5,"kill":false,"partial":3,"bossPercentage":6948,"fightPercentage":6948,"lastPhaseForPercentageDisplay":0,"maps":[1750]},{"id":17,"boss":2412,"start_time":4312539,"end_time":4475582,"name":"The Council of Blood","size":20,"difficulty":5,"kill":false,"partial":3,"bossPercentage":6539,"fightPercentage":6539,"lastPhaseForPercentageDisplay":0,"maps":[1750]},{"id":18,"boss":2412,"start_time":4521045,"end_time":4675534,"name":"The Council of Blood","size":20,"difficulty":5,"kill":false,"partial":3,"bossPercentage":6403,"fightPercentage":6403,"lastPhaseForPercentageDisplay":0,"maps":[1750]},{"id":19,"boss":0,"originalBoss":2412,"start_time":4678499,"end_time":4680342,"name":"The Council of Blood"},{"id":20,"boss":2412,"start_time":4741406,"end_time":4898454,"name":"The Council of Blood","size":20,"difficulty":5,"kill":false,"partial":3,"bossPercentage":5926,"fightPercentage":5926,"lastPhaseForPercentageDisplay":0,"maps":[1750]},{"id":21,"boss":0,"originalBoss":2412,"start_time":4900173,"end_time":4903103,"name":"The Council of Blood"},{"id":22,"boss":2412,"start_time":4948716,"end_time":5103755,"name":"The Council of Blood","size":20,"difficulty":5,"kill":false,"partial":3,"bossPercentage":6914,"fightPercentage":6914,"lastPhaseForPercentageDisplay":0,"maps":[1750]},{"id":23,"boss":2412,"start_time":5153941,"end_time":5302074,"name":"The Council of Blood","size":20,"difficulty":5,"kill":false,"partial":3,"bossPercentage":6882,"fightPercentage":6882,"lastPhaseForPercentageDisplay":0,"maps":[1750]},{"id":24,"boss":2412,"start_time":5360103,"end_time":5580614,"name":"The Council of Blood","size":20,"difficulty":5,"kill":false,"partial":3,"bossPercentage":6414,"fightPercentage":6414,"lastPhaseForPercentageDisplay":0,"maps":[1750]},{"id":25,"boss":2412,"start_time":5651785,"end_time":5930752,"name":"The Council of Blood","size":20,"difficulty":5,"kill":false,"partial":3,"bossPercentage":6381,"fightPercentage":6381,"lastPhaseForPercentageDisplay":0,"maps":[1750]},{"id":26,"boss":2412,"start_time":6008019,"end_time":6163295,"name":"The Council of Blood","size":20,"difficulty":5,"kill":false,"partial":3,"bossPercentage":6186,"fightPercentage":6186,"lastPhaseForPercentageDisplay":0,"maps":[1750]},{"id":27,"boss":2412,"start_time":6204191,"end_time":6358114,"name":"The Council of Blood","size":20,"difficulty":5,"kill":false,"partial":3,"bossPercentage":5977,"fightPercentage":5977,"lastPhaseForPercentageDisplay":0,"maps":[1750]},{"id":28,"boss":0,"originalBoss":2412,"start_time":6361873,"end_time":6363381,"name":"The Council of Blood"},{"id":29,"boss":2412,"start_time":6412293,"end_time":6508690,"name":"The Council of Blood","size":20,"difficulty":5,"kill":false,"partial":3,"bossPercentage":7891,"fightPercentage":7891,"lastPhaseForPercentageDisplay":0,"maps":[1750]},{"id":30,"boss":0,"originalBoss":2412,"start_time":6510681,"end_time":6513309,"name":"The Council of Blood"},{"id":31,"boss":2412,"start_time":6543561,"end_time":6821855,"name":"The Council of Blood","size":20,"difficulty":5,"kill":false,"partial":3,"bossPercentage":6382,"fightPercentage":6382,"lastPhaseForPercentageDisplay":0,"maps":[1750]},{"id":32,"boss":2412,"start_time":6874511,"end_time":7113190,"name":"The Council of Blood","size":20,"difficulty":5,"kill":false,"partial":3,"bossPercentage":7004,"fightPercentage":7004,"lastPhaseForPercentageDisplay":0,"maps":[1750]}],"lang":"en","friendlies":[{"name":"Bokh","id":18,"guid":1004715,"type":"DemonHunter","server":"Torghast","icon":"DemonHunter-Havoc","fights":[{"id":1},{"id":2},{"id":3},{"id":4},{"id":5},{"id":6},{"id":7},{"id":8},{"id":9},{"id":10},{"id":11},{"id":12},{"id":13},{"id":14},{"id":15},{"id":16},{"id":17},{"id":18},{"id":19},{"id":20},{"id":21},{"id":22},{"id":23},{"id":24},{"id":25},{"id":26},{"id":27},{"id":28},{"id":29},{"id":30},{"id":31},{"id":32}]},{"name":"Dunderhunter","id":5,"guid":895197,"type":"Hunter","server":"Torghast","icon":"Hunter-Marksmanship","fights":[{"id":1},{"id":2},{"id":3},{"id":4},{"id":5},{"id":6},{"id":7},{"id":8},{"id":9},{"id":10},{"id":11},{"id":12},{"id":13},{"id":14},{"id":15},{"id":16},{"id":17},{"id":18},{"id":19},{"id":20},{"id":21},{"id":22},{"id":23},{"id":24},{"id":25},{"id":26},{"id":27},{"id":28},{"id":29},{"id":30},{"id":31},{"id":32}]},{"name":"Nightzmage","id":23,"guid":652977,"type":"Mage","server":"Torghast","icon":"Mage-Frost","fights":[{"id":1},{"id":2},{"id":3},{"id":4},{"id":5},{"id":6},{"id":7},{"id":8},{"id":9},{"id":10},{"id":11},{"id":12},{"id":13},{"id":14},{"id":15},{"id":16},{"id":17},{"id":18},{"id":19},{"id":20},{"id":21},{"id":22},{"id":23},{"id":24},{"id":25},{"id":26},{"id":27},{"id":28},{"id":29},{"id":30},{"id":31},{"id":32}]},{"name":"Phey","id":19,"guid":1034509,"type":"DeathKnight","server":"Torghast","icon":"DeathKnight-Unholy","fights":[{"id":1},{"id":2},{"id":3}]},{"name":"Elperè","id":22,"guid":964044,"type":"Hunter","server":"Torghast","icon":"Hunter-Marksmanship","fights":[{"id":1},{"id":2},{"id":3},{"id":4},{"id":5},{"id":6},{"id":7},{"id":8},{"id":9},{"id":10},{"id":11},{"id":12},{"id":13},{"id":14},{"id":15},{"id":16},{"id":17},{"id":18},{"id":19},{"id":20},{"id":21},{"id":22},{"id":23},{"id":24},{"id":25},{"id":26},{"id":27},{"id":28},{"id":29},{"id":30},{"id":31},{"id":32}]},{"name":"Xaronbm","id":14,"guid":1148116,"type":"Monk","server":"Torghast","icon":"Monk-Brewmaster","fights":[{"id":1},{"id":2},{"id":3},{"id":4},{"id":5},{"id":6},{"id":7},{"id":8},{"id":9},{"id":10},{"id":11},{"id":12},{"id":13},{"id":14},{"id":15},{"id":16},{"id":17},{"id":18},{"id":19},{"id":20},{"id":21},{"id":22},{"id":23},{"id":24},{"id":25},{"id":26},{"id":27},{"id":28},{"id":29},{"id":30},{"id":31},{"id":32}]},{"name":"Palamore","id":15,"guid":1148103,"type":"Paladin","server":"Torghast","icon":"Paladin-Retribution","fights":[{"id":1},{"id":2},{"id":3},{"id":4},{"id":5},{"id":6},{"id":7},{"id":8},{"id":9},{"id":10},{"id":11},{"id":12},{"id":13},{"id":14},{"id":15},{"id":16},{"id":17},{"id":18},{"id":19},{"id":20},{"id":21},{"id":22},{"id":23},{"id":24},{"id":25},{"id":26},{"id":27},{"id":28},{"id":29},{"id":30},{"id":31},{"id":32}]},{"name":"Aürora","id":6,"guid":1127357,"type":"Mage","server":"Torghast","icon":"Mage-Frost","fights":[{"id":1},{"id":2},{"id":3},{"id":4},{"id":5},{"id":6},{"id":7},{"id":8},{"id":9},{"id":10},{"id":11},{"id":12},{"id":13},{"id":14},{"id":15},{"id":16},{"id":17},{"id":18},{"id":19},{"id":20},{"id":21},{"id":22},{"id":23},{"id":24},{"id":25},{"id":26},{"id":27},{"id":28},{"id":29},{"id":30},{"id":31},{"id":32}]},{"name":"Anzle","id":12,"guid":462124,"type":"Priest","server":"Torghast","icon":"Priest-Discipline","fights":[{"id":1},{"id":2},{"id":3},{"id":4},{"id":5},{"id":6},{"id":7},{"id":8},{"id":9},{"id":10},{"id":11},{"id":12},{"id":13},{"id":14},{"id":15},{"id":16},{"id":17},{"id":18},{"id":19},{"id":20},{"id":21},{"id":22},{"id":23},{"id":24},{"id":25},{"id":26},{"id":27},{"id":28},{"id":29},{"id":30},{"id":31},{"id":32}]},{"name":"Firetoye","id":11,"guid":980863,"type":"Mage","server":"Torghast","icon":"Mage-Frost","fights":[{"id":1},{"id":2},{"id":3},{"id":4},{"id":5},{"id":6},{"id":7},{"id":8},{"id":9},{"id":10},{"id":11},{"id":12},{"id":13},{"id":14},{"id":15},{"id":16},{"id":17},{"id":18},{"id":19},{"id":20},{"id":21},{"id":22},{"id":23},{"id":24},{"id":25},{"id":26},{"id":27},{"id":28},{"id":29},{"id":30},{"id":31},{"id":32}]},{"name":"Lirshta","id":7,"guid":1055226,"type":"Hunter","server":"Torghast","icon":"Hunter-Marksmanship","fights":[{"id":1},{"id":2},{"id":3},{"id":4},{"id":5},{"id":6},{"id":7},{"id":8},{"id":9},{"id":10},{"id":11},{"id":12},{"id":13},{"id":14},{"id":15},{"id":16},{"id":17},{"id":18},{"id":19},{"id":20},{"id":21},{"id":22},{"id":23},{"id":24},{"id":25},{"id":26},{"id":27},{"id":28},{"id":29},{"id":30},{"id":31},{"id":32}]},{"name":"Kejtonttv","id":17,"guid":902675,"type":"Druid","server":"Torghast","icon":"Druid-Restoration","fights":[{"id":1},{"id":2},{"id":3},{"id":4},{"id":5},{"id":6},{"id":7},{"id":8},{"id":9},{"id":10},{"id":11},{"id":12},{"id":13},{"id":14},{"id":15},{"id":16},{"id":17},{"id":18},{"id":19},{"id":20},{"id":21},{"id":22},{"id":23},{"id":24},{"id":25},{"id":26},{"id":27},{"id":28},{"id":29},{"id":30},{"id":31},{"id":32}]},{"name":"Kael'thas Sunstrider","id":48,"guid":165759,"type":"Boss","icon":"custom-icon-ability_ironmaidens_rapidfire","lockBossFrame":true,"fights":[{"id":1,"instances":1,"groups":2},{"id":2,"instances":1,"groups":1},{"id":3,"instances":1,"groups":1},{"id":4,"instances":1,"groups":1},{"id":5,"instances":1,"groups":1},{"id":6,"instances":1,"groups":1},{"id":7,"instances":1,"groups":1},{"id":8,"instances":1,"groups":1},{"id":9,"instances":1,"groups":1},{"id":10,"instances":1,"groups":1},{"id":11,"instances":1,"groups":1},{"id":12,"instances":1,"groups":1}]},{"name":"Welenstus","id":4,"guid":779871,"type":"Paladin","server":"Torghast","icon":"Paladin-Protection","fights":[{"id":1},{"id":2},{"id":3},{"id":4},{"id":5},{"id":6},{"id":7},{"id":8},{"id":9},{"id":10},{"id":11},{"id":12},{"id":13},{"id":14},{"id":15},{"id":16},{"id":17},{"id":18},{"id":19},{"id":20},{"id":21},{"id":22},{"id":23},{"id":24},{"id":25},{"id":26},{"id":27},{"id":28},{"id":29},{"id":30},{"id":31},{"id":32}]},{"name":"Nikxta","id":13,"guid":458463,"type":"Paladin","server":"Torghast","icon":"Paladin-Holy","fights":[{"id":1},{"id":2},{"id":3},{"id":4},{"id":5},{"id":6},{"id":7},{"id":8},{"id":9},{"id":10},{"id":11},{"id":12},{"id":13},{"id":14},{"id":15},{"id":16},{"id":17},{"id":18},{"id":19},{"id":20},{"id":21},{"id":22},{"id":23},{"id":24},{"id":25},{"id":26},{"id":27},{"id":28},{"id":29},{"id":30},{"id":31},{"id":32}]},{"name":"Dpsdamage","id":25,"guid":1011918,"type":"Hunter","server":"Torghast","icon":"Hunter-Marksmanship","fights":[{"id":1},{"id":2},{"id":3},{"id":4},{"id":5},{"id":6},{"id":7},{"id":8},{"id":9},{"id":10},{"id":11},{"id":12},{"id":13},{"id":14},{"id":15},{"id":16},{"id":17},{"id":18},{"id":19},{"id":20},{"id":21},{"id":22},{"id":23},{"id":24},{"id":25},{"id":26},{"id":27},{"id":28},{"id":29},{"id":30},{"id":31},{"id":32}]},{"name":"Rieasraid","id":10,"guid":1137439,"type":"Druid","server":"Torghast","icon":"Druid-Restoration","fights":[{"id":1},{"id":2},{"id":3},{"id":4},{"id":5},{"id":6},{"id":7},{"id":8},{"id":9},{"id":10},{"id":11},{"id":12},{"id":13},{"id":14},{"id":15},{"id":16},{"id":17},{"id":18},{"id":19},{"id":20},{"id":21},{"id":22},{"id":23},{"id":24},{"id":25},{"id":26},{"id":27},{"id":28},{"id":29},{"id":30},{"id":31},{"id":32}]},{"name":"Dayz","id":69,"guid":1103172,"type":"Rogue","server":"Torghast","icon":"Rogue","fights":[{"id":4},{"id":5},{"id":6},{"id":7},{"id":8},{"id":9},{"id":10},{"id":11},{"id":12},{"id":13},{"id":14},{"id":15},{"id":16},{"id":17},{"id":18},{"id":19},{"id":20},{"id":21},{"id":22},{"id":23},{"id":24},{"id":25},{"id":26},{"id":27},{"id":28},{"id":29},{"id":30},{"id":31},{"id":32}]},{"name":"Fbsham","id":16,"guid":881709,"type":"Shaman","server":"Torghast","icon":"Shaman-Restoration","fights":[{"id":1},{"id":2},{"id":3},{"id":4},{"id":5},{"id":6},{"id":7},{"id":8},{"id":9},{"id":10},{"id":11},{"id":12},{"id":13},{"id":14},{"id":15},{"id":16},{"id":17},{"id":18},{"id":19},{"id":20},{"id":21},{"id":22},{"id":23},{"id":24},{"id":25},{"id":26},{"id":27},{"id":28},{"id":29},{"id":30},{"id":31},{"id":32}]},{"name":"Dracdot","id":1,"guid":1110270,"type":"Warlock","server":"Torghast","icon":"Warlock-Affliction","fights":[{"id":1},{"id":2},{"id":3},{"id":4},{"id":5},{"id":6},{"id":7},{"id":8},{"id":9},{"id":10},{"id":11},{"id":12},{"id":13},{"id":14},{"id":15},{"id":16},{"id":17},{"id":18},{"id":19},{"id":20},{"id":21},{"id":22},{"id":23},{"id":24},{"id":25},{"id":26},{"id":27},{"id":28},{"id":29},{"id":30},{"id":31},{"id":32}]},{"name":"Ganori","id":3,"guid":999459,"type":"Priest","server":"Torghast","icon":"Priest-Shadow","fights":[{"id":1},{"id":2},{"id":3},{"id":4},{"id":5},{"id":6},{"id":7},{"id":8},{"id":9},{"id":10},{"id":11},{"id":12},{"id":13},{"id":14},{"id":15},{"id":16},{"id":17},{"id":18},{"id":19},{"id":20},{"id":21},{"id":22},{"id":23},{"id":24},{"id":25},{"id":26},{"id":27},{"id":28},{"id":29},{"id":30},{"id":31},{"id":32}]},{"name":"Essence Font","id":42,"guid":165778,"type":"NPC","icon":"custom-icon-inv_mechagnome_powercell_broken","fights":[{"id":1,"instances":3,"groups":1},{"id":2,"instances":3,"groups":2},{"id":3,"instances":2,"groups":1},{"id":4,"instances":2,"groups":1},{"id":5,"instances":4,"groups":1},{"id":6,"instances":4,"groups":1},{"id":7,"instances":4,"groups":1},{"id":8,"instances":4,"groups":1},{"id":9,"instances":4,"groups":1},{"id":10,"instances":3,"groups":1},{"id":11,"instances":4,"groups":1},{"id":12,"instances":4,"groups":1}]},{"name":"Vynastrin","id":24,"guid":994466,"type":"Monk","server":"Torghast","icon":"Monk-Windwalker","fights":[{"id":1},{"id":2},{"id":3},{"id":4},{"id":5},{"id":6},{"id":7},{"id":8},{"id":9},{"id":10},{"id":11},{"id":12},{"id":13},{"id":14},{"id":15},{"id":16},{"id":17},{"id":18},{"id":19},{"id":20},{"id":21},{"id":22},{"id":23},{"id":24},{"id":25},{"id":26},{"id":27},{"id":28},{"id":29},{"id":30},{"id":31},{"id":32}]}],"enemies":[{"name":"Rockbound Vanquisher","id":51,"guid":165764,"type":"NPC","icon":"custom-icon-ability_earthen_pillar","fights":[{"id":1,"instances":1,"groups":2},{"id":2,"instances":1,"groups":2},{"id":3,"instances":1,"groups":2},{"id":4,"instances":1,"groups":2},{"id":5,"instances":1,"groups":2},{"id":6,"instances":1,"groups":2},{"id":7,"instances":1,"groups":2},{"id":8,"instances":1,"groups":2},{"id":9,"instances":1,"groups":2},{"id":10,"instances":1,"groups":2},{"id":11,"instances":1,"groups":2},{"id":12,"instances":1,"groups":2}]},{"name":"Castellan Niklaus","id":83,"guid":166971,"type":"Boss","icon":"custom-icon-ability_warrior_charge","fights":[{"id":13,"instances":1},{"id":14,"instances":1},{"id":15,"instances":1},{"id":16,"instances":1},{"id":17,"instances":1},{"id":18,"instances":1},{"id":20,"instances":1},{"id":22,"instances":1},{"id":23,"instances":1},{"id":24,"instances":1},{"id":25,"instances":1},{"id":26,"instances":1},{"id":27,"instances":1},{"id":29,"instances":1},{"id":31,"instances":1},{"id":32,"instances":1}]},{"name":"Baroness Frieda","id":85,"guid":166969,"type":"Boss","icon":"custom-icon-spell_animarevendreth_missile","fights":[{"id":13,"instances":1,"groups":1},{"id":14,"instances":1,"groups":2},{"id":15,"instances":1,"groups":1},{"id":16,"instances":1,"groups":2},{"id":17,"instances":1,"groups":1},{"id":18,"instances":1,"groups":1},{"id":19,"instances":1,"groups":1},{"id":20,"instances":1,"groups":1},{"id":21,"instances":1,"groups":1},{"id":22,"instances":1,"groups":1},{"id":23,"instances":1,"groups":1},{"id":24,"instances":1,"groups":1},{"id":25,"instances":1,"groups":1},{"id":26,"instances":1,"groups":1},{"id":27,"instances":1,"groups":1},{"id":28,"instances":1,"groups":1},{"id":29,"instances":1,"groups":1},{"id":30,"instances":1,"groups":1},{"id":31,"instances":1,"groups":1},{"id":32,"instances":1,"groups":1}]},{"name":"Vile Occultist","id":33,"guid":165763,"type":"NPC","icon":"custom-icon-sha_spell_fire_blueflamering_nightmare","fights":[{"id":1,"instances":4,"groups":1},{"id":2,"instances":4,"groups":1},{"id":3,"instances":4,"groups":1},{"id":4,"instances":4,"groups":1},{"id":5,"instances":4,"groups":1},{"id":6,"instances":4,"groups":1},{"id":7,"instances":4,"groups":1},{"id":8,"instances":4,"groups":1},{"id":9,"instances":4,"groups":1},{"id":10,"instances":4,"groups":1},{"id":11,"instances":4,"groups":1},{"id":12,"instances":4,"groups":1}]},{"name":"Lord Stavros","id":84,"guid":166970,"type":"Boss","icon":"custom-icon-ability_rogue_shadowstep","fights":[{"id":13,"instances":1,"groups":2},{"id":14,"instances":1,"groups":2},{"id":15,"instances":1,"groups":2},{"id":16,"instances":1,"groups":3},{"id":17,"instances":1,"groups":2},{"id":18,"instances":1,"groups":1},{"id":19,"instances":1,"groups":1},{"id":20,"instances":1,"groups":1},{"id":21,"instances":1,"groups":1},{"id":22,"instances":1,"groups":3},{"id":23,"instances":1,"groups":1},{"id":24,"instances":1,"groups":1},{"id":25,"instances":1,"groups":1},{"id":26,"instances":1,"groups":1},{"id":27,"instances":1,"groups":1},{"id":28,"instances":1,"groups":1},{"id":29,"instances":1,"groups":1},{"id":30,"instances":1,"groups":1},{"id":31,"instances":1,"groups":1},{"id":32,"instances":1,"groups":1}]},{"name":"Anima Fountain","id":88,"guid":168335,"type":"NPC","icon":"custom-icon-artifactability_blooddeathknight_umbilicuseternus","fights":[{"id":13,"instances":4,"groups":1},{"id":14,"instances":4,"groups":2},{"id":15,"instances":4,"groups":2},{"id":16,"instances":4,"groups":3},{"id":17,"instances":4,"groups":3},{"id":18,"instances":4,"groups":3},{"id":20,"instances":4,"groups":3},{"id":22,"instances":4,"groups":2},{"id":23,"instances":4,"groups":3},{"id":24,"instances":4,"groups":3},{"id":25,"instances":4,"groups":5},{"id":26,"instances":4,"groups":3},{"id":27,"instances":4,"groups":3},{"id":29,"instances":4,"groups":1},{"id":31,"instances":4,"groups":5},{"id":32,"instances":4,"groups":4}]},{"name":"Unyielding Shield","id":87,"guid":171990,"type":"NPC","icon":"NPC","fights":[{"id":13,"instances":1,"groups":1},{"id":14,"instances":2,"groups":2},{"id":15,"instances":2,"groups":2},{"id":16,"instances":3,"groups":3},{"id":17,"instances":3,"groups":3},{"id":18,"instances":3,"groups":2},{"id":20,"instances":3,"groups":3},{"id":22,"instances":4,"groups":3},{"id":23,"instances":3,"groups":3},{"id":24,"instances":2,"groups":4},{"id":25,"instances":6,"groups":5},{"id":26,"instances":5,"groups":3},{"id":27,"instances":5,"groups":2},{"id":29,"instances":3,"groups":2},{"id":31,"instances":6,"groups":4},{"id":32,"instances":5,"groups":2}]},{"name":"Dance Controller","id":86,"guid":168870,"type":"NPC","icon":"custom-icon-ability_deathknight_hemorrhagicfever","fights":[{"id":13,"instances":1},{"id":14,"instances":1},{"id":15,"instances":1},{"id":16,"instances":1},{"id":17,"instances":1},{"id":18,"instances":1},{"id":20,"instances":1},{"id":22,"instances":1},{"id":23,"instances":1},{"id":24,"instances":1},{"id":25,"instances":1},{"id":26,"instances":1},{"id":27,"instances":1},{"id":29,"instances":1},{"id":31,"instances":1},{"id":32,"instances":1}]},{"name":"Bleakwing Assassin","id":28,"guid":167566,"type":"NPC","icon":"custom-icon-ability_revendreth_rogue","fights":[{"id":1,"instances":2,"groups":1},{"id":2,"instances":2,"groups":1},{"id":3,"instances":2,"groups":1},{"id":4,"instances":2,"groups":1},{"id":5,"instances":2,"groups":1},{"id":6,"instances":2,"groups":1},{"id":7,"instances":2,"groups":1},{"id":8,"instances":2,"groups":1},{"id":9,"instances":2,"groups":1},{"id":10,"instances":2,"groups":1},{"id":11,"instances":2,"groups":1},{"id":12,"instances":2,"groups":1}]},{"name":"Waltzing Venthyr","id":79,"guid":168406,"type":"NPC","icon":"custom-icon-achievement_halloween_ghost_01","fights":[{"id":13,"instances":63,"groups":3},{"id":14,"instances":86,"groups":4},{"id":15,"instances":87,"groups":4},{"id":16,"instances":86,"groups":5},{"id":17,"instances":110,"groups":5},{"id":18,"instances":87,"groups":5},{"id":20,"instances":86,"groups":4},{"id":22,"instances":110,"groups":5},{"id":23,"instances":110,"groups":5},{"id":24,"instances":157,"groups":7},{"id":25,"instances":197,"groups":9},{"id":26,"instances":110,"groups":5},{"id":27,"instances":86,"groups":4},{"id":29,"instances":63,"groups":3},{"id":31,"instances":150,"groups":7},{"id":32,"instances":23,"groups":1}]},{"name":"Afterimage of Baroness Frieda","id":93,"guid":172803,"type":"NPC","icon":"custom-icon-artifactability_blooddeathknight_umbilicuseternus","fights":[{"id":22,"instances":1,"groups":1},{"id":23,"instances":1,"groups":1},{"id":24,"instances":1,"groups":2},{"id":25,"instances":1,"groups":4},{"id":31,"instances":1,"groups":3},{"id":32,"instances":1,"groups":1}]},{"name":"High Torturer Darithos","id":29,"guid":168973,"type":"Boss","icon":"custom-icon-spell_animarevendreth_wave","fights":[{"id":1,"instances":1},{"id":2,"instances":1},{"id":3,"instances":1},{"id":4,"instances":1},{"id":5,"instances":1},{"id":6,"instances":1},{"id":7,"instances":1},{"id":8,"instances":1},{"id":9,"instances":1},{"id":10,"instances":1},{"id":11,"instances":1},{"id":12,"instances":1}]},{"name":"Soul Infuser","id":53,"guid":165762,"type":"NPC","icon":"custom-icon-ability_warlock_soullink","fights":[{"id":1,"instances":4,"groups":1},{"id":2,"instances":4,"groups":1},{"id":3,"instances":4,"groups":1},{"id":4,"instances":4,"groups":1},{"id":5,"instances":4,"groups":1},{"id":6,"instances":4,"groups":1},{"id":7,"instances":4,"groups":1},{"id":8,"instances":4,"groups":1},{"id":9,"instances":4,"groups":1},{"id":10,"instances":4,"groups":1},{"id":11,"instances":4,"groups":1},{"id":12,"instances":4,"groups":1}]}],"friendlyPets":[{"name":"Fallen Monk","id":44,"guid":168033,"type":"Pet","icon":"abilities/ability_revendreth_monk","petOwner":24,"fights":[{"id":1,"instances":6},{"id":2,"instances":6},{"id":3,"instances":6},{"id":4,"instances":6},{"id":5,"instances":6},{"id":6,"instances":6},{"id":7,"instances":6},{"id":8,"instances":6},{"id":9,"instances":6},{"id":10,"instances":6},{"id":11,"instances":6},{"id":12,"instances":6},{"id":13,"instances":6},{"id":14,"instances":6},{"id":16,"instances":6},{"id":18,"instances":6},{"id":20,"instances":6},{"id":22,"instances":6},{"id":23,"instances":6},{"id":24,"instances":6},{"id":25,"instances":6},{"id":26,"instances":6},{"id":27,"instances":3},{"id":31,"instances":6},{"id":32,"instances":6}]},{"name":"Army of the Dead","id":30,"guid":24207,"type":"Pet","icon":"abilities/artifactability_unholydeathknight_deathsembrace","petOwner":19,"fights":[{"id":1,"instances":16},{"id":2,"instances":16},{"id":3,"instances":12}]},{"name":"Black Ox Statue","id":31,"guid":61146,"type":"Pet","icon":"abilities/monk_ability_summonoxstatue","petOwner":14,"fights":[{"id":1,"instances":2},{"id":2,"instances":2},{"id":3,"instances":1},{"id":4,"instances":1},{"id":5,"instances":1},{"id":6,"instances":1},{"id":7,"instances":2},{"id":8,"instances":2},{"id":9,"instances":2},{"id":12,"instances":1}]},{"name":"Mirror Image","id":38,"guid":31216,"type":"Pet","icon":"abilities/spell_magic_managain","petOwner":23,"fights":[{"id":1,"instances":3},{"id":2,"instances":3},{"id":3,"instances":3},{"id":4,"instances":3},{"id":5,"instances":3},{"id":6,"instances":3},{"id":7,"instances":3},{"id":8,"instances":3},{"id":9,"instances":3},{"id":10,"instances":3},{"id":11,"instances":3},{"id":12,"instances":3},{"id":13,"instances":3},{"id":14,"instances":3},{"id":15,"instances":3},{"id":16,"instances":3},{"id":17,"instances":3},{"id":18,"instances":3},{"id":20,"instances":3},{"id":22,"instances":3},{"id":23,"instances":3},{"id":24,"instances":6},{"id":25,"instances":6},{"id":26,"instances":3},{"id":27,"instances":3},{"id":29,"instances":3},{"id":31,"instances":6},{"id":32,"instances":3}]},{"name":"Mirror Image","id":35,"guid":31216,"type":"Pet","icon":"abilities/spell_magic_managain","petOwner":11,"fights":[{"id":1,"instances":3},{"id":2,"instances":3},{"id":3,"instances":3},{"id":4,"instances":3},{"id":5,"instances":3},{"id":6,"instances":3},{"id":7,"instances":3},{"id":8,"instances":3},{"id":10,"instances":3},{"id":11,"instances":3},{"id":12,"instances":3},{"id":14,"instances":3},{"id":15,"instances":3},{"id":16,"instances":3},{"id":17,"instances":3},{"id":18,"instances":3},{"id":20,"instances":3},{"id":22,"instances":3},{"id":23,"instances":3},{"id":24,"instances":3},{"id":25,"instances":6},{"id":26,"instances":3},{"id":27,"instances":3},{"id":31,"instances":6}]},{"name":"Capacitor Totem","id":65,"guid":61245,"type":"Pet","icon":"abilities/spell_nature_brilliance","petOwner":16,"fights":[{"id":3,"instances":1}]},{"name":"Pipgup","id":68,"guid":955988,"type":"Pet","icon":"abilities/spell_shadow_summonimp","petOwner":1,"fights":[{"id":4,"instances":1},{"id":5,"instances":1},{"id":6,"instances":1},{"id":7,"instances":1},{"id":8,"instances":1},{"id":9,"instances":1},{"id":10,"instances":1},{"id":11,"instances":1},{"id":12,"instances":1},{"id":13,"instances":1},{"id":14,"instances":1},{"id":15,"instances":1},{"id":16,"instances":1},{"id":17,"instances":1},{"id":18,"instances":1},{"id":20,"instances":1},{"id":22,"instances":1},{"id":23,"instances":1},{"id":24,"instances":1},{"id":25,"instances":1},{"id":26,"instances":1},{"id":27,"instances":1},{"id":29,"instances":1},{"id":31,"instances":1},{"id":32,"instances":1}]},{"name":"Efflorescence","id":27,"guid":47649,"type":"Pet","icon":"abilities/inv_misc_herb_talandrasrose","petOwner":10,"fights":[{"id":1,"instances":3},{"id":2,"instances":3},{"id":3,"instances":3},{"id":4,"instances":3},{"id":6,"instances":2},{"id":7,"instances":2},{"id":8,"instances":1},{"id":9,"instances":2},{"id":11,"instances":1},{"id":12,"instances":4},{"id":13,"instances":2},{"id":14,"instances":1},{"id":15,"instances":1},{"id":16,"instances":1},{"id":17,"instances":2},{"id":18,"instances":2},{"id":20,"instances":4},{"id":22,"instances":4},{"id":23,"instances":2},{"id":24,"instances":3},{"id":25,"instances":3},{"id":26,"instances":3},{"id":27,"instances":2},{"id":29,"instances":1},{"id":31,"instances":4},{"id":32,"instances":5}]},{"name":"Healing Tide Totem","id":76,"guid":59764,"type":"Pet","icon":"abilities/ability_shaman_healingtide","petOwner":16,"fights":[{"id":5,"instances":1},{"id":6,"instances":1},{"id":7,"instances":1},{"id":9,"instances":1},{"id":11,"instances":1},{"id":12,"instances":1},{"id":16,"instances":1},{"id":17,"instances":1},{"id":18,"instances":1},{"id":20,"instances":1},{"id":22,"instances":1},{"id":23,"instances":1},{"id":24,"instances":1},{"id":25,"instances":1},{"id":26,"instances":1},{"id":27,"instances":1},{"id":31,"instances":1},{"id":32,"instances":1}]},{"name":"Ancestral Protection Totem","id":67,"guid":104818,"type":"Pet","icon":"abilities/spell_nature_reincarnation","petOwner":16,"fights":[{"id":3,"instances":1},{"id":22,"instances":1},{"id":23,"instances":1},{"id":24,"instances":1},{"id":31,"instances":1},{"id":32,"instances":1}]},{"name":"Demonic Gateway","id":72,"guid":59271,"type":"Pet","icon":"custom-icon-trade_engineering","petOwner":1,"fights":[{"id":4,"instances":1},{"id":5,"instances":1},{"id":8,"instances":1},{"id":10,"instances":1},{"id":12,"instances":1}]},{"name":"Fallen Monk","id":47,"guid":168073,"type":"Pet","icon":"abilities/ability_revendreth_monk","petOwner":24,"fights":[{"id":1,"instances":2},{"id":2,"instances":2},{"id":3,"instances":3},{"id":4,"instances":3},{"id":5,"instances":2},{"id":6,"instances":3},{"id":7,"instances":3},{"id":8,"instances":3},{"id":9,"instances":1},{"id":10,"instances":2},{"id":11,"instances":2},{"id":12,"instances":2},{"id":13,"instances":3},{"id":16,"instances":2},{"id":18,"instances":2},{"id":20,"instances":5},{"id":22,"instances":2},{"id":24,"instances":1},{"id":25,"instances":5},{"id":26,"instances":3},{"id":27,"instances":1},{"id":31,"instances":2},{"id":32,"instances":2}]},{"name":"Niuzao","id":36,"guid":73967,"type":"Pet","icon":"abilities/spell_monk_brewmaster_spec","petOwner":14,"fights":[{"id":1,"instances":1},{"id":3,"instances":1},{"id":8,"instances":1},{"id":12,"instances":1},{"id":14,"instances":1},{"id":15,"instances":1},{"id":16,"instances":1},{"id":20,"instances":1},{"id":22,"instances":1},{"id":24,"instances":1},{"id":25,"instances":1},{"id":31,"instances":1}]},{"name":"Xuen","id":45,"guid":63508,"type":"Pet","icon":"abilities/ability_monk_summontigerstatue","petOwner":24,"fights":[{"id":1,"instances":1},{"id":2,"instances":1},{"id":3,"instances":1},{"id":4,"instances":1},{"id":9,"instances":1},{"id":10,"instances":1},{"id":11,"instances":1},{"id":12,"instances":1},{"id":13,"instances":1},{"id":14,"instances":1},{"id":15,"instances":1},{"id":16,"instances":1},{"id":17,"instances":1},{"id":18,"instances":1},{"id":20,"instances":1},{"id":22,"instances":1},{"id":23,"instances":1},{"id":24,"instances":1},{"id":25,"instances":2},{"id":26,"instances":1},{"id":27,"instances":1},{"id":31,"instances":2},{"id":32,"instances":1}]},{"name":"Risen Skulker","id":21,"guid":99541,"type":"Pet","icon":"abilities/spell_shadow_animatedead","petOwner":19,"fights":[{"id":1,"instances":1},{"id":2,"instances":1},{"id":3,"instances":1}]},{"name":"Efflorescence","id":26,"guid":47649,"type":"Pet","icon":"abilities/inv_misc_herb_talandrasrose","petOwner":17,"fights":[{"id":1,"instances":4},{"id":2,"instances":2},{"id":3,"instances":3},{"id":4,"instances":4},{"id":5,"instances":2},{"id":6,"instances":3},{"id":7,"instances":3},{"id":8,"instances":2},{"id":9,"instances":2},{"id":10,"instances":3},{"id":11,"instances":5},{"id":12,"instances":5},{"id":13,"instances":2},{"id":14,"instances":2},{"id":17,"instances":1},{"id":18,"instances":3},{"id":20,"instances":2},{"id":22,"instances":3},{"id":23,"instances":3},{"id":24,"instances":5},{"id":25,"instances":3},{"id":26,"instances":3},{"id":27,"instances":2},{"id":29,"instances":2},{"id":31,"instances":5},{"id":32,"instances":6}]},{"name":"Darkglare","id":41,"guid":103673,"type":"Pet","icon":"abilities/inv_beholderwarlock","petOwner":1,"fights":[{"id":1,"instances":1},{"id":3,"instances":1},{"id":7,"instances":1},{"id":10,"instances":1},{"id":11,"instances":1},{"id":12,"instances":1},{"id":13,"instances":1},{"id":14,"instances":1},{"id":15,"instances":1},{"id":16,"instances":1},{"id":17,"instances":1},{"id":18,"instances":1},{"id":20,"instances":1},{"id":22,"instances":1},{"id":23,"instances":1},{"id":24,"instances":1},{"id":25,"instances":1},{"id":26,"instances":1},{"id":27,"instances":1},{"id":29,"instances":1},{"id":31,"instances":2},{"id":32,"instances":1}]},{"name":"Shadowfiend","id":66,"guid":19668,"type":"Pet","icon":"abilities/spell_shadow_shadowfiend","petOwner":12,"fights":[{"id":3,"instances":1},{"id":4,"instances":1},{"id":5,"instances":1},{"id":6,"instances":1},{"id":7,"instances":1},{"id":8,"instances":1},{"id":9,"instances":1},{"id":10,"instances":1},{"id":11,"instances":1},{"id":12,"instances":1},{"id":14,"instances":1},{"id":15,"instances":1},{"id":16,"instances":1},{"id":17,"instances":1},{"id":18,"instances":1},{"id":20,"instances":1},{"id":22,"instances":1},{"id":23,"instances":1},{"id":24,"instances":1},{"id":25,"instances":1},{"id":26,"instances":1},{"id":27,"instances":1},{"id":31,"instances":1},{"id":32,"instances":2}]},{"name":"Spirit Link Totem","id":78,"guid":53006,"type":"Pet","icon":"abilities/spell_shaman_spiritlink","petOwner":16,"fights":[{"id":10,"instances":1},{"id":32,"instances":1}]},{"name":"Fallen Monk","id":46,"guid":168074,"type":"Pet","icon":"abilities/ability_revendreth_monk","petOwner":24,"fights":[{"id":1,"instances":3},{"id":2,"instances":3},{"id":3,"instances":2},{"id":4,"instances":2},{"id":5,"instances":3},{"id":6,"instances":2},{"id":7,"instances":2},{"id":8,"instances":2},{"id":9,"instances":4},{"id":10,"instances":3},{"id":11,"instances":3},{"id":12,"instances":3},{"id":13,"instances":2},{"id":14,"instances":4},{"id":16,"instances":3},{"id":18,"instances":3},{"id":22,"instances":3},{"id":23,"instances":4},{"id":24,"instances":4},{"id":26,"instances":2},{"id":27,"instances":1},{"id":31,"instances":3},{"id":32,"instances":3}]},{"name":"Mindbender","id":52,"guid":62982,"type":"Pet","icon":"abilities/spell_shadow_soulleech_3","petOwner":3,"fights":[{"id":1,"instances":1},{"id":2,"instances":2},{"id":3,"instances":2},{"id":4,"instances":2},{"id":5,"instances":2},{"id":6,"instances":1},{"id":7,"instances":1},{"id":8,"instances":1},{"id":9,"instances":1},{"id":10,"instances":1},{"id":11,"instances":1},{"id":12,"instances":2},{"id":13,"instances":2},{"id":14,"instances":2},{"id":15,"instances":2},{"id":16,"instances":1},{"id":17,"instances":2},{"id":18,"instances":2},{"id":20,"instances":2},{"id":22,"instances":2},{"id":23,"instances":2},{"id":24,"instances":3},{"id":25,"instances":4},{"id":26,"instances":2},{"id":27,"instances":2},{"id":29,"instances":2},{"id":31,"instances":4},{"id":32,"instances":3}]},{"name":"Frothing Pustule","id":60,"guid":175519,"type":"Pet","icon":"custom-icon-inv_axe_02","petOwner":25,"fights":[{"id":1,"instances":1},{"id":2,"instances":1},{"id":3,"instances":2},{"id":4,"instances":1},{"id":5,"instances":6},{"id":6,"instances":1},{"id":8,"instances":4},{"id":9,"instances":3},{"id":10,"instances":5},{"id":11,"instances":5},{"id":12,"instances":4},{"id":13,"instances":1},{"id":15,"instances":3},{"id":16,"instances":2},{"id":17,"instances":5},{"id":18,"instances":2},{"id":20,"instances":4},{"id":22,"instances":4},{"id":23,"instances":2},{"id":24,"instances":2},{"id":25,"instances":4},{"id":26,"instances":2},{"id":27,"instances":4},{"id":29,"instances":2},{"id":31,"instances":6},{"id":32,"instances":10}]},{"name":"Earthmuncher","id":20,"guid":951913,"type":"Pet","icon":"abilities/spell_shadow_animatedead","petOwner":19,"fights":[{"id":1,"instances":1},{"id":2,"instances":1},{"id":3,"instances":1}]},{"name":"Aürora","id":56,"guid":173756,"type":"Pet","icon":"custom-icon-inv_misc_reforgedarchstone_01","petOwner":6,"fights":[{"id":1,"instances":1},{"id":2,"instances":1},{"id":3,"instances":1},{"id":4,"instances":2},{"id":5,"instances":1},{"id":6,"instances":2},{"id":7,"instances":2},{"id":8,"instances":1},{"id":9,"instances":1},{"id":10,"instances":1},{"id":11,"instances":2},{"id":13,"instances":1},{"id":14,"instances":2},{"id":15,"instances":1},{"id":16,"instances":2},{"id":17,"instances":1},{"id":18,"instances":1},{"id":22,"instances":1},{"id":23,"instances":2},{"id":24,"instances":1},{"id":25,"instances":2},{"id":26,"instances":2},{"id":27,"instances":1},{"id":29,"instances":1},{"id":31,"instances":1},{"id":32,"instances":1}]},{"name":"Anzle","id":57,"guid":173756,"type":"Pet","icon":"custom-icon-inv_misc_reforgedarchstone_01","petOwner":12,"fights":[{"id":1,"instances":2},{"id":2,"instances":2},{"id":3,"instances":2},{"id":4,"instances":1},{"id":5,"instances":2},{"id":6,"instances":1},{"id":7,"instances":1},{"id":8,"instances":2},{"id":9,"instances":2},{"id":10,"instances":2},{"id":11,"instances":1},{"id":14,"instances":3},{"id":15,"instances":2},{"id":16,"instances":1},{"id":17,"instances":2},{"id":18,"instances":2},{"id":20,"instances":1},{"id":22,"instances":2},{"id":23,"instances":1},{"id":24,"instances":2},{"id":25,"instances":1},{"id":26,"instances":1},{"id":27,"instances":2},{"id":29,"instances":2},{"id":31,"instances":2}]},{"name":"Earthbind Totem","id":80,"guid":2630,"type":"Pet","icon":"abilities/spell_nature_strengthofearthtotem02","petOwner":16,"fights":[{"id":12,"instances":1}]},{"name":"Demonic Gateway","id":71,"guid":59262,"type":"Pet","icon":"custom-icon-trade_engineering","petOwner":1,"fights":[{"id":4,"instances":1},{"id":5,"instances":1},{"id":8,"instances":1},{"id":10,"instances":1},{"id":12,"instances":1}]},{"name":"Greater Earth Elemental","id":91,"guid":95072,"type":"Pet","icon":"abilities/spell_nature_earthelemental_totem","petOwner":16,"fights":[{"id":20,"instances":1},{"id":24,"instances":1},{"id":25,"instances":1},{"id":31,"instances":1},{"id":32,"instances":1}]}],"enemyPets":[],"phases":[],"logVersion":16,"gameVersion":1,"title":"sun king/council testing","owner":"AüRøRä","start":1601064266648,"end":1601073401603,"zone":26,"exportedCharacters":[]}