{"fights":[{"id":1,"start_time":0,"end_time":213772,"boss":2329,"name":"Wrathion","size":20,"difficulty":4,"kill":true,"partial":3,"bossPercentage":0,"fightPercentage":0,"lastPhaseForPercentageDisplay":1,"maps":[1580]},{"id":2,"start_time":538855,"end_time":703119,"boss":2327,"name":"Maut","size":20,"difficulty":4,"kill":true,"partial":3,"bossPercentage":0,"fightPercentage":0,"lastPhaseForPercentageDisplay":1,"maps":[1581]},{"id":3,"start_time":1062228,"end_time":1255678,"boss":2334,"name":"Prophet Skitra","size":20,"difficulty":4,"kill":true,"partial":3,"bossPercentage":0,"fightPercentage":0,"lastPhaseForPercentageDisplay":0,"maps":[1581]},{"id":4,"start_time":2084649,"end_time":2295631,"boss":2328,"name":"Dark Inquisitor Xanesh","size":20,"difficulty":4,"kill":false,"partial":3,"bossPercentage":1954,"fightPercentage":1954,"lastPhaseForPercentageDisplay":0,"maps":[1592]},{"id":5,"start_time":2458399,"end_time":2690192,"boss":2328,"name":"Dark Inquisitor Xanesh","size":20,"difficulty":4,"kill":true,"partial":3,"bossPercentage":0,"fightPercentage":0,"lastPhaseForPercentageDisplay":0,"maps":[1592]},{"id":6,"start_time":3008560,"end_time":3365369,"boss":2336,"name":"Vexiona","size":20,"difficulty":4,"kill":true,"partial":3,"bossPercentage":0,"fightPercentage":0,"lastPhaseForPercentageDisplay":1,"maps":[1593]},{"id":7,"start_time":3727325,"end_time":3946683,"boss":2333,"name":"The Hivemind","size":20,"difficulty":4,"kill":true,"partial":3,"bossPercentage":0,"fightPercentage":0,"lastPhaseForPercentageDisplay":0,"maps":[1590]},{"id":8,"start_time":4306747,"end_time":4541732,"boss":2331,"name":"Ra-den the Despoiled","size":20,"difficulty":4,"kill":true,"partial":3,"bossPercentage":0,"fightPercentage":0,"lastPhaseForPercentageDisplay":2,"maps":[1591]},{"id":9,"start_time":5565398,"end_time":5739406,"boss":2335,"name":"Shad'har the Insatiable","size":19,"difficulty":4,"kill":true,"partial":3,"bossPercentage":0,"fightPercentage":0,"lastPhaseForPercentageDisplay":3,"maps":[1594]},{"id":10,"start_time":5965680,"end_time":6228033,"boss":2343,"name":"Drest'agath","size":19,"difficulty":4,"kill":true,"partial":3,"bossPercentage":0,"fightPercentage":0,"lastPhaseForPercentageDisplay":0,"maps":[1595]},{"id":11,"start_time":6537485,"end_time":6970061,"boss":2345,"name":"Il'gynoth, Corruption Reborn","size":19,"difficulty":4,"kill":false,"partial":3,"bossPercentage":688,"fightPercentage":688,"lastPhaseForPercentageDisplay":0,"maps":[1596]},{"id":12,"start_time":7182846,"end_time":7573099,"boss":2345,"name":"Il'gynoth, Corruption Reborn","size":19,"difficulty":4,"kill":true,"partial":3,"bossPercentage":7139,"fightPercentage":7139,"lastPhaseForPercentageDisplay":0,"maps":[1596]},{"id":13,"start_time":8019851,"end_time":8561788,"boss":2337,"name":"Carapace of N'Zoth","size":18,"difficulty":4,"kill":true,"partial":3,"bossPercentage":0,"fightPercentage":0,"lastPhaseForPercentageDisplay":3,"maps":[1597]},{"id":14,"start_time":8671682,"end_time":9175478,"boss":2344,"name":"N'Zoth the Corruptor","size":18,"difficulty":4,"kill":false,"partial":3,"bossPercentage":6947,"fightPercentage":6947,"lastPhaseForPercentageDisplay":1,"maps":[1597]},{"id":15,"start_time":9293132,"end_time":9885237,"boss":2344,"name":"N'Zoth the Corruptor","size":18,"difficulty":4,"kill":true,"partial":3,"bossPercentage":231,"fightPercentage":231,"lastPhaseForPercentageDisplay":2,"maps":[1597]}],"completeRaids":[],"lang":"en","friendlies":[{"name":"Jaciel","id":15,"guid":148353993,"type":"Hunter","server":"ThoriumBrotherhood","icon":"Hunter-BeastMastery","fights":[{"id":1},{"id":2},{"id":3},{"id":4},{"id":5},{"id":6},{"id":7},{"id":8},{"id":9},{"id":10},{"id":11},{"id":12},{"id":13},{"id":14},{"id":15}]},{"name":"Onieros","id":5,"guid":189112059,"type":"DemonHunter","server":"SilverHand","icon":"DemonHunter-Havoc","fights":[{"id":1},{"id":2},{"id":3},{"id":4},{"id":5},{"id":6},{"id":7},{"id":8},{"id":9},{"id":10},{"id":11},{"id":12},{"id":13},{"id":14},{"id":15}]},{"name":"Darlins","id":6,"guid":191745648,"type":"Shaman","server":"SilverHand","icon":"Shaman-Restoration","fights":[{"id":1},{"id":2},{"id":3},{"id":4},{"id":5},{"id":6},{"id":7},{"id":8},{"id":9},{"id":10},{"id":11},{"id":12},{"id":13},{"id":14},{"id":15}]},{"name":"Ghutz","id":3,"guid":148381175,"type":"Warrior","server":"ThoriumBrotherhood","icon":"Warrior-Fury","fights":[{"id":1},{"id":2},{"id":3},{"id":4},{"id":5},{"id":6},{"id":7},{"id":8},{"id":9},{"id":10},{"id":11},{"id":12},{"id":13},{"id":14},{"id":15}]},{"name":"Emeraldshdw","id":17,"guid":193885884,"type":"Hunter","server":"SilverHand","icon":"Hunter-BeastMastery","fights":[{"id":1},{"id":2},{"id":3},{"id":4},{"id":5},{"id":6},{"id":7},{"id":8},{"id":9},{"id":10},{"id":11},{"id":12},{"id":13},{"id":14},{"id":15}]},{"name":"Jolreal","id":10,"guid":143590768,"type":"Hunter","server":"Farstriders","icon":"Hunter-Marksmanship","fights":[{"id":1},{"id":2},{"id":3},{"id":4},{"id":5},{"id":6},{"id":7},{"id":8},{"id":9},{"id":10},{"id":11},{"id":12},{"id":13},{"id":14},{"id":15}]},{"name":"Beast","id":75,"guid":62005,"type":"Pet","icon":"abilities/ability_hunter_sickem","fights":[{"id":2,"instances":1},{"id":13,"instances":1}]},{"name":"Beshire","id":14,"guid":196795545,"type":"DeathKnight","server":"SilverHand","icon":"DeathKnight-Unholy","fights":[{"id":1},{"id":2},{"id":3},{"id":4},{"id":5},{"id":6},{"id":7},{"id":8},{"id":9},{"id":10},{"id":11},{"id":12},{"id":13},{"id":14},{"id":15}]},{"name":"Astorá","id":18,"guid":197654611,"type":"Priest","server":"SilverHand","icon":"Priest-Shadow","fights":[{"id":1},{"id":2},{"id":3},{"id":4},{"id":5},{"id":6},{"id":7},{"id":8},{"id":9},{"id":10},{"id":11},{"id":12},{"id":13},{"id":14},{"id":15}]},{"name":"Lathvia","id":1,"guid":83873357,"type":"Hunter","server":"SilverHand","icon":"Hunter-Marksmanship","fights":[{"id":1},{"id":2},{"id":3},{"id":4},{"id":5},{"id":6},{"id":7},{"id":8},{"id":9},{"id":10},{"id":11},{"id":12},{"id":13},{"id":14},{"id":15}]},{"name":"Knuckle","id":16,"guid":184821584,"type":"Hunter","server":"SilverHand","icon":"Hunter-Survival","fights":[{"id":1},{"id":2},{"id":3},{"id":4},{"id":5},{"id":6},{"id":7},{"id":8},{"id":9},{"id":10},{"id":11},{"id":12},{"id":13},{"id":14},{"id":15}]},{"name":"Manglegore","id":19,"guid":166383354,"type":"Druid","server":"SilverHand","icon":"Druid-Guardian","fights":[{"id":1},{"id":2},{"id":3},{"id":4},{"id":5},{"id":6},{"id":7},{"id":8},{"id":9},{"id":10},{"id":11},{"id":12},{"id":13},{"id":14},{"id":15}]},{"name":"Drasic","id":8,"guid":4863212,"type":"Druid","server":"SilverHand","icon":"Druid-Restoration","fights":[{"id":1},{"id":2},{"id":3},{"id":4},{"id":5},{"id":6},{"id":7},{"id":8},{"id":9},{"id":10},{"id":11},{"id":12},{"id":13},{"id":14},{"id":15}]},{"name":"Logoth","id":11,"guid":4858403,"type":"Warlock","server":"SilverHand","icon":"Warlock-Destruction","fights":[{"id":1},{"id":2},{"id":3},{"id":4},{"id":5},{"id":6},{"id":7},{"id":8},{"id":9},{"id":10},{"id":11},{"id":12},{"id":13},{"id":14},{"id":15}]},{"name":"Hizzle","id":13,"guid":167607630,"type":"Priest","server":"SilverHand","icon":"Priest-Holy","fights":[{"id":1},{"id":2},{"id":3},{"id":4},{"id":5},{"id":6},{"id":7},{"id":8}]},{"name":"Haldrat","id":9,"guid":147789818,"type":"DeathKnight","server":"ThoriumBrotherhood","icon":"DeathKnight-Unholy","fights":[{"id":1},{"id":2},{"id":3},{"id":4},{"id":5},{"id":6},{"id":7},{"id":8},{"id":9},{"id":10},{"id":11},{"id":12},{"id":13},{"id":14},{"id":15}]},{"name":"Krushh","id":12,"guid":4857884,"type":"Warrior","server":"SilverHand","icon":"Warrior-Protection","fights":[{"id":1},{"id":2},{"id":3},{"id":4},{"id":5},{"id":6},{"id":7},{"id":8},{"id":9},{"id":10},{"id":11},{"id":12},{"id":13},{"id":14},{"id":15}]},{"name":"Javabee","id":2,"guid":140082349,"type":"Priest","server":"SilverHand","icon":"Priest-Holy","fights":[{"id":1},{"id":2},{"id":3},{"id":4},{"id":5},{"id":6},{"id":7},{"id":8},{"id":9},{"id":10},{"id":11},{"id":12},{"id":13},{"id":14},{"id":15}]},{"name":"Shenanigans","id":4,"guid":194979103,"type":"Rogue","server":"ThoriumBrotherhood","icon":"Rogue-Assassination","fights":[{"id":1},{"id":2},{"id":3},{"id":4},{"id":5},{"id":6},{"id":7},{"id":8},{"id":9},{"id":10},{"id":11},{"id":12},{"id":13},{"id":14},{"id":15}]},{"name":"Humasha","id":20,"guid":192215506,"type":"Shaman","server":"ThoriumBrotherhood","icon":"Shaman-Elemental","fights":[{"id":1},{"id":2},{"id":3},{"id":4},{"id":5},{"id":6},{"id":7},{"id":8},{"id":9},{"id":10},{"id":11},{"id":12}]},{"name":"Epicheroine","id":7,"guid":167379851,"type":"Monk","server":"SilverHand","icon":"Monk-Mistweaver","fights":[{"id":1},{"id":2},{"id":3},{"id":4},{"id":5},{"id":6},{"id":7},{"id":8},{"id":9},{"id":10},{"id":11},{"id":12},{"id":13},{"id":14},{"id":15}]}],"enemies":[{"name":"Aqir Drone","id":106,"guid":157255,"type":"NPC","icon":"custom-icon-ability_fixated_state_red","fights":[{"id":7,"instances":30,"groups":3}]},{"name":"Tek'ris","id":102,"guid":157254,"type":"Boss","icon":"custom-icon-ability_priest_voidentropy","fights":[{"id":7,"instances":1}]},{"name":"Fury of N'Zoth","id":139,"guid":157439,"type":"Boss","icon":"custom-icon-spell_priest_void-blast","fights":[{"id":13,"instances":1}]},{"name":"Sylvanas Windrunner","id":164,"guid":160671,"type":"NPC","icon":"custom-icon-ability_theblackarrow","fights":[{"id":14,"instances":1,"groups":4},{"id":15,"instances":1,"groups":3}]},{"name":"Ashwalker Assassin","id":70,"guid":160291,"type":"NPC","icon":"custom-icon-ability_stealth","fights":[{"id":1,"instances":3,"groups":1}]},{"name":"Sinister Soulcarver","id":97,"guid":157449,"type":"NPC","icon":"custom-icon-ability_theblackarrow","fights":[{"id":6,"instances":6,"groups":4}]},{"name":"Mycelial Cyst","id":146,"guid":157461,"type":"NPC","icon":"NPC","fights":[{"id":13,"instances":32,"groups":1}]},{"name":"Shredded Psyche","id":78,"guid":158781,"type":"NPC","icon":"custom-icon-spell_shadow_painandsuffering","fights":[{"id":3,"instances":3}]},{"name":"Mindgate","id":162,"guid":158374,"type":"NPC","icon":"custom-icon-ability_kaztik_dominatemind","fights":[{"id":14,"instances":2},{"id":15,"instances":2}]},{"name":"Ka'zir","id":103,"guid":157253,"type":"Boss","icon":"custom-icon-ability_pet_baneling","fights":[{"id":7,"instances":1}]},{"name":"Organ of Corruption","id":133,"guid":158343,"type":"Boss","icon":"custom-icon-inv_misc_organ_06","fights":[{"id":11,"instances":6,"groups":3},{"id":12,"instances":6,"groups":3}]},{"name":"Drest'agath","id":126,"guid":157602,"type":"Boss","icon":"custom-icon-spell_shaman_earthquake","fights":[{"id":10,"instances":1}]},{"name":"Tentacle of Drest'agath","id":127,"guid":157614,"type":"NPC","icon":"custom-icon-ability_xavius_crushingshadows","fights":[{"id":10,"instances":4,"groups":3}]},{"name":"Void Portal","id":113,"guid":161945,"type":"NPC","icon":"custom-icon-trade_engineering","fights":[{"id":8,"instances":1}]},{"name":"Cursed Blood","id":134,"guid":159720,"type":"NPC","icon":"custom-icon-spell_deathknight_bloodtap","fights":[{"id":11,"instances":3,"groups":3},{"id":12,"instances":3,"groups":4}]},{"name":"Thought Harvester","id":165,"guid":162933,"type":"NPC","icon":"custom-icon-spell_shadow_brainwash","fights":[{"id":15,"instances":3,"groups":2}]},{"name":"Spike Tentacle","id":161,"guid":160249,"type":"NPC","icon":"custom-icon-spell_shadow_painspike","fights":[{"id":14,"instances":18,"groups":4},{"id":15,"instances":18,"groups":4}]},{"name":"Maut","id":71,"guid":156523,"type":"Boss","icon":"custom-icon-inv_misc_archstone_01","fights":[{"id":2,"instances":1}]},{"name":"Blood of Ny'alotha","id":136,"guid":159514,"type":"NPC","icon":"custom-icon-ability_warrior_bloodnova","fights":[{"id":11,"instances":45,"groups":1},{"id":12,"instances":37,"groups":1}]},{"name":"Spellbound Ritualist","id":99,"guid":157450,"type":"NPC","icon":"custom-icon-spell_shadow_shadowbolt","fights":[{"id":6,"instances":5}]},{"name":"Crackling Shard","id":68,"guid":158327,"type":"NPC","icon":"custom-icon-ability_rhyolith_volcano","fights":[{"id":1,"instances":32,"groups":1}]},{"name":"Essence of Vita","id":115,"guid":156884,"type":"NPC","icon":"custom-icon-ability_thunderking_lightningwhip","fights":[{"id":8,"instances":3,"groups":5}]},{"name":"N'Zoth the Corruptor","id":155,"guid":162480,"type":"NPC","icon":"custom-icon-spell_priest_void-blast","fights":[{"id":14,"instances":1,"groups":6},{"id":15,"instances":1,"groups":6}]},{"name":"Queen Azshara","id":86,"guid":156579,"type":"NPC","icon":"custom-icon-ability_warlock_eradication","fights":[{"id":4,"instances":1},{"id":5,"instances":1}]},{"name":"Maw of Drest'agath","id":128,"guid":157613,"type":"NPC","icon":"custom-icon-ability_creature_poison_02","fights":[{"id":10,"instances":4,"groups":3}]},{"name":"Horrific Hemorrhage","id":144,"guid":157486,"type":"NPC","icon":"custom-icon-ability_druid_ironfur","fights":[{"id":13,"instances":18,"groups":3}]},{"name":"Ra-den","id":111,"guid":156866,"type":"Boss","icon":"custom-icon-ability_deathwing_bloodcorruption_death","fights":[{"id":8,"instances":1}]},{"name":"Essence of Void","id":117,"guid":156980,"type":"NPC","icon":"custom-icon-inv_enchant_voidsphere","fights":[{"id":8,"instances":3,"groups":5}]},{"name":"Nightmare Antigen","id":145,"guid":157452,"type":"NPC","icon":"custom-icon-sha_spell_fire_ragnaros_supernova_nightmare","fights":[{"id":13,"instances":85,"groups":5}]},{"name":"Fanatical Cultist","id":95,"guid":157447,"type":"NPC","icon":"NPC","fights":[{"id":6,"instances":14,"groups":6}]},{"name":"Prophet Skitra","id":76,"guid":157238,"type":"Boss","icon":"custom-icon-inv_misc_shadowegg","fights":[{"id":3,"instances":1,"groups":2}]},{"name":"Exposed Synapse","id":151,"guid":159578,"type":"NPC","icon":"custom-icon-spell_nature_focusedmind","fights":[{"id":14,"instances":60,"groups":5},{"id":15,"instances":60,"groups":5}]},{"name":"N'Zoth the Corruptor","id":150,"guid":158041,"type":"Boss","icon":"custom-icon-spell_shadow_painandsuffering","fights":[{"id":14,"instances":1,"groups":2},{"id":15,"instances":1,"groups":2}]},{"name":"Deathwing","id":163,"guid":160665,"type":"NPC","icon":"custom-icon-spell_fire_felflamering_red","fights":[{"id":14,"instances":1,"groups":4},{"id":15,"instances":1,"groups":4}]},{"name":"Psychus","id":152,"guid":158376,"type":"NPC","icon":"custom-icon-ability_creature_disease_05","fights":[{"id":14,"instances":3,"groups":4},{"id":15,"instances":3,"groups":4}]},{"name":"Shad'har the Insatiable","id":121,"guid":157231,"type":"Boss","icon":"custom-icon-ability_warlock_everlastingaffliction","fights":[{"id":9,"instances":1}]},{"name":"Acidic Aqir","id":107,"guid":161019,"type":"NPC","icon":"custom-icon-ability_creature_poison_06","fights":[{"id":7,"instances":12,"groups":3}]},{"name":"Dark Inquisitor Xanesh","id":85,"guid":156575,"type":"Boss","icon":"custom-icon-inv_gauntlets_09","fights":[{"id":4,"instances":1},{"id":5,"instances":1}]},{"name":"Void Hunter","id":119,"guid":157366,"type":"NPC","icon":"custom-icon-ability_warlock_shadowfurytga","fights":[{"id":8,"instances":1}]},{"name":"Prophet Skitra","id":79,"guid":157620,"type":"NPC","icon":"NPC","fights":[{"id":3,"instances":1,"groups":2}]},{"name":"Living Miasma","id":122,"guid":157229,"type":"NPC","icon":"custom-icon-ability_priest_voidentropy","fights":[{"id":9,"instances":5}]},{"name":"Vita Portal","id":112,"guid":161943,"type":"NPC","icon":"custom-icon-trade_engineering","fights":[{"id":8,"instances":1}]},{"name":"Eye of Drest'agath","id":125,"guid":157612,"type":"NPC","icon":"custom-icon-spell_shadow_siphonmana","fights":[{"id":10,"instances":6,"groups":3}]},{"name":"Acidic Aqir","id":108,"guid":159173,"type":"NPC","icon":"custom-icon-ability_creature_poison_06","fights":[{"id":7,"instances":3}]},{"name":"Flayed Soul","id":87,"guid":157005,"type":"NPC","icon":"custom-icon-ability_demonhunter_soulcleave2","fights":[{"id":4,"instances":37,"groups":4},{"id":5,"instances":47,"groups":4}]},{"name":"Void Ascendant","id":91,"guid":157467,"type":"NPC","icon":"custom-icon-spell_priest_voidsear","fights":[{"id":6,"instances":3}]},{"name":"Growth-Covered Tentacle","id":143,"guid":157485,"type":"NPC","icon":"custom-icon-ability_golemthunderclap","fights":[{"id":13,"instances":1}]},{"name":"Gaze of Madness","id":142,"guid":157442,"type":"NPC","icon":"custom-icon-spell_priest_shadow-mend","fights":[{"id":13,"instances":3}]},{"name":"Corrupted Neuron","id":157,"guid":162331,"type":"NPC","icon":"NPC","fights":[{"id":14,"instances":13,"groups":2},{"id":15,"instances":19,"groups":2}]},{"name":"Basher Tentacle","id":159,"guid":158367,"type":"NPC","icon":"custom-icon-spell_priest_voidtendrils","fights":[{"id":14,"instances":12,"groups":7},{"id":15,"instances":8,"groups":6}]},{"name":"Mind's Eye","id":153,"guid":158122,"type":"NPC","icon":"custom-icon-inv_eyeofnzothpet","fights":[{"id":14,"instances":1,"groups":3},{"id":15,"instances":1,"groups":3}]},{"name":"Il'gynoth","id":130,"guid":158328,"type":"Boss","icon":"custom-icon-inv_eyeofnzothpet","fights":[{"id":11,"instances":1,"groups":3},{"id":12,"instances":1,"groups":3}]},{"name":"Dark Manifestation","id":74,"guid":156650,"type":"NPC","icon":"NPC","fights":[{"id":2,"instances":3,"groups":2}]},{"name":"Image of Absolution","id":80,"guid":160904,"type":"NPC","icon":"custom-icon-inv_enchant_dustillusion","fights":[{"id":3,"instances":21,"groups":1}]},{"name":"Synthesis Growth","id":147,"guid":157475,"type":"NPC","icon":"custom-icon-ability_druid_ironfur","fights":[{"id":13,"instances":16,"groups":1}]},{"name":"Aqir Darter","id":109,"guid":157256,"type":"NPC","icon":"custom-icon-ability_vehicle_sonicshockwave","fights":[{"id":7,"instances":6,"groups":2}]},{"name":"Corruptor Tentacle","id":160,"guid":158375,"type":"NPC","icon":"custom-icon-spell_shadow_skull","fights":[{"id":14,"instances":15,"groups":4},{"id":15,"instances":11,"groups":6}]},{"name":"Wrathion","id":21,"guid":156818,"type":"Boss","icon":"custom-icon-ability_deathwing_cataclysm","fights":[{"id":1,"instances":1,"groups":2}]},{"name":"Crackling Stalker","id":118,"guid":157365,"type":"NPC","icon":"custom-icon-spell_lightning_lightningbolt01","fights":[{"id":8,"instances":2}]},{"name":"Thrashing Tentacle","id":149,"guid":162159,"type":"NPC","icon":"custom-icon-ability_golemthunderclap","fights":[{"id":13,"instances":6,"groups":3}]},{"name":"Vexiona","id":92,"guid":157354,"type":"Boss","icon":"custom-icon-ability_priest_voidentropy","fights":[{"id":6,"instances":1}]}],"friendlyPets":[{"name":"Twisted Appendage","id":58,"guid":162764,"type":"Pet","icon":"abilities/achievement_boss_yoggsaron_01","petOwner":20,"fights":[{"id":1,"instances":4},{"id":2,"instances":3},{"id":3,"instances":3},{"id":4,"instances":3},{"id":5,"instances":2},{"id":6,"instances":1},{"id":7,"instances":3},{"id":8,"instances":4},{"id":10,"instances":2},{"id":11,"instances":6},{"id":12,"instances":9}]},{"name":"Mudbreaker","id":23,"guid":30176661,"type":"Pet","icon":"abilities/spell_shadow_animatedead","petOwner":9,"fights":[{"id":1,"instances":1},{"id":2,"instances":1},{"id":3,"instances":1},{"id":4,"instances":1},{"id":5,"instances":1},{"id":6,"instances":1},{"id":7,"instances":1},{"id":8,"instances":1},{"id":9,"instances":1},{"id":10,"instances":1},{"id":11,"instances":1},{"id":12,"instances":1},{"id":13,"instances":1},{"id":14,"instances":1},{"id":15,"instances":1}]},{"name":"Capacitor Totem","id":138,"guid":61245,"type":"Pet","icon":"abilities/spell_nature_brilliance","petOwner":6,"fights":[{"id":11,"instances":2}]},{"name":"Army of the Dead","id":36,"guid":24207,"type":"Pet","icon":"abilities/artifactability_unholydeathknight_deathsembrace","petOwner":9,"fights":[{"id":1,"instances":16},{"id":2,"instances":16},{"id":3,"instances":16},{"id":4,"instances":16},{"id":5,"instances":15},{"id":6,"instances":20},{"id":7,"instances":20},{"id":8,"instances":19},{"id":9,"instances":16},{"id":10,"instances":20},{"id":11,"instances":19},{"id":12,"instances":16},{"id":13,"instances":23},{"id":14,"instances":20},{"id":15,"instances":36}]},{"name":"Demonic Gateway","id":61,"guid":59271,"type":"Pet","icon":"custom-icon-trade_engineering","petOwner":11,"fights":[{"id":1,"instances":1},{"id":6,"instances":1},{"id":13,"instances":1}]},{"name":"Sarlos","id":131,"guid":1839931,"type":"Pet","icon":"custom-icon-spell_shadow_gathershadows","petOwner":11,"fights":[{"id":11,"instances":1},{"id":12,"instances":1}]},{"name":"Merguez","id":25,"guid":43994393,"type":"Pet","icon":"abilities/ability_hunter_beastcall","petOwner":16,"fights":[{"id":1,"instances":1},{"id":2,"instances":1},{"id":3,"instances":1},{"id":4,"instances":1},{"id":5,"instances":1},{"id":6,"instances":1},{"id":7,"instances":1},{"id":8,"instances":1},{"id":9,"instances":1},{"id":10,"instances":1},{"id":11,"instances":1},{"id":12,"instances":1},{"id":15,"instances":1}]},{"name":"Guardian of Azeroth","id":73,"guid":152396,"type":"Pet","icon":"abilities/inv_glowing-azerite-geode","petOwner":3,"fights":[{"id":2,"instances":1},{"id":3,"instances":1},{"id":4,"instances":1},{"id":5,"instances":1},{"id":6,"instances":1},{"id":7,"instances":1},{"id":8,"instances":1},{"id":9,"instances":1},{"id":10,"instances":1},{"id":11,"instances":2},{"id":12,"instances":2},{"id":13,"instances":2},{"id":14,"instances":2},{"id":15,"instances":3}]},{"name":"Dirtsmasher","id":22,"guid":46637873,"type":"Pet","icon":"custom-icon-spell_deathknight_thrash_ghoul","petOwner":14,"fights":[{"id":1,"instances":1},{"id":2,"instances":1},{"id":3,"instances":1},{"id":4,"instances":1},{"id":5,"instances":1},{"id":6,"instances":1},{"id":7,"instances":1},{"id":8,"instances":1},{"id":9,"instances":1},{"id":10,"instances":1},{"id":11,"instances":1},{"id":12,"instances":1},{"id":13,"instances":1},{"id":14,"instances":1},{"id":15,"instances":1}]},{"name":"Earthbind Totem","id":81,"guid":2630,"type":"Pet","icon":"abilities/spell_nature_strengthofearthtotem02","petOwner":20,"fights":[{"id":3,"instances":1},{"id":11,"instances":3},{"id":12,"instances":1}]},{"name":"Chi-Ji","id":62,"guid":100868,"type":"Pet","icon":"abilities/inv_pet_cranegod","petOwner":7,"fights":[{"id":1,"instances":1},{"id":2,"instances":1},{"id":3,"instances":1},{"id":4,"instances":1},{"id":5,"instances":1},{"id":6,"instances":2},{"id":7,"instances":1},{"id":8,"instances":2},{"id":9,"instances":1},{"id":10,"instances":2},{"id":11,"instances":2},{"id":12,"instances":2},{"id":13,"instances":3},{"id":14,"instances":3},{"id":15,"instances":4}]},{"name":"Healing Tide Totem","id":56,"guid":59764,"type":"Pet","icon":"abilities/ability_shaman_healingtide","petOwner":6,"fights":[{"id":1,"instances":1},{"id":2,"instances":1},{"id":3,"instances":1},{"id":4,"instances":1},{"id":5,"instances":2},{"id":6,"instances":2},{"id":7,"instances":1},{"id":8,"instances":1},{"id":9,"instances":1},{"id":10,"instances":1},{"id":11,"instances":1},{"id":12,"instances":2},{"id":13,"instances":3},{"id":14,"instances":1},{"id":15,"instances":3}]},{"name":"Precious","id":29,"guid":30744625,"type":"Pet","icon":"abilities/ability_hunter_beastcall","petOwner":15,"fights":[{"id":1,"instances":1},{"id":2,"instances":1},{"id":3,"instances":1},{"id":4,"instances":1},{"id":5,"instances":1},{"id":6,"instances":1},{"id":7,"instances":1},{"id":8,"instances":1},{"id":9,"instances":1},{"id":10,"instances":1},{"id":11,"instances":1},{"id":12,"instances":1},{"id":13,"instances":1},{"id":14,"instances":1},{"id":15,"instances":1}]},{"name":"Greater Earth Elemental","id":48,"guid":95072,"type":"Pet","icon":"abilities/spell_nature_earthelemental_totem","petOwner":6,"fights":[{"id":1,"instances":1},{"id":11,"instances":1},{"id":14,"instances":2},{"id":15,"instances":2}]},{"name":"Misty","id":28,"guid":30744627,"type":"Pet","icon":"custom-icon-ability_warstomp","petOwner":15,"fights":[{"id":1,"instances":1},{"id":2,"instances":1},{"id":3,"instances":1},{"id":4,"instances":1},{"id":5,"instances":1},{"id":6,"instances":1},{"id":7,"instances":1},{"id":8,"instances":1},{"id":9,"instances":1},{"id":10,"instances":1},{"id":11,"instances":1},{"id":12,"instances":1},{"id":13,"instances":1},{"id":14,"instances":1},{"id":15,"instances":1}]},{"name":"Earthbind Totem","id":137,"guid":2630,"type":"Pet","icon":"abilities/spell_nature_strengthofearthtotem02","petOwner":6,"fights":[{"id":11,"instances":2},{"id":12,"instances":3}]},{"name":"Demonic Gateway","id":60,"guid":59262,"type":"Pet","icon":"custom-icon-trade_engineering","petOwner":11,"fights":[{"id":1,"instances":1},{"id":6,"instances":1},{"id":13,"instances":1}]},{"name":"Guardian of Azeroth","id":32,"guid":152396,"type":"Pet","icon":"abilities/inv_glowing-azerite-geode","petOwner":1,"fights":[{"id":1,"instances":2},{"id":2,"instances":1},{"id":3,"instances":2},{"id":4,"instances":1},{"id":5,"instances":2},{"id":6,"instances":2},{"id":7,"instances":2},{"id":8,"instances":2},{"id":9,"instances":1},{"id":10,"instances":2},{"id":11,"instances":2},{"id":12,"instances":2},{"id":13,"instances":2},{"id":14,"instances":1},{"id":15,"instances":3}]},{"name":"Hukdoom","id":24,"guid":1839928,"type":"Pet","icon":"abilities/spell_shadow_summonimp","petOwner":11,"fights":[{"id":1,"instances":1},{"id":2,"instances":1},{"id":3,"instances":1},{"id":4,"instances":1},{"id":5,"instances":1},{"id":6,"instances":1},{"id":7,"instances":1},{"id":8,"instances":1},{"id":9,"instances":1},{"id":10,"instances":1},{"id":13,"instances":1},{"id":14,"instances":1},{"id":15,"instances":1}]},{"name":"Capacitor Totem","id":82,"guid":61245,"type":"Pet","icon":"abilities/spell_nature_brilliance","petOwner":20,"fights":[{"id":3,"instances":1},{"id":11,"instances":2},{"id":12,"instances":3}]},{"name":"Magus of the Dead","id":41,"guid":148797,"type":"Pet","icon":"abilities/achievement_ladydeathwhisper","petOwner":14,"fights":[{"id":1,"instances":2},{"id":2,"instances":3},{"id":3,"instances":4},{"id":4,"instances":4},{"id":5,"instances":5},{"id":6,"instances":5},{"id":7,"instances":4},{"id":8,"instances":4},{"id":9,"instances":4},{"id":10,"instances":4},{"id":11,"instances":4},{"id":12,"instances":5},{"id":13,"instances":1},{"id":14,"instances":4},{"id":15,"instances":8}]},{"name":"Guardian of Azeroth","id":45,"guid":152396,"type":"Pet","icon":"abilities/inv_glowing-azerite-geode","petOwner":5,"fights":[{"id":1,"instances":2},{"id":2,"instances":1},{"id":3,"instances":2},{"id":4,"instances":2},{"id":5,"instances":2},{"id":8,"instances":2},{"id":9,"instances":1},{"id":10,"instances":2},{"id":11,"instances":2},{"id":12,"instances":3},{"id":14,"instances":3},{"id":15,"instances":3}]},{"name":"Twisted Appendage","id":55,"guid":162764,"type":"Pet","icon":"abilities/achievement_boss_yoggsaron_01","petOwner":1,"fights":[{"id":1,"instances":3},{"id":2,"instances":2},{"id":3,"instances":5},{"id":4,"instances":5},{"id":5,"instances":4},{"id":6,"instances":7},{"id":7,"instances":5},{"id":8,"instances":7},{"id":9,"instances":4},{"id":10,"instances":4},{"id":11,"instances":12},{"id":12,"instances":7},{"id":13,"instances":10},{"id":14,"instances":5},{"id":15,"instances":7}]},{"name":"Primal Storm Elemental","id":47,"guid":77942,"type":"Pet","icon":"abilities/spell_shaman_stormtotem","petOwner":20,"fights":[{"id":1,"instances":3},{"id":2,"instances":3},{"id":3,"instances":4},{"id":4,"instances":3},{"id":5,"instances":4},{"id":6,"instances":4},{"id":7,"instances":5},{"id":8,"instances":3},{"id":9,"instances":2},{"id":10,"instances":4},{"id":11,"instances":6},{"id":12,"instances":6}]},{"name":"Twisted Appendage","id":59,"guid":162764,"type":"Pet","icon":"abilities/achievement_boss_yoggsaron_01","petOwner":10,"fights":[{"id":1,"instances":2},{"id":2,"instances":2},{"id":3,"instances":3},{"id":4,"instances":4},{"id":5,"instances":4},{"id":8,"instances":5},{"id":9,"instances":2},{"id":10,"instances":4},{"id":11,"instances":4},{"id":12,"instances":4},{"id":13,"instances":8},{"id":14,"instances":7},{"id":15,"instances":6}]},{"name":"Guardian of Azeroth","id":38,"guid":152396,"type":"Pet","icon":"abilities/inv_glowing-azerite-geode","petOwner":9,"fights":[{"id":1,"instances":2},{"id":2,"instances":1},{"id":3,"instances":2},{"id":4,"instances":2},{"id":5,"instances":2},{"id":6,"instances":2},{"id":7,"instances":2},{"id":8,"instances":2},{"id":9,"instances":1},{"id":10,"instances":2},{"id":11,"instances":2},{"id":12,"instances":1},{"id":13,"instances":2},{"id":14,"instances":1},{"id":15,"instances":3}]},{"name":"Cloudburst Totem","id":42,"guid":78001,"type":"Pet","icon":"abilities/ability_shaman_condensationtotem","petOwner":6,"fights":[{"id":1,"instances":8},{"id":2,"instances":5},{"id":3,"instances":7},{"id":4,"instances":2},{"id":5,"instances":8},{"id":6,"instances":12},{"id":7,"instances":8},{"id":8,"instances":8},{"id":9,"instances":7},{"id":10,"instances":6},{"id":11,"instances":7},{"id":12,"instances":11},{"id":13,"instances":16},{"id":14,"instances":15},{"id":15,"instances":18}]},{"name":"Shadowfiend","id":46,"guid":19668,"type":"Pet","icon":"abilities/spell_shadow_shadowfiend","petOwner":18,"fights":[{"id":1,"instances":1},{"id":2,"instances":1},{"id":3,"instances":1},{"id":4,"instances":1},{"id":5,"instances":2},{"id":6,"instances":1},{"id":7,"instances":2},{"id":8,"instances":2},{"id":9,"instances":1},{"id":10,"instances":1},{"id":11,"instances":2},{"id":12,"instances":2},{"id":13,"instances":1},{"id":14,"instances":2},{"id":15,"instances":3}]},{"name":"BambisMom","id":141,"guid":45484839,"type":"Pet","icon":"abilities/ability_hunter_beastcall","petOwner":16,"fights":[{"id":13,"instances":1},{"id":14,"instances":1}]},{"name":"Spirit Link Totem","id":63,"guid":53006,"type":"Pet","icon":"abilities/spell_shaman_spiritlink","petOwner":6,"fights":[{"id":1,"instances":1},{"id":2,"instances":1},{"id":3,"instances":1},{"id":5,"instances":1},{"id":6,"instances":2},{"id":7,"instances":1},{"id":8,"instances":1},{"id":11,"instances":1},{"id":12,"instances":1},{"id":13,"instances":1},{"id":15,"instances":1}]},{"name":"Magus of the Dead","id":39,"guid":148797,"type":"Pet","icon":"abilities/achievement_ladydeathwhisper","petOwner":9,"fights":[{"id":1,"instances":3},{"id":2,"instances":3},{"id":3,"instances":2},{"id":4,"instances":2},{"id":5,"instances":3},{"id":6,"instances":3},{"id":7,"instances":3},{"id":8,"instances":3},{"id":9,"instances":2},{"id":10,"instances":3},{"id":11,"instances":3},{"id":12,"instances":3},{"id":13,"instances":4},{"id":14,"instances":4},{"id":15,"instances":7}]},{"name":"Baelfire","id":27,"guid":46151012,"type":"Pet","icon":"custom-icon-ability_druid_bash","petOwner":17,"fights":[{"id":1,"instances":1},{"id":2,"instances":1},{"id":3,"instances":1},{"id":4,"instances":1},{"id":5,"instances":1},{"id":6,"instances":1},{"id":7,"instances":1},{"id":8,"instances":1},{"id":9,"instances":1},{"id":10,"instances":1},{"id":11,"instances":1},{"id":12,"instances":1},{"id":13,"instances":1},{"id":14,"instances":1},{"id":15,"instances":1}]},{"name":"Efflorescence","id":44,"guid":47649,"type":"Pet","icon":"abilities/inv_misc_herb_talandrasrose","petOwner":8,"fights":[{"id":1,"instances":6},{"id":2,"instances":6},{"id":3,"instances":5},{"id":4,"instances":6},{"id":5,"instances":9},{"id":6,"instances":13},{"id":7,"instances":8},{"id":8,"instances":7},{"id":9,"instances":3},{"id":10,"instances":3},{"id":11,"instances":6},{"id":12,"instances":6},{"id":13,"instances":10},{"id":14,"instances":7},{"id":15,"instances":9}]},{"name":"Ray","id":26,"guid":46186907,"type":"Pet","icon":"custom-icon-ability_warstomp","petOwner":17,"fights":[{"id":1,"instances":1},{"id":2,"instances":1},{"id":3,"instances":1},{"id":4,"instances":1},{"id":5,"instances":1},{"id":6,"instances":1},{"id":7,"instances":1},{"id":8,"instances":1},{"id":9,"instances":1},{"id":10,"instances":1},{"id":11,"instances":1},{"id":12,"instances":1},{"id":13,"instances":1},{"id":14,"instances":1},{"id":15,"instances":1}]},{"name":"Earthen Wall Totem","id":30,"guid":100943,"type":"Pet","icon":"abilities/spell_nature_stoneskintotem","petOwner":6,"fights":[{"id":1,"instances":3},{"id":2,"instances":3},{"id":3,"instances":3},{"id":4,"instances":2},{"id":5,"instances":4},{"id":6,"instances":5},{"id":7,"instances":4},{"id":8,"instances":3},{"id":9,"instances":3},{"id":10,"instances":3},{"id":11,"instances":4},{"id":12,"instances":3},{"id":13,"instances":6},{"id":14,"instances":5},{"id":15,"instances":6}]},{"name":"Army of the Dead","id":37,"guid":24207,"type":"Pet","icon":"abilities/artifactability_unholydeathknight_deathsembrace","petOwner":14,"fights":[{"id":1,"instances":10},{"id":2,"instances":12},{"id":3,"instances":20},{"id":4,"instances":20},{"id":5,"instances":23},{"id":6,"instances":23},{"id":7,"instances":20},{"id":8,"instances":23},{"id":9,"instances":20},{"id":10,"instances":16},{"id":11,"instances":19},{"id":12,"instances":28},{"id":13,"instances":4},{"id":14,"instances":19},{"id":15,"instances":38}]},{"name":"Infernal","id":43,"guid":89,"type":"Pet","icon":"abilities/spell_shadow_summoninfernal","petOwner":11,"fights":[{"id":1,"instances":8},{"id":2,"instances":6},{"id":3,"instances":3},{"id":4,"instances":4},{"id":5,"instances":5},{"id":6,"instances":6},{"id":7,"instances":7},{"id":8,"instances":4},{"id":9,"instances":3},{"id":10,"instances":7},{"id":11,"instances":9},{"id":12,"instances":7},{"id":13,"instances":11},{"id":14,"instances":6},{"id":15,"instances":11}]},{"name":"Beast","id":53,"guid":62005,"type":"Pet","icon":"abilities/ability_hunter_sickem","petOwner":17,"fights":[{"id":1,"instances":4},{"id":2,"instances":3},{"id":3,"instances":3},{"id":6,"instances":6},{"id":7,"instances":4},{"id":13,"instances":6},{"id":14,"instances":6}]}],"enemyPets":[],"phases":[{"boss":2336,"phases":["Stage One: Cult of the Void","Stage Two: Death from Above","Stage Three: The Void Unleashed"]},{"boss":2337,"phases":["Stage One: Exterior Carapace","Stage Two: Subcutaneous Tunnel","Stage Three: Locus of Infinite Truths"]},{"boss":2327,"phases":["Obsidian Destroyer","Obsidian Statue"]},{"boss":2344,"phases":["Stage One: Writhing Onslaught","Stage Two: Convergence"]},{"boss":2331,"phases":["Gathering Power","Unleashed Wrath"]},{"boss":2329,"phases":["The Black Emperor","Smoke and Mirrors"]},{"boss":2335,"phases":["Shadowy Carapace","Void-Tinged Carapace","Noxious Carapace"]}],"logVersion":16,"gameVersion":1,"title":"Ny'alotha","owner":"Drasic","start":1591144166641,"end":1591154051878,"zone":24,"exportedCharacters":[{"id":47306460,"name":"Astorá","server":"Silver Hand","region":"US"},{"id":45679783,"name":"Beshire","server":"Silver Hand","region":"US"},{"id":39879074,"name":"Darlins","server":"Silver Hand","region":"US"},{"id":1537168,"name":"Drasic","server":"Silver Hand","region":"US"},{"id":41383541,"name":"Emeraldshdw","server":"Silver Hand","region":"US"},{"id":10259138,"name":"Epicheroine","server":"Silver Hand","region":"US"},{"id":580805,"name":"Ghutz","server":"Thorium Brotherhood","region":"US"},{"id":6138143,"name":"Haldrat","server":"Thorium Brotherhood","region":"US"},{"id":10438014,"name":"Hizzle","server":"Silver Hand","region":"US"},{"id":19066335,"name":"Humasha","server":"Thorium Brotherhood","region":"US"},{"id":2785871,"name":"Jaciel","server":"Thorium Brotherhood","region":"US"},{"id":1926058,"name":"Javabee","server":"Silver Hand","region":"US"},{"id":8848899,"name":"Jolreal","server":"Farstriders","region":"US"},{"id":34099778,"name":"Knuckle","server":"Silver Hand","region":"US"},{"id":100944,"name":"Krushh","server":"Silver Hand","region":"US"},{"id":100939,"name":"Lathvia","server":"Silver Hand","region":"US"},{"id":1870772,"name":"Logoth","server":"Silver Hand","region":"US"},{"id":9625142,"name":"Manglegore","server":"Silver Hand","region":"US"},{"id":36900749,"name":"Onieros","server":"Silver Hand","region":"US"},{"id":42880441,"name":"Shenanigans","server":"Thorium Brotherhood","region":"US"}]}