{"fights":[{"id":1,"boss":2412,"start_time":0,"end_time":199972,"name":"The Council of Blood","zoneID":2296,"zoneName":"Castle Nathria","zoneDifficulty":4,"size":19,"difficulty":4,"kill":false,"partial":3,"bossPercentage":5478,"fightPercentage":5478,"lastPhaseForPercentageDisplay":2,"maps":[1750]},{"id":2,"boss":2412,"start_time":301341,"end_time":530489,"name":"The Council of Blood","zoneID":2296,"zoneName":"Castle Nathria","zoneDifficulty":4,"size":19,"difficulty":4,"kill":false,"partial":3,"bossPercentage":4903,"fightPercentage":4903,"lastPhaseForPercentageDisplay":2,"maps":[1750]},{"id":3,"boss":2412,"start_time":727962,"end_time":1131673,"name":"The Council of Blood","zoneID":2296,"zoneName":"Castle Nathria","zoneDifficulty":4,"size":19,"difficulty":4,"kill":true,"partial":3,"bossPercentage":0,"fightPercentage":0,"lastPhaseForPercentageDisplay":4,"maps":[1750]},{"id":4,"boss":2399,"start_time":1761509,"end_time":1939964,"name":"Sludgefist","zoneID":2296,"zoneName":"Castle Nathria","zoneDifficulty":4,"size":20,"difficulty":4,"kill":false,"partial":3,"bossPercentage":5280,"fightPercentage":5280,"lastPhaseForPercentageDisplay":0,"maps":[1735]},{"id":5,"boss":2399,"start_time":2039318,"end_time":2242454,"name":"Sludgefist","zoneID":2296,"zoneName":"Castle Nathria","zoneDifficulty":4,"size":20,"difficulty":4,"kill":false,"partial":3,"bossPercentage":4724,"fightPercentage":4724,"lastPhaseForPercentageDisplay":0,"maps":[1735]},{"id":6,"boss":2399,"start_time":2386130,"end_time":2615682,"name":"Sludgefist","zoneID":2296,"zoneName":"Castle Nathria","zoneDifficulty":4,"size":20,"difficulty":4,"kill":false,"partial":3,"bossPercentage":3422,"fightPercentage":3422,"lastPhaseForPercentageDisplay":0,"maps":[1735]},{"id":7,"boss":2399,"start_time":2739656,"end_time":2940579,"name":"Sludgefist","zoneID":2296,"zoneName":"Castle Nathria","zoneDifficulty":4,"size":20,"difficulty":4,"kill":false,"partial":3,"bossPercentage":4805,"fightPercentage":4805,"lastPhaseForPercentageDisplay":0,"maps":[1735]},{"id":8,"boss":2399,"start_time":3105052,"end_time":3378229,"name":"Sludgefist","zoneID":2296,"zoneName":"Castle Nathria","zoneDifficulty":4,"size":20,"difficulty":4,"kill":false,"partial":3,"bossPercentage":3879,"fightPercentage":3879,"lastPhaseForPercentageDisplay":0,"maps":[1735]},{"id":9,"boss":2399,"start_time":3611871,"end_time":3894743,"name":"Sludgefist","zoneID":2296,"zoneName":"Castle Nathria","zoneDifficulty":4,"size":20,"difficulty":4,"kill":false,"partial":3,"bossPercentage":3204,"fightPercentage":3204,"lastPhaseForPercentageDisplay":0,"maps":[1735]},{"id":10,"boss":2399,"start_time":4081114,"end_time":4257158,"name":"Sludgefist","zoneID":2296,"zoneName":"Castle Nathria","zoneDifficulty":4,"size":20,"difficulty":4,"kill":false,"partial":3,"bossPercentage":5111,"fightPercentage":5111,"lastPhaseForPercentageDisplay":0,"maps":[1735]},{"id":11,"boss":2399,"start_time":5648135,"end_time":5861645,"name":"Sludgefist","zoneID":2296,"zoneName":"Castle Nathria","zoneDifficulty":4,"size":16,"difficulty":4,"kill":false,"partial":3,"bossPercentage":4265,"fightPercentage":4265,"lastPhaseForPercentageDisplay":0,"maps":[1735]},{"id":12,"boss":2399,"start_time":5960056,"end_time":6233257,"name":"Sludgefist","zoneID":2296,"zoneName":"Castle Nathria","zoneDifficulty":4,"size":16,"difficulty":4,"kill":false,"partial":3,"bossPercentage":2859,"fightPercentage":2859,"lastPhaseForPercentageDisplay":0,"maps":[1735]},{"id":13,"boss":2399,"start_time":6547892,"end_time":6773717,"name":"Sludgefist","zoneID":2296,"zoneName":"Castle Nathria","zoneDifficulty":4,"size":16,"difficulty":4,"kill":false,"partial":3,"bossPercentage":3670,"fightPercentage":3670,"lastPhaseForPercentageDisplay":0,"maps":[1735]},{"id":14,"boss":2399,"start_time":6940352,"end_time":7256146,"name":"Sludgefist","zoneID":2296,"zoneName":"Castle Nathria","zoneDifficulty":4,"size":16,"difficulty":4,"kill":false,"partial":3,"bossPercentage":1541,"fightPercentage":1541,"lastPhaseForPercentageDisplay":0,"maps":[1735]},{"id":15,"boss":2399,"start_time":7362155,"end_time":7683694,"name":"Sludgefist","zoneID":2296,"zoneName":"Castle Nathria","zoneDifficulty":4,"size":16,"difficulty":4,"kill":false,"partial":3,"bossPercentage":199,"fightPercentage":199,"lastPhaseForPercentageDisplay":0,"maps":[1735]},{"id":16,"boss":2399,"start_time":7797886,"end_time":8119883,"name":"Sludgefist","zoneID":2296,"zoneName":"Castle Nathria","zoneDifficulty":4,"size":16,"difficulty":4,"kill":false,"partial":3,"bossPercentage":725,"fightPercentage":725,"lastPhaseForPercentageDisplay":0,"maps":[1735]},{"id":17,"boss":2399,"start_time":8248692,"end_time":8442929,"name":"Sludgefist","zoneID":2296,"zoneName":"Castle Nathria","zoneDifficulty":4,"size":16,"difficulty":4,"kill":false,"partial":3,"bossPercentage":4635,"fightPercentage":4635,"lastPhaseForPercentageDisplay":0,"maps":[1735]},{"id":18,"boss":2399,"start_time":8538442,"end_time":8885864,"name":"Sludgefist","zoneID":2296,"zoneName":"Castle Nathria","zoneDifficulty":4,"size":16,"difficulty":4,"kill":false,"partial":3,"bossPercentage":223,"fightPercentage":223,"lastPhaseForPercentageDisplay":0,"maps":[1735]},{"id":19,"boss":2399,"start_time":9030239,"end_time":9233981,"name":"Sludgefist","zoneID":2296,"zoneName":"Castle Nathria","zoneDifficulty":4,"size":16,"difficulty":4,"kill":false,"partial":3,"bossPercentage":4353,"fightPercentage":4353,"lastPhaseForPercentageDisplay":0,"maps":[1735]},{"id":20,"boss":2399,"start_time":9311153,"end_time":9585446,"name":"Sludgefist","zoneID":2296,"zoneName":"Castle Nathria","zoneDifficulty":4,"size":16,"difficulty":4,"kill":false,"partial":3,"bossPercentage":2706,"fightPercentage":2706,"lastPhaseForPercentageDisplay":0,"maps":[1735]},{"id":21,"boss":2399,"start_time":9704415,"end_time":10027850,"name":"Sludgefist","zoneID":2296,"zoneName":"Castle Nathria","zoneDifficulty":4,"size":16,"difficulty":4,"kill":false,"partial":3,"bossPercentage":124,"fightPercentage":124,"lastPhaseForPercentageDisplay":0,"maps":[1735]},{"id":22,"boss":2399,"start_time":10178349,"end_time":10525177,"name":"Sludgefist","zoneID":2296,"zoneName":"Castle Nathria","zoneDifficulty":4,"size":16,"difficulty":4,"kill":false,"partial":3,"bossPercentage":796,"fightPercentage":796,"lastPhaseForPercentageDisplay":0,"maps":[1735]},{"id":23,"boss":2399,"start_time":10701936,"end_time":11001371,"name":"Sludgefist","zoneID":2296,"zoneName":"Castle Nathria","zoneDifficulty":4,"size":16,"difficulty":4,"kill":true,"partial":3,"bossPercentage":0,"fightPercentage":0,"lastPhaseForPercentageDisplay":0,"maps":[1735]}],"lang":"en","friendlies":[{"name":"Jehakwa","id":17,"guid":122944733,"type":"Shaman","server":"Draenor","icon":"Shaman","fights":[{"id":1},{"id":2},{"id":3},{"id":4},{"id":5},{"id":6},{"id":7},{"id":8},{"id":9},{"id":10},{"id":11},{"id":12},{"id":13},{"id":14},{"id":15},{"id":16},{"id":17},{"id":18},{"id":19},{"id":20},{"id":21},{"id":22},{"id":23}]},{"name":"Ryusen","id":63,"guid":112890717,"type":"Monk","server":"Draenor","icon":"Monk-Brewmaster","fights":[{"id":4},{"id":5},{"id":6},{"id":7},{"id":8},{"id":9},{"id":10},{"id":11},{"id":12},{"id":13},{"id":14},{"id":15},{"id":16},{"id":17},{"id":18},{"id":19},{"id":20},{"id":21},{"id":22},{"id":23}]},{"name":"Feymon","id":14,"guid":115115214,"type":"Shaman","server":"Draenor","icon":"Shaman-Enhancement","fights":[{"id":1},{"id":2},{"id":3},{"id":4},{"id":5},{"id":6},{"id":7},{"id":8},{"id":9},{"id":10}]},{"name":"Chrisleaf","id":2,"guid":110222034,"type":"Druid","server":"Draenor","icon":"Druid-Restoration","fights":[{"id":1},{"id":2},{"id":3},{"id":4},{"id":5},{"id":6},{"id":7},{"id":8},{"id":9},{"id":10},{"id":11},{"id":12},{"id":13},{"id":14},{"id":15},{"id":16},{"id":17},{"id":18},{"id":19},{"id":20},{"id":21},{"id":22},{"id":23}]},{"name":"Ravenribb","id":5,"guid":101432893,"type":"Priest","server":"Draenor","icon":"Priest-Discipline","fights":[{"id":1},{"id":2},{"id":3},{"id":4},{"id":5},{"id":6},{"id":7},{"id":8},{"id":9},{"id":10},{"id":11},{"id":12},{"id":13},{"id":14},{"id":15},{"id":16},{"id":17},{"id":18},{"id":19},{"id":20},{"id":21},{"id":22},{"id":23}]},{"name":"Zurgedr","id":15,"guid":113982748,"type":"Rogue","server":"Draenor","icon":"Rogue-Subtlety","fights":[{"id":1},{"id":2},{"id":3},{"id":4},{"id":5},{"id":6},{"id":7},{"id":8},{"id":9},{"id":10}]},{"name":"Skyggster","id":19,"guid":134798597,"type":"Warlock","server":"Draenor","icon":"Warlock-Affliction","fights":[{"id":1},{"id":2},{"id":3},{"id":4},{"id":5},{"id":6},{"id":7},{"id":8},{"id":9},{"id":10},{"id":11},{"id":12},{"id":13},{"id":14},{"id":15},{"id":16},{"id":17},{"id":18},{"id":19},{"id":20},{"id":21},{"id":22},{"id":23}]},{"name":"Sanx","id":3,"guid":159724168,"type":"Priest","server":"Draenor","icon":"Priest-Discipline","fights":[{"id":1},{"id":2},{"id":3},{"id":4},{"id":5},{"id":6},{"id":7},{"id":8},{"id":9},{"id":10},{"id":11},{"id":12},{"id":13},{"id":14},{"id":15},{"id":16},{"id":17},{"id":18},{"id":19},{"id":20},{"id":21},{"id":22},{"id":23}]},{"name":"Thoktor","id":12,"guid":121693137,"type":"Hunter","server":"Draenor","icon":"Hunter-Survival","fights":[{"id":1},{"id":2},{"id":3},{"id":4},{"id":5},{"id":6},{"id":7},{"id":8},{"id":9},{"id":10},{"id":11},{"id":12},{"id":13},{"id":14},{"id":15},{"id":16},{"id":17},{"id":18},{"id":19},{"id":20},{"id":21},{"id":22},{"id":23}]},{"name":"Porotexs","id":8,"guid":133770669,"type":"Warlock","server":"Draenor","icon":"Warlock-Affliction","fights":[{"id":1},{"id":2},{"id":3},{"id":4},{"id":5},{"id":6},{"id":7},{"id":8},{"id":9},{"id":10},{"id":11},{"id":12},{"id":13},{"id":14},{"id":15},{"id":16},{"id":17},{"id":18},{"id":19},{"id":20},{"id":21},{"id":22},{"id":23}]},{"name":"Jashok","id":11,"guid":118395196,"type":"DeathKnight","server":"Draenor","icon":"DeathKnight-Blood","fights":[{"id":1},{"id":2},{"id":3}]},{"name":"Vamilla","id":10,"guid":113165099,"type":"Warlock","server":"Draenor","icon":"Warlock-Affliction","fights":[{"id":1},{"id":2},{"id":3},{"id":4},{"id":5},{"id":6},{"id":7},{"id":8},{"id":9},{"id":10},{"id":11},{"id":12},{"id":13},{"id":14},{"id":15},{"id":16},{"id":17},{"id":18},{"id":19},{"id":20},{"id":21},{"id":22},{"id":23}]},{"name":"Tirl","id":18,"guid":109939324,"type":"Mage","server":"Draenor","icon":"Mage-Fire","fights":[{"id":1},{"id":2},{"id":3},{"id":4},{"id":5},{"id":6},{"id":7},{"id":8},{"id":9},{"id":10},{"id":11},{"id":12},{"id":13},{"id":14},{"id":15},{"id":16},{"id":17},{"id":18},{"id":19},{"id":20},{"id":21},{"id":22},{"id":23}]},{"name":"Chickenlife","id":64,"guid":110870628,"type":"Druid","server":"Draenor","icon":"Druid-Balance","fights":[{"id":4},{"id":5},{"id":6},{"id":7},{"id":8},{"id":9},{"id":10},{"id":11},{"id":12},{"id":13},{"id":14},{"id":15},{"id":16},{"id":17},{"id":18},{"id":19},{"id":20},{"id":21},{"id":22},{"id":23}]},{"name":"Theragor","id":7,"guid":134160923,"type":"Warrior","server":"Draenor","icon":"Warrior-Arms","fights":[{"id":1},{"id":2},{"id":3},{"id":4},{"id":5},{"id":6},{"id":7},{"id":8},{"id":9},{"id":10}]},{"name":"Nóoob","id":1,"guid":105438522,"type":"DemonHunter","server":"Draenor","icon":"DemonHunter-Vengeance","fights":[{"id":1},{"id":2},{"id":3},{"id":4},{"id":5},{"id":6},{"id":7},{"id":8},{"id":9},{"id":10},{"id":11},{"id":12},{"id":13},{"id":14},{"id":15},{"id":16},{"id":17},{"id":18},{"id":19},{"id":20},{"id":21},{"id":22},{"id":23}]},{"name":"Zorzaxy","id":9,"guid":119449890,"type":"DeathKnight","server":"Draenor","icon":"DeathKnight-Unholy","fights":[{"id":1},{"id":2},{"id":3},{"id":4},{"id":5},{"id":6},{"id":7},{"id":8},{"id":9},{"id":10},{"id":11},{"id":12},{"id":13},{"id":14},{"id":15},{"id":16},{"id":17},{"id":18},{"id":19},{"id":20},{"id":21},{"id":22},{"id":23}]},{"name":"Luciifera","id":13,"guid":102038993,"type":"Hunter","server":"Draenor","icon":"Hunter-Marksmanship","fights":[{"id":1},{"id":2},{"id":3},{"id":4},{"id":5},{"id":6},{"id":7},{"id":8},{"id":9},{"id":10},{"id":11},{"id":12},{"id":13},{"id":14},{"id":15},{"id":16},{"id":17},{"id":18},{"id":19},{"id":20},{"id":21},{"id":22},{"id":23}]},{"name":"Pattato","id":6,"guid":124977718,"type":"Mage","server":"Draenor","icon":"Mage-Frost","fights":[{"id":1},{"id":2},{"id":3},{"id":4},{"id":5},{"id":6},{"id":7},{"id":8},{"id":9},{"id":10},{"id":11},{"id":12},{"id":13},{"id":14},{"id":15},{"id":16},{"id":17},{"id":18},{"id":19},{"id":20},{"id":21},{"id":22},{"id":23}]},{"name":"Eggsecute","id":16,"guid":110963987,"type":"Warrior","server":"Draenor","icon":"Warrior-Arms","fights":[{"id":1},{"id":2},{"id":3},{"id":4},{"id":5},{"id":6},{"id":7},{"id":8},{"id":9},{"id":10},{"id":11},{"id":12},{"id":13},{"id":14},{"id":15},{"id":16},{"id":17},{"id":18},{"id":19},{"id":20},{"id":21},{"id":22},{"id":23}]},{"name":"Kanaubacow","id":4,"guid":135328280,"type":"Druid","server":"Draenor","icon":"Druid-Restoration","fights":[{"id":1},{"id":2},{"id":3},{"id":4},{"id":5},{"id":6},{"id":7},{"id":8},{"id":9},{"id":10}]}],"enemies":[{"name":"Lord Stavros","id":22,"guid":166970,"type":"Boss","icon":"custom-icon-ability_warlock_soullink","fights":[{"id":1,"instances":1},{"id":2,"instances":1},{"id":3,"instances":1}]},{"name":"Dance Controller","id":48,"guid":168870,"type":"NPC","icon":"custom-icon-trade_engineering","fights":[{"id":1,"instances":1,"groups":2},{"id":2,"instances":1,"groups":3},{"id":3,"instances":1,"groups":6}]},{"name":"Baroness Frieda","id":28,"guid":166969,"type":"Boss","icon":"custom-icon-inv_offhand_1h_revendreth_d_01","fights":[{"id":1,"instances":1},{"id":2,"instances":1},{"id":3,"instances":1}]},{"name":"Sludgefist","id":65,"guid":164407,"type":"Boss","icon":"custom-icon-ability_garrosh_hellscreams_warsong","fights":[{"id":4,"instances":1},{"id":5,"instances":1},{"id":6,"instances":1},{"id":7,"instances":1},{"id":8,"instances":1},{"id":9,"instances":1},{"id":10,"instances":1},{"id":11,"instances":1},{"id":12,"instances":1},{"id":13,"instances":1},{"id":14,"instances":1},{"id":15,"instances":1},{"id":16,"instances":1},{"id":17,"instances":1},{"id":18,"instances":1},{"id":19,"instances":1},{"id":20,"instances":1},{"id":21,"instances":1},{"id":22,"instances":1},{"id":23,"instances":1}]},{"name":"Dutiful Attendant","id":42,"guid":175992,"type":"NPC","icon":"custom-icon-inv_shield_1h_revendrethquest_b_01","fights":[{"id":1,"instances":2},{"id":2,"instances":2},{"id":3,"instances":2}]},{"name":"Castellan Niklaus","id":20,"guid":166971,"type":"Boss","icon":"custom-icon-inv_knife_1h_revendreth_d_01","fights":[{"id":1,"instances":1,"groups":2},{"id":2,"instances":1,"groups":1},{"id":3,"instances":1,"groups":1}]},{"name":"Waltzing Venthyr","id":53,"guid":176016,"type":"NPC","icon":"custom-icon-ability_rogue_shadowdance","fights":[{"id":1,"instances":4,"groups":1},{"id":2,"instances":1,"groups":1},{"id":3,"instances":4,"groups":1}]}],"friendlyPets":[{"name":"Demonic Gateway","id":55,"guid":59271,"type":"Pet","icon":"custom-icon-trade_engineering","petOwner":8,"fights":[{"id":12,"instances":1}]},{"name":"Hologram","id":153,"guid":176474,"type":"Pet","icon":"custom-icon-inv_trinket_80_titan02a","petOwner":19,"fights":[{"id":16,"instances":1},{"id":22,"instances":1}]},{"name":"Spirit Wolf","id":33,"guid":29264,"type":"Pet","icon":"abilities/spell_shaman_feralspirit","petOwner":14,"fights":[{"id":1,"instances":4},{"id":2,"instances":4},{"id":3,"instances":8}]},{"name":"Earthen Wall Totem","id":78,"guid":100943,"type":"Pet","icon":"abilities/spell_nature_stoneskintotem","petOwner":17,"fights":[{"id":8,"instances":4},{"id":9,"instances":3},{"id":10,"instances":2},{"id":11,"instances":2},{"id":12,"instances":3},{"id":13,"instances":3},{"id":14,"instances":4},{"id":15,"instances":4},{"id":16,"instances":4},{"id":17,"instances":3},{"id":18,"instances":5},{"id":19,"instances":2},{"id":20,"instances":5},{"id":21,"instances":4},{"id":22,"instances":4},{"id":23,"instances":4}]},{"name":"Healing Tide Totem","id":83,"guid":59764,"type":"Pet","icon":"abilities/ability_shaman_healingtide","petOwner":17,"fights":[{"id":9,"instances":1},{"id":11,"instances":1},{"id":14,"instances":1},{"id":15,"instances":1},{"id":16,"instances":1},{"id":18,"instances":1},{"id":20,"instances":1},{"id":21,"instances":1},{"id":22,"instances":1},{"id":23,"instances":1}]},{"name":"Plaguecatcher","id":35,"guid":44732275,"type":"Pet","icon":"abilities/spell_shadow_animatedead","petOwner":9,"fights":[{"id":1,"instances":1},{"id":2,"instances":1},{"id":3,"instances":1},{"id":4,"instances":1},{"id":5,"instances":1},{"id":6,"instances":1},{"id":7,"instances":1},{"id":8,"instances":1},{"id":9,"instances":1},{"id":10,"instances":1},{"id":11,"instances":1},{"id":12,"instances":1},{"id":13,"instances":1},{"id":14,"instances":1},{"id":15,"instances":1},{"id":16,"instances":1},{"id":17,"instances":1},{"id":18,"instances":1},{"id":19,"instances":1},{"id":20,"instances":1},{"id":21,"instances":1},{"id":22,"instances":1},{"id":23,"instances":1}]},{"name":"Spirit Link Totem","id":80,"guid":53006,"type":"Pet","icon":"abilities/spell_shaman_spiritlink","petOwner":17,"fights":[{"id":8,"instances":1},{"id":14,"instances":1},{"id":15,"instances":1},{"id":16,"instances":1},{"id":18,"instances":1},{"id":21,"instances":1},{"id":22,"instances":1}]},{"name":"Demonic Gateway","id":54,"guid":59262,"type":"Pet","icon":"custom-icon-trade_engineering","petOwner":8,"fights":[{"id":12,"instances":1}]},{"name":"Niuzao","id":69,"guid":73967,"type":"Pet","icon":"abilities/spell_monk_brewmaster_spec","petOwner":63,"fights":[{"id":4,"instances":1},{"id":5,"instances":1},{"id":6,"instances":1},{"id":7,"instances":2},{"id":8,"instances":2},{"id":9,"instances":2},{"id":10,"instances":1},{"id":11,"instances":2},{"id":12,"instances":2},{"id":13,"instances":1},{"id":14,"instances":2},{"id":15,"instances":2},{"id":16,"instances":2},{"id":17,"instances":2},{"id":18,"instances":2},{"id":19,"instances":1},{"id":20,"instances":2},{"id":21,"instances":2},{"id":22,"instances":2},{"id":23,"instances":2}]},{"name":"Garkol","id":21,"guid":48379467,"type":"Pet","icon":"abilities/spell_shadow_summonimp","petOwner":8,"fights":[{"id":1,"instances":1},{"id":2,"instances":1},{"id":3,"instances":1},{"id":4,"instances":1},{"id":5,"instances":1},{"id":6,"instances":1},{"id":7,"instances":1},{"id":8,"instances":1},{"id":9,"instances":1},{"id":10,"instances":1},{"id":11,"instances":1},{"id":12,"instances":1},{"id":13,"instances":1},{"id":14,"instances":1},{"id":15,"instances":1},{"id":16,"instances":1},{"id":17,"instances":1},{"id":18,"instances":1},{"id":19,"instances":1},{"id":20,"instances":1},{"id":21,"instances":1},{"id":22,"instances":1},{"id":23,"instances":1}]},{"name":"Healing Stream Totem","id":76,"guid":3527,"type":"Pet","icon":"abilities/inv_spear_04","petOwner":14,"fights":[{"id":7,"instances":1}]},{"name":"Darkglare","id":40,"guid":103673,"type":"Pet","icon":"abilities/inv_beholderwarlock","petOwner":19,"fights":[{"id":1,"instances":1},{"id":2,"instances":2},{"id":3,"instances":3},{"id":4,"instances":1},{"id":5,"instances":1},{"id":6,"instances":1},{"id":7,"instances":1},{"id":8,"instances":1},{"id":9,"instances":1},{"id":10,"instances":1},{"id":11,"instances":1},{"id":12,"instances":1},{"id":13,"instances":1},{"id":14,"instances":2},{"id":15,"instances":2},{"id":16,"instances":2},{"id":17,"instances":1},{"id":18,"instances":2},{"id":19,"instances":1},{"id":20,"instances":1},{"id":21,"instances":2},{"id":22,"instances":2},{"id":23,"instances":2}]},{"name":"Healing Stream Totem","id":61,"guid":3527,"type":"Pet","icon":"abilities/inv_spear_04","petOwner":17,"fights":[{"id":2,"instances":1},{"id":3,"instances":3}]},{"name":"Pippik","id":26,"guid":46109039,"type":"Pet","icon":"abilities/spell_warlock_summonimpoutland","petOwner":10,"fights":[{"id":1,"instances":1},{"id":2,"instances":1},{"id":3,"instances":1},{"id":4,"instances":1},{"id":5,"instances":1},{"id":6,"instances":1},{"id":7,"instances":1},{"id":8,"instances":1},{"id":9,"instances":1},{"id":10,"instances":1},{"id":11,"instances":1},{"id":12,"instances":1},{"id":13,"instances":1},{"id":14,"instances":1},{"id":15,"instances":1},{"id":16,"instances":1},{"id":17,"instances":1},{"id":18,"instances":1},{"id":19,"instances":1},{"id":20,"instances":1},{"id":21,"instances":1},{"id":22,"instances":1},{"id":23,"instances":1}]},{"name":"Mirror Image","id":47,"guid":31216,"type":"Pet","icon":"abilities/spell_magic_managain","petOwner":6,"fights":[{"id":1,"instances":3},{"id":2,"instances":3},{"id":3,"instances":6},{"id":4,"instances":3},{"id":5,"instances":3},{"id":6,"instances":3},{"id":7,"instances":3},{"id":8,"instances":6},{"id":9,"instances":6},{"id":10,"instances":3},{"id":11,"instances":3},{"id":12,"instances":3},{"id":13,"instances":3},{"id":14,"instances":3},{"id":15,"instances":3},{"id":18,"instances":3},{"id":20,"instances":3},{"id":21,"instances":3},{"id":22,"instances":3},{"id":23,"instances":3}]},{"name":"Primal Fire Elemental","id":24,"guid":61029,"type":"Pet","icon":"abilities/spell_fire_elemental_totem","petOwner":17,"fights":[{"id":1,"instances":2},{"id":2,"instances":2},{"id":3,"instances":2}]},{"name":"Risen Ghoul","id":44,"guid":26125,"type":"Pet","icon":"abilities/inv_pet_ghoul","petOwner":11,"fights":[{"id":1,"instances":2},{"id":2,"instances":2},{"id":3,"instances":4}]},{"name":"Army of the Dead","id":30,"guid":24207,"type":"Pet","icon":"abilities/artifactability_unholydeathknight_deathsembrace","petOwner":9,"fights":[{"id":1,"instances":18},{"id":2,"instances":20},{"id":3,"instances":40},{"id":4,"instances":20},{"id":5,"instances":18},{"id":6,"instances":20},{"id":7,"instances":20},{"id":8,"instances":20},{"id":9,"instances":24},{"id":10,"instances":20},{"id":11,"instances":20},{"id":12,"instances":24},{"id":13,"instances":12},{"id":14,"instances":20},{"id":15,"instances":36},{"id":16,"instances":36},{"id":17,"instances":20},{"id":18,"instances":36},{"id":19,"instances":20},{"id":20,"instances":31},{"id":21,"instances":36},{"id":22,"instances":36},{"id":23,"instances":36}]},{"name":"Spirit Wolf","id":68,"guid":100820,"type":"Pet","icon":"abilities/spell_shaman_feralspirit","petOwner":14,"fights":[{"id":4,"instances":4},{"id":5,"instances":4},{"id":6,"instances":4},{"id":7,"instances":4},{"id":8,"instances":2},{"id":9,"instances":6},{"id":10,"instances":4}]},{"name":"Risen Skulker","id":36,"guid":99541,"type":"Pet","icon":"abilities/spell_shadow_animatedead","petOwner":9,"fights":[{"id":1,"instances":1},{"id":2,"instances":2},{"id":3,"instances":1},{"id":4,"instances":1},{"id":5,"instances":1},{"id":6,"instances":1},{"id":7,"instances":1},{"id":8,"instances":1},{"id":9,"instances":1},{"id":10,"instances":1},{"id":11,"instances":1},{"id":12,"instances":1},{"id":13,"instances":1},{"id":14,"instances":1},{"id":15,"instances":1},{"id":16,"instances":1},{"id":17,"instances":1},{"id":18,"instances":1},{"id":19,"instances":1},{"id":20,"instances":1},{"id":21,"instances":1},{"id":22,"instances":1},{"id":23,"instances":1}]},{"name":"Mindbender","id":45,"guid":62982,"type":"Pet","icon":"abilities/spell_shadow_soulleech_3","petOwner":5,"fights":[{"id":1,"instances":2},{"id":2,"instances":3},{"id":3,"instances":6},{"id":4,"instances":2},{"id":5,"instances":3},{"id":6,"instances":3},{"id":7,"instances":3},{"id":8,"instances":4},{"id":9,"instances":4},{"id":10,"instances":3},{"id":11,"instances":3},{"id":12,"instances":4},{"id":13,"instances":4},{"id":14,"instances":5},{"id":15,"instances":4},{"id":16,"instances":5},{"id":17,"instances":3},{"id":18,"instances":6},{"id":19,"instances":3},{"id":20,"instances":5},{"id":21,"instances":5},{"id":22,"instances":5},{"id":23,"instances":5}]},{"name":"Windfury Totem","id":51,"guid":6112,"type":"Pet","icon":"abilities/spell_nature_windfury","petOwner":14,"fights":[{"id":1,"instances":3},{"id":2,"instances":3},{"id":3,"instances":9},{"id":4,"instances":3},{"id":5,"instances":5},{"id":6,"instances":5},{"id":7,"instances":3},{"id":8,"instances":3},{"id":9,"instances":8},{"id":10,"instances":8}]},{"name":"Magus of the Dead","id":27,"guid":163366,"type":"Pet","icon":"abilities/artifactability_unholydeathknight_deathsembrace","petOwner":9,"fights":[{"id":1,"instances":4},{"id":2,"instances":4},{"id":3,"instances":8},{"id":4,"instances":4},{"id":5,"instances":4},{"id":6,"instances":4},{"id":7,"instances":4},{"id":8,"instances":4},{"id":9,"instances":5},{"id":10,"instances":4},{"id":11,"instances":4},{"id":12,"instances":5},{"id":13,"instances":3},{"id":14,"instances":4},{"id":15,"instances":7},{"id":16,"instances":7},{"id":17,"instances":4},{"id":18,"instances":7},{"id":19,"instances":4},{"id":20,"instances":6},{"id":21,"instances":7},{"id":22,"instances":7},{"id":23,"instances":6}]},{"name":"Mindbender","id":49,"guid":62982,"type":"Pet","icon":"abilities/spell_shadow_soulleech_3","petOwner":3,"fights":[{"id":1,"instances":2},{"id":2,"instances":3},{"id":3,"instances":4},{"id":4,"instances":1},{"id":5,"instances":2},{"id":6,"instances":3},{"id":7,"instances":3},{"id":8,"instances":4},{"id":9,"instances":4},{"id":10,"instances":2},{"id":11,"instances":2},{"id":12,"instances":4},{"id":13,"instances":3},{"id":14,"instances":3},{"id":15,"instances":4},{"id":16,"instances":5},{"id":17,"instances":3},{"id":18,"instances":4},{"id":19,"instances":3},{"id":20,"instances":4},{"id":21,"instances":4},{"id":22,"instances":5},{"id":23,"instances":4}]},{"name":"Rune Weapon","id":34,"guid":27893,"type":"Pet","icon":"abilities/inv_sword_07","petOwner":11,"fights":[{"id":1,"instances":1},{"id":2,"instances":2},{"id":3,"instances":4}]},{"name":"Efflorescence","id":52,"guid":47649,"type":"Pet","icon":"abilities/inv_misc_herb_talandrasrose","petOwner":2,"fights":[{"id":1,"instances":1},{"id":2,"instances":3},{"id":3,"instances":3},{"id":4,"instances":3},{"id":5,"instances":2},{"id":6,"instances":4},{"id":7,"instances":3},{"id":8,"instances":5},{"id":9,"instances":5},{"id":10,"instances":4},{"id":11,"instances":4},{"id":12,"instances":7},{"id":13,"instances":4},{"id":14,"instances":7},{"id":15,"instances":7},{"id":16,"instances":6},{"id":17,"instances":4},{"id":18,"instances":8},{"id":19,"instances":5},{"id":20,"instances":8},{"id":21,"instances":8},{"id":22,"instances":12},{"id":23,"instances":9}]},{"name":"Darkglare","id":38,"guid":103673,"type":"Pet","icon":"abilities/inv_beholderwarlock","petOwner":10,"fights":[{"id":1,"instances":1},{"id":2,"instances":1},{"id":3,"instances":3},{"id":4,"instances":1},{"id":5,"instances":1},{"id":6,"instances":2},{"id":7,"instances":1},{"id":8,"instances":2},{"id":9,"instances":1},{"id":10,"instances":1},{"id":11,"instances":1},{"id":12,"instances":1},{"id":13,"instances":1},{"id":14,"instances":2},{"id":15,"instances":2},{"id":16,"instances":2},{"id":17,"instances":1},{"id":18,"instances":1},{"id":19,"instances":1},{"id":20,"instances":2},{"id":21,"instances":2},{"id":22,"instances":2},{"id":23,"instances":2}]},{"name":"Darkglare","id":37,"guid":103673,"type":"Pet","icon":"abilities/inv_beholderwarlock","petOwner":8,"fights":[{"id":1,"instances":1},{"id":2,"instances":1},{"id":3,"instances":3},{"id":4,"instances":1},{"id":5,"instances":1},{"id":6,"instances":1},{"id":7,"instances":1},{"id":8,"instances":1},{"id":9,"instances":1},{"id":10,"instances":1},{"id":11,"instances":1},{"id":12,"instances":1},{"id":13,"instances":1},{"id":14,"instances":2},{"id":15,"instances":2},{"id":16,"instances":2},{"id":17,"instances":1},{"id":18,"instances":2},{"id":19,"instances":1},{"id":20,"instances":1},{"id":21,"instances":2},{"id":22,"instances":1},{"id":23,"instances":2}]},{"name":"Beehemoth","id":31,"guid":63918271,"type":"Pet","icon":"abilities/ability_hunter_beastcall","petOwner":12,"fights":[{"id":1,"instances":1},{"id":2,"instances":1},{"id":3,"instances":1},{"id":4,"instances":1},{"id":5,"instances":1},{"id":6,"instances":1},{"id":7,"instances":1},{"id":8,"instances":1},{"id":9,"instances":1},{"id":10,"instances":1},{"id":11,"instances":1},{"id":12,"instances":1},{"id":13,"instances":1},{"id":14,"instances":1},{"id":15,"instances":1},{"id":16,"instances":1},{"id":17,"instances":1},{"id":18,"instances":1},{"id":19,"instances":1},{"id":20,"instances":1},{"id":21,"instances":1},{"id":22,"instances":1},{"id":23,"instances":1}]},{"name":"Bloodworm","id":39,"guid":99773,"type":"Pet","icon":"abilities/spell_shadow_soulleech","petOwner":11,"fights":[{"id":1,"instances":14},{"id":2,"instances":10},{"id":3,"instances":17}]},{"name":"Mirror Image","id":79,"guid":31216,"type":"Pet","icon":"abilities/spell_magic_managain","petOwner":18,"fights":[{"id":8,"instances":3},{"id":9,"instances":3},{"id":15,"instances":3},{"id":16,"instances":3},{"id":18,"instances":6},{"id":19,"instances":3},{"id":21,"instances":3},{"id":22,"instances":3},{"id":23,"instances":6}]},{"name":"Biznar","id":25,"guid":48686726,"type":"Pet","icon":"abilities/spell_shadow_summonimp","petOwner":19,"fights":[{"id":1,"instances":1},{"id":2,"instances":1},{"id":3,"instances":1},{"id":4,"instances":1},{"id":5,"instances":1},{"id":6,"instances":1},{"id":7,"instances":1},{"id":8,"instances":1},{"id":9,"instances":1},{"id":10,"instances":1},{"id":11,"instances":1},{"id":12,"instances":1},{"id":13,"instances":1},{"id":14,"instances":1},{"id":15,"instances":1},{"id":16,"instances":1},{"id":17,"instances":1},{"id":18,"instances":1},{"id":19,"instances":1},{"id":20,"instances":1},{"id":21,"instances":1},{"id":22,"instances":1},{"id":23,"instances":1}]},{"name":"Greater Fire Elemental","id":67,"guid":95061,"type":"Pet","icon":"abilities/spell_fire_elemental_totem","petOwner":17,"fights":[{"id":4,"instances":1},{"id":5,"instances":1},{"id":6,"instances":2},{"id":7,"instances":2}]},{"name":"Hologram","id":156,"guid":176474,"type":"Pet","icon":"custom-icon-inv_trinket_80_titan02a","petOwner":64,"fights":[{"id":22,"instances":2}]},{"name":"Regenerating Wildseed","id":148,"guid":164589,"type":"Pet","icon":"Pet","petOwner":2,"fights":[{"id":11,"instances":1}]},{"name":"Mana Tide Totem","id":81,"guid":10467,"type":"Pet","icon":"abilities/spell_frost_summonwaterelemental","petOwner":17,"fights":[{"id":8,"instances":1},{"id":9,"instances":1},{"id":13,"instances":1},{"id":14,"instances":1},{"id":16,"instances":1},{"id":17,"instances":1},{"id":18,"instances":1},{"id":19,"instances":1},{"id":20,"instances":1},{"id":21,"instances":2},{"id":22,"instances":1},{"id":23,"instances":1}]},{"name":"Efflorescence","id":43,"guid":47649,"type":"Pet","icon":"abilities/inv_misc_herb_talandrasrose","petOwner":4,"fights":[{"id":1,"instances":5},{"id":2,"instances":2},{"id":3,"instances":12},{"id":4,"instances":3},{"id":5,"instances":7},{"id":6,"instances":9},{"id":7,"instances":7},{"id":8,"instances":4},{"id":9,"instances":9},{"id":10,"instances":2}]}],"enemyPets":[],"phases":[{"boss":2412,"phases":["Phase One","Phase Two","Phase Three"]}],"logVersion":16,"gameVersion":1,"title":"Optional CN HC Council + Sludgefist 15/12","owner":"Paniro","start":1608059466000,"end":1608070467371,"zone":26,"exportedCharacters":[{"id":25792139,"name":"Chickenlife","server":"Draenor","region":"EU"},{"id":24270618,"name":"Chrisleaf","server":"Draenor","region":"EU"},{"id":26963767,"name":"Eggsecute","server":"Draenor","region":"EU"},{"id":52958264,"name":"Feymon","server":"Draenor","region":"EU"},{"id":35872720,"name":"Jashok","server":"Draenor","region":"EU"},{"id":38881838,"name":"Jehakwa","server":"Draenor","region":"EU"},{"id":49946898,"name":"Kanaubacow","server":"Draenor","region":"EU"},{"id":12857674,"name":"Luciifera","server":"Draenor","region":"EU"},{"id":15454424,"name":"Nóoob","server":"Draenor","region":"EU"},{"id":40019803,"name":"Pattato","server":"Draenor","region":"EU"},{"id":47815431,"name":"Porotexs","server":"Draenor","region":"EU"},{"id":19083744,"name":"Ravenribb","server":"Draenor","region":"EU"},{"id":37732335,"name":"Ryusen","server":"Draenor","region":"EU"},{"id":52079965,"name":"Sanx","server":"Draenor","region":"EU"},{"id":50161497,"name":"Skyggster","server":"Draenor","region":"EU"},{"id":48496531,"name":"Theragor","server":"Draenor","region":"EU"},{"id":37964830,"name":"Thoktor","server":"Draenor","region":"EU"},{"id":31383223,"name":"Tirl","server":"Draenor","region":"EU"},{"id":30948298,"name":"Vamilla","server":"Draenor","region":"EU"},{"id":35343434,"name":"Zorzaxy","server":"Draenor","region":"EU"},{"id":52198027,"name":"Zurgedr","server":"Draenor","region":"EU"}]}