{"fights":[{"id":1,"boss":2398,"start_time":322265,"end_time":536455,"name":"Shriekwing","size":28,"difficulty":4,"kill":true,"partial":3,"bossPercentage":0,"fightPercentage":0,"lastPhaseForPercentageDisplay":1,"maps":[1735]},{"id":2,"boss":0,"start_time":553488,"end_time":656596,"name":"Kennel Overseer"},{"id":3,"boss":0,"start_time":672565,"end_time":713605,"name":"Huntsman Altimor"},{"id":4,"boss":2418,"start_time":828629,"end_time":1078246,"name":"Huntsman Altimor","size":28,"difficulty":4,"kill":true,"partial":3,"bossPercentage":0,"fightPercentage":0,"lastPhaseForPercentageDisplay":4,"maps":[1735]},{"id":5,"boss":0,"start_time":1123679,"end_time":1285881,"name":"Dread Feaster"},{"id":6,"boss":2383,"start_time":1389503,"end_time":1603646,"name":"Hungering Destroyer","size":28,"difficulty":4,"kill":true,"partial":3,"bossPercentage":0,"fightPercentage":0,"lastPhaseForPercentageDisplay":0,"maps":[1735]},{"id":7,"boss":0,"start_time":1662327,"end_time":1823745,"name":"Fara"},{"id":8,"boss":2406,"start_time":1939309,"end_time":2183905,"name":"Lady Inerva Darkvein","size":28,"difficulty":4,"kill":true,"partial":3,"bossPercentage":0,"fightPercentage":0,"lastPhaseForPercentageDisplay":0,"maps":[1744]},{"id":9,"boss":0,"start_time":2183928,"end_time":2188852,"name":"Harnessed Specter"},{"id":10,"boss":0,"start_time":2278542,"end_time":2387836,"name":"Court Hawkeye"},{"id":11,"boss":0,"start_time":2404520,"end_time":2486108,"name":"Court Enforcer"},{"id":12,"boss":0,"start_time":2498030,"end_time":2498030,"name":"Unknown"},{"id":13,"boss":0,"start_time":2571441,"end_time":2715065,"name":"Court Assassin"},{"id":14,"boss":0,"start_time":2742728,"end_time":2886794,"name":"Court Enforcer"},{"id":15,"boss":2405,"start_time":3000146,"end_time":3154384,"name":"Artificer Xy'mox","size":28,"difficulty":4,"kill":false,"partial":3,"bossPercentage":4852,"fightPercentage":4852,"lastPhaseForPercentageDisplay":2,"maps":[1745]},{"id":16,"boss":2405,"start_time":3246893,"end_time":3525254,"name":"Artificer Xy'mox","size":28,"difficulty":4,"kill":true,"partial":3,"bossPercentage":0,"fightPercentage":0,"lastPhaseForPercentageDisplay":3,"maps":[1745]},{"id":17,"boss":0,"start_time":3599909,"end_time":3629261,"name":"Court Enforcer"},{"id":18,"boss":0,"start_time":3645867,"end_time":3686987,"name":"Court Enforcer"},{"id":19,"boss":2402,"start_time":3860476,"end_time":4205300,"name":"Sun King's Salvation","zoneID":2296,"zoneName":"Castle Nathria","zoneDifficulty":4,"size":28,"difficulty":4,"kill":true,"partial":3,"bossPercentage":10000,"fightPercentage":0,"lastPhaseForPercentageDisplay":0,"maps":[1746]},{"id":20,"boss":0,"start_time":4215113,"end_time":4215167,"name":"Kael'thas Sunstrider","zoneID":2296,"zoneName":"Castle Nathria","zoneDifficulty":4},{"id":21,"boss":0,"start_time":4375441,"end_time":4492221,"name":"Stoneborn Maitre D'","zoneID":2296,"zoneName":"Castle Nathria","zoneDifficulty":4},{"id":22,"boss":2412,"start_time":4595552,"end_time":5012587,"name":"The Council of Blood","zoneID":2296,"zoneName":"Castle Nathria","zoneDifficulty":4,"size":28,"difficulty":4,"kill":true,"partial":3,"bossPercentage":0,"fightPercentage":0,"lastPhaseForPercentageDisplay":3,"maps":[1750]},{"id":23,"boss":2399,"start_time":5186081,"end_time":5456822,"name":"Sludgefist","zoneID":2296,"zoneName":"Castle Nathria","zoneDifficulty":4,"size":28,"difficulty":4,"kill":false,"partial":3,"bossPercentage":1044,"fightPercentage":1044,"lastPhaseForPercentageDisplay":0,"maps":[1735]},{"id":24,"boss":2399,"start_time":5574098,"end_time":5845494,"name":"Sludgefist","zoneID":2296,"zoneName":"Castle Nathria","zoneDifficulty":4,"size":28,"difficulty":4,"kill":true,"partial":3,"bossPercentage":0,"fightPercentage":0,"lastPhaseForPercentageDisplay":0,"maps":[1735]},{"id":25,"boss":0,"start_time":5911988,"end_time":5917004,"name":"Aerial Bombardment Stalker","zoneID":2296,"zoneName":"Castle Nathria","zoneDifficulty":4},{"id":26,"boss":0,"start_time":5930897,"end_time":6005974,"name":"General Kaal","zoneID":2296,"zoneName":"Castle Nathria","zoneDifficulty":4},{"id":27,"boss":2417,"start_time":6761520,"end_time":7226379,"name":"Stone Legion Generals","zoneID":2296,"zoneName":"Castle Nathria","zoneDifficulty":4,"size":28,"difficulty":4,"kill":true,"partial":3,"bossPercentage":0,"fightPercentage":0,"lastPhaseForPercentageDisplay":3,"maps":[1747]},{"id":28,"boss":2407,"start_time":7398004,"end_time":7832336,"name":"Sire Denathrius","zoneID":2296,"zoneName":"Castle Nathria","zoneDifficulty":4,"size":28,"difficulty":4,"kill":true,"partial":3,"bossPercentage":0,"fightPercentage":0,"lastPhaseForPercentageDisplay":3,"maps":[1747,1748]},{"id":29,"boss":0,"start_time":7832378,"end_time":7833095,"name":"Remornia","zoneID":2296,"zoneName":"Castle Nathria","zoneDifficulty":4}],"lang":"en","friendlies":[{"name":"Vixy","id":19,"guid":181539203,"type":"Hunter","server":"Stormrage","icon":"Hunter-Marksmanship","fights":[{"id":1},{"id":2},{"id":3},{"id":4},{"id":5},{"id":6},{"id":7},{"id":8},{"id":9},{"id":10},{"id":11},{"id":13},{"id":14},{"id":15},{"id":16},{"id":17},{"id":18},{"id":19},{"id":20},{"id":21},{"id":22},{"id":23},{"id":24},{"id":25},{"id":26},{"id":27},{"id":28}]},{"name":"Chirpstar","id":16,"guid":189828403,"type":"Druid","server":"Stormrage","icon":"Druid","fights":[{"id":1},{"id":2},{"id":3},{"id":4},{"id":5},{"id":6},{"id":7},{"id":8},{"id":9},{"id":10},{"id":11},{"id":12},{"id":13},{"id":14},{"id":15},{"id":16},{"id":17},{"id":18},{"id":19},{"id":20},{"id":21},{"id":22},{"id":23},{"id":24},{"id":25},{"id":26},{"id":27},{"id":28},{"id":29}]},{"name":"Simplytg","id":20,"guid":202375304,"type":"Monk","server":"Stormrage","icon":"Monk","fights":[{"id":1},{"id":2},{"id":3},{"id":4},{"id":5},{"id":6},{"id":7},{"id":8},{"id":9},{"id":10},{"id":11},{"id":12},{"id":13},{"id":14},{"id":15},{"id":16},{"id":17},{"id":18},{"id":19},{"id":21},{"id":22},{"id":23},{"id":24},{"id":25},{"id":26},{"id":27},{"id":28},{"id":29}]},{"name":"Ishanna","id":4,"guid":223575736,"type":"Paladin","server":"Stormrage","icon":"Paladin","fights":[{"id":1},{"id":2},{"id":3},{"id":4},{"id":5},{"id":6},{"id":7},{"id":8},{"id":9},{"id":10},{"id":11},{"id":13},{"id":14},{"id":15},{"id":16},{"id":17},{"id":18},{"id":19},{"id":20},{"id":21},{"id":22},{"id":23},{"id":24},{"id":25},{"id":26},{"id":27},{"id":28},{"id":29}]},{"name":"Bumløck","id":25,"guid":189395108,"type":"Warlock","server":"Stormrage","icon":"Warlock-Affliction","fights":[{"id":1},{"id":2},{"id":3},{"id":4},{"id":5},{"id":6},{"id":7},{"id":8},{"id":9},{"id":10},{"id":11},{"id":13},{"id":14},{"id":15},{"id":16},{"id":17},{"id":18},{"id":19},{"id":20},{"id":21},{"id":22},{"id":23},{"id":24},{"id":25},{"id":26},{"id":27},{"id":28},{"id":29}]},{"name":"Ivanisbad","id":15,"guid":227324632,"type":"Shaman","server":"Stormrage","icon":"Shaman-Elemental","fights":[{"id":1},{"id":2},{"id":3},{"id":4},{"id":5},{"id":6},{"id":7},{"id":8},{"id":9},{"id":10},{"id":11},{"id":12},{"id":13},{"id":14},{"id":15},{"id":16},{"id":17},{"id":18},{"id":19},{"id":21},{"id":22},{"id":23},{"id":24},{"id":25},{"id":26},{"id":27},{"id":28},{"id":29}]},{"name":"Anima Orb","id":190,"guid":174017,"type":"NPC","icon":"custom-icon-spell_animarevendreth_orb","fights":[{"id":18,"instances":3,"groups":1}]},{"name":"Papastew","id":22,"guid":213863583,"type":"Priest","server":"Stormrage","icon":"Priest-Shadow","fights":[{"id":1},{"id":2},{"id":3},{"id":4},{"id":5},{"id":6},{"id":7},{"id":8},{"id":9},{"id":10},{"id":11},{"id":12},{"id":13},{"id":14},{"id":15},{"id":16},{"id":17},{"id":18},{"id":19},{"id":21},{"id":22},{"id":23},{"id":24},{"id":25},{"id":26},{"id":27},{"id":28},{"id":29}]},{"name":"Arkhee","id":21,"guid":237557984,"type":"Hunter","server":"Stormrage","icon":"Hunter-Marksmanship","fights":[{"id":1},{"id":2},{"id":3},{"id":4},{"id":5},{"id":6},{"id":7},{"id":8},{"id":9},{"id":10},{"id":11},{"id":12},{"id":13},{"id":14},{"id":15},{"id":16},{"id":17},{"id":18},{"id":19},{"id":20},{"id":21},{"id":22},{"id":23},{"id":24},{"id":25},{"id":26},{"id":27},{"id":28},{"id":29}]},{"name":"Stynik","id":9,"guid":189114799,"type":"DeathKnight","server":"Stormrage","icon":"DeathKnight-Unholy","fights":[{"id":1},{"id":2},{"id":3},{"id":4},{"id":5},{"id":6},{"id":7},{"id":8},{"id":9},{"id":10},{"id":11},{"id":13},{"id":14},{"id":15},{"id":16},{"id":17},{"id":18},{"id":19},{"id":20},{"id":21},{"id":22},{"id":23},{"id":24},{"id":26},{"id":27},{"id":28},{"id":29}]},{"name":"Alennasia","id":3,"guid":189070620,"type":"DeathKnight","server":"Stormrage","icon":"DeathKnight-Blood","fights":[{"id":1},{"id":2},{"id":3},{"id":4},{"id":5},{"id":6},{"id":7},{"id":8},{"id":9},{"id":10},{"id":11},{"id":12},{"id":13},{"id":14},{"id":15},{"id":16},{"id":17},{"id":18},{"id":19},{"id":20},{"id":21},{"id":22},{"id":23},{"id":24},{"id":25},{"id":26},{"id":27},{"id":28},{"id":29}]},{"name":"Seed of Extinction","id":178,"guid":169219,"type":"NPC","icon":"custom-icon-ability_ardenweald_mage","fights":[{"id":15,"instances":12,"groups":5},{"id":16,"instances":8,"groups":4}]},{"name":"Burgerarms","id":17,"guid":203552082,"type":"Hunter","server":"Stormrage","icon":"Hunter-BeastMastery","fights":[{"id":1},{"id":2},{"id":3},{"id":4},{"id":5},{"id":6},{"id":7},{"id":8},{"id":9},{"id":10},{"id":11},{"id":13},{"id":14},{"id":15},{"id":16},{"id":17},{"id":18},{"id":19},{"id":20},{"id":21},{"id":22},{"id":23},{"id":24},{"id":25},{"id":26},{"id":27},{"id":28},{"id":29}]},{"name":"Thegûmp","id":6,"guid":236713552,"type":"Mage","server":"Stormrage","icon":"Mage-Fire","fights":[{"id":1},{"id":2},{"id":3},{"id":4},{"id":5},{"id":6},{"id":7},{"id":8},{"id":9},{"id":10},{"id":11},{"id":12},{"id":13},{"id":14},{"id":15},{"id":16},{"id":17},{"id":18},{"id":19},{"id":20},{"id":21},{"id":22},{"id":23},{"id":24},{"id":26},{"id":27},{"id":28},{"id":29}]},{"name":"Biimo","id":7,"guid":218853345,"type":"Shaman","server":"Stormrage","icon":"Shaman-Elemental","fights":[{"id":1},{"id":2},{"id":3},{"id":4},{"id":5},{"id":6},{"id":7},{"id":8},{"id":9},{"id":10},{"id":11},{"id":13},{"id":14},{"id":15},{"id":16},{"id":17},{"id":18},{"id":19},{"id":20},{"id":21},{"id":22},{"id":23},{"id":24},{"id":25},{"id":26},{"id":27},{"id":28},{"id":29}]},{"name":"Winti","id":5,"guid":189315866,"type":"Warlock","server":"Stormrage","icon":"Warlock-Affliction","fights":[{"id":1},{"id":2},{"id":3},{"id":4},{"id":5},{"id":6},{"id":7},{"id":8},{"id":9},{"id":10},{"id":11},{"id":13},{"id":14},{"id":15},{"id":16},{"id":17},{"id":18},{"id":19},{"id":20},{"id":21},{"id":22},{"id":23},{"id":24},{"id":25},{"id":26},{"id":27},{"id":28},{"id":29}]},{"name":"Ivanoom","id":24,"guid":198082947,"type":"Priest","server":"Stormrage","icon":"Priest-Discipline","fights":[{"id":1},{"id":2},{"id":3},{"id":4},{"id":5},{"id":6},{"id":7},{"id":8},{"id":9},{"id":10},{"id":11},{"id":13},{"id":14},{"id":15},{"id":16},{"id":18},{"id":19},{"id":20},{"id":21},{"id":22},{"id":23},{"id":24},{"id":25},{"id":26},{"id":27},{"id":28}]},{"name":"Juanìto","id":18,"guid":189102043,"type":"Rogue","server":"Stormrage","icon":"Rogue-Subtlety","fights":[{"id":1},{"id":2},{"id":3},{"id":4},{"id":5},{"id":6},{"id":7},{"id":8},{"id":9},{"id":10},{"id":11},{"id":12},{"id":13},{"id":14},{"id":15},{"id":16},{"id":17},{"id":18},{"id":19},{"id":20},{"id":21},{"id":22},{"id":23},{"id":24},{"id":25},{"id":26},{"id":27},{"id":28},{"id":29}]},{"name":"Langbtw","id":27,"guid":206525917,"type":"Druid","server":"Stormrage","icon":"Druid-Balance","fights":[{"id":1},{"id":2},{"id":3},{"id":4},{"id":5},{"id":6},{"id":7},{"id":8},{"id":9},{"id":10},{"id":11},{"id":12},{"id":13},{"id":14},{"id":15},{"id":16},{"id":17},{"id":18},{"id":19},{"id":20},{"id":21},{"id":22},{"id":23},{"id":24},{"id":25},{"id":26},{"id":27},{"id":28},{"id":29}]},{"name":"Worben","id":2,"guid":188293168,"type":"Hunter","server":"Stormrage","icon":"Hunter-Marksmanship","fights":[{"id":1},{"id":2},{"id":3},{"id":4},{"id":5},{"id":6},{"id":7},{"id":8},{"id":9},{"id":10},{"id":11},{"id":13},{"id":14},{"id":15},{"id":16},{"id":17},{"id":18},{"id":19},{"id":21},{"id":22},{"id":23},{"id":24},{"id":26},{"id":27},{"id":28},{"id":29}]},{"name":"Prince Renathal","id":283,"guid":169835,"type":"NPC","icon":"custom-icon-6bf_explosive_shard","fights":[{"id":27,"instances":1,"groups":8}]},{"name":"Night Hunter","id":302,"guid":168474,"type":"NPC","icon":"custom-icon-sha_ability_rogue_bloodyeye_nightmare","fights":[{"id":28,"instances":10,"groups":5}]},{"name":"Kael'thas Sunstrider","id":232,"guid":165759,"type":"Boss","icon":"custom-icon-ability_warlock_moltencore","lockBossFrame":true,"fights":[{"id":19,"instances":1,"groups":4}]},{"name":"The Accuser","id":192,"guid":165760,"type":"NPC","icon":"custom-icon-ability_venthyr_doorofshadows","fights":[{"id":18,"instances":1}]},{"name":"General Draven","id":285,"guid":170404,"type":"NPC","icon":"custom-icon-spell_frost_stun","fights":[{"id":27,"instances":1,"groups":4}]},{"name":"Totesrip","id":13,"guid":198621918,"type":"Shaman","server":"Stormrage","icon":"Shaman-Restoration","fights":[{"id":1},{"id":2},{"id":3},{"id":4},{"id":5},{"id":6},{"id":7},{"id":8},{"id":9},{"id":10},{"id":11},{"id":13},{"id":14},{"id":15},{"id":16},{"id":17},{"id":18},{"id":19},{"id":20},{"id":21},{"id":22},{"id":23},{"id":24},{"id":25},{"id":26},{"id":27},{"id":28},{"id":29}]},{"name":"Wargázm","id":1,"guid":203851047,"type":"Warrior","server":"Stormrage","icon":"Warrior-Arms","fights":[{"id":1},{"id":2},{"id":3},{"id":4},{"id":5},{"id":6},{"id":7},{"id":8},{"id":9},{"id":10},{"id":11},{"id":12},{"id":13},{"id":14},{"id":15},{"id":16},{"id":17},{"id":18},{"id":19},{"id":20},{"id":21},{"id":22},{"id":23},{"id":24},{"id":26},{"id":27},{"id":28},{"id":29}]},{"name":"Jahwa","id":12,"guid":206532243,"type":"Monk","server":"Stormrage","icon":"Monk-Brewmaster","fights":[{"id":1},{"id":2},{"id":3},{"id":4},{"id":5},{"id":6},{"id":7},{"id":8},{"id":9},{"id":10},{"id":11},{"id":12},{"id":13},{"id":14},{"id":15},{"id":16},{"id":17},{"id":18},{"id":19},{"id":20},{"id":21},{"id":22},{"id":23},{"id":24},{"id":25},{"id":26},{"id":27},{"id":28}]},{"name":"Anima Glimmer","id":169,"guid":173969,"type":"NPC","icon":"custom-icon-spell_animamaw_buff","fights":[{"id":14,"instances":1}]},{"name":"Crilis","id":14,"guid":185055677,"type":"Shaman","server":"Stormrage","icon":"Shaman-Restoration","fights":[{"id":1},{"id":2},{"id":3},{"id":4},{"id":5},{"id":6},{"id":7},{"id":8},{"id":9},{"id":10},{"id":11},{"id":13},{"id":14},{"id":15},{"id":16},{"id":17},{"id":18},{"id":19},{"id":20},{"id":21},{"id":22},{"id":23},{"id":24},{"id":25},{"id":26},{"id":27},{"id":28},{"id":29}]},{"name":"Gemofdeath","id":34,"guid":179477939,"type":"DeathKnight","server":"Stormrage","icon":"DeathKnight","fights":[{"id":1},{"id":2},{"id":3},{"id":4},{"id":5},{"id":6},{"id":7},{"id":8},{"id":9},{"id":10},{"id":11},{"id":12},{"id":13},{"id":14},{"id":15},{"id":16},{"id":17},{"id":18},{"id":19},{"id":20},{"id":21},{"id":22},{"id":23},{"id":24},{"id":25},{"id":26},{"id":27},{"id":28},{"id":29}]},{"name":"Nokori","id":11,"guid":168924288,"type":"Druid","server":"Sargeras","icon":"Druid","fights":[{"id":1},{"id":2},{"id":3},{"id":4},{"id":5},{"id":6},{"id":7},{"id":8},{"id":9},{"id":10},{"id":11},{"id":12},{"id":13},{"id":14},{"id":15},{"id":16},{"id":17},{"id":18},{"id":19},{"id":20},{"id":21},{"id":22},{"id":23},{"id":24},{"id":25},{"id":26},{"id":27},{"id":28},{"id":29}]},{"name":"Belligerent Waiter","id":264,"guid":175474,"type":"NPC","icon":"custom-icon-ui_sigil_venthyr","fights":[{"id":22,"instances":2,"groups":4}]},{"name":"Keyloose","id":23,"guid":214623179,"type":"DemonHunter","server":"Stormrage","icon":"DemonHunter-Havoc","fights":[{"id":1},{"id":2},{"id":3},{"id":4},{"id":5},{"id":6},{"id":7},{"id":8},{"id":9},{"id":10},{"id":11},{"id":12},{"id":13},{"id":14},{"id":15},{"id":16},{"id":17},{"id":18},{"id":19},{"id":20},{"id":21},{"id":22},{"id":23},{"id":24},{"id":25},{"id":26},{"id":27},{"id":28},{"id":29}]},{"name":"Belligerent Waiter","id":265,"guid":174878,"type":"NPC","icon":"custom-icon-ui_sigil_venthyr","fights":[{"id":22,"instances":18,"groups":2}]},{"name":"Brilenn","id":8,"guid":234732575,"type":"Priest","server":"Stormrage","icon":"Priest-Shadow","fights":[{"id":1},{"id":2},{"id":3},{"id":4},{"id":5},{"id":6},{"id":7},{"id":8},{"id":9},{"id":10},{"id":11},{"id":13},{"id":14},{"id":15},{"id":16},{"id":17},{"id":18},{"id":19},{"id":21},{"id":22},{"id":23},{"id":24},{"id":25},{"id":26},{"id":27},{"id":28}]},{"name":"Stevemike","id":10,"guid":205561490,"type":"Mage","server":"Stormrage","icon":"Mage-Fire","fights":[{"id":1},{"id":2},{"id":3},{"id":4},{"id":5},{"id":6},{"id":7},{"id":8},{"id":9},{"id":10},{"id":11},{"id":12},{"id":13},{"id":14},{"id":15},{"id":16},{"id":18},{"id":19},{"id":20},{"id":21},{"id":22},{"id":23},{"id":24},{"id":25},{"id":26},{"id":27},{"id":28},{"id":29}]},{"name":"Potatolockx","id":30,"guid":214183986,"type":"Warlock","server":"Stormrage","icon":"Warlock-Affliction","fights":[{"id":1},{"id":2},{"id":3},{"id":4},{"id":5},{"id":6},{"id":7},{"id":8},{"id":9},{"id":10},{"id":11},{"id":12},{"id":13},{"id":14},{"id":15},{"id":16},{"id":17},{"id":18},{"id":19},{"id":20},{"id":21},{"id":22},{"id":23},{"id":24},{"id":25},{"id":26},{"id":27},{"id":28},{"id":29}]},{"name":"Essence Font","id":238,"guid":165778,"type":"NPC","icon":"custom-icon-inv_mechagnome_powercell_broken","fights":[{"id":19,"instances":9,"groups":2}]}],"enemies":[{"name":"Ripped Soul","id":114,"guid":171577,"type":"NPC","icon":"custom-icon-ability_argus_soulburst","fights":[{"id":4,"instances":3}]},{"name":"Nathrian Soldier","id":96,"guid":173949,"type":"NPC","icon":"custom-icon-ability_revendreth_rogue","fights":[{"id":2,"instances":2,"groups":1},{"id":10,"instances":4,"groups":1},{"id":11,"instances":2,"groups":1}]},{"name":"Kennel Overseer","id":101,"guid":174070,"type":"NPC","icon":"custom-icon-ability_hunter_runningshot","fights":[{"id":3,"instances":1}]},{"name":"Nathrian Duelist","id":163,"guid":165471,"type":"NPC","icon":"custom-icon-ability_rogue_shadowstrike","fights":[{"id":14,"instances":1,"groups":1},{"id":21,"instances":3,"groups":2}]},{"name":"Sins of the Past","id":142,"guid":166766,"type":"NPC","icon":"custom-icon-spell_animarevendreth_orb","fights":[{"id":8,"instances":15,"groups":5}]},{"name":"Baroness Frieda","id":254,"guid":166969,"type":"Boss","icon":"custom-icon-inv_enchanting_wod_essence3","fights":[{"id":22,"instances":1}]},{"name":"Margore","id":110,"guid":165067,"type":"Boss","icon":"custom-icon-spell_druid_bloodythrash","fights":[{"id":4,"instances":1}]},{"name":"Anima Crazed Worker","id":136,"guid":173568,"type":"NPC","icon":"custom-icon-6bf_explosive_shard","fights":[{"id":7,"instances":8,"groups":1}]},{"name":"Nathrian Siphoner","id":150,"guid":165472,"type":"NPC","icon":"custom-icon-spell_animarevendreth_missile","fights":[{"id":10,"instances":2,"groups":1},{"id":11,"instances":8,"groups":2},{"id":21,"instances":3,"groups":2}]},{"name":"Court Assassin","id":157,"guid":165481,"type":"NPC","icon":"custom-icon-inv_artifact_bloodoftheassassinated","fights":[{"id":11,"instances":2,"groups":1},{"id":13,"instances":1,"groups":1},{"id":14,"instances":1,"groups":1},{"id":21,"instances":1,"groups":1}]},{"name":"High Torturer Darithos","id":229,"guid":168973,"type":"Boss","icon":"custom-icon-spell_animarevendreth_wave","fights":[{"id":19,"instances":1}]},{"name":"Sinister Reflection","id":308,"guid":170710,"type":"NPC","icon":"custom-icon-spell_shadow_corpseexplode","fights":[{"id":28,"instances":1,"groups":2}]},{"name":"Shade of Kael'thas","id":243,"guid":165805,"type":"Boss","icon":"custom-icon-spell_fire_selfdestruct","fights":[{"id":19,"instances":2}]},{"name":"Vicious Gargon","id":102,"guid":174071,"type":"NPC","icon":"custom-icon-trade_archaeology_shark-jaws","fights":[{"id":3,"instances":4,"groups":1}]},{"name":"General Kaal","id":282,"guid":168112,"type":"Boss","icon":"custom-icon-inv_misc_sawblade_01","fights":[{"id":27,"instances":1}]},{"name":"Belligerent Waiter","id":251,"guid":174842,"type":"NPC","icon":"custom-icon-ability_mage_conjurefoodrank9","fights":[{"id":21,"instances":12,"groups":2}]},{"name":"Hulking Gargon","id":103,"guid":174069,"type":"NPC","icon":"custom-icon-inv_misc_foot_kodo","fights":[{"id":3,"instances":2,"groups":1}]},{"name":"Hungering Destroyer","id":90,"guid":164261,"type":"Boss","icon":"custom-icon-ability_argus_deathfog","fights":[{"id":6,"instances":1}]},{"name":"Harnessed Specter","id":144,"guid":170199,"type":"NPC","icon":"custom-icon-inv_sinstonegolempet","fights":[{"id":8,"instances":3},{"id":9,"instances":3}]},{"name":"Reverberating Eruption Stalker","id":292,"guid":175102,"type":"NPC","icon":"custom-icon-inv_elementalearth2","fights":[{"id":27,"instances":9,"groups":13}]},{"name":"Remornia","id":299,"guid":168156,"type":"NPC","icon":"custom-icon-spell_shadow_lifedrain","fights":[{"id":28,"instances":1,"groups":2},{"id":29,"instances":1,"groups":1}]},{"name":"Crimson Cabalist","id":306,"guid":169470,"type":"NPC","icon":"NPC","fights":[{"id":28,"instances":1,"groups":2}]},{"name":"Stone Legion Commando","id":278,"guid":173276,"type":"NPC","icon":"custom-icon-ability_warrior_punishingblow","fights":[{"id":26,"instances":7,"groups":1}]},{"name":"Soul Infuser","id":246,"guid":165762,"type":"NPC","icon":"custom-icon-ability_deathwing_bloodcorruption_earth","fights":[{"id":19,"instances":6,"groups":2}]},{"name":"Rockbound Vanquisher","id":239,"guid":165764,"type":"NPC","icon":"custom-icon-ability_earthen_pillar","fights":[{"id":19,"instances":4,"groups":7}]},{"name":"Dance Controller","id":259,"guid":168870,"type":"NPC","icon":"custom-icon-trade_engineering","fights":[{"id":22,"instances":1,"groups":6}]},{"name":"Gorging Mite","id":126,"guid":173145,"type":"NPC","icon":"custom-icon-ability_warlock_burningembersblue","fights":[{"id":5,"instances":9,"groups":2}]},{"name":"Echo of Sin","id":301,"guid":167999,"type":"NPC","icon":"custom-icon-spell_misc_emotionsad","fights":[{"id":28,"instances":57,"groups":5}]},{"name":"Stone Legion Skirmisher","id":277,"guid":173280,"type":"NPC","icon":"custom-icon-spell_animarevendreth_missile","fights":[{"id":26,"instances":7,"groups":1}]},{"name":"Hand of Destruction","id":307,"guid":169813,"type":"NPC","icon":"custom-icon-spell_shadow_unholystrength","fights":[{"id":28,"instances":5}]},{"name":"Sire Denathrius","id":298,"guid":167406,"type":"Boss","icon":"custom-icon-inv_artifact_powerofthedarkside","fights":[{"id":28,"instances":1},{"id":29,"instances":1}]},{"name":"Nathrian Ranger","id":87,"guid":174093,"type":"NPC","icon":"custom-icon-inv_misc_ammo_arrow_05","fights":[{"id":2,"instances":2,"groups":1}]},{"name":"Kael'thas Sunstrider","id":232,"guid":165759,"type":"Boss","icon":"custom-icon-ability_warlock_moltencore","lockBossFrame":true,"fights":[{"id":20,"instances":1}]},{"name":"Nathrian Executor","id":151,"guid":165470,"type":"NPC","icon":"custom-icon-spell_animarevendreth_missile","fights":[{"id":10,"instances":1},{"id":11,"instances":1},{"id":13,"instances":1},{"id":14,"instances":2},{"id":21,"instances":3}]},{"name":"Nathrian Hierarch","id":152,"guid":174090,"type":"NPC","icon":"custom-icon-spell_animarevendreth_orb","fights":[{"id":10,"instances":1}]},{"name":"Nathrian Archivist","id":166,"guid":173633,"type":"NPC","icon":"custom-icon-spell_animarevendreth_orb","fights":[{"id":14,"instances":4,"groups":1}]},{"name":"Begrudging Waiter","id":260,"guid":169925,"type":"NPC","icon":"custom-icon-ability_mage_conjurefoodrank9","fights":[{"id":22,"instances":30,"groups":4}]},{"name":"Shade of Bargast","id":115,"guid":171557,"type":"NPC","icon":"NPC","fights":[{"id":4,"instances":4,"groups":1}]},{"name":"Stoneborn Maitre D'","id":252,"guid":174843,"type":"NPC","icon":"custom-icon-ability_warrior_shieldbreak","fights":[{"id":21,"instances":1,"groups":2}]},{"name":"Nathrian Assassin","id":158,"guid":165474,"type":"NPC","icon":"custom-icon-ability_rogue_shadowstrike","fights":[{"id":11,"instances":6,"groups":2},{"id":13,"instances":5,"groups":2}]},{"name":"Rat of Unusual Size","id":119,"guid":173798,"type":"NPC","icon":"custom-icon-ability_xavius_tormentingswipe","fights":[{"id":5,"instances":4,"groups":1}]},{"name":"Edge of Annihilation","id":184,"guid":169062,"type":"NPC","icon":"custom-icon-spell_animamaw_orb","fights":[{"id":16,"instances":1}]},{"name":"Court Hawkeye","id":154,"guid":173190,"type":"NPC","icon":"custom-icon-ability_hunter_traplauncher","fights":[{"id":10,"instances":1},{"id":11,"instances":1},{"id":13,"instances":1},{"id":21,"instances":1}]},{"name":"Waltzing Venthyr","id":261,"guid":176016,"type":"NPC","icon":"custom-icon-ability_rogue_shadowdance","fights":[{"id":22,"instances":2,"groups":1}]},{"name":"Crystal of Phantasms","id":175,"guid":168512,"type":"NPC","icon":"custom-icon-spell_necro_deathrift","fights":[{"id":15,"instances":1,"groups":2},{"id":16,"instances":1,"groups":1}]},{"name":"Stone Legion Goliath","id":279,"guid":173178,"type":"NPC","icon":"custom-icon-ability_druid_mangle2","fights":[{"id":26,"instances":4,"groups":1}]},{"name":"Stinky Feedhauler","id":86,"guid":174338,"type":"NPC","icon":"custom-icon-ability_rogue_reinforcedleather","fights":[{"id":2,"instances":12,"groups":1}]},{"name":"Court Hierarch","id":156,"guid":165483,"type":"NPC","icon":"custom-icon-spell_animarevendreth_orb","fights":[{"id":11,"instances":2},{"id":13,"instances":2},{"id":21,"instances":1}]},{"name":"Fara","id":134,"guid":173466,"type":"NPC","icon":"custom-icon-spell_shaman_spectraltransformation","fights":[{"id":7,"instances":1}]},{"name":"Nathrian Registrar","id":164,"guid":173613,"type":"NPC","icon":"custom-icon-ability_deathknight_sanguinfortitude","fights":[{"id":14,"instances":1}]},{"name":"Lord Stavros","id":255,"guid":166970,"type":"Boss","icon":"custom-icon-ability_warlock_soullink","fights":[{"id":22,"instances":1}]},{"name":"Huntsman Altimor","id":106,"guid":165066,"type":"Boss","icon":"custom-icon-ability_hunter_runningshot","fights":[{"id":3,"instances":1},{"id":4,"instances":1}]},{"name":"Nathrian Gargon Rider","id":88,"guid":174092,"type":"NPC","icon":"custom-icon-ability_hunter_traplauncher","fights":[{"id":2,"instances":2},{"id":11,"instances":2}]},{"name":"General Kaal","id":275,"guid":173298,"type":"NPC","icon":"custom-icon-inv_misc_steelweaponchain","fights":[{"id":26,"instances":1}]},{"name":"Kennel Overseer","id":98,"guid":174336,"type":"NPC","icon":"custom-icon-ability_hunter_runningshot","fights":[{"id":2,"instances":1,"groups":2}]},{"name":"Remornia","id":304,"guid":168158,"type":"NPC","icon":"custom-icon-spell_shadow_corpseexplode","fights":[{"id":28,"instances":1,"groups":3}]},{"name":"Deplina","id":132,"guid":173464,"type":"NPC","icon":"custom-icon-inv_misc_voljinsshatteredtusk","fights":[{"id":7,"instances":1}]},{"name":"Hecutis","id":117,"guid":169458,"type":"Boss","icon":"custom-icon-ability_warstomp","fights":[{"id":4,"instances":1}]},{"name":"Dread Feaster","id":125,"guid":173142,"type":"NPC","icon":"NPC","fights":[{"id":5,"instances":2,"groups":1}]},{"name":"Kullan","id":135,"guid":173469,"type":"NPC","icon":"custom-icon-inv_chaos_orb","fights":[{"id":7,"instances":1}]},{"name":"Pestering Fiend","id":241,"guid":168700,"type":"NPC","icon":"custom-icon-archaeology_5_0_crackedmogurunestone","fights":[{"id":19,"instances":30,"groups":4}]},{"name":"Vile Occultist","id":191,"guid":165763,"type":"NPC","icon":"custom-icon-sha_spell_fire_blueflamering_nightmare","fights":[{"id":19,"instances":9,"groups":4}]},{"name":"Court Enforcer","id":153,"guid":165479,"type":"NPC","icon":"custom-icon-spell_animarevendreth_orb","fights":[{"id":11,"instances":1},{"id":14,"instances":2},{"id":17,"instances":2},{"id":18,"instances":2},{"id":21,"instances":1}]},{"name":"Lady Inerva Darkvein","id":141,"guid":165521,"type":"Boss","icon":"custom-icon-spell_shaman_spectraltransformation","fights":[{"id":8,"instances":1},{"id":9,"instances":1}]},{"name":"Veteran Stoneguard","id":263,"guid":169924,"type":"NPC","icon":"custom-icon-inv_sword_1h_revendreth_d_02","fights":[{"id":22,"instances":1,"groups":2}]},{"name":"Aerial Bombardment Stalker","id":273,"guid":173175,"type":"NPC","icon":"custom-icon-spell_animarevendreth_missile","fights":[{"id":25,"instances":1}]},{"name":"Sins of the Past","id":138,"guid":173512,"type":"NPC","icon":"custom-icon-spell_animarevendreth_orb","fights":[{"id":7,"instances":4,"groups":2}]},{"name":"Winged Ravager","id":124,"guid":173146,"type":"NPC","icon":"custom-icon-spell_arcane_arcane02","fights":[{"id":5,"instances":6,"groups":2}]},{"name":"Dutiful Attendant","id":258,"guid":175992,"type":"NPC","icon":"custom-icon-inv_shield_1h_revendrethquest_b_01","fights":[{"id":22,"instances":8}]},{"name":"Artificer Xy'mox","id":172,"guid":166644,"type":"Boss","icon":"custom-icon-ability_shootwand","fights":[{"id":15,"instances":1},{"id":16,"instances":1}]},{"name":"Conjured Manifestation","id":139,"guid":173484,"type":"NPC","icon":"NPC","fights":[{"id":7,"instances":1}]},{"name":"Shriekwing","id":40,"guid":164406,"type":"Boss","icon":"custom-icon-ability_ironmaidens_whirlofblood","fights":[{"id":1,"instances":1}]},{"name":"Nathrian Tracker","id":94,"guid":173973,"type":"NPC","icon":"custom-icon-ability_hunter_traplauncher","fights":[{"id":2,"instances":1,"groups":1},{"id":10,"instances":2,"groups":1},{"id":11,"instances":1,"groups":1},{"id":14,"instances":1,"groups":1}]},{"name":"Executrix Ophelia","id":189,"guid":174012,"type":"NPC","icon":"custom-icon-spell_animarevendreth_missile","fights":[{"id":18,"instances":1}]},{"name":"Court Executor","id":149,"guid":174194,"type":"NPC","icon":"custom-icon-spell_animarevendreth_missile","fights":[{"id":10,"instances":1}]},{"name":"Rift Blast Portal","id":174,"guid":169271,"type":"NPC","icon":"custom-icon-spell_animabastion_beam","fights":[{"id":15,"instances":20,"groups":4},{"id":16,"instances":30,"groups":6}]},{"name":"Carved Assistant","id":188,"guid":173802,"type":"NPC","icon":"custom-icon-archaeology_5_0_crackedmogurunestone","fights":[{"id":18,"instances":5,"groups":1}]},{"name":"Sludgefist","id":266,"guid":164407,"type":"Boss","icon":"custom-icon-ability_garrosh_hellscreams_warsong","fights":[{"id":23,"instances":1},{"id":24,"instances":1}]},{"name":"Dragost","id":133,"guid":173448,"type":"NPC","icon":"custom-icon-ui_venthyranimaboss_heartsword","fights":[{"id":7,"instances":1}]},{"name":"Nathrian Gargon","id":100,"guid":173641,"type":"NPC","icon":"custom-icon-ability_druid_maul","fights":[{"id":2,"instances":2,"groups":1}]},{"name":"Dusty Widow","id":91,"guid":174141,"type":"NPC","icon":"NPC","fights":[{"id":2,"instances":9,"groups":3},{"id":5,"instances":12,"groups":3}]},{"name":"Nathrian Hawkeye","id":93,"guid":173189,"type":"NPC","icon":"custom-icon-ability_hunter_traplauncher","fights":[{"id":2,"instances":2,"groups":1},{"id":10,"instances":1,"groups":1},{"id":11,"instances":2,"groups":1},{"id":13,"instances":2,"groups":2},{"id":21,"instances":3,"groups":2}]},{"name":"Stasis Trap","id":173,"guid":167691,"type":"NPC","icon":"NPC","fights":[{"id":15,"instances":4,"groups":4},{"id":16,"instances":6,"groups":2}]},{"name":"Sinister Antiquarian","id":167,"guid":173604,"type":"NPC","icon":"custom-icon-ability_ironmaidens_whirlofblood","fights":[{"id":14,"instances":2,"groups":1}]},{"name":"Stone Legion Commando","id":290,"guid":169601,"type":"NPC","icon":"custom-icon-spell_animarevendreth_missile","fights":[{"id":27,"instances":30,"groups":4}]},{"name":"General Grashaal","id":288,"guid":168113,"type":"Boss","icon":"custom-icon-inv_elementalearth2","fights":[{"id":27,"instances":1}]},{"name":"Court Executor","id":162,"guid":174208,"type":"NPC","icon":"custom-icon-spell_animarevendreth_missile","fights":[{"id":14,"instances":1}]},{"name":"Bargast","id":113,"guid":169457,"type":"Boss","icon":"custom-icon-ability_druid_markofursol","fights":[{"id":4,"instances":1}]},{"name":"Sewer Rat","id":120,"guid":173800,"type":"NPC","icon":"custom-icon-ability_hunter_pet_wolf","fights":[{"id":5,"instances":29,"groups":1}]},{"name":"Root of Extinction","id":177,"guid":169267,"type":"NPC","icon":"custom-icon-ability_ardenweald_mage","fights":[{"id":15,"instances":1,"groups":3},{"id":16,"instances":1,"groups":1}]},{"name":"Stone Legion Goliath","id":289,"guid":172858,"type":"NPC","icon":"custom-icon-ability_druid_mangle2","fights":[{"id":27,"instances":6,"groups":4}]},{"name":"Reborn Phoenix","id":244,"guid":168962,"type":"NPC","icon":"custom-icon-ability_mount_fireravengodmount","fights":[{"id":19,"instances":4,"groups":2}]},{"name":"Bleakwing Assassin","id":231,"guid":167566,"type":"NPC","icon":"custom-icon-ability_revendreth_rogue","fights":[{"id":19,"instances":14,"groups":7}]},{"name":"Nathrian Conservator","id":165,"guid":173609,"type":"NPC","icon":"custom-icon-ability_backstab","fights":[{"id":14,"instances":4,"groups":1}]},{"name":"Castellan Niklaus","id":256,"guid":166971,"type":"Boss","icon":"custom-icon-inv_knife_1h_revendreth_d_01","fights":[{"id":22,"instances":1}]},{"name":"Nathrian Enforcer","id":148,"guid":165469,"type":"NPC","icon":"custom-icon-ability_warrior_sunder","fights":[{"id":10,"instances":4,"groups":2},{"id":11,"instances":3,"groups":1},{"id":13,"instances":3,"groups":1}]},{"name":"Crimson Cabalist","id":305,"guid":169196,"type":"NPC","icon":"custom-icon-spell_animarevendreth_buff","fights":[{"id":28,"instances":8,"groups":2}]},{"name":"Nathrian Singuard","id":26,"guid":174100,"type":"NPC","icon":"custom-icon-ability_warrior_sunder","fights":[{"id":10,"instances":3}]}],"friendlyPets":[{"name":"Earthen Wall Totem","id":61,"guid":100943,"type":"Pet","icon":"abilities/spell_nature_stoneskintotem","petOwner":13,"fights":[{"id":1,"instances":3},{"id":4,"instances":3},{"id":5,"instances":2},{"id":6,"instances":4},{"id":7,"instances":1},{"id":8,"instances":4},{"id":10,"instances":1},{"id":13,"instances":1},{"id":14,"instances":1},{"id":15,"instances":2},{"id":16,"instances":4},{"id":19,"instances":5},{"id":21,"instances":1},{"id":22,"instances":6},{"id":23,"instances":3},{"id":24,"instances":4},{"id":26,"instances":1},{"id":27,"instances":7},{"id":28,"instances":6}]},{"name":"Healing Tide Totem","id":76,"guid":59764,"type":"Pet","icon":"abilities/ability_shaman_healingtide","petOwner":14,"fights":[{"id":1,"instances":1},{"id":4,"instances":1},{"id":6,"instances":1},{"id":8,"instances":2},{"id":11,"instances":1},{"id":15,"instances":1},{"id":16,"instances":1},{"id":19,"instances":2},{"id":22,"instances":2},{"id":23,"instances":1},{"id":24,"instances":1},{"id":27,"instances":2},{"id":28,"instances":2}]},{"name":"Primal Fire Elemental","id":109,"guid":61029,"type":"Pet","icon":"abilities/spell_fire_elemental_totem","petOwner":15,"fights":[{"id":4,"instances":2},{"id":19,"instances":3},{"id":22,"instances":3},{"id":27,"instances":3},{"id":28,"instances":3}]},{"name":"Steward","id":161,"guid":166663,"type":"Pet","icon":"abilities/ability_kyrian_summonsteward","petOwner":4,"fights":[{"id":13,"instances":1}]},{"name":"Healing Stream Totem","id":187,"guid":3527,"type":"Pet","icon":"abilities/inv_spear_04","petOwner":7,"fights":[{"id":16,"instances":1},{"id":19,"instances":1},{"id":20,"instances":1},{"id":28,"instances":1}]},{"name":"Earthbind Totem","id":245,"guid":2630,"type":"Pet","icon":"abilities/spell_nature_strengthofearthtotem02","petOwner":7,"fights":[{"id":19,"instances":2}]},{"name":"Nalmir","id":37,"guid":52986064,"type":"Pet","icon":"abilities/spell_shadow_summonimp","petOwner":5,"fights":[{"id":1,"instances":1},{"id":2,"instances":1},{"id":3,"instances":1},{"id":4,"instances":1},{"id":5,"instances":1},{"id":6,"instances":1},{"id":7,"instances":1},{"id":8,"instances":1},{"id":10,"instances":1},{"id":11,"instances":1},{"id":13,"instances":1},{"id":14,"instances":1},{"id":15,"instances":1},{"id":16,"instances":1},{"id":18,"instances":1},{"id":19,"instances":1},{"id":21,"instances":1},{"id":22,"instances":1},{"id":23,"instances":1},{"id":24,"instances":1},{"id":26,"instances":1},{"id":27,"instances":1},{"id":28,"instances":1},{"id":29,"instances":1}]},{"name":"Void Lasher","id":137,"guid":175198,"type":"Pet","icon":"abilities/spell_shadow_skull","petOwner":8,"fights":[{"id":7,"instances":1},{"id":14,"instances":1},{"id":19,"instances":2},{"id":26,"instances":1}]},{"name":"Black Ox Statue","id":234,"guid":61146,"type":"Pet","icon":"abilities/monk_ability_summonoxstatue","petOwner":12,"fights":[{"id":19,"instances":1}]},{"name":"Mindbender","id":111,"guid":62982,"type":"Pet","icon":"abilities/spell_shadow_soulleech_3","petOwner":24,"fights":[{"id":4,"instances":4},{"id":6,"instances":3},{"id":8,"instances":4},{"id":15,"instances":1},{"id":16,"instances":4},{"id":19,"instances":4},{"id":22,"instances":5},{"id":23,"instances":3},{"id":24,"instances":4},{"id":26,"instances":1},{"id":27,"instances":4},{"id":28,"instances":6}]},{"name":"Primal Earth Elemental","id":116,"guid":61056,"type":"Pet","icon":"abilities/spell_nature_earthelemental_totem","petOwner":15,"fights":[{"id":4,"instances":1},{"id":19,"instances":1},{"id":22,"instances":1},{"id":28,"instances":1}]},{"name":"Niuzao","id":78,"guid":73967,"type":"Pet","icon":"abilities/spell_monk_brewmaster_spec","petOwner":12,"fights":[{"id":1,"instances":1},{"id":2,"instances":1},{"id":4,"instances":2},{"id":5,"instances":1},{"id":6,"instances":2},{"id":7,"instances":1},{"id":8,"instances":2},{"id":10,"instances":1},{"id":11,"instances":1},{"id":14,"instances":1},{"id":15,"instances":1},{"id":16,"instances":2},{"id":18,"instances":1},{"id":19,"instances":2},{"id":22,"instances":2},{"id":23,"instances":2},{"id":24,"instances":2},{"id":26,"instances":1},{"id":27,"instances":3},{"id":28,"instances":3}]},{"name":"Earth Spirit","id":49,"guid":69792,"type":"Pet","icon":"abilities/inv_elemental_primal_earth","petOwner":20,"fights":[{"id":1,"instances":4},{"id":2,"instances":1},{"id":3,"instances":1},{"id":4,"instances":4},{"id":5,"instances":1},{"id":6,"instances":4},{"id":8,"instances":4},{"id":10,"instances":1},{"id":11,"instances":1},{"id":14,"instances":1},{"id":15,"instances":2},{"id":16,"instances":4},{"id":21,"instances":1},{"id":22,"instances":6},{"id":23,"instances":3},{"id":24,"instances":4},{"id":26,"instances":2},{"id":27,"instances":7},{"id":28,"instances":6}]},{"name":"Greater Earth Elemental","id":281,"guid":95072,"type":"Pet","icon":"abilities/spell_nature_earthelemental_totem","petOwner":14,"fights":[{"id":26,"instances":1}]},{"name":"Fire Spirit","id":51,"guid":69791,"type":"Pet","icon":"abilities/inv_summerfest_firespirit","petOwner":20,"fights":[{"id":1,"instances":4},{"id":2,"instances":1},{"id":3,"instances":1},{"id":4,"instances":4},{"id":5,"instances":1},{"id":6,"instances":4},{"id":8,"instances":4},{"id":10,"instances":1},{"id":11,"instances":1},{"id":14,"instances":1},{"id":15,"instances":2},{"id":16,"instances":4},{"id":21,"instances":1},{"id":22,"instances":6},{"id":23,"instances":3},{"id":24,"instances":4},{"id":26,"instances":2},{"id":27,"instances":7},{"id":28,"instances":6}]},{"name":"Xuen","id":54,"guid":63508,"type":"Pet","icon":"abilities/ability_monk_summontigerstatue","petOwner":20,"fights":[{"id":1,"instances":2},{"id":2,"instances":1},{"id":4,"instances":3},{"id":5,"instances":1},{"id":6,"instances":2},{"id":8,"instances":2},{"id":10,"instances":1},{"id":14,"instances":1},{"id":15,"instances":1},{"id":16,"instances":3},{"id":21,"instances":1},{"id":22,"instances":4},{"id":23,"instances":2},{"id":24,"instances":3},{"id":26,"instances":1},{"id":27,"instances":3},{"id":28,"instances":4}]},{"name":"Capacitor Totem","id":99,"guid":61245,"type":"Pet","icon":"abilities/spell_nature_brilliance","petOwner":15,"fights":[{"id":2,"instances":1},{"id":3,"instances":1},{"id":11,"instances":1}]},{"name":"Darkglare","id":65,"guid":103673,"type":"Pet","icon":"abilities/inv_beholderwarlock","petOwner":30,"fights":[{"id":1,"instances":2},{"id":2,"instances":1},{"id":4,"instances":2},{"id":6,"instances":2},{"id":8,"instances":2},{"id":10,"instances":1},{"id":11,"instances":1},{"id":15,"instances":1},{"id":16,"instances":2},{"id":17,"instances":1},{"id":19,"instances":3},{"id":22,"instances":3},{"id":23,"instances":2},{"id":24,"instances":2},{"id":26,"instances":1},{"id":27,"instances":3},{"id":28,"instances":3}]},{"name":"Yu'lon","id":237,"guid":165374,"type":"Pet","icon":"abilities/ability_monk_dragonkick","petOwner":20,"fights":[{"id":19,"instances":2}]},{"name":"Rune Weapon","id":59,"guid":27893,"type":"Pet","icon":"abilities/inv_sword_07","petOwner":3,"fights":[{"id":1,"instances":2},{"id":2,"instances":1},{"id":4,"instances":2},{"id":5,"instances":1},{"id":6,"instances":2},{"id":8,"instances":2},{"id":10,"instances":1},{"id":15,"instances":1},{"id":16,"instances":3},{"id":19,"instances":1},{"id":21,"instances":1},{"id":22,"instances":4},{"id":23,"instances":2},{"id":24,"instances":2},{"id":26,"instances":1},{"id":27,"instances":2},{"id":28,"instances":3}]},{"name":"Earthen Wall Totem","id":71,"guid":100943,"type":"Pet","icon":"abilities/spell_nature_stoneskintotem","petOwner":14,"fights":[{"id":1,"instances":3},{"id":2,"instances":1},{"id":3,"instances":1},{"id":4,"instances":4},{"id":5,"instances":2},{"id":6,"instances":4},{"id":7,"instances":1},{"id":8,"instances":4},{"id":11,"instances":1},{"id":13,"instances":2},{"id":14,"instances":1},{"id":15,"instances":2},{"id":16,"instances":4},{"id":19,"instances":2},{"id":21,"instances":2},{"id":22,"instances":6},{"id":23,"instances":3},{"id":24,"instances":4},{"id":26,"instances":1},{"id":27,"instances":7},{"id":28,"instances":7}]},{"name":"Magus of the Dead","id":47,"guid":163366,"type":"Pet","icon":"abilities/artifactability_unholydeathknight_deathsembrace","petOwner":9,"fights":[{"id":1,"instances":4},{"id":2,"instances":1},{"id":4,"instances":6},{"id":5,"instances":1},{"id":6,"instances":5},{"id":7,"instances":2},{"id":8,"instances":5},{"id":10,"instances":1},{"id":11,"instances":1},{"id":13,"instances":1},{"id":14,"instances":2},{"id":15,"instances":3},{"id":16,"instances":4},{"id":17,"instances":1},{"id":19,"instances":6},{"id":21,"instances":1},{"id":22,"instances":8},{"id":23,"instances":6},{"id":24,"instances":6},{"id":26,"instances":2},{"id":27,"instances":9},{"id":28,"instances":8}]},{"name":"Hologram","id":270,"guid":176474,"type":"Pet","icon":"custom-icon-inv_trinket_80_titan02a","petOwner":8,"fights":[{"id":24,"instances":1},{"id":27,"instances":1}]},{"name":"Spirit Link Totem","id":85,"guid":53006,"type":"Pet","icon":"abilities/spell_shaman_spiritlink","petOwner":14,"fights":[{"id":1,"instances":1},{"id":6,"instances":1},{"id":11,"instances":1},{"id":16,"instances":1},{"id":19,"instances":1},{"id":23,"instances":1},{"id":24,"instances":1},{"id":27,"instances":1},{"id":28,"instances":2}]},{"name":"Darkglare","id":68,"guid":103673,"type":"Pet","icon":"abilities/inv_beholderwarlock","petOwner":25,"fights":[{"id":1,"instances":2},{"id":4,"instances":2},{"id":6,"instances":2},{"id":8,"instances":2},{"id":11,"instances":1},{"id":15,"instances":1},{"id":16,"instances":2},{"id":19,"instances":3},{"id":21,"instances":1},{"id":22,"instances":2},{"id":23,"instances":1},{"id":24,"instances":2},{"id":26,"instances":1},{"id":27,"instances":3},{"id":28,"instances":3}]},{"name":"Shadowfiend","id":69,"guid":19668,"type":"Pet","icon":"abilities/spell_shadow_shadowfiend","petOwner":22,"fights":[{"id":1,"instances":2},{"id":4,"instances":2},{"id":5,"instances":1},{"id":6,"instances":2},{"id":8,"instances":2},{"id":10,"instances":1},{"id":13,"instances":1},{"id":15,"instances":1},{"id":16,"instances":1},{"id":22,"instances":2},{"id":23,"instances":1},{"id":24,"instances":2},{"id":27,"instances":3}]},{"name":"Chev","id":28,"guid":57460958,"type":"Pet","icon":"abilities/ability_hunter_beastcall","petOwner":17,"fights":[{"id":1,"instances":1},{"id":2,"instances":1},{"id":3,"instances":1},{"id":4,"instances":1},{"id":5,"instances":1},{"id":6,"instances":1},{"id":7,"instances":1},{"id":8,"instances":1},{"id":9,"instances":1},{"id":10,"instances":1},{"id":11,"instances":1},{"id":13,"instances":1},{"id":14,"instances":1},{"id":15,"instances":1},{"id":16,"instances":1},{"id":17,"instances":1},{"id":18,"instances":1},{"id":19,"instances":1},{"id":20,"instances":1},{"id":21,"instances":1},{"id":22,"instances":1},{"id":23,"instances":1},{"id":24,"instances":1},{"id":26,"instances":1},{"id":27,"instances":1},{"id":28,"instances":1},{"id":29,"instances":1}]},{"name":"Jade Serpent Statue","id":230,"guid":60849,"type":"Pet","icon":"abilities/ability_monk_summonserpentstatue","petOwner":20,"fights":[{"id":19,"instances":1}]},{"name":"Plaguecruncher","id":38,"guid":52934936,"type":"Pet","icon":"abilities/spell_shadow_animatedead","petOwner":9,"fights":[{"id":1,"instances":1},{"id":2,"instances":1},{"id":3,"instances":1},{"id":4,"instances":1},{"id":5,"instances":1},{"id":6,"instances":1},{"id":7,"instances":1},{"id":8,"instances":1},{"id":9,"instances":1},{"id":10,"instances":1},{"id":11,"instances":1},{"id":13,"instances":1},{"id":14,"instances":1},{"id":15,"instances":1},{"id":16,"instances":1},{"id":17,"instances":1},{"id":18,"instances":1},{"id":19,"instances":1},{"id":21,"instances":1},{"id":22,"instances":1},{"id":23,"instances":1},{"id":24,"instances":1},{"id":26,"instances":1},{"id":27,"instances":1},{"id":28,"instances":1},{"id":29,"instances":1}]},{"name":"Void Tendril","id":75,"guid":98167,"type":"Pet","icon":"abilities/spell_shadow_skull","petOwner":22,"fights":[{"id":1,"instances":3},{"id":4,"instances":7},{"id":5,"instances":2},{"id":6,"instances":1},{"id":7,"instances":3},{"id":8,"instances":2},{"id":10,"instances":1},{"id":13,"instances":2},{"id":15,"instances":2},{"id":16,"instances":2},{"id":21,"instances":1},{"id":22,"instances":3},{"id":23,"instances":5},{"id":24,"instances":7},{"id":26,"instances":1},{"id":27,"instances":8},{"id":28,"instances":4}]},{"name":"Mirror Image","id":56,"guid":31216,"type":"Pet","icon":"abilities/spell_magic_managain","petOwner":10,"fights":[{"id":1,"instances":3},{"id":4,"instances":3},{"id":6,"instances":3},{"id":8,"instances":3},{"id":15,"instances":3},{"id":16,"instances":3},{"id":19,"instances":3},{"id":22,"instances":3},{"id":23,"instances":3},{"id":24,"instances":3},{"id":27,"instances":3},{"id":28,"instances":6}]},{"name":"Capacitor Totem","id":168,"guid":61245,"type":"Pet","icon":"abilities/spell_nature_brilliance","petOwner":7,"fights":[{"id":14,"instances":1}]},{"name":"Demonic Gateway","id":121,"guid":59262,"type":"Pet","icon":"custom-icon-trade_engineering","petOwner":25,"fights":[{"id":5,"instances":1}]},{"name":"Hologram","id":271,"guid":176474,"type":"Pet","icon":"custom-icon-inv_trinket_80_titan02a","petOwner":25,"fights":[{"id":24,"instances":1},{"id":27,"instances":2}]},{"name":"Capacitor Totem","id":104,"guid":61245,"type":"Pet","icon":"abilities/spell_nature_brilliance","petOwner":13,"fights":[{"id":3,"instances":1},{"id":5,"instances":2},{"id":7,"instances":1},{"id":10,"instances":2},{"id":11,"instances":1},{"id":13,"instances":1},{"id":14,"instances":2},{"id":17,"instances":1},{"id":21,"instances":2}]},{"name":"Earthbind Totem","id":128,"guid":2630,"type":"Pet","icon":"abilities/spell_nature_strengthofearthtotem02","petOwner":13,"fights":[{"id":5,"instances":1}]},{"name":"Biztal","id":36,"guid":53006267,"type":"Pet","icon":"abilities/spell_shadow_summonimp","petOwner":25,"fights":[{"id":1,"instances":1},{"id":2,"instances":1},{"id":3,"instances":1},{"id":4,"instances":1},{"id":5,"instances":1},{"id":6,"instances":1},{"id":7,"instances":1},{"id":8,"instances":1},{"id":9,"instances":1},{"id":10,"instances":1},{"id":11,"instances":1},{"id":13,"instances":1},{"id":14,"instances":1},{"id":15,"instances":1},{"id":16,"instances":1},{"id":17,"instances":1},{"id":18,"instances":1},{"id":19,"instances":1},{"id":21,"instances":1},{"id":22,"instances":1},{"id":23,"instances":1},{"id":24,"instances":1},{"id":26,"instances":1},{"id":27,"instances":1},{"id":28,"instances":1},{"id":29,"instances":1}]},{"name":"Healing Stream Totem","id":240,"guid":3527,"type":"Pet","icon":"abilities/inv_spear_04","petOwner":15,"fights":[{"id":19,"instances":1},{"id":23,"instances":1}]},{"name":"Darkglare","id":70,"guid":103673,"type":"Pet","icon":"abilities/inv_beholderwarlock","petOwner":5,"fights":[{"id":1,"instances":2},{"id":2,"instances":1},{"id":4,"instances":2},{"id":6,"instances":2},{"id":8,"instances":2},{"id":10,"instances":1},{"id":15,"instances":1},{"id":16,"instances":2},{"id":19,"instances":3},{"id":22,"instances":2},{"id":23,"instances":1},{"id":24,"instances":2},{"id":26,"instances":1},{"id":27,"instances":3},{"id":28,"instances":3}]},{"name":"Primal Fire Elemental","id":233,"guid":61029,"type":"Pet","icon":"abilities/spell_fire_elemental_totem","petOwner":7,"fights":[{"id":19,"instances":3},{"id":22,"instances":6},{"id":27,"instances":4},{"id":28,"instances":5}]},{"name":"Greater Fire Elemental","id":52,"guid":95061,"type":"Pet","icon":"abilities/spell_fire_elemental_totem","petOwner":7,"fights":[{"id":1,"instances":2},{"id":4,"instances":2},{"id":6,"instances":2},{"id":8,"instances":2},{"id":15,"instances":1},{"id":16,"instances":2},{"id":23,"instances":2},{"id":24,"instances":2},{"id":26,"instances":1}]},{"name":"Greater Earth Elemental","id":280,"guid":95072,"type":"Pet","icon":"abilities/spell_nature_earthelemental_totem","petOwner":13,"fights":[{"id":26,"instances":1}]},{"name":"Void Tendril","id":73,"guid":98167,"type":"Pet","icon":"abilities/spell_shadow_skull","petOwner":8,"fights":[{"id":1,"instances":7},{"id":4,"instances":4},{"id":5,"instances":1},{"id":6,"instances":7},{"id":7,"instances":5},{"id":8,"instances":2},{"id":15,"instances":1},{"id":16,"instances":3},{"id":19,"instances":1},{"id":21,"instances":3},{"id":22,"instances":4},{"id":23,"instances":4},{"id":24,"instances":2},{"id":27,"instances":4},{"id":28,"instances":5}]},{"name":"Greater Earth Elemental","id":81,"guid":95072,"type":"Pet","icon":"abilities/spell_nature_earthelemental_totem","petOwner":15,"fights":[{"id":1,"instances":1},{"id":8,"instances":1},{"id":11,"instances":1},{"id":14,"instances":1},{"id":16,"instances":1},{"id":23,"instances":1},{"id":24,"instances":1},{"id":26,"instances":1}]},{"name":"Hologram","id":293,"guid":176474,"type":"Pet","icon":"custom-icon-inv_trinket_80_titan02a","petOwner":14,"fights":[{"id":27,"instances":1}]},{"name":"Efflorescence","id":43,"guid":47649,"type":"Pet","icon":"abilities/inv_misc_herb_talandrasrose","petOwner":11,"fights":[{"id":1,"instances":5},{"id":2,"instances":2},{"id":4,"instances":3},{"id":6,"instances":4},{"id":8,"instances":3},{"id":11,"instances":1},{"id":14,"instances":1},{"id":15,"instances":3},{"id":16,"instances":2},{"id":19,"instances":8},{"id":21,"instances":2},{"id":23,"instances":3},{"id":24,"instances":2},{"id":26,"instances":1},{"id":27,"instances":13},{"id":28,"instances":9}]},{"name":"Mindbender","id":300,"guid":62982,"type":"Pet","icon":"abilities/spell_shadow_soulleech_3","petOwner":8,"fights":[{"id":28,"instances":7}]},{"name":"Risen Ghoul","id":46,"guid":26125,"type":"Pet","icon":"abilities/inv_pet_ghoul","petOwner":34,"fights":[{"id":1,"instances":2},{"id":4,"instances":3},{"id":5,"instances":1},{"id":6,"instances":2},{"id":8,"instances":2},{"id":15,"instances":1},{"id":16,"instances":3},{"id":19,"instances":2},{"id":21,"instances":1},{"id":22,"instances":2},{"id":23,"instances":2},{"id":24,"instances":2},{"id":26,"instances":1},{"id":27,"instances":4},{"id":28,"instances":3}]},{"name":"Demonic Gateway","id":122,"guid":59271,"type":"Pet","icon":"custom-icon-trade_engineering","petOwner":25,"fights":[{"id":5,"instances":1}]},{"name":"Healing Tide Totem","id":74,"guid":59764,"type":"Pet","icon":"abilities/ability_shaman_healingtide","petOwner":13,"fights":[{"id":1,"instances":1},{"id":4,"instances":1},{"id":5,"instances":1},{"id":6,"instances":1},{"id":8,"instances":2},{"id":11,"instances":1},{"id":14,"instances":1},{"id":16,"instances":2},{"id":19,"instances":2},{"id":22,"instances":2},{"id":23,"instances":2},{"id":24,"instances":2},{"id":26,"instances":1},{"id":27,"instances":2},{"id":28,"instances":3}]},{"name":"Mirror Image","id":118,"guid":31216,"type":"Pet","icon":"abilities/spell_magic_managain","petOwner":6,"fights":[{"id":4,"instances":3},{"id":6,"instances":6},{"id":13,"instances":3},{"id":15,"instances":3},{"id":16,"instances":9},{"id":19,"instances":6},{"id":22,"instances":6},{"id":23,"instances":6},{"id":24,"instances":6},{"id":26,"instances":3},{"id":27,"instances":12},{"id":28,"instances":9}]},{"name":"Katy Stampwhistle","id":89,"guid":132969,"type":"Pet","icon":"abilities/inv_misc_cat_trinket06","petOwner":27,"fights":[{"id":2,"instances":1}]},{"name":"Mana Tide Totem","id":80,"guid":10467,"type":"Pet","icon":"abilities/spell_frost_summonwaterelemental","petOwner":13,"fights":[{"id":1,"instances":1},{"id":4,"instances":1},{"id":5,"instances":1},{"id":6,"instances":1},{"id":8,"instances":2},{"id":16,"instances":1},{"id":19,"instances":2},{"id":22,"instances":2},{"id":23,"instances":2},{"id":24,"instances":2},{"id":27,"instances":2},{"id":28,"instances":3}]},{"name":"Shadowfiend","id":66,"guid":19668,"type":"Pet","icon":"abilities/spell_shadow_shadowfiend","petOwner":24,"fights":[{"id":1,"instances":1}]},{"name":"Mana Tide Totem","id":82,"guid":10467,"type":"Pet","icon":"abilities/spell_frost_summonwaterelemental","petOwner":14,"fights":[{"id":1,"instances":1},{"id":4,"instances":1},{"id":5,"instances":1},{"id":6,"instances":1},{"id":8,"instances":1},{"id":15,"instances":1},{"id":16,"instances":1},{"id":19,"instances":2},{"id":22,"instances":2},{"id":23,"instances":1},{"id":24,"instances":1},{"id":27,"instances":1},{"id":28,"instances":2}]},{"name":"Rune Weapon","id":55,"guid":27893,"type":"Pet","icon":"abilities/inv_sword_07","petOwner":34,"fights":[{"id":1,"instances":2},{"id":2,"instances":1},{"id":3,"instances":1},{"id":4,"instances":2},{"id":5,"instances":1},{"id":6,"instances":1},{"id":7,"instances":1},{"id":8,"instances":2},{"id":10,"instances":1},{"id":11,"instances":1},{"id":14,"instances":1},{"id":15,"instances":1},{"id":16,"instances":2},{"id":19,"instances":2},{"id":21,"instances":1},{"id":22,"instances":3},{"id":23,"instances":2},{"id":26,"instances":1},{"id":27,"instances":4}]},{"name":"Hologram","id":296,"guid":176474,"type":"Pet","icon":"custom-icon-inv_trinket_80_titan02a","petOwner":9,"fights":[{"id":27,"instances":1}]},{"name":"Hologram","id":295,"guid":176474,"type":"Pet","icon":"custom-icon-inv_trinket_80_titan02a","petOwner":18,"fights":[{"id":27,"instances":1}]},{"name":"Spirit Link Totem","id":84,"guid":53006,"type":"Pet","icon":"abilities/spell_shaman_spiritlink","petOwner":13,"fights":[{"id":1,"instances":1},{"id":4,"instances":1},{"id":5,"instances":1},{"id":6,"instances":1},{"id":8,"instances":1},{"id":11,"instances":1},{"id":14,"instances":1},{"id":18,"instances":1},{"id":19,"instances":1},{"id":23,"instances":1},{"id":24,"instances":1},{"id":26,"instances":1},{"id":28,"instances":2}]},{"name":"Piztai","id":35,"guid":59971238,"type":"Pet","icon":"abilities/spell_shadow_summonimp","petOwner":30,"fights":[{"id":1,"instances":1},{"id":2,"instances":1},{"id":3,"instances":1},{"id":4,"instances":1},{"id":5,"instances":1},{"id":6,"instances":1},{"id":7,"instances":1},{"id":8,"instances":1},{"id":9,"instances":1},{"id":10,"instances":1},{"id":11,"instances":1},{"id":13,"instances":1},{"id":14,"instances":1},{"id":15,"instances":1},{"id":16,"instances":1},{"id":17,"instances":1},{"id":18,"instances":1},{"id":19,"instances":1},{"id":21,"instances":1},{"id":22,"instances":1},{"id":23,"instances":1},{"id":24,"instances":1},{"id":26,"instances":1},{"id":27,"instances":1},{"id":28,"instances":1},{"id":29,"instances":1}]},{"name":"Risen Skulker","id":63,"guid":99541,"type":"Pet","icon":"abilities/spell_shadow_animatedead","petOwner":9,"fights":[{"id":1,"instances":1},{"id":2,"instances":1},{"id":3,"instances":1},{"id":4,"instances":1},{"id":5,"instances":1},{"id":6,"instances":1},{"id":7,"instances":1},{"id":8,"instances":1},{"id":9,"instances":1},{"id":10,"instances":2},{"id":11,"instances":2},{"id":13,"instances":1},{"id":14,"instances":1},{"id":15,"instances":1},{"id":16,"instances":1},{"id":17,"instances":1},{"id":18,"instances":1},{"id":19,"instances":1},{"id":21,"instances":1},{"id":22,"instances":1},{"id":23,"instances":1},{"id":24,"instances":1},{"id":26,"instances":1},{"id":27,"instances":1},{"id":28,"instances":1}]},{"name":"Regenerating Wildseed","id":159,"guid":164589,"type":"Pet","icon":"Pet","petOwner":11,"fights":[{"id":11,"instances":1}]},{"name":"Mindbender","id":235,"guid":62982,"type":"Pet","icon":"abilities/spell_shadow_soulleech_3","petOwner":22,"fights":[{"id":19,"instances":5},{"id":28,"instances":6}]},{"name":"Shadowfiend","id":62,"guid":19668,"type":"Pet","icon":"abilities/spell_shadow_shadowfiend","petOwner":8,"fights":[{"id":1,"instances":2},{"id":4,"instances":2},{"id":6,"instances":2},{"id":8,"instances":2},{"id":15,"instances":1},{"id":16,"instances":1},{"id":19,"instances":2},{"id":22,"instances":2},{"id":23,"instances":2},{"id":24,"instances":2},{"id":26,"instances":1},{"id":27,"instances":3}]},{"name":"Void Lasher","id":105,"guid":175198,"type":"Pet","icon":"abilities/spell_shadow_skull","petOwner":22,"fights":[{"id":3,"instances":1},{"id":11,"instances":1},{"id":19,"instances":6},{"id":21,"instances":1},{"id":28,"instances":1}]},{"name":"Army of the Dead","id":53,"guid":24207,"type":"Pet","icon":"abilities/artifactability_unholydeathknight_deathsembrace","petOwner":9,"fights":[{"id":1,"instances":20},{"id":2,"instances":4},{"id":4,"instances":32},{"id":5,"instances":4},{"id":6,"instances":24},{"id":7,"instances":8},{"id":8,"instances":24},{"id":10,"instances":4},{"id":11,"instances":4},{"id":13,"instances":4},{"id":14,"instances":8},{"id":15,"instances":16},{"id":16,"instances":20},{"id":17,"instances":4},{"id":19,"instances":32},{"id":21,"instances":4},{"id":22,"instances":40},{"id":23,"instances":32},{"id":24,"instances":32},{"id":26,"instances":12},{"id":27,"instances":44},{"id":28,"instances":40}]},{"name":"Capacitor Totem","id":97,"guid":61245,"type":"Pet","icon":"abilities/spell_nature_brilliance","petOwner":14,"fights":[{"id":2,"instances":1},{"id":5,"instances":2},{"id":21,"instances":1}]},{"name":"Risen Ghoul","id":72,"guid":26125,"type":"Pet","icon":"abilities/inv_pet_ghoul","petOwner":3,"fights":[{"id":1,"instances":2},{"id":3,"instances":1},{"id":4,"instances":2},{"id":5,"instances":1},{"id":6,"instances":2},{"id":7,"instances":1},{"id":8,"instances":2},{"id":10,"instances":1},{"id":13,"instances":1},{"id":14,"instances":1},{"id":15,"instances":1},{"id":16,"instances":2},{"id":21,"instances":1},{"id":22,"instances":4},{"id":23,"instances":2},{"id":24,"instances":2},{"id":26,"instances":1},{"id":27,"instances":2},{"id":28,"instances":3}]},{"name":"Greater Fire Elemental","id":45,"guid":95061,"type":"Pet","icon":"abilities/spell_fire_elemental_totem","petOwner":15,"fights":[{"id":1,"instances":2},{"id":6,"instances":2},{"id":8,"instances":2},{"id":15,"instances":1},{"id":16,"instances":2},{"id":23,"instances":2},{"id":24,"instances":2}]},{"name":"Yama","id":29,"guid":57460937,"type":"Pet","icon":"custom-icon-ability_hunter_sickem","petOwner":17,"fights":[{"id":1,"instances":1},{"id":2,"instances":1},{"id":3,"instances":1},{"id":4,"instances":1},{"id":5,"instances":1},{"id":6,"instances":1},{"id":7,"instances":1},{"id":8,"instances":1},{"id":9,"instances":1},{"id":10,"instances":1},{"id":11,"instances":1},{"id":13,"instances":1},{"id":14,"instances":1},{"id":15,"instances":1},{"id":16,"instances":1},{"id":17,"instances":1},{"id":18,"instances":1},{"id":19,"instances":1},{"id":20,"instances":1},{"id":21,"instances":1},{"id":22,"instances":1},{"id":23,"instances":1},{"id":24,"instances":1},{"id":26,"instances":1},{"id":27,"instances":1},{"id":28,"instances":1},{"id":29,"instances":1}]},{"name":"Hologram","id":268,"guid":176474,"type":"Pet","icon":"custom-icon-inv_trinket_80_titan02a","petOwner":30,"fights":[{"id":23,"instances":1},{"id":27,"instances":1}]}],"enemyPets":[{"name":"Loyal Gargon","id":95,"guid":173953,"type":"Pet","icon":"custom-icon-spell_shadow_lifedrain","petOwner":94,"fights":[{"id":2,"instances":1}]},{"name":"Conjured Manifestation","id":143,"guid":170197,"type":"Pet","icon":"Pet","petOwner":141,"fights":[{"id":8,"instances":3},{"id":9,"instances":3}]}],"phases":[{"boss":2417,"phases":["General Kaal","General Grashaal","Generals United"]},{"boss":2418,"phases":["Margore","Bargast","Hecutis","Huntsman"]},{"boss":2405,"phases":["Crystal of Phantasms","Root of Extinction","Edge of Annihilation"]},{"boss":2407,"phases":["Stage One: Sinners Be Cleansed","Intermission: March of the Penitent","Stage Two: The Crimson Chorus","Stage Three: Indignation"],"intermissions":[2]},{"boss":2412,"phases":["Phase One","Phase Two","Phase Three"]},{"boss":2398,"phases":["Thirst for Blood","Terror of Castle Nathria"]}],"logVersion":16,"gameVersion":1,"title":"Heroic day 184","owner":"TheBigCheeselol","start":1608087558289,"end":1608095579599,"zone":26,"exportedCharacters":[{"id":27983474,"name":"Alennasia","server":"Stormrage","region":"US"},{"id":49001514,"name":"Arkhee","server":"Stormrage","region":"US"},{"id":50912708,"name":"Biimo","server":"Stormrage","region":"US"},{"id":53413175,"name":"Brilenn","server":"Stormrage","region":"US"},{"id":53413161,"name":"Bumløck","server":"Stormrage","region":"US"},{"id":39939679,"name":"Burgerarms","server":"Stormrage","region":"US"},{"id":30443783,"name":"Chirpstar","server":"Stormrage","region":"US"},{"id":44365579,"name":"Crilis","server":"Stormrage","region":"US"},{"id":19861699,"name":"Gemofdeath","server":"Stormrage","region":"US"},{"id":52433615,"name":"Ishanna","server":"Stormrage","region":"US"},{"id":53413172,"name":"Ivanisbad","server":"Stormrage","region":"US"},{"id":36777552,"name":"Ivanoom","server":"Stormrage","region":"US"},{"id":41016596,"name":"Jahwa","server":"Stormrage","region":"US"},{"id":28010107,"name":"Juanìto","server":"Stormrage","region":"US"},{"id":49391140,"name":"Keyloose","server":"Stormrage","region":"US"},{"id":41628244,"name":"Langbtw","server":"Stormrage","region":"US"},{"id":38783799,"name":"Nokori","server":"Sargeras","region":"US"},{"id":50475309,"name":"Papastew","server":"Stormrage","region":"US"},{"id":40377453,"name":"Potatolockx","server":"Stormrage","region":"US"},{"id":39674780,"name":"Simplytg","server":"Stormrage","region":"US"},{"id":53656805,"name":"Stevemike","server":"Stormrage","region":"US"},{"id":27983476,"name":"Stynik","server":"Stormrage","region":"US"},{"id":40652705,"name":"Thegûmp","server":"Stormrage","region":"US"},{"id":37089893,"name":"Totesrip","server":"Stormrage","region":"US"},{"id":39661162,"name":"Vixy","server":"Stormrage","region":"US"},{"id":39983247,"name":"Wargázm","server":"Stormrage","region":"US"},{"id":28103014,"name":"Winti","server":"Stormrage","region":"US"},{"id":27402929,"name":"Worben","server":"Stormrage","region":"US"}]}