{"fights":[{"id":1,"boss":2329,"start_time":1465204,"end_time":1789115,"name":"Wrathion","zoneID":2217,"zoneName":"Ny'alotha, the Waking City","zoneDifficulty":0,"size":20,"difficulty":5,"kill":true,"partial":3,"bossPercentage":0,"fightPercentage":0,"lastPhaseForPercentageDisplay":1,"maps":[1580]},{"id":2,"boss":0,"start_time":1829574,"end_time":1869417,"name":"Monstrous Behemoth","zoneID":2217,"zoneName":"Ny'alotha, the Waking City","zoneDifficulty":0},{"id":3,"boss":0,"start_time":1887405,"end_time":1929737,"name":"Khateph","zoneID":2217,"zoneName":"Ny'alotha, the Waking City","zoneDifficulty":0},{"id":4,"boss":0,"start_time":1965685,"end_time":2041514,"name":"Aqir Shadowcrafter","zoneID":2217,"zoneName":"Ny'alotha, the Waking City","zoneDifficulty":0},{"id":5,"boss":2327,"start_time":2158151,"end_time":2360013,"name":"Maut","zoneID":2217,"zoneName":"Ny'alotha, the Waking City","zoneDifficulty":0,"size":20,"difficulty":5,"kill":true,"partial":3,"bossPercentage":0,"fightPercentage":0,"lastPhaseForPercentageDisplay":1,"maps":[1581]},{"id":6,"boss":0,"start_time":2399285,"end_time":2465795,"name":"Ossirat","zoneID":2217,"zoneName":"Ny'alotha, the Waking City","zoneDifficulty":0},{"id":7,"boss":0,"start_time":2485662,"end_time":2608411,"name":"Anubisath Sentinel","zoneID":2217,"zoneName":"Ny'alotha, the Waking City","zoneDifficulty":0},{"id":8,"boss":0,"start_time":2669755,"end_time":2718679,"name":"Anubisath Sentinel","zoneID":2217,"zoneName":"Ny'alotha, the Waking City","zoneDifficulty":0},{"id":9,"boss":2334,"start_time":2841521,"end_time":3038593,"name":"Prophet Skitra","zoneID":2217,"zoneName":"Ny'alotha, the Waking City","zoneDifficulty":0,"size":20,"difficulty":5,"kill":true,"partial":3,"bossPercentage":0,"fightPercentage":0,"lastPhaseForPercentageDisplay":0,"maps":[1581]},{"id":10,"boss":0,"start_time":3166596,"end_time":3629894,"name":"Sanguimar","zoneID":2217,"zoneName":"Ny'alotha, the Waking City","zoneDifficulty":0},{"id":11,"boss":2335,"start_time":3822526,"end_time":3988417,"name":"Shad'har the Insatiable","zoneID":2217,"zoneName":"Ny'alotha, the Waking City","zoneDifficulty":5,"size":20,"difficulty":5,"kill":false,"partial":3,"bossPercentage":4399,"fightPercentage":4399,"lastPhaseForPercentageDisplay":2,"maps":[1594]},{"id":12,"boss":0,"start_time":4032530,"end_time":4054067,"name":"Leeching Parasite","zoneID":2217,"zoneName":"Ny'alotha, the Waking City","zoneDifficulty":5},{"id":13,"boss":2335,"start_time":4167307,"end_time":4253999,"name":"Shad'har the Insatiable","zoneID":2217,"zoneName":"Ny'alotha, the Waking City","zoneDifficulty":5,"size":20,"difficulty":5,"kill":false,"partial":3,"bossPercentage":6622,"fightPercentage":6622,"lastPhaseForPercentageDisplay":1,"maps":[1594]},{"id":14,"boss":2335,"start_time":4408873,"end_time":4613596,"name":"Shad'har the Insatiable","zoneID":2217,"zoneName":"Ny'alotha, the Waking City","zoneDifficulty":5,"size":20,"difficulty":5,"kill":true,"partial":3,"bossPercentage":0,"fightPercentage":0,"lastPhaseForPercentageDisplay":3,"maps":[1594]},{"id":15,"boss":0,"start_time":4638540,"end_time":4751473,"name":"Drest'agath","zoneID":2217,"zoneName":"Ny'alotha, the Waking City","zoneDifficulty":5}],"lang":"en","friendlies":[{"name":"Jordie","id":20,"guid":188550809,"type":"Hunter","server":"Silvermoon","icon":"Hunter-BeastMastery","fights":[{"id":1},{"id":2},{"id":3},{"id":4},{"id":5},{"id":6},{"id":7},{"id":8},{"id":9},{"id":10},{"id":11},{"id":13},{"id":14},{"id":15}]},{"name":"Alywilds","id":3,"guid":183915393,"type":"Hunter","server":"Silvermoon","icon":"Hunter-BeastMastery","fights":[{"id":1},{"id":2},{"id":3},{"id":4},{"id":5},{"id":6},{"id":7},{"id":8},{"id":9},{"id":10},{"id":11},{"id":12},{"id":13},{"id":14},{"id":15}]},{"name":"Aztharion","id":24,"guid":173140659,"type":"Hunter","server":"Silvermoon","icon":"Hunter-BeastMastery","fights":[{"id":1},{"id":2},{"id":3},{"id":4},{"id":5},{"id":6},{"id":7},{"id":8},{"id":9},{"id":10},{"id":11},{"id":13},{"id":14},{"id":15}]},{"name":"Kisoylîs","id":6,"guid":126037767,"type":"Shaman","server":"Silvermoon","icon":"Shaman-Restoration","fights":[{"id":1},{"id":2},{"id":3},{"id":4},{"id":5},{"id":6},{"id":7},{"id":8},{"id":9},{"id":10},{"id":11},{"id":12},{"id":13},{"id":14},{"id":15}]},{"name":"Onathee","id":2,"guid":112262332,"type":"Paladin","server":"Silvermoon","icon":"Paladin-Holy","fights":[{"id":1},{"id":2},{"id":3},{"id":4},{"id":5},{"id":6},{"id":7},{"id":8},{"id":9},{"id":10},{"id":11},{"id":12},{"id":13},{"id":14},{"id":15}]},{"name":"Reksia","id":7,"guid":162660258,"type":"DemonHunter","server":"Silvermoon","icon":"DemonHunter-Havoc","fights":[{"id":1},{"id":2},{"id":3},{"id":4},{"id":5},{"id":6},{"id":7},{"id":8},{"id":9},{"id":10},{"id":11},{"id":12},{"id":13},{"id":14},{"id":15}]},{"name":"Laeithe","id":1,"guid":170339794,"type":"Warlock","server":"Silvermoon","icon":"Warlock-Affliction","fights":[{"id":1},{"id":2},{"id":3},{"id":4},{"id":5},{"id":6},{"id":7},{"id":8},{"id":9},{"id":10},{"id":11},{"id":12},{"id":13},{"id":14},{"id":15}]},{"name":"Xerín","id":11,"guid":180526652,"type":"DemonHunter","server":"Silvermoon","icon":"DemonHunter-Vengeance","fights":[{"id":1},{"id":2},{"id":3},{"id":4},{"id":5},{"id":6},{"id":7},{"id":8},{"id":9},{"id":10},{"id":11},{"id":12},{"id":13},{"id":14},{"id":15}]},{"name":"Minaax","id":16,"guid":133886395,"type":"Paladin","server":"Silvermoon","icon":"Paladin-Protection","fights":[{"id":1},{"id":2},{"id":3},{"id":4},{"id":5},{"id":6},{"id":7},{"id":8},{"id":9},{"id":10},{"id":11},{"id":13},{"id":14},{"id":15}]},{"name":"Margiëla","id":22,"guid":191405191,"type":"Rogue","server":"Frostmane","icon":"Rogue-Assassination","fights":[{"id":1},{"id":2},{"id":3},{"id":4},{"id":5},{"id":6},{"id":7},{"id":8},{"id":9},{"id":10},{"id":11},{"id":12},{"id":13},{"id":14},{"id":15}]},{"name":"Ichiban","id":23,"guid":183956645,"type":"Rogue","server":"Silvermoon","icon":"Rogue-Assassination","fights":[{"id":1},{"id":2},{"id":3},{"id":4},{"id":5},{"id":6},{"id":7},{"id":8},{"id":9},{"id":10},{"id":11},{"id":12},{"id":13},{"id":14},{"id":15}]},{"name":"Talic","id":34,"guid":108504486,"type":"Hunter","server":"Silvermoon","icon":"Hunter-BeastMastery","fights":[{"id":1},{"id":2},{"id":3},{"id":4},{"id":5},{"id":6},{"id":7},{"id":8},{"id":9},{"id":10},{"id":11},{"id":12},{"id":13},{"id":14},{"id":15}]},{"name":"Wondadisk","id":10,"guid":183890164,"type":"Priest","server":"Silvermoon","icon":"Priest-Discipline","fights":[{"id":1},{"id":2},{"id":3},{"id":4},{"id":5},{"id":6},{"id":7},{"id":8},{"id":9},{"id":10},{"id":11},{"id":12},{"id":13},{"id":14},{"id":15}]},{"name":"Finleyd","id":26,"guid":188246615,"type":"Druid","server":"Silvermoon","icon":"Druid-Balance","fights":[{"id":1},{"id":2},{"id":3},{"id":4},{"id":5},{"id":6},{"id":7},{"id":8},{"id":9},{"id":10},{"id":11},{"id":12},{"id":13},{"id":14},{"id":15}]},{"name":"Hellaphimé","id":21,"guid":169121273,"type":"Warrior","server":"Silvermoon","icon":"Warrior-Fury","fights":[{"id":1},{"id":3},{"id":4},{"id":5},{"id":6},{"id":7},{"id":8},{"id":9},{"id":10},{"id":11},{"id":12},{"id":13},{"id":14},{"id":15}]},{"name":"Slipperyjoe","id":27,"guid":184801697,"type":"Monk","server":"Silvermoon","icon":"Monk-Mistweaver","fights":[{"id":1},{"id":2},{"id":3},{"id":4},{"id":5},{"id":6},{"id":7},{"id":8},{"id":9},{"id":10},{"id":11},{"id":12},{"id":13},{"id":14},{"id":15}]},{"name":"Bartek","id":30,"guid":109760144,"type":"Mage","server":"Silvermoon","icon":"Mage-Fire","fights":[{"id":1},{"id":2},{"id":3},{"id":4},{"id":5},{"id":6},{"id":7},{"id":8},{"id":9},{"id":10},{"id":11},{"id":13},{"id":14},{"id":15}]},{"name":"Evilnos","id":12,"guid":107880030,"type":"Warlock","server":"Silvermoon","icon":"Warlock-Destruction","fights":[{"id":1},{"id":2},{"id":3},{"id":4},{"id":5},{"id":6},{"id":7},{"id":8},{"id":9},{"id":10},{"id":11},{"id":13},{"id":14},{"id":15}]},{"name":"Gremb","id":8,"guid":170909404,"type":"Warrior","server":"Silvermoon","icon":"Warrior-Arms","fights":[{"id":1},{"id":2},{"id":3},{"id":4},{"id":5},{"id":6},{"id":9},{"id":10},{"id":11},{"id":12},{"id":13},{"id":14},{"id":15}]},{"name":"Solyse","id":9,"guid":148578692,"type":"DemonHunter","server":"Silvermoon","icon":"DemonHunter-Havoc","fights":[{"id":1},{"id":2},{"id":3},{"id":4},{"id":5},{"id":6},{"id":7},{"id":8},{"id":9},{"id":10},{"id":11},{"id":12},{"id":13},{"id":14}]}],"enemies":[{"name":"Living Blood","id":103,"guid":159312,"type":"NPC","icon":"custom-icon-ability_deathwing_bloodcorruption_earth","fights":[{"id":10,"instances":26,"groups":3},{"id":15,"instances":5,"groups":1}]},{"name":"Living Miasma","id":115,"guid":157229,"type":"NPC","icon":"custom-icon-ability_priest_voidentropy","fights":[{"id":11,"instances":10,"groups":2},{"id":13,"instances":4,"groups":1},{"id":14,"instances":12,"groups":3}]},{"name":"Prophet Skitra","id":85,"guid":157238,"type":"Boss","icon":"custom-icon-inv_misc_shadowegg","fights":[{"id":9,"instances":1,"groups":2}]},{"name":"Gibbering Ooze","id":104,"guid":161835,"type":"NPC","icon":"NPC","fights":[{"id":10,"instances":4,"groups":3},{"id":15,"instances":5,"groups":2}]},{"name":"Maut","id":74,"guid":156523,"type":"Boss","icon":"custom-icon-inv_misc_archstone_01","fights":[{"id":5,"instances":1}]},{"name":"Void Initiate","id":77,"guid":160182,"type":"NPC","icon":"custom-icon-ability_ironmaidens_convulsiveshadows","fights":[{"id":7,"instances":34,"groups":1},{"id":10,"instances":22,"groups":5}]},{"name":"Jesh'ra","id":99,"guid":159764,"type":"NPC","icon":"custom-icon-ability_rogue_envelopingshadows","fights":[{"id":10,"instances":1}]},{"name":"Spiked Tentacle","id":94,"guid":159416,"type":"NPC","icon":"custom-icon-achievement_boss_yoggsaron_01","fights":[{"id":10,"instances":6,"groups":5}]},{"name":"Prophet Skitra","id":87,"guid":157620,"type":"NPC","icon":"NPC","fights":[{"id":9,"instances":1,"groups":2}]},{"name":"Ossirat","id":64,"guid":161746,"type":"NPC","icon":"custom-icon-inv_misc_archstone_01","fights":[{"id":6,"instances":1}]},{"name":"Umbral Gatekeeper","id":91,"guid":163708,"type":"NPC","icon":"custom-icon-spell_priest_void-blast","fights":[{"id":10,"instances":2,"groups":1}]},{"name":"Shad'har the Insatiable","id":114,"guid":157231,"type":"Boss","icon":"custom-icon-ability_warlock_everlastingaffliction","fights":[{"id":11,"instances":1},{"id":13,"instances":1},{"id":14,"instances":1}]},{"name":"Zealous Adherent","id":102,"guid":159308,"type":"NPC","icon":"custom-icon-ability_ironmaidens_convulsiveshadows","fights":[{"id":10,"instances":4,"groups":2}]},{"name":"Gnashing Terror","id":108,"guid":161334,"type":"NPC","icon":"custom-icon-ability_creature_poison_02","fights":[{"id":10,"instances":1,"groups":1},{"id":15,"instances":4,"groups":1}]},{"name":"Willing Sacrifice","id":65,"guid":162647,"type":"NPC","icon":"custom-icon-spell_shadow_grimward","fights":[{"id":2,"instances":1}]},{"name":"Onyx Scarab","id":67,"guid":161834,"type":"NPC","icon":"NPC","fights":[{"id":2,"instances":3,"groups":1},{"id":3,"instances":3,"groups":1},{"id":6,"instances":2,"groups":2}]},{"name":"Anubisath Sentinel","id":81,"guid":162417,"type":"NPC","icon":"custom-icon-spell_nature_thorns","fights":[{"id":7,"instances":1},{"id":8,"instances":1}]},{"name":"Eye of the Depths","id":101,"guid":159510,"type":"NPC","icon":"custom-icon-inv_mace_1h_cataclysm_c_03","fights":[{"id":10,"instances":2}]},{"name":"Crushing Tendril","id":109,"guid":161312,"type":"NPC","icon":"custom-icon-achievement_boss_yoggsaron_01","fights":[{"id":10,"instances":2,"groups":1},{"id":15,"instances":3,"groups":2}]},{"name":"Umbral Seer","id":90,"guid":159219,"type":"NPC","icon":"custom-icon-spell_shadow_painspike","fights":[{"id":10,"instances":4,"groups":2}]},{"name":"Sanguimar","id":110,"guid":159767,"type":"NPC","icon":"custom-icon-inv_misc_boilingblood","fights":[{"id":10,"instances":1}]},{"name":"Monstrous Behemoth","id":68,"guid":159303,"type":"NPC","icon":"custom-icon-ability_warlock_everlastingaffliction","fights":[{"id":2,"instances":1,"groups":1},{"id":7,"instances":2,"groups":2},{"id":10,"instances":4,"groups":6}]},{"name":"Coagulated Monstrosity","id":105,"guid":161836,"type":"NPC","icon":"NPC","fights":[{"id":10,"instances":3,"groups":1},{"id":15,"instances":3,"groups":1}]},{"name":"Ashwalker Assassin","id":58,"guid":160291,"type":"NPC","icon":"custom-icon-ability_stealth","fights":[{"id":1,"instances":3,"groups":1}]},{"name":"Void Horror","id":107,"guid":161335,"type":"NPC","icon":"custom-icon-spell_shadow_siphonmana","fights":[{"id":10,"instances":2,"groups":1},{"id":15,"instances":5,"groups":2}]},{"name":"Maddened Conscript","id":69,"guid":159305,"type":"NPC","icon":"custom-icon-ability_racial_bloodrage","fights":[{"id":2,"instances":1,"groups":1},{"id":7,"instances":3,"groups":2},{"id":10,"instances":6,"groups":3}]},{"name":"Shredded Psyche","id":86,"guid":158781,"type":"NPC","icon":"custom-icon-spell_shadow_painandsuffering","fights":[{"id":9,"instances":3}]},{"name":"Amahtet","id":62,"guid":159320,"type":"NPC","icon":"custom-icon-inv_weapon_hand_08","fights":[{"id":3,"instances":1}]},{"name":"Drest'agath","id":121,"guid":157602,"type":"Boss","icon":"custom-icon-spell_warlock_darkregeneration","fights":[{"id":15,"instances":1}]},{"name":"Anubisath Sentinel","id":82,"guid":162534,"type":"NPC","icon":"custom-icon-ability_warrior_trauma","fights":[{"id":7,"instances":1},{"id":8,"instances":1}]},{"name":"Leeching Parasite","id":111,"guid":159309,"type":"NPC","icon":"custom-icon-trade_engineering","fights":[{"id":10,"instances":6,"groups":1},{"id":12,"instances":3,"groups":1}]},{"name":"Image of Absolution","id":88,"guid":160904,"type":"NPC","icon":"custom-icon-inv_enchant_dustillusion","fights":[{"id":9,"instances":21,"groups":2}]},{"name":"Wrathion","id":38,"guid":156818,"type":"Boss","icon":"custom-icon-ability_deathwing_cataclysm","fights":[{"id":1,"instances":1,"groups":2}]},{"name":"Aqir Scarab","id":71,"guid":159405,"type":"NPC","icon":"NPC","fights":[{"id":4,"instances":37,"groups":1}]},{"name":"Shath'Yar Scribe","id":78,"guid":163690,"type":"NPC","icon":"custom-icon-ability_ironmaidens_convulsiveshadows","fights":[{"id":7,"instances":1}]},{"name":"Engorged Maggot","id":106,"guid":161833,"type":"NPC","icon":"NPC","fights":[{"id":10,"instances":8,"groups":1},{"id":15,"instances":16,"groups":2}]},{"name":"Dark Manifestation","id":75,"guid":156650,"type":"NPC","icon":"custom-icon-warlock_curse_shadow","fights":[{"id":5,"instances":4,"groups":2}]},{"name":"Hepthys","id":63,"guid":161745,"type":"NPC","icon":"custom-icon-inv_misc_archstone_01","fights":[{"id":6,"instances":1}]},{"name":"Crackling Shard","id":56,"guid":158327,"type":"NPC","icon":"custom-icon-ability_rhyolith_volcano","fights":[{"id":1,"instances":32,"groups":1}]},{"name":"Occult Shadowmender","id":70,"guid":159425,"type":"NPC","icon":"custom-icon-spell_shadow_painspike","fights":[{"id":2,"instances":1,"groups":1},{"id":7,"instances":1,"groups":1},{"id":10,"instances":3,"groups":2}]},{"name":"Void Fanatic","id":66,"guid":160183,"type":"NPC","icon":"NPC","fights":[{"id":2,"instances":5,"groups":1},{"id":10,"instances":14,"groups":2}]},{"name":"Anubisath Sentinel","id":83,"guid":161571,"type":"NPC","icon":"custom-icon-ability_warrior_savageblow","fights":[{"id":8,"instances":1}]},{"name":"Demented Knife-Twister","id":100,"guid":159417,"type":"NPC","icon":"custom-icon-ability_rogue_shadowyduel","fights":[{"id":10,"instances":4,"groups":1}]},{"name":"Corrosive Digester","id":98,"guid":162828,"type":"NPC","icon":"custom-icon-inv_misc_food_legion_gooslime_multi","fights":[{"id":10,"instances":13,"groups":2},{"id":15,"instances":1,"groups":1}]},{"name":"Dying Voidspawn","id":96,"guid":163712,"type":"NPC","icon":"custom-icon-ability_fixated_state_red","fights":[{"id":10,"instances":23,"groups":1}]},{"name":"Aqir Shadowcrafter","id":72,"guid":161416,"type":"NPC","icon":"custom-icon-spell_shadow_shadowbolt","fights":[{"id":4,"instances":4,"groups":1}]},{"name":"Khateph","id":61,"guid":159321,"type":"NPC","icon":"custom-icon-inv_weapon_hand_08","fights":[{"id":3,"instances":1}]},{"name":"Anubisath Sentinel","id":84,"guid":162508,"type":"NPC","icon":"custom-icon-ability_warrior_endlessrage","fights":[{"id":8,"instances":1}]}],"friendlyPets":[{"name":"Infernal","id":40,"guid":89,"type":"Pet","icon":"abilities/spell_shadow_summoninfernal","petOwner":12,"fights":[{"id":1,"instances":7},{"id":3,"instances":3},{"id":5,"instances":6},{"id":6,"instances":1},{"id":8,"instances":2},{"id":9,"instances":4},{"id":10,"instances":11},{"id":11,"instances":2},{"id":13,"instances":3},{"id":14,"instances":6},{"id":15,"instances":2}]},{"name":"Demonic Gateway","id":55,"guid":59271,"type":"Pet","icon":"custom-icon-trade_engineering","petOwner":12,"fights":[{"id":1,"instances":2}]},{"name":"Earthbind Totem","id":59,"guid":2630,"type":"Pet","icon":"abilities/spell_nature_strengthofearthtotem02","petOwner":6,"fights":[{"id":1,"instances":1}]},{"name":"Earthen Wall Totem","id":46,"guid":100943,"type":"Pet","icon":"abilities/spell_nature_stoneskintotem","petOwner":6,"fights":[{"id":1,"instances":5},{"id":5,"instances":3},{"id":7,"instances":1},{"id":9,"instances":3},{"id":10,"instances":3},{"id":11,"instances":2},{"id":13,"instances":1},{"id":14,"instances":4},{"id":15,"instances":1}]},{"name":"Bieber","id":35,"guid":25639009,"type":"Pet","icon":"abilities/ability_hunter_beastcall","petOwner":34,"fights":[{"id":1,"instances":1},{"id":2,"instances":1},{"id":3,"instances":1},{"id":4,"instances":1},{"id":5,"instances":1},{"id":6,"instances":1},{"id":7,"instances":1},{"id":8,"instances":1},{"id":9,"instances":1},{"id":10,"instances":1},{"id":11,"instances":1},{"id":12,"instances":1},{"id":13,"instances":1},{"id":14,"instances":1},{"id":15,"instances":1}]},{"name":"Hati","id":28,"guid":47935358,"type":"Pet","icon":"abilities/ability_hunter_beastsoothe","petOwner":20,"fights":[{"id":1,"instances":1},{"id":2,"instances":1},{"id":3,"instances":1},{"id":4,"instances":1},{"id":5,"instances":1},{"id":7,"instances":1},{"id":8,"instances":1},{"id":9,"instances":1},{"id":10,"instances":1},{"id":11,"instances":1},{"id":13,"instances":1},{"id":14,"instances":1},{"id":15,"instances":1}]},{"name":"Demonic Gateway","id":54,"guid":59262,"type":"Pet","icon":"custom-icon-trade_engineering","petOwner":12,"fights":[{"id":1,"instances":2}]},{"name":"Verv","id":36,"guid":25639008,"type":"Pet","icon":"custom-icon-ability_hunter_sickem","petOwner":34,"fights":[{"id":1,"instances":1},{"id":2,"instances":1},{"id":3,"instances":1},{"id":4,"instances":1},{"id":5,"instances":1},{"id":6,"instances":1},{"id":7,"instances":1},{"id":8,"instances":1},{"id":9,"instances":1},{"id":10,"instances":1},{"id":11,"instances":1},{"id":12,"instances":1},{"id":13,"instances":1},{"id":14,"instances":1},{"id":15,"instances":1}]},{"name":"Darkglare","id":47,"guid":103673,"type":"Pet","icon":"abilities/inv_beholderwarlock","petOwner":1,"fights":[{"id":1,"instances":2},{"id":3,"instances":1},{"id":5,"instances":2},{"id":6,"instances":1},{"id":9,"instances":1},{"id":10,"instances":1},{"id":11,"instances":1},{"id":13,"instances":1},{"id":14,"instances":2}]},{"name":"Spirit Beast","id":4,"guid":47122803,"type":"Pet","icon":"custom-icon-ability_hunter_sickem","petOwner":3,"fights":[{"id":1,"instances":1},{"id":2,"instances":1},{"id":3,"instances":1},{"id":4,"instances":1},{"id":5,"instances":1},{"id":6,"instances":1},{"id":7,"instances":1},{"id":8,"instances":1},{"id":9,"instances":1},{"id":10,"instances":1},{"id":11,"instances":1},{"id":13,"instances":1},{"id":14,"instances":1},{"id":15,"instances":1}]},{"name":"Spirit Link Totem","id":60,"guid":53006,"type":"Pet","icon":"abilities/spell_shaman_spiritlink","petOwner":6,"fights":[{"id":1,"instances":1},{"id":5,"instances":1},{"id":6,"instances":1},{"id":9,"instances":1},{"id":10,"instances":2},{"id":11,"instances":1},{"id":13,"instances":1},{"id":14,"instances":1},{"id":15,"instances":1}]},{"name":"Demonic Gateway","id":52,"guid":59262,"type":"Pet","icon":"custom-icon-trade_engineering","petOwner":1,"fights":[{"id":1,"instances":3}]},{"name":"Guardian of Azeroth","id":44,"guid":152396,"type":"Pet","icon":"abilities/inv_glowing-azerite-geode","petOwner":1,"fights":[{"id":1,"instances":2},{"id":3,"instances":1},{"id":5,"instances":2},{"id":6,"instances":1},{"id":9,"instances":1},{"id":10,"instances":1},{"id":11,"instances":1},{"id":13,"instances":1},{"id":14,"instances":2}]},{"name":"Demonic Gateway","id":53,"guid":59271,"type":"Pet","icon":"custom-icon-trade_engineering","petOwner":1,"fights":[{"id":1,"instances":3}]},{"name":"Skoll","id":29,"guid":47935346,"type":"Pet","icon":"custom-icon-ability_hunter_sickem","petOwner":20,"fights":[{"id":1,"instances":1},{"id":2,"instances":1},{"id":3,"instances":1},{"id":4,"instances":1},{"id":5,"instances":1},{"id":7,"instances":1},{"id":8,"instances":1},{"id":9,"instances":1},{"id":10,"instances":1},{"id":11,"instances":1},{"id":13,"instances":1},{"id":14,"instances":1},{"id":15,"instances":1}]},{"name":"Healing Tide Totem","id":51,"guid":59764,"type":"Pet","icon":"abilities/ability_shaman_healingtide","petOwner":6,"fights":[{"id":1,"instances":5},{"id":4,"instances":1},{"id":5,"instances":4},{"id":6,"instances":2},{"id":7,"instances":1},{"id":9,"instances":4},{"id":10,"instances":5},{"id":11,"instances":4},{"id":13,"instances":2},{"id":14,"instances":3},{"id":15,"instances":2}]},{"name":"Myonix","id":5,"guid":47122862,"type":"Pet","icon":"abilities/ability_hunter_beastsoothe","petOwner":3,"fights":[{"id":1,"instances":1},{"id":2,"instances":1},{"id":3,"instances":1},{"id":4,"instances":1},{"id":5,"instances":1},{"id":6,"instances":1},{"id":7,"instances":1},{"id":8,"instances":1},{"id":9,"instances":1},{"id":10,"instances":1},{"id":11,"instances":1},{"id":13,"instances":1},{"id":14,"instances":1},{"id":15,"instances":1}]},{"name":"Bulvinkel","id":31,"guid":46482983,"type":"Pet","icon":"custom-icon-ability_hunter_sickem","petOwner":24,"fights":[{"id":1,"instances":1},{"id":2,"instances":1},{"id":3,"instances":1},{"id":4,"instances":1},{"id":5,"instances":1},{"id":6,"instances":1},{"id":7,"instances":1},{"id":8,"instances":1},{"id":9,"instances":1},{"id":10,"instances":1},{"id":11,"instances":1},{"id":13,"instances":1},{"id":14,"instances":1},{"id":15,"instances":1}]},{"name":"Bulvinkel","id":25,"guid":46486430,"type":"Pet","icon":"abilities/ability_hunter_beastcall","petOwner":24,"fights":[{"id":1,"instances":1},{"id":2,"instances":1},{"id":3,"instances":1},{"id":4,"instances":1},{"id":5,"instances":1},{"id":6,"instances":1},{"id":7,"instances":1},{"id":8,"instances":1},{"id":9,"instances":1},{"id":10,"instances":1},{"id":11,"instances":1},{"id":13,"instances":1},{"id":14,"instances":1},{"id":15,"instances":1}]},{"name":"Capacitor Totem","id":80,"guid":61245,"type":"Pet","icon":"abilities/spell_nature_brilliance","petOwner":6,"fights":[{"id":7,"instances":1},{"id":10,"instances":3}]},{"name":"Greater Earth Elemental","id":79,"guid":95072,"type":"Pet","icon":"abilities/spell_nature_earthelemental_totem","petOwner":6,"fights":[{"id":7,"instances":1}]},{"name":"Sruudym","id":15,"guid":25440139,"type":"Pet","icon":"abilities/spell_shadow_summonfelhunter","petOwner":12,"fights":[{"id":1,"instances":1},{"id":2,"instances":1},{"id":3,"instances":1},{"id":4,"instances":1},{"id":5,"instances":1},{"id":6,"instances":1},{"id":7,"instances":1},{"id":8,"instances":1},{"id":9,"instances":1},{"id":10,"instances":1}]},{"name":"Guardian of Azeroth","id":45,"guid":152396,"type":"Pet","icon":"abilities/inv_glowing-azerite-geode","petOwner":9,"fights":[{"id":1,"instances":2},{"id":3,"instances":1},{"id":5,"instances":1},{"id":6,"instances":1},{"id":9,"instances":2},{"id":11,"instances":1},{"id":13,"instances":1},{"id":14,"instances":2}]},{"name":"Guardian of Azeroth","id":43,"guid":152396,"type":"Pet","icon":"abilities/inv_glowing-azerite-geode","petOwner":7,"fights":[{"id":1,"instances":2},{"id":3,"instances":1},{"id":5,"instances":2},{"id":6,"instances":1},{"id":9,"instances":2},{"id":10,"instances":1},{"id":11,"instances":1},{"id":13,"instances":1},{"id":14,"instances":2}]},{"name":"Noktuk","id":14,"guid":44170319,"type":"Pet","icon":"abilities/spell_shadow_summonimp","petOwner":1,"fights":[{"id":1,"instances":1},{"id":2,"instances":1},{"id":3,"instances":1},{"id":4,"instances":1},{"id":5,"instances":1},{"id":6,"instances":1},{"id":7,"instances":1},{"id":8,"instances":1},{"id":9,"instances":1},{"id":10,"instances":1},{"id":11,"instances":1},{"id":12,"instances":1},{"id":13,"instances":1},{"id":14,"instances":1},{"id":15,"instances":1}]},{"name":"Biznip","id":113,"guid":25440136,"type":"Pet","icon":"abilities/spell_shadow_summonimp","petOwner":12,"fights":[{"id":11,"instances":1}]},{"name":"Anaith","id":117,"guid":25440138,"type":"Pet","icon":"abilities/spell_shadow_summonsuccubus","petOwner":12,"fights":[{"id":13,"instances":1},{"id":14,"instances":1},{"id":15,"instances":1}]},{"name":"Shadowfiend","id":50,"guid":19668,"type":"Pet","icon":"abilities/spell_shadow_shadowfiend","petOwner":10,"fights":[{"id":1,"instances":2},{"id":5,"instances":2},{"id":6,"instances":1},{"id":9,"instances":1},{"id":10,"instances":2},{"id":11,"instances":1},{"id":13,"instances":1},{"id":14,"instances":1},{"id":15,"instances":1}]}],"enemyPets":[],"phases":[{"boss":2327,"phases":["Obsidian Destroyer","Obsidian Statue"]},{"boss":2329,"phases":["The Black Emperor","Smoke and Mirrors"]},{"boss":2335,"phases":["Shadowy Carapace","Void-Tinged Carapace","Noxious Carapace"]}],"logVersion":16,"gameVersion":1,"title":"Ny'alotha","owner":"Kisoylis","start":1601575404708,"end":1601580167923,"zone":24,"exportedCharacters":[{"id":47277663,"name":"Alywilds","server":"Silvermoon","region":"EU"},{"id":39403189,"name":"Aztharion","server":"Silvermoon","region":"EU"},{"id":513,"name":"Bartek","server":"Silvermoon","region":"EU"},{"id":42479539,"name":"Evilnos","server":"Silvermoon","region":"EU"},{"id":49797602,"name":"Finleyd","server":"Silvermoon","region":"EU"},{"id":37751748,"name":"Gremb","server":"Silvermoon","region":"EU"},{"id":23424013,"name":"Hellaphimé","server":"Silvermoon","region":"EU"},{"id":44970964,"name":"Ichiban","server":"Silvermoon","region":"EU"},{"id":3267162,"name":"Jordie","server":"Silvermoon","region":"EU"},{"id":38974656,"name":"Kisoylîs","server":"Silvermoon","region":"EU"},{"id":37729489,"name":"Laeithe","server":"Silvermoon","region":"EU"},{"id":45596658,"name":"Margiëla","server":"Frostmane","region":"EU"},{"id":13248669,"name":"Minaax","server":"Silvermoon","region":"EU"},{"id":1975841,"name":"Onathee","server":"Silvermoon","region":"EU"},{"id":33481334,"name":"Reksia","server":"Silvermoon","region":"EU"},{"id":46121729,"name":"Slipperyjoe","server":"Silvermoon","region":"EU"},{"id":21114287,"name":"Solyse","server":"Silvermoon","region":"EU"},{"id":39291793,"name":"Talic","server":"Silvermoon","region":"EU"},{"id":45113806,"name":"Wondadisk","server":"Silvermoon","region":"EU"},{"id":43583939,"name":"Xerín","server":"Silvermoon","region":"EU"}]}