[{"timestamp":364503,"type":"combatantinfo","pin":"0","sourceID":3,"gear":[{"id":183021,"quality":4,"icon":"inv_cloth_revendrethraid_d_01_helm.jpg","itemLevel":200,"bonusIDs":[7189,6652,6935,1472,6646],"gems":[{"id":173128,"itemLevel":120,"icon":"inv_jewelcrafting_90_rarecut_yellow.jpg"}]},{"id":178827,"quality":3,"icon":"inv_7_0raid_necklace_03a.jpg","itemLevel":203,"bonusIDs":[7209,6652,7194,1501,5861,6646]},{"id":178740,"quality":3,"icon":"inv_shoulder_cloth_oribosdungeon_c_01.jpg","itemLevel":184,"bonusIDs":[6807,6652,1498,6646]},{"id":167192,"quality":2,"icon":"inv_shirt_14.jpg","itemLevel":1},{"id":178813,"quality":3,"icon":"inv_robe_cloth_oribosdungeon_c_01.jpg","itemLevel":200,"permanentEnchant":6230,"bonusIDs":[7206,6652,1501,5858,6646]},{"id":183004,"quality":4,"icon":"inv_cloth_revendrethraid_d_01_belt.jpg","itemLevel":200,"bonusIDs":[7189,41,7193,1472,6646]},{"id":179351,"quality":3,"icon":"inv_pant_cloth_oribosdungeon_c_01.jpg","itemLevel":213,"bonusIDs":[7206,6652,1501,5871,6646]},{"id":156350,"quality":4,"icon":"inv_boots_cloth_14.jpg","itemLevel":200,"bonusIDs":[1637,6646]},{"id":173249,"quality":5,"icon":"inv_cloth_mawraid_d_01_bracer.jpg","itemLevel":235,"permanentEnchant":6220,"bonusIDs":[6983,7194,6649,6647,6758,1532],"effectID":336214,"effectIcon":"achievement_boss_yoggsaron_01.jpg"},{"id":178748,"quality":3,"icon":"inv_glove_cloth_oribosdungeon_c_01.jpg","itemLevel":223,"bonusIDs":[7211,6652,1501,5881,6646]},{"id":178871,"quality":3,"icon":"inv_ring_maldraxxus_01_red.jpg","itemLevel":220,"permanentEnchant":6166,"bonusIDs":[7209,6652,7193,1501,5878,6646]},{"id":183037,"quality":4,"icon":"inv_ring_revendrethraid_02_copper.jpg","itemLevel":200,"permanentEnchant":6166,"bonusIDs":[7189,40,7194,1472,6646]},{"id":178386,"quality":4,"icon":"inv_misc_token_argentdawn3.jpg","itemLevel":200,"bonusIDs":[6628,1472,6646]},{"id":179350,"quality":3,"icon":"inv_trinket_80_titan02a.jpg","itemLevel":184,"bonusIDs":[6807,6652,1498,6646]},{"id":183034,"quality":4,"icon":"inv_cape_leather_revendrethraid_d_01.jpg","itemLevel":213,"permanentEnchant":6202,"bonusIDs":[7188,6652,1485,6646]},{"id":156265,"quality":4,"icon":"inv_weapon_shortblade_80.jpg","itemLevel":200,"permanentEnchant":6229,"temporaryEnchant":6188,"bonusIDs":[1808,1637,6646],"gems":[{"id":173128,"itemLevel":120,"icon":"inv_jewelcrafting_90_rarecut_yellow.jpg"}]},{"id":178852,"quality":3,"icon":"inv_offhand_1h_oribosdungeon_c_01.jpg","itemLevel":213,"bonusIDs":[7206,6652,1501,5871,6646]},{"id":69210,"quality":4,"icon":"inv_epicguildtabard.jpg","itemLevel":1}],"auras":[{"source":3,"ability":308488,"stacks":1,"icon":"spell_misc_food.jpg","name":"Well Fed"},{"source":4,"ability":21562,"stacks":1,"icon":"spell_holy_wordfortitude.jpg","name":"Power Word: Fortitude"},{"source":3,"ability":307185,"stacks":1,"icon":"inv_alchemy_90_flask_green.jpg","name":"Spectral Flask of Power"},{"source":5,"ability":6673,"stacks":1,"icon":"ability_warrior_battleshout.jpg","name":"Battle Shout"},{"source":25,"ability":1459,"stacks":1,"icon":"spell_holy_magicalsentry.jpg","name":"Arcane Intellect"}],"expansion":"shadowlands","faction":0,"specID":258,"covenantID":4,"soulbindID":4,"strength":258,"agility":374,"stamina":1729,"intellect":1545,"dodge":0,"parry":0,"block":0,"armor":328,"critMelee":425,"critRanged":425,"critSpell":425,"speed":30,"leech":39,"hasteMelee":935,"hasteRanged":935,"hasteSpell":935,"avoidance":29,"mastery":336,"versatilityDamageDone":62,"versatilityHealingDone":62,"versatilityDamageReduction":62,"talents":[{"id":193195,"icon":"ability_mage_studentofthemind.jpg"},{"id":64129,"icon":"spell_holy_symbolofhope.jpg"},{"id":109142,"icon":"spell_shadow_mindtwisting.jpg"},{"id":263716,"icon":"ability_priest_silence.jpg"},{"id":155271,"icon":"ability_priest_auspiciousspirits.jpg"},{"id":263165,"icon":"spell_priest_voidsear.jpg"},{"id":345218,"icon":"ability_ironmaidens_convulsiveshadows.jpg"}],"pvpTalents":[{"id":0,"icon":"inv_axe_02.jpg"},{"id":213602,"icon":"spell_magic_lesserinvisibilty.jpg"},{"id":228630,"icon":"ability_priest_shadowyapparition.jpg"},{"id":280749,"icon":"inv_enchant_voidsphere.jpg"}],"artifact":[{"traitID":1122,"rank":1,"spellID":0,"icon":"inv_axe_02.jpg"},{"traitID":1124,"rank":1,"spellID":323074,"icon":"inv_misc_food_legion_gooslime_pool.jpg"},{"traitID":1126,"rank":1,"spellID":323091,"icon":"inv_maldraxxusslime_green.jpg"},{"traitID":1128,"rank":1,"spellID":0,"icon":"inv_axe_02.jpg"},{"traitID":1129,"rank":1,"spellID":323079,"icon":"inv_maldraxxusslime_purple.jpg"},{"traitID":1135,"rank":1,"spellID":0,"icon":"inv_axe_02.jpg"}],"heartOfAzeroth":[{"traitID":107,"rank":200,"spellID":338319,"icon":"sha_ability_rogue_sturdyrecuperate_nightborne.jpg"},{"traitID":72,"rank":200,"spellID":337748,"icon":"spell_holy_restoration.jpg"},{"traitID":115,"rank":200,"spellID":338342,"icon":"spell_shadow_shadowpower.jpg"}]},{"timestamp":364503,"type":"combatantinfo","pin":"0","sourceID":7,"gear":[{"id":178773,"quality":3,"icon":"inv_plate_oribosdungeon_c_01_helm.jpg","itemLevel":210,"bonusIDs":[7204,6652,7194,1501,5868,6646]},{"id":183040,"quality":4,"icon":"inv_7_0raid_necklace_03c.jpg","itemLevel":213,"bonusIDs":[7188,6652,7194,1485,6646]},{"id":182994,"quality":4,"icon":"inv_plate_revendrethraid_d_01_shoulder.jpg","itemLevel":200,"bonusIDs":[7189,40,1472,6646]},{"id":0,"quality":1,"icon":"inv_axe_02.jpg","itemLevel":0},{"id":178814,"quality":3,"icon":"inv_plate_oribosdungeon_c_01_chest.jpg","itemLevel":216,"permanentEnchant":6230,"bonusIDs":[7207,6652,1501,5874,6646]},{"id":184138,"quality":4,"icon":"inv_plate_revendrethraid_d_01_belt.jpg","itemLevel":207,"bonusIDs":[6652,7193,1492,6646]},{"id":178369,"quality":4,"icon":"inv_plate_revendrethraid_d_01_pants.jpg","itemLevel":207,"bonusIDs":[6631,1479,6646]},{"id":184139,"quality":4,"icon":"inv_plate_revendrethraid_d_01_boot.jpg","itemLevel":207,"bonusIDs":[6652,1492,6646]},{"id":179354,"quality":3,"icon":"inv_plate_oribosdungeon_c_01_bracer.jpg","itemLevel":203,"bonusIDs":[7209,6652,7193,1501,5861,6646]},{"id":183013,"quality":4,"icon":"inv_plate_revendrethraid_d_01_glove.jpg","itemLevel":200,"permanentEnchant":6210,"bonusIDs":[7189,6652,1472,6646]},{"id":183036,"quality":4,"icon":"inv_ring_revendreth_01_gold.jpg","itemLevel":207,"permanentEnchant":6168,"bonusIDs":[7189,6652,7194,1472,6646]},{"id":183038,"quality":4,"icon":"inv_ring_oribos_01_silver.jpg","itemLevel":213,"permanentEnchant":6168,"bonusIDs":[7188,6652,7193,1485,6646]},{"id":179350,"quality":3,"icon":"inv_trinket_80_titan02a.jpg","itemLevel":200,"bonusIDs":[7206,6652,1501,5858,6646]},{"id":184025,"quality":4,"icon":"sha_spell_fire_bluehellfire_nightmare.jpg","itemLevel":200,"bonusIDs":[7189,6652,1472,6646]},{"id":173242,"quality":5,"icon":"inv_cloth_mawraid_d_01_cape.jpg","itemLevel":210,"bonusIDs":[6952,6649,6648,6717,1507],"effectID":334949,"effectIcon":"spell_shadow_deathcoil.jpg"},{"id":184251,"quality":4,"icon":"inv_axe_2h_maldraxxus_d_01.jpg","itemLevel":200,"permanentEnchant":3368,"bonusIDs":[7189,6652,1498,6646]},{"id":0,"quality":1,"icon":"inv_axe_02.jpg","itemLevel":0},{"id":0,"quality":1,"icon":"inv_axe_02.jpg","itemLevel":0}],"auras":[{"source":5,"ability":6673,"stacks":1,"icon":"ability_warrior_battleshout.jpg","name":"Battle Shout"},{"source":7,"ability":307185,"stacks":1,"icon":"inv_alchemy_90_flask_green.jpg","name":"Spectral Flask of Power"},{"source":25,"ability":1459,"stacks":1,"icon":"spell_holy_magicalsentry.jpg","name":"Arcane Intellect"},{"source":7,"ability":308506,"stacks":1,"icon":"spell_misc_food.jpg","name":"Well Fed"},{"source":4,"ability":21562,"stacks":1,"icon":"spell_holy_wordfortitude.jpg","name":"Power Word: Fortitude"}],"expansion":"shadowlands","faction":0,"specID":252,"covenantID":4,"soulbindID":4,"strength":1302,"agility":370,"stamina":1843,"intellect":254,"dodge":0,"parry":0,"block":0,"armor":1149,"critMelee":450,"critRanged":450,"critSpell":450,"speed":0,"leech":0,"hasteMelee":377,"hasteRanged":377,"hasteSpell":377,"avoidance":39,"mastery":428,"versatilityDamageDone":406,"versatilityHealingDone":406,"versatilityDamageReduction":406,"talents":[{"id":194916,"icon":"ability_fiegndead.jpg"},{"id":115989,"icon":"spell_shadow_contagion.jpg"},{"id":108194,"icon":"ability_deathknight_asphixiate.jpg"},{"id":343294,"icon":"ability_deathknight_soulreaper.jpg"},{"id":48743,"icon":"spell_shadow_deathpact.jpg"},{"id":319230,"icon":"spell_shadow_deathsembrace.jpg"},{"id":276837,"icon":"artifactability_unholydeathknight_deathsembrace.jpg"}],"pvpTalents":[{"id":0,"icon":"inv_axe_02.jpg"},{"id":199642,"icon":"ability_deathknight_decomposingaura.jpg"},{"id":199720,"icon":"ability_deathknight_necroticaura.jpg"},{"id":288853,"icon":"achievement_boss_patchwerk.jpg"}],"artifact":[{"traitID":1124,"rank":1,"spellID":323074,"icon":"inv_misc_food_legion_gooslime_pool.jpg"},{"traitID":1126,"rank":1,"spellID":323091,"icon":"inv_maldraxxusslime_green.jpg"},{"traitID":1128,"rank":1,"spellID":0,"icon":"inv_axe_02.jpg"},{"traitID":1129,"rank":1,"spellID":323079,"icon":"inv_maldraxxusslime_purple.jpg"},{"traitID":1135,"rank":1,"spellID":0,"icon":"inv_axe_02.jpg"}],"heartOfAzeroth":[{"traitID":108,"rank":145,"spellID":338330,"icon":"ability_ironmaidens_bloodritual.jpg"},{"traitID":65,"rank":200,"spellID":337381,"icon":"spell_animamaw_groundstate.jpg"}]},{"timestamp":364503,"type":"combatantinfo","pin":"0","sourceID":8,"gear":[{"id":183001,"quality":4,"icon":"inv_helm_mail_revendrethraid_d_01.jpg","itemLevel":200,"bonusIDs":[7189,6652,7193,1472,6646]},{"id":183040,"quality":4,"icon":"inv_7_0raid_necklace_03c.jpg","itemLevel":213,"bonusIDs":[7188,6652,6935,1485,6646],"gems":[{"id":168637,"itemLevel":50,"icon":"inv_misc_metagem_b.jpg"}]},{"id":172327,"quality":5,"icon":"inv_mail_mawraid_d_01_shoulder.jpg","itemLevel":225,"bonusIDs":[7013,6647,6648,6718,1522],"effectID":336870,"effectIcon":"inv_spear_07.jpg"},{"id":0,"quality":1,"icon":"inv_axe_02.jpg","itemLevel":0},{"id":182988,"quality":4,"icon":"inv_chest_mail_revendrethraid_d_01.jpg","itemLevel":213,"permanentEnchant":6214,"bonusIDs":[7188,6652,1485,6646]},{"id":182976,"quality":4,"icon":"inv_belt_mail_revendrethraid_d_01.jpg","itemLevel":200,"bonusIDs":[7189,40,7193,1472,6646]},{"id":183012,"quality":4,"icon":"inv_pant_mail_revendrethraid_d_01.jpg","itemLevel":213,"bonusIDs":[7188,40,1485,6646]},{"id":179345,"quality":3,"icon":"inv_boot_mail_oribosdungeon_c_01.jpg","itemLevel":213,"permanentEnchant":6211,"bonusIDs":[7206,6652,1501,5871,6646]},{"id":178846,"quality":3,"icon":"inv_bracer_mail_oribosdungeon_c_01.jpg","itemLevel":210,"bonusIDs":[7204,6652,7193,1501,5868,6646]},{"id":184173,"quality":4,"icon":"inv_glove_mail_revendrethraid_d_01.jpg","itemLevel":207,"bonusIDs":[6652,1492,6646]},{"id":183035,"quality":4,"icon":"inv_70_raid_ring5b.jpg","itemLevel":200,"permanentEnchant":6164,"bonusIDs":[7189,6652,7193,1472,6646]},{"id":178933,"quality":3,"icon":"inv_ring_maldraxxus_02_brown.jpg","itemLevel":200,"permanentEnchant":6164,"bonusIDs":[7206,6652,7193,1501,5858,6646]},{"id":179350,"quality":3,"icon":"inv_trinket_80_titan02a.jpg","itemLevel":200,"bonusIDs":[7207,6652,1501,5858,6646]},{"id":180116,"quality":3,"icon":"inv_battery_01.jpg","itemLevel":187,"bonusIDs":[6808,6652,1501,6646]},{"id":183034,"quality":4,"icon":"inv_cape_leather_revendrethraid_d_01.jpg","itemLevel":213,"permanentEnchant":6204,"bonusIDs":[7188,6652,1485,6646]},{"id":180112,"quality":3,"icon":"inv_bow_1h_oribosdungeon_c_01.jpg","itemLevel":200,"permanentEnchant":6228,"temporaryEnchant":6188,"bonusIDs":[7207,43,1501,5858,6646]},{"id":0,"quality":1,"icon":"inv_axe_02.jpg","itemLevel":0},{"id":0,"quality":1,"icon":"inv_axe_02.jpg","itemLevel":0}],"auras":[{"source":5,"ability":6673,"stacks":1,"icon":"ability_warrior_battleshout.jpg","name":"Battle Shout"},{"source":4,"ability":21562,"stacks":1,"icon":"spell_holy_wordfortitude.jpg","name":"Power Word: Fortitude"},{"source":8,"ability":155228,"stacks":1,"icon":"spell_hunter_lonewolf.jpg"},{"source":25,"ability":1459,"stacks":1,"icon":"spell_holy_magicalsentry.jpg","name":"Arcane Intellect"},{"source":8,"ability":307185,"stacks":1,"icon":"inv_alchemy_90_flask_green.jpg","name":"Spectral Flask of Power"}],"expansion":"shadowlands","faction":0,"specID":254,"covenantID":3,"soulbindID":1,"strength":271,"agility":1306,"stamina":1747,"intellect":388,"dodge":0,"parry":0,"block":0,"armor":792,"critMelee":546,"critRanged":546,"critSpell":546,"speed":0,"leech":30,"hasteMelee":371,"hasteRanged":371,"hasteSpell":371,"avoidance":95,"mastery":415,"versatilityDamageDone":275,"versatilityHealingDone":275,"versatilityDamageReduction":275,"talents":[{"id":260309,"icon":"ability_hunter_mastermarksman.jpg"},{"id":260228,"icon":"ability_hunter_zenarchery.jpg"},{"id":270581,"icon":"ability_hunter_onewithnature.jpg"},{"id":193533,"icon":"ability_hunter_improvedsteadyshot.jpg"},{"id":109215,"icon":"ability_hunter_posthaste.jpg"},{"id":260402,"icon":"ability_hunter_crossfire.jpg"},{"id":194595,"icon":"ability_hunter_lockandload.jpg"}],"pvpTalents":[{"id":0,"icon":"inv_axe_02.jpg"},{"id":202589,"icon":"inv_misc_deepseascales.jpg"},{"id":203129,"icon":"ability_trueshot.jpg"},{"id":203235,"icon":"ability_hunter_huntingparty.jpg"}],"artifact":[{"traitID":844,"rank":1,"spellID":320668,"icon":"inv_misc_bag_27.jpg"},{"traitID":850,"rank":1,"spellID":0,"icon":"inv_axe_02.jpg"},{"traitID":863,"rank":1,"spellID":342270,"icon":"ability_racial_runningwild.jpg"},{"traitID":864,"rank":1,"spellID":322721,"icon":"ability_druid_manatree.jpg"},{"traitID":995,"rank":1,"spellID":0,"icon":"inv_axe_02.jpg"},{"traitID":1010,"rank":1,"spellID":0,"icon":"inv_axe_02.jpg"}],"heartOfAzeroth":[{"traitID":140,"rank":200,"spellID":339109,"icon":"inv_archaeology_70_spiritofechero.jpg"},{"traitID":173,"rank":184,"spellID":339459,"icon":"spell_nature_spiritarmor.jpg"},{"traitID":175,"rank":213,"spellID":339495,"icon":"inv_trickshot.jpg"}]},{"timestamp":364503,"type":"combatantinfo","pin":"0","sourceID":9,"gear":[{"id":178817,"quality":3,"icon":"inv_helm_leather_oribosdungeon_c_01.jpg","itemLevel":200,"bonusIDs":[7206,6652,7194,1501,5858,6646]},{"id":184757,"quality":3,"icon":"inv_neck_oribos_01_copper.jpg","itemLevel":161},{"id":181585,"quality":3,"icon":"inv_shoulder_leather_oribosdungeon_c_01.jpg","itemLevel":187,"bonusIDs":[6652,1472,5884,6646]},{"id":0,"quality":1,"icon":"inv_axe_02.jpg","itemLevel":0},{"id":183009,"quality":4,"icon":"inv_chest_leather_revendrethraid_d_01.jpg","itemLevel":200,"permanentEnchant":6265,"bonusIDs":[7189,6652,1472,6646]},{"id":178699,"quality":3,"icon":"inv_belt_leather_oribosdungeon_c_01.jpg","itemLevel":197,"bonusIDs":[7205,6652,7194,1501,5855,6646]},{"id":182993,"quality":4,"icon":"inv_pant_leather_revendrethraid_d_01.jpg","itemLevel":200,"bonusIDs":[6805,6652]},{"id":172315,"quality":5,"icon":"inv_boot_leather_mawraid_d_01.jpg","itemLevel":225,"bonusIDs":[7107,6718,6649,6648,1522],"effectID":339942,"effectIcon":"ability_druid_balanceofpower.jpg"},{"id":178702,"quality":3,"icon":"inv_bracer_leather_oribosdungeon_c_01.jpg","itemLevel":187,"permanentEnchant":6219,"bonusIDs":[6808,6652,7193,1501,6646]},{"id":183026,"quality":4,"icon":"inv_glove_leather_revendrethraid_d_01.jpg","itemLevel":200,"bonusIDs":[7189,6652,1472,6646]},{"id":178870,"quality":3,"icon":"inv_ring_maldraxxus_02_green.jpg","itemLevel":184,"permanentEnchant":6167,"bonusIDs":[6807,6652,7193,1498,6646]},{"id":178736,"quality":3,"icon":"inv_argus_ring02.jpg","itemLevel":184,"permanentEnchant":6165,"bonusIDs":[6807,6652,7193,1498,6646]},{"id":179350,"quality":3,"icon":"inv_trinket_80_titan02a.jpg","itemLevel":216,"bonusIDs":[7207,6652,1501,5874,6646]},{"id":178772,"quality":3,"icon":"inv_misc_coinbag07.jpg","itemLevel":194,"bonusIDs":[7203,6652,1501,5852,6646]},{"id":178851,"quality":3,"icon":"inv_plate_oribosdungeon_c_01_cape.jpg","itemLevel":213,"permanentEnchant":6204,"bonusIDs":[7206,6652,1501,5871,6646]},{"id":178714,"quality":3,"icon":"inv_staff_2h_oribosdungeon_c_01.jpg","itemLevel":200,"permanentEnchant":6229,"temporaryEnchant":6188,"bonusIDs":[7206,6652,1501,5858,6646]},{"id":0,"quality":1,"icon":"inv_axe_02.jpg","itemLevel":0},{"id":0,"quality":1,"icon":"inv_axe_02.jpg","itemLevel":0}],"auras":[{"source":9,"ability":307185,"stacks":1,"icon":"inv_alchemy_90_flask_green.jpg","name":"Spectral Flask of Power"},{"source":4,"ability":21562,"stacks":1,"icon":"spell_holy_wordfortitude.jpg","name":"Power Word: Fortitude"},{"source":5,"ability":6673,"stacks":1,"icon":"ability_warrior_battleshout.jpg","name":"Battle Shout"},{"source":25,"ability":1459,"stacks":1,"icon":"spell_holy_magicalsentry.jpg","name":"Arcane Intellect"},{"source":9,"ability":308506,"stacks":1,"icon":"spell_misc_food.jpg","name":"Well Fed"},{"source":9,"ability":24858,"stacks":1,"icon":"spell_nature_forceofnature.jpg","name":"Moonkin Form"}],"expansion":"shadowlands","faction":0,"specID":102,"covenantID":3,"soulbindID":1,"strength":195,"agility":448,"stamina":1664,"intellect":1565,"dodge":0,"parry":0,"block":0,"armor":1172,"critMelee":328,"critRanged":328,"critSpell":328,"speed":0,"leech":30,"hasteMelee":302,"hasteRanged":302,"hasteSpell":302,"avoidance":0,"mastery":443,"versatilityDamageDone":371,"versatilityHealingDone":371,"versatilityDamageReduction":371,"talents":[{"id":202430,"icon":"ability_druid_balanceofpower.jpg"},{"id":102401,"icon":"spell_druid_wildcharge.jpg"},{"id":197491,"icon":"talentspec_druid_feral_bear.jpg"},{"id":102359,"icon":"spell_druid_massentanglement.jpg"},{"id":114107,"icon":"ability_druid_manatree.jpg"},{"id":202354,"icon":"ability_druid_starfall.jpg"},{"id":343647,"icon":"artifactability_balancedruid_moonandstars.jpg"}],"pvpTalents":[{"id":0,"icon":"inv_axe_02.jpg"},{"id":209740,"icon":"ability_druid_improvedmoonkinform.jpg"},{"id":305497,"icon":"spell_nature_thorns.jpg"},{"id":233754,"icon":"ability_druid_protectorofthepack.jpg"}],"artifact":[{"traitID":844,"rank":1,"spellID":320668,"icon":"inv_misc_bag_27.jpg"},{"traitID":850,"rank":1,"spellID":0,"icon":"inv_axe_02.jpg"},{"traitID":863,"rank":1,"spellID":342270,"icon":"ability_racial_runningwild.jpg"},{"traitID":864,"rank":1,"spellID":322721,"icon":"ability_druid_manatree.jpg"},{"traitID":995,"rank":1,"spellID":0,"icon":"inv_axe_02.jpg"},{"traitID":1010,"rank":1,"spellID":0,"icon":"inv_axe_02.jpg"}],"heartOfAzeroth":[{"traitID":279,"rank":200,"spellID":341446,"icon":"ability_ardenweald_druid.jpg"},{"traitID":271,"rank":184,"spellID":340553,"icon":"ability_druid_tigersroar.jpg"},{"traitID":257,"rank":200,"spellID":340545,"icon":"spell_druid_tirelesspursuit.jpg"}]},{"timestamp":364503,"type":"combatantinfo","pin":"0","sourceID":10,"gear":[{"id":178760,"quality":3,"icon":"inv_helm_leather_oribosdungeon_c_01.jpg","itemLevel":200,"bonusIDs":[7207,6652,7194,1501,5858,6646]},{"id":183040,"quality":4,"icon":"inv_7_0raid_necklace_03c.jpg","itemLevel":200,"bonusIDs":[6805,6652,7194]},{"id":178858,"quality":3,"icon":"inv_shoulder_leather_oribosdungeon_c_01.jpg","itemLevel":184,"bonusIDs":[6807,6652,1498,6646]},{"id":0,"quality":1,"icon":"inv_axe_02.jpg","itemLevel":0},{"id":178744,"quality":3,"icon":"inv_chest_leather_oribosdungeon_c_01.jpg","itemLevel":207,"permanentEnchant":6230,"bonusIDs":[7211,6652,1501,5865,6646]},{"id":183005,"quality":4,"icon":"inv_belt_leather_revendrethraid_d_01.jpg","itemLevel":200,"bonusIDs":[7189,6652,7193,1472,6646]},{"id":172318,"quality":5,"icon":"inv_pant_leather_mawraid_d_01.jpg","itemLevel":210,"bonusIDs":[7096,6717,6649,6647,1507],"effectID":339064,"effectIcon":"spell_druid_rampantgrowth.jpg"},{"id":184140,"quality":4,"icon":"inv_boot_leather_revendrethraid_d_01.jpg","itemLevel":207,"bonusIDs":[6652,1492,6646]},{"id":184136,"quality":4,"icon":"inv_bracer_leather_revendrethraid_d_01.jpg","itemLevel":207,"permanentEnchant":6220,"bonusIDs":[6652,7194,1492,6646]},{"id":180103,"quality":3,"icon":"inv_glove_leather_oribosdungeon_c_01.jpg","itemLevel":216,"permanentEnchant":6205,"bonusIDs":[7208,6652,1501,5874,6646]},{"id":178933,"quality":3,"icon":"inv_ring_maldraxxus_02_brown.jpg","itemLevel":210,"permanentEnchant":6166,"bonusIDs":[7205,6652,7193,1501,5868,6646]},{"id":183036,"quality":4,"icon":"inv_ring_revendreth_01_gold.jpg","itemLevel":207,"permanentEnchant":6166,"bonusIDs":[7189,6652,7193,1472,6646]},{"id":178708,"quality":1,"icon":"inv_axe_02.jpg","itemLevel":200,"bonusIDs":[7207,6652,6917,1501,5858,6646]},{"id":184028,"quality":4,"icon":"inv_artifact_tome01.jpg","itemLevel":207,"bonusIDs":[7189,6652,1472,6646]},{"id":178755,"quality":3,"icon":"inv_cape_mail_oribosdungeon_c_01.jpg","itemLevel":200,"permanentEnchant":6204,"bonusIDs":[7206,6652,1501,5858,6646]},{"id":179339,"quality":3,"icon":"inv_staff_2h_oribosdungeon_c_01.jpg","itemLevel":220,"permanentEnchant":6229,"temporaryEnchant":6190,"bonusIDs":[7209,6652,1501,5878,6646]},{"id":0,"quality":1,"icon":"inv_axe_02.jpg","itemLevel":0},{"id":0,"quality":1,"icon":"inv_axe_02.jpg","itemLevel":0}],"auras":[{"source":5,"ability":6673,"stacks":1,"icon":"ability_warrior_battleshout.jpg","name":"Battle Shout"},{"source":10,"ability":308488,"stacks":1,"icon":"spell_misc_food.jpg","name":"Well Fed"},{"source":25,"ability":1459,"stacks":1,"icon":"spell_holy_magicalsentry.jpg","name":"Arcane Intellect"},{"source":4,"ability":21562,"stacks":1,"icon":"spell_holy_wordfortitude.jpg","name":"Power Word: Fortitude"},{"source":10,"ability":307185,"stacks":1,"icon":"inv_alchemy_90_flask_green.jpg","name":"Spectral Flask of Power"}],"expansion":"shadowlands","faction":0,"specID":105,"covenantID":3,"soulbindID":2,"strength":194,"agility":452,"stamina":1712,"intellect":1655,"dodge":0,"parry":0,"block":0,"armor":528,"critMelee":316,"critRanged":316,"critSpell":316,"speed":0,"leech":30,"hasteMelee":690,"hasteRanged":690,"hasteSpell":690,"avoidance":0,"mastery":492,"versatilityDamageDone":127,"versatilityHealingDone":127,"versatilityDamageReduction":127,"talents":[{"id":207383,"icon":"ability_druid_empoweredrejuvination.jpg"},{"id":108238,"icon":"spell_nature_natureblessing.jpg"},{"id":197491,"icon":"talentspec_druid_feral_bear.jpg"},{"id":102359,"icon":"spell_druid_massentanglement.jpg"},{"id":158478,"icon":"ability_druid_manatree.jpg"},{"id":197073,"icon":"ability_druid_dreamstate.jpg"},{"id":197721,"icon":"spell_druid_wildburst.jpg"}],"pvpTalents":[{"id":0,"icon":"inv_axe_02.jpg"},{"id":247543,"icon":"spell_druid_ironbark.jpg"},{"id":203553,"icon":"ability_druid_focusedgrowth.jpg"},{"id":305497,"icon":"spell_nature_thorns.jpg"}],"artifact":[{"traitID":827,"rank":1,"spellID":319211,"icon":"spell_nature_sleep.jpg"},{"traitID":830,"rank":1,"spellID":0,"icon":"inv_axe_02.jpg"},{"traitID":832,"rank":1,"spellID":0,"icon":"inv_axe_02.jpg"},{"traitID":836,"rank":1,"spellID":0,"icon":"inv_axe_02.jpg"},{"traitID":837,"rank":1,"spellID":319217,"icon":"inv_farm_herbseed.jpg"},{"traitID":870,"rank":1,"spellID":0,"icon":"inv_axe_02.jpg"}],"heartOfAzeroth":[{"traitID":279,"rank":184,"spellID":341446,"icon":"ability_ardenweald_druid.jpg"},{"traitID":256,"rank":200,"spellID":340543,"icon":"spell_nature_healingway.jpg"},{"traitID":273,"rank":200,"spellID":340549,"icon":"ability_druid_flourish.jpg"},{"traitID":271,"rank":200,"spellID":340553,"icon":"ability_druid_tigersroar.jpg"}]},{"timestamp":364503,"type":"combatantinfo","pin":"0","sourceID":6,"gear":[{"id":172317,"quality":5,"icon":"inv_helm_leather_mawraid_d_01.jpg","itemLevel":190,"bonusIDs":[7099,6716,7193,6648,6649,1487],"effectID":338832,"effectIcon":"achievement_dungeon_everbloom.jpg"},{"id":183039,"quality":4,"icon":"inv_neck_ardenweald_01_silver.jpg","itemLevel":213,"bonusIDs":[7188,6652,7193,1485,6646]},{"id":156261,"quality":4,"icon":"inv_shoulder_73.jpg","itemLevel":200,"bonusIDs":[1808,1637,6646],"gems":[{"id":173130,"itemLevel":120,"icon":"inv_jewelcrafting_90_rarecut_purple.jpg"}]},{"id":52019,"quality":2,"icon":"inv_misc_ribbon_01.jpg","itemLevel":1},{"id":156315,"quality":4,"icon":"inv_chest_leather_15.jpg","itemLevel":200,"permanentEnchant":6216,"bonusIDs":[1808,1637,6646],"gems":[{"id":173128,"itemLevel":120,"icon":"inv_jewelcrafting_90_rarecut_yellow.jpg"}]},{"id":178805,"quality":3,"icon":"inv_belt_leather_oribosdungeon_c_01.jpg","itemLevel":203,"bonusIDs":[7209,6652,7194,1501,5861,6646]},{"id":183024,"quality":4,"icon":"inv_pant_leather_revendrethraid_d_01.jpg","itemLevel":213,"bonusIDs":[7188,6652,1485,6646]},{"id":178797,"quality":3,"icon":"inv_boot_leather_oribosdungeon_c_01.jpg","itemLevel":200,"bonusIDs":[7208,6652,1501,5858,6646]},{"id":178702,"quality":3,"icon":"inv_bracer_leather_oribosdungeon_c_01.jpg","itemLevel":220,"permanentEnchant":6220,"bonusIDs":[7210,6652,7193,1501,5878,6646]},{"id":178832,"quality":3,"icon":"inv_glove_leather_oribosdungeon_c_01.jpg","itemLevel":200,"bonusIDs":[7206,6652,1501,5858,6646]},{"id":178871,"quality":3,"icon":"inv_ring_maldraxxus_01_red.jpg","itemLevel":200,"permanentEnchant":6165,"bonusIDs":[6808,6652,7194,1501,5858,6646]},{"id":179355,"quality":3,"icon":"inv_ring_ardenweald_02_green.jpg","itemLevel":194,"bonusIDs":[7203,6652,7193,1501,5852,6646]},{"id":179350,"quality":3,"icon":"inv_trinket_80_titan02a.jpg","itemLevel":216,"bonusIDs":[7208,6652,1501,5874,6646]},{"id":178826,"quality":3,"icon":"inv_jewelcrafting_nightseye_01.jpg","itemLevel":220,"bonusIDs":[7209,6652,1501,5878,6646]},{"id":156339,"quality":4,"icon":"inv_misc_cape_20.jpg","itemLevel":200,"permanentEnchant":6208,"bonusIDs":[1808,1637,6646],"gems":[{"id":173128,"itemLevel":120,"icon":"inv_jewelcrafting_90_rarecut_yellow.jpg"}]},{"id":180000,"quality":4,"icon":"inv_staff_2h_ardenweald_d_02.jpg","itemLevel":200,"permanentEnchant":6229,"temporaryEnchant":6190,"bonusIDs":[7189,6652,1498,6646]},{"id":0,"quality":1,"icon":"inv_axe_02.jpg","itemLevel":0},{"id":45581,"quality":2,"icon":"inv_misc_tournaments_tabard_orc.jpg","itemLevel":1}],"auras":[{"source":6,"ability":29166,"stacks":1,"icon":"spell_nature_lightning.jpg","name":"Innervate"},{"source":6,"ability":307185,"stacks":1,"icon":"inv_alchemy_90_flask_green.jpg","name":"Spectral Flask of Power"},{"source":5,"ability":6673,"stacks":1,"icon":"ability_warrior_battleshout.jpg","name":"Battle Shout"},{"source":6,"ability":308488,"stacks":1,"icon":"spell_misc_food.jpg","name":"Well Fed"},{"source":25,"ability":1459,"stacks":1,"icon":"spell_holy_magicalsentry.jpg","name":"Arcane Intellect"},{"source":6,"ability":774,"stacks":1,"icon":"spell_nature_rejuvenation.jpg","name":"Rejuvenation"},{"source":4,"ability":21562,"stacks":1,"icon":"spell_holy_wordfortitude.jpg","name":"Power Word: Fortitude"}],"expansion":"shadowlands","faction":0,"specID":105,"covenantID":3,"soulbindID":2,"strength":194,"agility":452,"stamina":1632,"intellect":1512,"dodge":0,"parry":0,"block":0,"armor":526,"critMelee":302,"critRanged":302,"critSpell":302,"speed":0,"leech":0,"hasteMelee":728,"hasteRanged":728,"hasteSpell":728,"avoidance":0,"mastery":357,"versatilityDamageDone":334,"versatilityHealingDone":334,"versatilityDamageReduction":334,"talents":[{"id":102351,"icon":"ability_druid_naturalperfection.jpg"},{"id":102401,"icon":"spell_druid_wildcharge.jpg"},{"id":197632,"icon":"ability_druid_improvedmoonkinform.jpg"},{"id":5211,"icon":"ability_druid_bash.jpg"},{"id":200390,"icon":"spell_nature_healingtouch.jpg"},{"id":207385,"icon":"inv_misc_trailofflowers.jpg"},{"id":197721,"icon":"spell_druid_wildburst.jpg"}],"pvpTalents":[{"id":0,"icon":"inv_axe_02.jpg"},{"id":305497,"icon":"spell_nature_thorns.jpg"},{"id":247543,"icon":"spell_druid_ironbark.jpg"},{"id":203399,"icon":"ability_druid_empoweredtouch.jpg"}],"artifact":[{"traitID":828,"rank":1,"spellID":319213,"icon":"ability_druid_dreamstate.jpg"},{"traitID":831,"rank":1,"spellID":0,"icon":"inv_axe_02.jpg"},{"traitID":835,"rank":1,"spellID":0,"icon":"inv_axe_02.jpg"},{"traitID":837,"rank":1,"spellID":319217,"icon":"inv_farm_herbseed.jpg"},{"traitID":836,"rank":1,"spellID":0,"icon":"inv_axe_02.jpg"}],"heartOfAzeroth":[{"traitID":259,"rank":184,"spellID":341450,"icon":"spell_druid_stampedingroar_cat.jpg"},{"traitID":258,"rank":184,"spellID":341280,"icon":"spell_nature_reincarnation.jpg"},{"traitID":273,"rank":200,"spellID":340549,"icon":"ability_druid_flourish.jpg"}]},{"timestamp":364503,"type":"combatantinfo","pin":"0","sourceID":12,"gear":[{"id":178352,"quality":4,"icon":"inv_plate_revendrethraid_d_01_helm.jpg","itemLevel":207,"bonusIDs":[7193,6631,1479,6646]},{"id":183040,"quality":4,"icon":"inv_7_0raid_necklace_03c.jpg","itemLevel":200,"bonusIDs":[7189,6652,7193,1472,6646]},{"id":178749,"quality":3,"icon":"inv_plate_oribosdungeon_c_01_shoulder.jpg","itemLevel":194,"bonusIDs":[7203,42,1501,5852,6646]},{"id":44694,"quality":2,"icon":"inv_misc_bandage_08.jpg","itemLevel":1},{"id":182987,"quality":4,"icon":"inv_plate_revendrethraid_d_01_chest.jpg","itemLevel":213,"permanentEnchant":6217,"bonusIDs":[7188,6652,1485,6646]},{"id":179326,"quality":3,"icon":"inv_plate_oribosdungeon_c_01_buckle.jpg","itemLevel":203,"bonusIDs":[7209,6652,7194,1501,5861,6646]},{"id":171416,"quality":5,"icon":"inv_pant_plate_mawraid_d_01.jpg","itemLevel":235,"bonusIDs":[7059,6647,6649,6758,1532],"effectID":337825,"effectIcon":"ability_paladin_blessedmending.jpg"},{"id":183027,"quality":4,"icon":"inv_plate_revendrethraid_d_01_boot.jpg","itemLevel":200,"bonusIDs":[7189,6652,1472,6646]},{"id":178845,"quality":3,"icon":"inv_plate_oribosdungeon_c_01_bracer.jpg","itemLevel":203,"permanentEnchant":6220,"bonusIDs":[7209,6652,7194,1501,5861,6646]},{"id":182984,"quality":4,"icon":"inv_plate_revendrethraid_d_01_glove.jpg","itemLevel":200,"permanentEnchant":6205,"bonusIDs":[7189,41,1472,6646]},{"id":178871,"quality":3,"icon":"inv_ring_maldraxxus_01_red.jpg","itemLevel":213,"permanentEnchant":6164,"bonusIDs":[7206,6652,7193,1501,5871,6646]},{"id":178736,"quality":3,"icon":"inv_argus_ring02.jpg","itemLevel":220,"permanentEnchant":6164,"bonusIDs":[7210,6652,7194,1501,5878,6646]},{"id":178386,"quality":4,"icon":"inv_misc_token_argentdawn3.jpg","itemLevel":207,"bonusIDs":[6627,1479,6646]},{"id":180119,"quality":3,"icon":"inv_polearm_2h_bastionarchon_d_01.jpg","itemLevel":200,"bonusIDs":[6808,6652,1501,5858,6646]},{"id":183034,"quality":4,"icon":"inv_cape_leather_revendrethraid_d_01.jpg","itemLevel":200,"bonusIDs":[7189,6652,1472,6646]},{"id":178737,"quality":3,"icon":"inv_1h_oribosdungeon_c_01.jpg","itemLevel":200,"permanentEnchant":6226,"temporaryEnchant":6190,"bonusIDs":[7207,6652,1501,5858,6646]},{"id":178712,"quality":3,"icon":"inv_shield_1h_oribosdungeon_c_01.jpg","itemLevel":223,"bonusIDs":[7211,6652,1501,5881,6646]},{"id":0,"quality":1,"icon":"inv_axe_02.jpg","itemLevel":0}],"auras":[{"source":5,"ability":6673,"stacks":1,"icon":"ability_warrior_battleshout.jpg","name":"Battle Shout"},{"source":12,"ability":308434,"stacks":1,"icon":"spell_misc_food.jpg","name":"Well Fed"},{"source":25,"ability":1459,"stacks":1,"icon":"spell_holy_magicalsentry.jpg","name":"Arcane Intellect"},{"source":11,"ability":166646,"stacks":1,"icon":"monk_stance_whitetiger.jpg"},{"source":12,"ability":307185,"stacks":1,"icon":"inv_alchemy_90_flask_green.jpg","name":"Spectral Flask of Power"},{"source":4,"ability":21562,"stacks":1,"icon":"spell_holy_wordfortitude.jpg","name":"Power Word: Fortitude"}],"expansion":"shadowlands","faction":0,"specID":65,"covenantID":1,"soulbindID":7,"strength":447,"agility":158,"stamina":1740,"intellect":1562,"dodge":0,"parry":0,"block":0,"armor":1801,"critMelee":392,"critRanged":392,"critSpell":392,"speed":38,"leech":39,"hasteMelee":732,"hasteRanged":732,"hasteSpell":732,"avoidance":0,"mastery":311,"versatilityDamageDone":324,"versatilityHealingDone":324,"versatilityDamageReduction":324,"talents":[{"id":114158,"icon":"spell_paladin_lightshammer.jpg"},{"id":183778,"icon":"spell_holy_divineprovidence.jpg"},{"id":115750,"icon":"ability_paladin_blindinglight.jpg"},{"id":214202,"icon":"ability_paladin_longarmofthelaw.jpg"},{"id":223817,"icon":"spell_holy_divinepurpose.jpg"},{"id":248033,"icon":"inv_helm_plate_raidpaladin_n_01.jpg"},{"id":325966,"icon":"ability_paladin_toweroflight.jpg"}],"pvpTalents":[{"id":0,"icon":"inv_axe_02.jpg"},{"id":199452,"icon":"spell_holy_sealofsacrifice.jpg"},{"id":199454,"icon":"ability_paladin_blessedhands.jpg"},{"id":199330,"icon":"spell_holy_purify.jpg"}],"artifact":[{"traitID":1305,"rank":1,"spellID":0,"icon":"inv_axe_02.jpg"},{"traitID":1308,"rank":1,"spellID":328261,"icon":"spell_arcane_focusedpower.jpg"},{"traitID":1310,"rank":1,"spellID":328263,"icon":"inv_misc_bag_14.jpg"},{"traitID":1312,"rank":1,"spellID":0,"icon":"inv_axe_02.jpg"},{"traitID":1315,"rank":1,"spellID":0,"icon":"inv_axe_02.jpg"},{"traitID":1316,"rank":1,"spellID":328266,"icon":"spell_animabastion_buff.jpg"}],"heartOfAzeroth":[{"traitID":216,"rank":200,"spellID":340218,"icon":"spell_animabastion_orb.jpg"},{"traitID":133,"rank":200,"spellID":338787,"icon":"ability_vehicle_sonicshockwave.jpg"},{"traitID":193,"rank":200,"spellID":339984,"icon":"item_holyspark.jpg"}]},{"timestamp":364503,"type":"combatantinfo","pin":"0","sourceID":13,"gear":[{"id":178692,"quality":3,"icon":"inv_helm_drustmask_d_01.jpg","itemLevel":200,"bonusIDs":[7207,6652,6935,1501,5858,6646],"gems":[{"id":173127,"itemLevel":120,"icon":"inv_jewelcrafting_90_rarecut_orange.jpg"}]},{"id":178827,"quality":3,"icon":"inv_7_0raid_necklace_03a.jpg","itemLevel":184,"bonusIDs":[6807,6652,7194,1498,6646]},{"id":172327,"quality":5,"icon":"inv_mail_mawraid_d_01_shoulder.jpg","itemLevel":190,"bonusIDs":[7013,6716,6647,6648,1487],"effectID":336870,"effectIcon":"inv_spear_07.jpg"},{"id":45664,"quality":2,"icon":"inv_shirt_red_01.jpg","itemLevel":1},{"id":184128,"quality":4,"icon":"inv_chest_mail_revendrethraid_d_01.jpg","itemLevel":207,"permanentEnchant":6214,"bonusIDs":[6652,1492,6646]},{"id":178700,"quality":3,"icon":"inv_belt_mail_oribosdungeon_c_01.jpg","itemLevel":200,"bonusIDs":[7206,6652,7194,1501,5858,6646]},{"id":183012,"quality":4,"icon":"inv_pant_mail_revendrethraid_d_01.jpg","itemLevel":200,"bonusIDs":[6805,6652]},{"id":178745,"quality":3,"icon":"inv_boot_mail_oribosdungeon_c_01.jpg","itemLevel":216,"permanentEnchant":6211,"bonusIDs":[7207,6652,1501,5874,6646]},{"id":182977,"quality":4,"icon":"inv_bracer_mail_revendrethraid_d_01.jpg","itemLevel":213,"bonusIDs":[7188,6652,7194,1485,6646]},{"id":178841,"quality":3,"icon":"inv_glove_mail_oribosdungeon_c_01.jpg","itemLevel":194,"permanentEnchant":6205,"bonusIDs":[7204,6652,1501,5852,6646]},{"id":178871,"quality":3,"icon":"inv_ring_maldraxxus_01_red.jpg","itemLevel":216,"permanentEnchant":6164,"bonusIDs":[7207,6652,7194,1501,5874,6646]},{"id":178872,"quality":3,"icon":"inv_ring_maldraxxus_01_violet.jpg","itemLevel":216,"permanentEnchant":6164,"bonusIDs":[7208,6652,7194,1501,5874,6646]},{"id":180116,"quality":3,"icon":"inv_battery_01.jpg","itemLevel":190,"bonusIDs":[6809,6652,1501,5848,6646]},{"id":178769,"quality":3,"icon":"inv_alchemy_elixir_03.jpg","itemLevel":210,"bonusIDs":[7204,6652,1501,5868,6646]},{"id":178851,"quality":3,"icon":"inv_plate_oribosdungeon_c_01_cape.jpg","itemLevel":194,"permanentEnchant":6204,"bonusIDs":[7203,6652,1501,5852,6646]},{"id":180112,"quality":3,"icon":"inv_bow_1h_oribosdungeon_c_01.jpg","itemLevel":194,"permanentEnchant":6196,"temporaryEnchant":6188,"bonusIDs":[7204,42,1501,5852,6646]},{"id":0,"quality":1,"icon":"inv_axe_02.jpg","itemLevel":0},{"id":69210,"quality":4,"icon":"inv_epicguildtabard.jpg","itemLevel":1}],"auras":[{"source":13,"ability":34477,"stacks":1,"icon":"ability_hunter_misdirection.jpg","name":"Misdirection"},{"source":13,"ability":307185,"stacks":1,"icon":"inv_alchemy_90_flask_green.jpg","name":"Spectral Flask of Power"},{"source":5,"ability":6673,"stacks":1,"icon":"ability_warrior_battleshout.jpg","name":"Battle Shout"},{"source":25,"ability":1459,"stacks":1,"icon":"spell_holy_magicalsentry.jpg","name":"Arcane Intellect"},{"source":13,"ability":155228,"stacks":1,"icon":"spell_hunter_lonewolf.jpg"},{"source":4,"ability":21562,"stacks":1,"icon":"spell_holy_wordfortitude.jpg","name":"Power Word: Fortitude"}],"expansion":"shadowlands","faction":0,"specID":254,"covenantID":3,"soulbindID":1,"strength":275,"agility":1262,"stamina":1645,"intellect":384,"dodge":0,"parry":0,"block":0,"armor":757,"critMelee":625,"critRanged":625,"critSpell":625,"speed":51,"leech":30,"hasteMelee":311,"hasteRanged":311,"hasteSpell":311,"avoidance":0,"mastery":490,"versatilityDamageDone":159,"versatilityHealingDone":159,"versatilityDamageReduction":159,"talents":[{"id":260309,"icon":"ability_hunter_mastermarksman.jpg"},{"id":260228,"icon":"ability_hunter_zenarchery.jpg"},{"id":270581,"icon":"ability_hunter_onewithnature.jpg"},{"id":193533,"icon":"ability_hunter_improvedsteadyshot.jpg"},{"id":109215,"icon":"ability_hunter_posthaste.jpg"},{"id":260402,"icon":"ability_hunter_crossfire.jpg"},{"id":194595,"icon":"ability_hunter_lockandload.jpg"}],"pvpTalents":[{"id":0,"icon":"inv_axe_02.jpg"},{"id":203129,"icon":"ability_trueshot.jpg"},{"id":213691,"icon":"ability_golemstormbolt.jpg"},{"id":202746,"icon":"ability_rogue_feigndeath.jpg"}],"artifact":[{"traitID":850,"rank":1,"spellID":0,"icon":"inv_axe_02.jpg"},{"traitID":863,"rank":1,"spellID":342270,"icon":"ability_racial_runningwild.jpg"},{"traitID":864,"rank":1,"spellID":322721,"icon":"ability_druid_manatree.jpg"},{"traitID":866,"rank":1,"spellID":320687,"icon":"ability_druid_supriseattack.jpg"},{"traitID":995,"rank":1,"spellID":0,"icon":"inv_axe_02.jpg"},{"traitID":1010,"rank":1,"spellID":0,"icon":"inv_axe_02.jpg"}],"heartOfAzeroth":[{"traitID":140,"rank":200,"spellID":339109,"icon":"inv_archaeology_70_spiritofechero.jpg"},{"traitID":166,"rank":184,"spellID":339377,"icon":"inv_shield_21.jpg"},{"traitID":282,"rank":158,"spellID":346747,"icon":"ability_rogue_feint.jpg"}]},{"timestamp":364503,"type":"combatantinfo","pin":"0","sourceID":14,"gear":[{"id":183001,"quality":4,"icon":"inv_helm_mail_revendrethraid_d_01.jpg","itemLevel":200,"bonusIDs":[7189,6652,7194,1472,6646]},{"id":183040,"quality":4,"icon":"inv_7_0raid_necklace_03c.jpg","itemLevel":200,"bonusIDs":[7189,6652,6935,1472,6646],"gems":[{"id":173127,"itemLevel":120,"icon":"inv_jewelcrafting_90_rarecut_orange.jpg"}]},{"id":172327,"quality":5,"icon":"inv_mail_mawraid_d_01_shoulder.jpg","itemLevel":235,"bonusIDs":[7013,6647,6648,6758,1532],"effectID":336870,"effectIcon":"inv_spear_07.jpg"},{"id":10054,"quality":2,"icon":"inv_shirt_purple_01.jpg","itemLevel":1},{"id":182988,"quality":4,"icon":"inv_chest_mail_revendrethraid_d_01.jpg","itemLevel":213,"permanentEnchant":6214,"bonusIDs":[7188,6652,1485,6646]},{"id":178932,"quality":3,"icon":"inv_belt_mail_oribosdungeon_c_01.jpg","itemLevel":187,"bonusIDs":[6808,6652,7193,1501,6646]},{"id":179337,"quality":3,"icon":"inv_pant_mail_oribosdungeon_c_01.jpg","itemLevel":223,"bonusIDs":[7211,6652,1501,5881,6646]},{"id":183006,"quality":4,"icon":"inv_boot_mail_revendrethraid_d_01.jpg","itemLevel":213,"permanentEnchant":6211,"bonusIDs":[7188,6652,1485,6646]},{"id":182977,"quality":4,"icon":"inv_bracer_mail_revendrethraid_d_01.jpg","itemLevel":200,"bonusIDs":[7189,6652,7194,1472,6646]},{"id":183014,"quality":4,"icon":"inv_glove_mail_revendrethraid_d_01.jpg","itemLevel":200,"bonusIDs":[7189,6652,1472,6646]},{"id":183036,"quality":4,"icon":"inv_ring_revendreth_01_gold.jpg","itemLevel":207,"permanentEnchant":6164,"bonusIDs":[7189,41,7193,1472,6646]},{"id":183037,"quality":4,"icon":"inv_ring_revendrethraid_02_copper.jpg","itemLevel":200,"permanentEnchant":6164,"bonusIDs":[7189,6652,7194,1472,6646]},{"id":178742,"quality":3,"icon":"inv_alchemy_70_potion2.jpg","itemLevel":190,"bonusIDs":[6809,6652,1501,5848,6646]},{"id":179350,"quality":3,"icon":"inv_trinket_80_titan02a.jpg","itemLevel":207,"bonusIDs":[7203,6652,1501,5865,6646]},{"id":180123,"quality":3,"icon":"inv_cape_mail_oribosdungeon_c_01.jpg","itemLevel":203,"permanentEnchant":6204,"bonusIDs":[7210,6652,1501,5861,6646]},{"id":180112,"quality":3,"icon":"inv_bow_1h_oribosdungeon_c_01.jpg","itemLevel":220,"permanentEnchant":6196,"temporaryEnchant":6188,"bonusIDs":[7210,6652,1501,5878,6646]},{"id":0,"quality":1,"icon":"inv_axe_02.jpg","itemLevel":0},{"id":43156,"quality":2,"icon":"inv_shirt_guildtabard_01.jpg","itemLevel":31}],"auras":[{"source":14,"ability":308434,"stacks":1,"icon":"spell_misc_food.jpg","name":"Well Fed"},{"source":11,"ability":166646,"stacks":1,"icon":"monk_stance_whitetiger.jpg"},{"source":4,"ability":21562,"stacks":1,"icon":"spell_holy_wordfortitude.jpg","name":"Power Word: Fortitude"},{"source":5,"ability":6673,"stacks":1,"icon":"ability_warrior_battleshout.jpg","name":"Battle Shout"},{"source":14,"ability":155228,"stacks":1,"icon":"spell_hunter_lonewolf.jpg"},{"source":25,"ability":1459,"stacks":1,"icon":"spell_holy_magicalsentry.jpg","name":"Arcane Intellect"},{"source":14,"ability":307185,"stacks":1,"icon":"inv_alchemy_90_flask_green.jpg","name":"Spectral Flask of Power"}],"expansion":"shadowlands","faction":0,"specID":254,"covenantID":3,"soulbindID":1,"strength":271,"agility":1314,"stamina":1769,"intellect":389,"dodge":0,"parry":0,"block":0,"armor":791,"critMelee":558,"critRanged":558,"critSpell":558,"speed":0,"leech":61,"hasteMelee":553,"hasteRanged":553,"hasteSpell":553,"avoidance":0,"mastery":513,"versatilityDamageDone":31,"versatilityHealingDone":31,"versatilityDamageReduction":31,"talents":[{"id":260309,"icon":"ability_hunter_mastermarksman.jpg"},{"id":260228,"icon":"ability_hunter_zenarchery.jpg"},{"id":270581,"icon":"ability_hunter_onewithnature.jpg"},{"id":193533,"icon":"ability_hunter_improvedsteadyshot.jpg"},{"id":109215,"icon":"ability_hunter_posthaste.jpg"},{"id":260402,"icon":"ability_hunter_crossfire.jpg"},{"id":194595,"icon":"ability_hunter_lockandload.jpg"}],"pvpTalents":[{"id":0,"icon":"inv_axe_02.jpg"},{"id":202589,"icon":"inv_misc_deepseascales.jpg"},{"id":213691,"icon":"ability_golemstormbolt.jpg"},{"id":202746,"icon":"ability_rogue_feigndeath.jpg"}],"artifact":[{"traitID":850,"rank":1,"spellID":0,"icon":"inv_axe_02.jpg"},{"traitID":863,"rank":1,"spellID":342270,"icon":"ability_racial_runningwild.jpg"},{"traitID":864,"rank":1,"spellID":322721,"icon":"ability_druid_manatree.jpg"},{"traitID":866,"rank":1,"spellID":320687,"icon":"ability_druid_supriseattack.jpg"},{"traitID":995,"rank":1,"spellID":0,"icon":"inv_axe_02.jpg"},{"traitID":1010,"rank":1,"spellID":0,"icon":"inv_axe_02.jpg"}],"heartOfAzeroth":[{"traitID":140,"rank":184,"spellID":339109,"icon":"inv_archaeology_70_spiritofechero.jpg"},{"traitID":173,"rank":184,"spellID":339459,"icon":"spell_nature_spiritarmor.jpg"},{"traitID":175,"rank":200,"spellID":339495,"icon":"inv_trickshot.jpg"}]},{"timestamp":364503,"type":"combatantinfo","pin":"0","sourceID":15,"gear":[{"id":175850,"quality":3,"icon":"inv_plate_oribosdungeon_c_01_helm.jpg","itemLevel":184,"bonusIDs":[6796,1498,6646]},{"id":183040,"quality":4,"icon":"inv_7_0raid_necklace_03c.jpg","itemLevel":213,"bonusIDs":[7188,6652,7194,1485,6646]},{"id":178374,"quality":4,"icon":"inv_plate_revendrethraid_d_01_shoulder.jpg","itemLevel":213,"bonusIDs":[6626,1485,6646]},{"id":0,"quality":1,"icon":"inv_axe_02.jpg","itemLevel":0},{"id":178355,"quality":4,"icon":"inv_plate_revendrethraid_d_01_chest.jpg","itemLevel":213,"bonusIDs":[6632,1485,6646]},{"id":183015,"quality":4,"icon":"inv_plate_revendrethraid_d_01_belt.jpg","itemLevel":200,"bonusIDs":[7189,6652,6935,1472,6646]},{"id":178701,"quality":3,"icon":"inv_plate_oribosdungeon_c_01_pants.jpg","itemLevel":184,"bonusIDs":[6807,6652,1498,6646]},{"id":171413,"quality":5,"icon":"inv_boot_plate_mawraidmythic_d_01.jpg","itemLevel":190,"bonusIDs":[7054,6716,6649,6650,1487],"effectID":337594,"effectIcon":"ability_paladin_conviction.jpg"},{"id":175881,"quality":3,"icon":"inv_plate_oribosdungeon_c_01_bracer.jpg","itemLevel":184,"bonusIDs":[6789,1498,6646]},{"id":175861,"quality":3,"icon":"inv_plate_oribosdungeon_c_01_glove.jpg","itemLevel":184,"bonusIDs":[6782,1498,6646]},{"id":183037,"quality":4,"icon":"inv_ring_revendrethraid_02_copper.jpg","itemLevel":200,"permanentEnchant":6166,"bonusIDs":[7189,6652,7193,1472,6646]},{"id":178442,"quality":4,"icon":"inv_ring_bastion_02_pinkgold.jpg","itemLevel":213,"bonusIDs":[6652,7193,6619,1485,6646]},{"id":178861,"quality":3,"icon":"inv_trinket_revendreth_01_gold.jpg","itemLevel":184,"bonusIDs":[6807,6652,1498,6646]},{"id":184016,"quality":4,"icon":"inv_icon_wingbroken08d.jpg","itemLevel":213,"bonusIDs":[7188,6652,1485,6646]},{"id":178414,"quality":4,"icon":"inv_cape_mail_revendrethraid_d_01.jpg","itemLevel":213,"permanentEnchant":6208,"bonusIDs":[6619,1485,6646]},{"id":180313,"quality":4,"icon":"inv_mace_2h_bastion_d_01.jpg","itemLevel":213,"bonusIDs":[6652,6640,1485,6646]},{"id":0,"quality":1,"icon":"inv_axe_02.jpg","itemLevel":0},{"id":0,"quality":1,"icon":"inv_axe_02.jpg","itemLevel":0}],"auras":[{"source":5,"ability":6673,"stacks":1,"icon":"ability_warrior_battleshout.jpg","name":"Battle Shout"},{"source":25,"ability":1459,"stacks":1,"icon":"spell_holy_magicalsentry.jpg","name":"Arcane Intellect"},{"source":15,"ability":307185,"stacks":1,"icon":"inv_alchemy_90_flask_green.jpg","name":"Spectral Flask of Power"},{"source":4,"ability":21562,"stacks":1,"icon":"spell_holy_wordfortitude.jpg","name":"Power Word: Fortitude"},{"source":15,"ability":267610,"stacks":1,"icon":"spell_paladin_templarsverdict.jpg"},{"source":15,"ability":267344,"stacks":1,"icon":"ability_paladin_artofwar.jpg"}],"expansion":"shadowlands","faction":0,"specID":70,"covenantID":1,"soulbindID":7,"strength":1207,"agility":158,"stamina":1640,"intellect":474,"dodge":0,"parry":0,"block":0,"armor":1085,"critMelee":128,"critRanged":128,"critSpell":128,"speed":0,"leech":0,"hasteMelee":382,"hasteRanged":382,"hasteSpell":382,"avoidance":0,"mastery":433,"versatilityDamageDone":605,"versatilityHealingDone":605,"versatilityDamageReduction":605,"talents":[{"id":267610,"icon":"spell_paladin_templarsverdict.jpg"},{"id":231832,"icon":"ability_paladin_bladeofjustice.jpg"},{"id":234299,"icon":"spell_holy_fistofjustice.jpg"},{"id":230332,"icon":"ability_paladin_divinesteed.jpg"},{"id":223817,"icon":"spell_holy_divinepurpose.jpg"},{"id":326734,"icon":"ability_paladin_infusionoflight.jpg"},{"id":343721,"icon":"spell_holy_blessedresillience.jpg"}],"pvpTalents":[{"id":0,"icon":"inv_axe_02.jpg"},{"id":246806,"icon":"ability_paladin_judgementred.jpg"},{"id":204914,"icon":"ability_paladin_conviction.jpg"},{"id":305394,"icon":"spell_holy_sealofvalor.jpg"}],"artifact":[{"traitID":1305,"rank":1,"spellID":0,"icon":"inv_axe_02.jpg"},{"traitID":1308,"rank":1,"spellID":328261,"icon":"spell_arcane_focusedpower.jpg"},{"traitID":1310,"rank":1,"spellID":328263,"icon":"inv_misc_bag_14.jpg"},{"traitID":1312,"rank":1,"spellID":0,"icon":"inv_axe_02.jpg"},{"traitID":1316,"rank":1,"spellID":328266,"icon":"spell_animabastion_buff.jpg"},{"traitID":1315,"rank":1,"spellID":0,"icon":"inv_axe_02.jpg"}],"heartOfAzeroth":[{"traitID":216,"rank":200,"spellID":340218,"icon":"spell_animabastion_orb.jpg"},{"traitID":133,"rank":200,"spellID":338787,"icon":"ability_vehicle_sonicshockwave.jpg"},{"traitID":176,"rank":200,"spellID":339531,"icon":"ability_priest_evangelism.jpg"}]},{"timestamp":364503,"type":"combatantinfo","pin":"0","sourceID":4,"gear":[{"id":183021,"quality":4,"icon":"inv_cloth_revendrethraid_d_01_helm.jpg","itemLevel":200,"bonusIDs":[7189,6652,7194,1472,6646]},{"id":183039,"quality":4,"icon":"inv_neck_ardenweald_01_silver.jpg","itemLevel":200,"bonusIDs":[7189,6652,7193,1472,6646]},{"id":173247,"quality":5,"icon":"inv_cloth_mawraid_d_01_shoulder.jpg","itemLevel":225,"bonusIDs":[6977,6647,6648,6718,1522],"effectID":336314,"effectIcon":"spell_holy_serendipity.jpg"},{"id":41255,"quality":2,"icon":"inv_shirt_green_01.jpg","itemLevel":1},{"id":182986,"quality":4,"icon":"inv_cloth_revendrethraid_d_01_chest_.jpg","itemLevel":200,"permanentEnchant":6217,"bonusIDs":[7189,6652,1472,6646]},{"id":183028,"quality":4,"icon":"inv_cloth_revendrethraid_d_01_belt.jpg","itemLevel":200,"bonusIDs":[7189,6652,7193,1472,6646]},{"id":178761,"quality":3,"icon":"inv_pant_cloth_oribosdungeon_c_01.jpg","itemLevel":184,"bonusIDs":[6807,6652,1498,6646]},{"id":182979,"quality":4,"icon":"inv_cloth_revendrethraid_d_01_boot.jpg","itemLevel":200,"bonusIDs":[7189,6652,1472,6646]},{"id":182996,"quality":4,"icon":"inv_cloth_revendrethraid_d_01_bracer.jpg","itemLevel":213,"permanentEnchant":6220,"bonusIDs":[7188,6652,7194,1485,6646]},{"id":183008,"quality":4,"icon":"inv_cloth_revendrethraid_d_01_glove.jpg","itemLevel":200,"bonusIDs":[7189,43,1472,6646]},{"id":178872,"quality":3,"icon":"inv_ring_maldraxxus_01_violet.jpg","itemLevel":184,"permanentEnchant":6166,"bonusIDs":[6807,6652,7194,1498,6646]},{"id":183038,"quality":4,"icon":"inv_ring_oribos_01_silver.jpg","itemLevel":200,"permanentEnchant":6166,"bonusIDs":[7189,6652,7193,1472,6646]},{"id":159620,"quality":3,"icon":"inv_misc_food_legion_seashellc1.jpg","itemLevel":130,"bonusIDs":[6536,6515,1543,4786]},{"id":184020,"quality":4,"icon":"inv_icon_feather06a.jpg","itemLevel":213,"bonusIDs":[7188,6652,1485,6646]},{"id":183034,"quality":4,"icon":"inv_cape_leather_revendrethraid_d_01.jpg","itemLevel":213,"permanentEnchant":6204,"bonusIDs":[7188,6652,1485,6646]},{"id":178975,"quality":4,"icon":"inv_staff_2h_bastion_d_01.jpg","itemLevel":207,"permanentEnchant":6229,"bonusIDs":[7189,6652,1505,6646]},{"id":0,"quality":1,"icon":"inv_axe_02.jpg","itemLevel":0},{"id":0,"quality":1,"icon":"inv_axe_02.jpg","itemLevel":0}],"auras":[{"source":6,"ability":774,"stacks":1,"icon":"spell_nature_rejuvenation.jpg","name":"Rejuvenation"},{"source":5,"ability":6673,"stacks":1,"icon":"ability_warrior_battleshout.jpg","name":"Battle Shout"},{"source":4,"ability":21562,"stacks":1,"icon":"spell_holy_wordfortitude.jpg","name":"Power Word: Fortitude"},{"source":25,"ability":1459,"stacks":1,"icon":"spell_holy_magicalsentry.jpg","name":"Arcane Intellect"},{"source":11,"ability":166646,"stacks":1,"icon":"monk_stance_whitetiger.jpg"},{"source":4,"ability":308506,"stacks":1,"icon":"spell_misc_food.jpg","name":"Well Fed"}],"expansion":"shadowlands","faction":0,"specID":257,"covenantID":1,"soulbindID":7,"strength":262,"agility":375,"stamina":1631,"intellect":1498,"dodge":0,"parry":0,"block":0,"armor":322,"critMelee":483,"critRanged":483,"critSpell":483,"speed":0,"leech":30,"hasteMelee":177,"hasteRanged":177,"hasteSpell":177,"avoidance":0,"mastery":574,"versatilityDamageDone":325,"versatilityHealingDone":325,"versatilityDamageReduction":325,"talents":[{"id":193155,"icon":"spell_arcane_mindmastery.jpg"},{"id":121536,"icon":"ability_priest_angelicfeather.jpg"},{"id":238136,"icon":"spell_holy_summonlightwell.jpg"},{"id":200199,"icon":"spell_holy_eyeforaneye.jpg"},{"id":321377,"icon":"spell_paladin_divinecircle.jpg"},{"id":193157,"icon":"spell_monk_diffusemagic.jpg"},{"id":265202,"icon":"ability_priest_archangel.jpg"}],"pvpTalents":[{"id":0,"icon":"inv_axe_02.jpg"},{"id":328529,"icon":"spell_holy_prayerofmendingtga.jpg"},{"id":213602,"icon":"spell_magic_lesserinvisibilty.jpg"},{"id":235587,"icon":"spell_holy_persuitofjustice.jpg"}],"artifact":[{"traitID":1305,"rank":1,"spellID":0,"icon":"inv_axe_02.jpg"},{"traitID":1308,"rank":1,"spellID":328261,"icon":"spell_arcane_focusedpower.jpg"},{"traitID":1310,"rank":1,"spellID":328263,"icon":"inv_misc_bag_14.jpg"},{"traitID":1312,"rank":1,"spellID":0,"icon":"inv_axe_02.jpg"},{"traitID":1316,"rank":1,"spellID":328266,"icon":"spell_animabastion_buff.jpg"}],"heartOfAzeroth":[{"traitID":116,"rank":171,"spellID":338345,"icon":"ability_priest_bindingprayers.jpg"},{"traitID":72,"rank":200,"spellID":337748,"icon":"spell_holy_restoration.jpg"}]},{"timestamp":364503,"type":"combatantinfo","pin":"0","sourceID":11,"gear":[{"id":172317,"quality":5,"icon":"inv_helm_leather_mawraid_d_01.jpg","itemLevel":210,"bonusIDs":[7082,7194,6650,6648,6717,1507],"effectID":337298,"effectIcon":"inv_inscription_80_warscroll_battleshout.jpg"},{"id":178387,"quality":4,"icon":"inv_7_0raid_necklace_03a.jpg","itemLevel":220,"bonusIDs":[7193,6620,1492,6646]},{"id":175908,"quality":4,"icon":"inv_shoulder_leather_revendrethraid_d_01.jpg","itemLevel":220,"bonusIDs":[6625,6652,1492,6646]},{"id":0,"quality":1,"icon":"inv_axe_02.jpg","itemLevel":0},{"id":182989,"quality":4,"icon":"inv_chest_leather_revendrethraid_d_01.jpg","itemLevel":200,"permanentEnchant":6214,"bonusIDs":[7189,6652,1472,6646]},{"id":182995,"quality":4,"icon":"inv_belt_leather_revendrethraid_d_01.jpg","itemLevel":213,"bonusIDs":[7188,6652,7193,1485,6646]},{"id":175907,"quality":4,"icon":"inv_pant_leather_revendrethraid_d_01.jpg","itemLevel":220,"bonusIDs":[6633,6652,1492,6646]},{"id":179352,"quality":3,"icon":"inv_boot_leather_oribosdungeon_c_01.jpg","itemLevel":190,"permanentEnchant":6211,"bonusIDs":[6809,6652,1501,5848,6646]},{"id":183019,"quality":4,"icon":"inv_bracer_leather_revendrethraid_d_01.jpg","itemLevel":213,"bonusIDs":[7188,6652,6935,1485,6646],"gems":[{"id":173129,"itemLevel":120,"icon":"inv_jewelcrafting_90_rarecut_blue.jpg"}]},{"id":156224,"quality":4,"icon":"inv_gauntlets_53.jpg","itemLevel":200,"permanentEnchant":6205,"bonusIDs":[1637,6646]},{"id":178381,"quality":4,"icon":"inv_ring_bastion_02_copper.jpg","itemLevel":220,"permanentEnchant":6170,"bonusIDs":[7193,6620,1492,6646]},{"id":183038,"quality":4,"icon":"inv_ring_oribos_01_silver.jpg","itemLevel":213,"permanentEnchant":6170,"bonusIDs":[7188,6652,7194,1485,6646]},{"id":178861,"quality":3,"icon":"inv_trinket_revendreth_01_gold.jpg","itemLevel":207,"bonusIDs":[7211,6652,1501,5865,6646]},{"id":179350,"quality":3,"icon":"inv_trinket_80_titan02a.jpg","itemLevel":203,"bonusIDs":[7209,6652,1501,5861,6646]},{"id":179349,"quality":3,"icon":"inv_cape_cloth_oribosdungeon_c_01.jpg","itemLevel":184,"permanentEnchant":6204,"bonusIDs":[6807,6652,1498,6646]},{"id":174299,"quality":4,"icon":"inv_axe_1h_bastion_d_01.jpg","itemLevel":220,"permanentEnchant":6228,"temporaryEnchant":6188,"bonusIDs":[7141,1492,6646]},{"id":178864,"quality":3,"icon":"inv_mace_1h_oribosdungeon_c_02.jpg","itemLevel":223,"permanentEnchant":6223,"temporaryEnchant":6188,"bonusIDs":[7211,6652,1501,5881,6646]},{"id":0,"quality":1,"icon":"inv_axe_02.jpg","itemLevel":0}],"auras":[{"source":11,"ability":308488,"stacks":1,"icon":"spell_misc_food.jpg","name":"Well Fed"},{"source":4,"ability":21562,"stacks":1,"icon":"spell_holy_wordfortitude.jpg","name":"Power Word: Fortitude"},{"source":11,"ability":166646,"stacks":1,"icon":"monk_stance_whitetiger.jpg"},{"source":5,"ability":6673,"stacks":1,"icon":"ability_warrior_battleshout.jpg","name":"Battle Shout"},{"source":25,"ability":1459,"stacks":1,"icon":"spell_holy_magicalsentry.jpg","name":"Arcane Intellect"},{"source":11,"ability":307185,"stacks":1,"icon":"inv_alchemy_90_flask_green.jpg","name":"Spectral Flask of Power"}],"expansion":"shadowlands","faction":0,"specID":269,"covenantID":1,"soulbindID":7,"strength":196,"agility":1305,"stamina":1784,"intellect":471,"dodge":0,"parry":0,"block":0,"armor":540,"critMelee":300,"critRanged":300,"critSpell":300,"speed":0,"leech":30,"hasteMelee":224,"hasteRanged":224,"hasteSpell":224,"avoidance":0,"mastery":231,"versatilityDamageDone":965,"versatilityHealingDone":965,"versatilityDamageReduction":965,"talents":[{"id":123986,"icon":"spell_arcane_arcanetorrent.jpg"},{"id":116841,"icon":"ability_monk_tigerslust.jpg"},{"id":261947,"icon":"inv_fistofthewhitetiger.jpg"},{"id":116844,"icon":"spell_monk_ringofpeace.jpg"},{"id":122783,"icon":"spell_monk_diffusemagic.jpg"},{"id":325201,"icon":"ability_monk_cranekick_new.jpg"},{"id":152175,"icon":"ability_monk_hurricanestrike.jpg"}],"pvpTalents":[{"id":0,"icon":"inv_axe_02.jpg"},{"id":287681,"icon":"monk_ability_fistoffury.jpg"},{"id":342928,"icon":"ability_monk_expelharm.jpg"},{"id":287503,"icon":"ability_monk_tigerpalm.jpg"}],"artifact":[{"traitID":1305,"rank":1,"spellID":0,"icon":"inv_axe_02.jpg"},{"traitID":1308,"rank":1,"spellID":328261,"icon":"spell_arcane_focusedpower.jpg"},{"traitID":1312,"rank":1,"spellID":0,"icon":"inv_axe_02.jpg"},{"traitID":1314,"rank":1,"spellID":328265,"icon":"achievement_worldevent_childrensweek.jpg"},{"traitID":1316,"rank":1,"spellID":328266,"icon":"spell_animabastion_buff.jpg"}],"heartOfAzeroth":[{"traitID":22,"rank":200,"spellID":336598,"icon":"ability_fixated_state_red.jpg"},{"traitID":33,"rank":200,"spellID":336853,"icon":"inv_misc_food_vendor_blackpepper.jpg"}]},{"timestamp":364503,"type":"combatantinfo","pin":"0","sourceID":16,"gear":[{"id":178694,"quality":3,"icon":"inv_helm_drustmask_d_01.jpg","itemLevel":210,"bonusIDs":[7204,6652,7193,1501,5868,6646]},{"id":178927,"quality":5,"icon":"inv_jewelcrafting_90_maxlvlneck_red.jpg","itemLevel":225,"bonusIDs":[6953,7193,6650,6649,6718,1522],"effectID":334974,"effectIcon":"spell_deathknight_explode_ghoul.jpg"},{"id":182994,"quality":4,"icon":"inv_plate_revendrethraid_d_01_shoulder.jpg","itemLevel":213,"bonusIDs":[7188,6652,1485,6646]},{"id":151116,"quality":3,"icon":"inv_shirt_06.jpg","itemLevel":1},{"id":182987,"quality":4,"icon":"inv_plate_revendrethraid_d_01_chest.jpg","itemLevel":200,"permanentEnchant":6213,"bonusIDs":[7189,6652,1472,6646]},{"id":178931,"quality":3,"icon":"inv_plate_oribosdungeon_c_01_buckle.jpg","itemLevel":216,"bonusIDs":[7207,6652,7194,1501,5874,6646]},{"id":178818,"quality":3,"icon":"inv_plate_oribosdungeon_c_01_pants.jpg","itemLevel":197,"bonusIDs":[7205,6652,1501,5855,6646]},{"id":183027,"quality":4,"icon":"inv_plate_revendrethraid_d_01_boot.jpg","itemLevel":213,"bonusIDs":[7188,6652,1485,6646]},{"id":179354,"quality":3,"icon":"inv_plate_oribosdungeon_c_01_bracer.jpg","itemLevel":184,"bonusIDs":[6807,6652,7194,1498,6646]},{"id":183013,"quality":4,"icon":"inv_plate_revendrethraid_d_01_glove.jpg","itemLevel":200,"permanentEnchant":6210,"bonusIDs":[7189,6652,1472,6646]},{"id":178781,"quality":3,"icon":"inv_ring_revendreth_01_brown.jpg","itemLevel":194,"permanentEnchant":6170,"bonusIDs":[7203,6652,6935,1501,5852,6646],"gems":[{"id":173129,"itemLevel":120,"icon":"inv_jewelcrafting_90_rarecut_blue.jpg"}]},{"id":183038,"quality":4,"icon":"inv_ring_oribos_01_silver.jpg","itemLevel":200,"permanentEnchant":6170,"bonusIDs":[7189,6652,7193,1472,6646]},{"id":184023,"quality":4,"icon":"ability_thunderking_rockfallhigh.jpg","itemLevel":200,"bonusIDs":[7189,6652,1472,6646]},{"id":173096,"quality":3,"icon":"inv_inscription_darkmooncard_indomitable.jpg","itemLevel":200},{"id":179349,"quality":3,"icon":"inv_cape_cloth_oribosdungeon_c_01.jpg","itemLevel":200,"permanentEnchant":6208,"bonusIDs":[7206,6652,1501,5858,6646]},{"id":178713,"quality":3,"icon":"inv_axe_2h_drustvar_b_01.jpg","itemLevel":210,"permanentEnchant":3368,"temporaryEnchant":6198,"bonusIDs":[7205,6652,1501,5868,6646]},{"id":0,"quality":1,"icon":"inv_axe_02.jpg","itemLevel":0},{"id":52252,"quality":4,"icon":"inv_shirt_guildtabard_01.jpg","itemLevel":32}],"auras":[{"source":4,"ability":21562,"stacks":1,"icon":"spell_holy_wordfortitude.jpg","name":"Power Word: Fortitude"},{"source":4,"ability":139,"stacks":1,"icon":"spell_holy_renew.jpg","name":"Renew"},{"source":5,"ability":6673,"stacks":1,"icon":"ability_warrior_battleshout.jpg","name":"Battle Shout"},{"source":16,"ability":308514,"stacks":1,"icon":"spell_misc_food.jpg","name":"Well Fed"},{"source":25,"ability":1459,"stacks":1,"icon":"spell_holy_magicalsentry.jpg","name":"Arcane Intellect"},{"source":4,"ability":41635,"stacks":1,"icon":"spell_holy_prayerofmendingtga.jpg","name":"Prayer of Mending"}],"expansion":"shadowlands","faction":0,"specID":250,"covenantID":2,"soulbindID":8,"strength":1161,"agility":375,"stamina":2907,"intellect":252,"dodge":0,"parry":267,"block":0,"armor":1157,"critMelee":267,"critRanged":267,"critSpell":267,"speed":0,"leech":0,"hasteMelee":451,"hasteRanged":451,"hasteSpell":451,"avoidance":0,"mastery":291,"versatilityDamageDone":639,"versatilityHealingDone":639,"versatilityDamageReduction":639,"talents":[{"id":206931,"icon":"ability_animusdraw.jpg"},{"id":273946,"icon":"ability_deathwing_bloodcorruption_earth.jpg"},{"id":317610,"icon":"ability_deathknight_roilingblood.jpg"},{"id":206967,"icon":"achievement_boss_kelthuzad_01.jpg"},{"id":206970,"icon":"ability_deathknight_aoedeathgrip.jpg"},{"id":195679,"icon":"spell_shadow_soulleech.jpg"},{"id":194844,"icon":"achievement_boss_lordmarrowgar.jpg"}],"pvpTalents":[{"id":0,"icon":"inv_axe_02.jpg"},{"id":199642,"icon":"ability_deathknight_decomposingaura.jpg"},{"id":203173,"icon":"ability_deathknight_deathchain.jpg"},{"id":199720,"icon":"ability_deathknight_necroticaura.jpg"}],"artifact":[{"traitID":1393,"rank":1,"spellID":331576,"icon":"spell_shadow_deathsembrace.jpg"},{"traitID":1395,"rank":1,"spellID":0,"icon":"inv_axe_02.jpg"},{"traitID":1397,"rank":1,"spellID":0,"icon":"inv_axe_02.jpg"},{"traitID":1398,"rank":1,"spellID":331579,"icon":"ability_rogue_dirtydeeds.jpg"},{"traitID":1405,"rank":1,"spellID":0,"icon":"inv_axe_02.jpg"},{"traitID":1406,"rank":1,"spellID":331586,"icon":"ability_rogue_bloodsplatter.jpg"}],"heartOfAzeroth":[{"traitID":126,"rank":184,"spellID":338628,"icon":"ability_revendreth_deathknight.jpg"},{"traitID":70,"rank":200,"spellID":337705,"icon":"spell_deathknight_mindfreeze.jpg"},{"traitID":121,"rank":184,"spellID":338435,"icon":"ability_deathwing_bloodcorruption_death.jpg"}]},{"timestamp":364503,"type":"combatantinfo","pin":"0","sourceID":17,"gear":[{"id":178773,"quality":3,"icon":"inv_plate_oribosdungeon_c_01_helm.jpg","itemLevel":216,"bonusIDs":[7207,6652,7194,1501,5874,6646]},{"id":178827,"quality":3,"icon":"inv_7_0raid_necklace_03a.jpg","itemLevel":207,"bonusIDs":[7203,6652,6935,1501,5865,6646],"gems":[{"id":173130,"itemLevel":120,"icon":"inv_jewelcrafting_90_rarecut_purple.jpg"}]},{"id":178820,"quality":3,"icon":"inv_plate_oribosdungeon_c_01_shoulder.jpg","itemLevel":220,"bonusIDs":[7210,6652,1501,5878,6646]},{"id":89191,"quality":4,"icon":"inv_shirt01_epic.jpg","itemLevel":1},{"id":182999,"quality":4,"icon":"inv_plate_revendrethraid_d_01_chest.jpg","itemLevel":200,"permanentEnchant":6216,"bonusIDs":[7189,6652,1472,6646]},{"id":179326,"quality":3,"icon":"inv_plate_oribosdungeon_c_01_buckle.jpg","itemLevel":187,"bonusIDs":[6808,6652,7193,1501,6646]},{"id":171416,"quality":5,"icon":"inv_pant_plate_mawraid_d_01.jpg","itemLevel":235,"bonusIDs":[6950,6758,6649,6648,1532],"effectID":334888,"effectIcon":"ability_warlock_baneofhavoc.jpg"},{"id":183027,"quality":4,"icon":"inv_plate_revendrethraid_d_01_boot.jpg","itemLevel":200,"permanentEnchant":6207,"bonusIDs":[7189,6652,1472,6646]},{"id":180113,"quality":3,"icon":"inv_plate_oribosdungeon_c_01_bracer.jpg","itemLevel":194,"bonusIDs":[7203,6652,7194,1501,5852,6646]},{"id":180104,"quality":3,"icon":"inv_plate_oribosdungeon_c_01_glove.jpg","itemLevel":200,"bonusIDs":[7207,6652,1501,5858,6646]},{"id":178736,"quality":3,"icon":"inv_argus_ring02.jpg","itemLevel":197,"permanentEnchant":6167,"bonusIDs":[7205,6652,7194,1501,5855,6646]},{"id":178824,"quality":3,"icon":"inv_ring_revendrethraid_01_gold.jpg","itemLevel":216,"permanentEnchant":6167,"bonusIDs":[7207,6652,7193,1501,5874,6646]},{"id":184025,"quality":4,"icon":"sha_spell_fire_bluehellfire_nightmare.jpg","itemLevel":213,"bonusIDs":[7188,41,1485,6646]},{"id":179350,"quality":3,"icon":"inv_trinket_80_titan02a.jpg","itemLevel":200,"bonusIDs":[7207,6652,1501,5858,6646]},{"id":180123,"quality":3,"icon":"inv_cape_mail_oribosdungeon_c_01.jpg","itemLevel":200,"permanentEnchant":6208,"bonusIDs":[7207,6652,1501,5858,6646]},{"id":182415,"quality":4,"icon":"inv_sword_2h_revendreth_d_01.jpg","itemLevel":200,"permanentEnchant":3368,"temporaryEnchant":6200,"bonusIDs":[7189,6652,1498,6646]},{"id":0,"quality":1,"icon":"inv_axe_02.jpg","itemLevel":0},{"id":0,"quality":1,"icon":"inv_axe_02.jpg","itemLevel":0}],"auras":[{"source":5,"ability":6673,"stacks":1,"icon":"ability_warrior_battleshout.jpg","name":"Battle Shout"},{"source":25,"ability":1459,"stacks":1,"icon":"spell_holy_magicalsentry.jpg","name":"Arcane Intellect"},{"source":17,"ability":308506,"stacks":1,"icon":"spell_misc_food.jpg","name":"Well Fed"},{"source":4,"ability":21562,"stacks":1,"icon":"spell_holy_wordfortitude.jpg","name":"Power Word: Fortitude"},{"source":17,"ability":307185,"stacks":1,"icon":"inv_alchemy_90_flask_green.jpg","name":"Spectral Flask of Power"}],"expansion":"shadowlands","faction":0,"specID":252,"covenantID":2,"soulbindID":9,"strength":1285,"agility":374,"stamina":1918,"intellect":257,"dodge":0,"parry":0,"block":0,"armor":1160,"critMelee":227,"critRanged":227,"critSpell":227,"speed":0,"leech":42,"hasteMelee":581,"hasteRanged":581,"hasteSpell":581,"avoidance":0,"mastery":494,"versatilityDamageDone":345,"versatilityHealingDone":345,"versatilityDamageReduction":345,"talents":[{"id":194916,"icon":"ability_fiegndead.jpg"},{"id":115989,"icon":"spell_shadow_contagion.jpg"},{"id":276079,"icon":"spell_deathknight_strangulate.jpg"},{"id":343294,"icon":"ability_deathknight_soulreaper.jpg"},{"id":48743,"icon":"spell_shadow_deathpact.jpg"},{"id":319230,"icon":"spell_shadow_deathsembrace.jpg"},{"id":276837,"icon":"artifactability_unholydeathknight_deathsembrace.jpg"}],"pvpTalents":[{"id":0,"icon":"inv_axe_02.jpg"},{"id":199642,"icon":"ability_deathknight_decomposingaura.jpg"},{"id":199720,"icon":"ability_deathknight_necroticaura.jpg"},{"id":288853,"icon":"achievement_boss_patchwerk.jpg"}],"artifact":[{"traitID":1546,"rank":1,"spellID":336147,"icon":"spell_lifegivingspeed.jpg"},{"traitID":1547,"rank":1,"spellID":0,"icon":"inv_axe_02.jpg"},{"traitID":1548,"rank":1,"spellID":0,"icon":"inv_axe_02.jpg"},{"traitID":1549,"rank":1,"spellID":0,"icon":"inv_axe_02.jpg"},{"traitID":1551,"rank":1,"spellID":336239,"icon":"archaeology_5_0_umbrellaofchiji.jpg"},{"traitID":1559,"rank":1,"spellID":336184,"icon":"achievement_guildperk_bountifulbags.jpg"}],"heartOfAzeroth":[{"traitID":65,"rank":184,"spellID":337381,"icon":"spell_animamaw_groundstate.jpg"},{"traitID":70,"rank":213,"spellID":337705,"icon":"spell_deathknight_mindfreeze.jpg"},{"traitID":74,"rank":184,"spellID":337764,"icon":"spell_deathknight_antimagiczone.jpg"}]},{"timestamp":364503,"type":"combatantinfo","pin":"0","sourceID":1,"gear":[{"id":178817,"quality":3,"icon":"inv_helm_leather_oribosdungeon_c_01.jpg","itemLevel":207,"bonusIDs":[7211,6652,7194,1501,5865,6646]},{"id":178707,"quality":3,"icon":"inv_neck_ardenweald_01_silver.jpg","itemLevel":207,"bonusIDs":[7213,6652,7193,1501,5865,6646]},{"id":181418,"quality":3,"icon":"inv_shoulder_leather_oribosdungeon_c_01.jpg","itemLevel":187,"bonusIDs":[6652,1472,5884,6646]},{"id":89195,"quality":4,"icon":"inv_shirt03_epic.jpg","itemLevel":1},{"id":178795,"quality":3,"icon":"inv_chest_leather_oribosdungeon_c_01.jpg","itemLevel":207,"bonusIDs":[7212,6652,1501,5865,6646]},{"id":178699,"quality":3,"icon":"inv_belt_leather_oribosdungeon_c_01.jpg","itemLevel":200,"bonusIDs":[7208,42,7193,1501,5858,6646]},{"id":172318,"quality":5,"icon":"inv_pant_leather_mawraid_d_01.jpg","itemLevel":225,"bonusIDs":[7046,6649,6650,6718,1522],"effectID":337544,"effectIcon":"ability_demonhunter_concentratedsigils.jpg"},{"id":178731,"quality":3,"icon":"inv_boot_leather_oribosdungeon_c_01.jpg","itemLevel":203,"permanentEnchant":6212,"bonusIDs":[7209,6652,1501,5861,6646]},{"id":178934,"quality":3,"icon":"inv_bracer_leather_oribosdungeon_c_01.jpg","itemLevel":200,"bonusIDs":[7208,6652,7193,1501,5858,6646]},{"id":178832,"quality":3,"icon":"inv_glove_leather_oribosdungeon_c_01.jpg","itemLevel":207,"permanentEnchant":6205,"bonusIDs":[7203,6652,1501,5865,6646]},{"id":179355,"quality":3,"icon":"inv_ring_ardenweald_02_green.jpg","itemLevel":203,"permanentEnchant":6166,"bonusIDs":[7209,6652,7193,1501,5861,6646]},{"id":178871,"quality":3,"icon":"inv_ring_maldraxxus_01_red.jpg","itemLevel":203,"permanentEnchant":6169,"bonusIDs":[7209,6652,7193,1501,5861,6646]},{"id":179356,"quality":3,"icon":"inv_alchemy_83_alchemiststone02.jpg","itemLevel":216,"bonusIDs":[7208,6652,1501,5874,6646]},{"id":178825,"quality":3,"icon":"inv_misc_gem_bloodstone_01.jpg","itemLevel":223,"bonusIDs":[7211,6652,1501,5881,6646]},{"id":183033,"quality":4,"icon":"inv_cape_mail_revendrethraid_d_01.jpg","itemLevel":213,"permanentEnchant":6203,"bonusIDs":[7188,6652,1485,6646]},{"id":178737,"quality":3,"icon":"inv_1h_oribosdungeon_c_01.jpg","itemLevel":200,"bonusIDs":[7208,6652,1501,5858,6646]},{"id":180095,"quality":3,"icon":"inv_axe_1h_oribosdungeon_c_01.jpg","itemLevel":216,"permanentEnchant":6229,"bonusIDs":[7207,6652,1501,5874,6646]},{"id":69210,"quality":4,"icon":"inv_epicguildtabard.jpg","itemLevel":1}],"auras":[{"source":12,"ability":53563,"stacks":1,"icon":"ability_paladin_beaconoflight.jpg","name":"Beacon of Light"},{"source":4,"ability":41635,"stacks":1,"icon":"spell_holy_prayerofmendingtga.jpg","name":"Prayer of Mending"},{"source":6,"ability":33763,"stacks":1,"icon":"inv_misc_herb_felblossom.jpg","name":"Lifebloom"},{"source":13,"ability":34477,"stacks":1,"icon":"ability_hunter_misdirection.jpg","name":"Misdirection"},{"source":4,"ability":139,"stacks":1,"icon":"spell_holy_renew.jpg","name":"Renew"},{"source":5,"ability":6673,"stacks":1,"icon":"ability_warrior_battleshout.jpg","name":"Battle Shout"},{"source":1,"ability":337544,"stacks":1,"icon":"ability_demonhunter_concentratedsigils.jpg"},{"source":4,"ability":21562,"stacks":1,"icon":"spell_holy_wordfortitude.jpg","name":"Power Word: Fortitude"},{"source":25,"ability":1459,"stacks":1,"icon":"spell_holy_magicalsentry.jpg","name":"Arcane Intellect"}],"expansion":"shadowlands","faction":0,"specID":581,"covenantID":1,"soulbindID":7,"strength":370,"agility":1127,"stamina":2975,"intellect":323,"dodge":0,"parry":462,"block":0,"armor":1072,"critMelee":462,"critRanged":462,"critSpell":462,"speed":39,"leech":0,"hasteMelee":533,"hasteRanged":533,"hasteSpell":533,"avoidance":30,"mastery":304,"versatilityDamageDone":298,"versatilityHealingDone":298,"versatilityDamageReduction":298,"talents":[{"id":207550,"icon":"spell_warlock_summonabyssal.jpg"},{"id":227174,"icon":"spell_volatilefiregreen.jpg"},{"id":336639,"icon":"ability_warlock_backdraft.jpg"},{"id":263642,"icon":"ability_creature_felsunder.jpg"},{"id":209281,"icon":"ability_demonhunter_concentratedsigils.jpg"},{"id":321453,"icon":"spell_shadow_demonform.jpg"},{"id":209258,"icon":"inv_glaive_1h_artifactaldorchi_d_06.jpg"}],"pvpTalents":[{"id":0,"icon":"inv_axe_02.jpg"},{"id":205627,"icon":"ability_demonhunter_demonspikes.jpg"},{"id":207029,"icon":"ability_demonhunter_torment.jpg"},{"id":205629,"icon":"inv_misc_monsterclaw_01.jpg"}],"artifact":[{"traitID":1305,"rank":1,"spellID":0,"icon":"inv_axe_02.jpg"},{"traitID":1308,"rank":1,"spellID":328261,"icon":"spell_arcane_focusedpower.jpg"},{"traitID":1310,"rank":1,"spellID":328263,"icon":"inv_misc_bag_14.jpg"},{"traitID":1312,"rank":1,"spellID":0,"icon":"inv_axe_02.jpg"},{"traitID":1315,"rank":1,"spellID":0,"icon":"inv_axe_02.jpg"},{"traitID":1316,"rank":1,"spellID":328266,"icon":"spell_animabastion_buff.jpg"}],"heartOfAzeroth":[{"traitID":187,"rank":200,"spellID":339895,"icon":"ability_mount_goatmountwhite.jpg"},{"traitID":132,"rank":184,"spellID":338793,"icon":"ability_warlock_soulsiphon.jpg"},{"traitID":153,"rank":200,"spellID":339231,"icon":"spell_fel_incinerate.jpg"}]},{"timestamp":364503,"type":"combatantinfo","pin":"0","sourceID":18,"gear":[{"id":178773,"quality":3,"icon":"inv_plate_oribosdungeon_c_01_helm.jpg","itemLevel":200,"bonusIDs":[7206,6652,7193,1501,5858,6646]},{"id":178707,"quality":3,"icon":"inv_neck_ardenweald_01_silver.jpg","itemLevel":220,"bonusIDs":[7210,6652,7193,1501,5878,6646]},{"id":178749,"quality":3,"icon":"inv_plate_oribosdungeon_c_01_shoulder.jpg","itemLevel":207,"bonusIDs":[7211,6652,1501,5865,6646]},{"id":0,"quality":1,"icon":"inv_axe_02.jpg","itemLevel":0},{"id":180099,"quality":3,"icon":"inv_plate_oribosdungeon_c_01_chest.jpg","itemLevel":200,"permanentEnchant":6214,"bonusIDs":[7206,6652,1501,5858,6646]},{"id":179326,"quality":3,"icon":"inv_plate_oribosdungeon_c_01_buckle.jpg","itemLevel":200,"bonusIDs":[7208,6652,7193,1501,5858,6646]},{"id":178701,"quality":3,"icon":"inv_plate_oribosdungeon_c_01_pants.jpg","itemLevel":223,"bonusIDs":[7211,6652,1501,5881,6646]},{"id":183027,"quality":4,"icon":"inv_plate_revendrethraid_d_01_boot.jpg","itemLevel":213,"bonusIDs":[7188,6652,1485,6646]},{"id":180113,"quality":3,"icon":"inv_plate_oribosdungeon_c_01_bracer.jpg","itemLevel":200,"bonusIDs":[7208,6652,7194,1501,5858,6646]},{"id":171414,"quality":5,"icon":"inv_glove_plate_mawraidmythic_d_01.jpg","itemLevel":210,"permanentEnchant":6210,"bonusIDs":[7160,6649,6648,6717,1507],"effectID":341724,"effectIcon":"spell_mage_frostbomb.jpg"},{"id":178872,"quality":3,"icon":"inv_ring_maldraxxus_01_violet.jpg","itemLevel":203,"permanentEnchant":6168,"bonusIDs":[7210,6652,7193,1501,5861,6646]},{"id":178869,"quality":3,"icon":"inv_jewelry_ring_45.jpg","itemLevel":200,"permanentEnchant":6168,"bonusIDs":[7207,6652,7194,1501,5858,6646]},{"id":179350,"quality":3,"icon":"inv_trinket_80_titan02a.jpg","itemLevel":207,"bonusIDs":[7211,42,1501,5865,6646]},{"id":184025,"quality":4,"icon":"sha_spell_fire_bluehellfire_nightmare.jpg","itemLevel":213,"bonusIDs":[7188,6652,1485,6646]},{"id":180123,"quality":3,"icon":"inv_cape_mail_oribosdungeon_c_01.jpg","itemLevel":200,"bonusIDs":[7206,6652,1501,5858,6646]},{"id":179340,"quality":3,"icon":"inv_mace_1h_oribosdungeon_c_02.jpg","itemLevel":216,"permanentEnchant":3370,"temporaryEnchant":6188,"bonusIDs":[7208,6652,1501,5874,6646]},{"id":179340,"quality":3,"icon":"inv_mace_1h_oribosdungeon_c_02.jpg","itemLevel":207,"permanentEnchant":3368,"temporaryEnchant":6188,"bonusIDs":[7203,6652,1501,5865,6646]},{"id":0,"quality":1,"icon":"inv_axe_02.jpg","itemLevel":0}],"auras":[{"source":18,"ability":308506,"stacks":1,"icon":"spell_misc_food.jpg","name":"Well Fed"},{"source":5,"ability":6673,"stacks":1,"icon":"ability_warrior_battleshout.jpg","name":"Battle Shout"},{"source":18,"ability":307185,"stacks":1,"icon":"inv_alchemy_90_flask_green.jpg","name":"Spectral Flask of Power"},{"source":25,"ability":1459,"stacks":1,"icon":"spell_holy_magicalsentry.jpg","name":"Arcane Intellect"},{"source":4,"ability":21562,"stacks":1,"icon":"spell_holy_wordfortitude.jpg","name":"Power Word: Fortitude"},{"source":18,"ability":281209,"stacks":1,"icon":"spell_frost_frozencore.jpg","name":"Cold Heart"},{"source":18,"ability":281208,"stacks":1,"icon":"spell_frost_frozencore.jpg"},{"source":18,"ability":341724,"stacks":1,"icon":"spell_mage_frostbomb.jpg"}],"expansion":"shadowlands","faction":0,"specID":251,"covenantID":4,"soulbindID":5,"strength":1304,"agility":374,"stamina":1878,"intellect":257,"dodge":0,"parry":0,"block":0,"armor":1147,"critMelee":535,"critRanged":535,"critSpell":535,"speed":40,"leech":0,"hasteMelee":273,"hasteRanged":273,"hasteSpell":273,"avoidance":0,"mastery":742,"versatilityDamageDone":93,"versatilityHealingDone":93,"versatilityDamageReduction":93,"talents":[{"id":281208,"icon":"spell_frost_frozencore.jpg"},{"id":207104,"icon":"boss_odunrunes_blue.jpg"},{"id":207167,"icon":"spell_frost_chillingblast.jpg"},{"id":207142,"icon":"spell_frost_icestorm.jpg"},{"id":48743,"icon":"spell_shadow_deathpact.jpg"},{"id":194912,"icon":"spell_frost_ice-shards.jpg"},{"id":152279,"icon":"spell_deathknight_breathofsindragosa.jpg"}],"pvpTalents":[{"id":0,"icon":"inv_axe_02.jpg"},{"id":305392,"icon":"spell_frost_piercing-chill.jpg"},{"id":199719,"icon":"ability_deathknight_heartstopaura.jpg"},{"id":199642,"icon":"ability_deathknight_decomposingaura.jpg"}],"artifact":[{"traitID":1154,"rank":1,"spellID":342156,"icon":"trade_archaeology_vrykul_runestick.jpg"},{"traitID":1156,"rank":1,"spellID":324441,"icon":"item_alchemiststonec.jpg"},{"traitID":1167,"rank":1,"spellID":0,"icon":"inv_axe_02.jpg"},{"traitID":1170,"rank":1,"spellID":0,"icon":"inv_axe_02.jpg"},{"traitID":1767,"rank":1,"spellID":0,"icon":"inv_axe_02.jpg"},{"traitID":1770,"rank":1,"spellID":341650,"icon":"inv_helm_crown_c_01_rose.jpg"}],"heartOfAzeroth":[{"traitID":88,"rank":184,"spellID":337972,"icon":"spell_deathknight_subversion.jpg"},{"traitID":121,"rank":200,"spellID":338435,"icon":"ability_deathwing_bloodcorruption_death.jpg"},{"traitID":70,"rank":213,"spellID":337705,"icon":"spell_deathknight_mindfreeze.jpg"}]},{"timestamp":364503,"type":"combatantinfo","pin":"0","sourceID":25,"gear":[{"id":183021,"quality":4,"icon":"inv_cloth_revendrethraid_d_01_helm.jpg","itemLevel":213,"bonusIDs":[7188,6652,7193,1485,6646]},{"id":183040,"quality":4,"icon":"inv_7_0raid_necklace_03c.jpg","itemLevel":213,"bonusIDs":[7188,6652,7193,1485,6646]},{"id":178696,"quality":3,"icon":"inv_shoulder_cloth_oribosdungeon_c_01.jpg","itemLevel":220,"bonusIDs":[7210,6652,1501,5878,6646]},{"id":0,"quality":1,"icon":"inv_axe_02.jpg","itemLevel":0},{"id":180098,"quality":3,"icon":"inv_robe_cloth_oribosdungeon_c_01.jpg","itemLevel":207,"permanentEnchant":6230,"bonusIDs":[7212,6652,1501,5865,6646]},{"id":184133,"quality":4,"icon":"inv_cloth_revendrethraid_d_01_belt.jpg","itemLevel":207,"bonusIDs":[6652,7194,1492,6646]},{"id":173246,"quality":5,"icon":"inv_cloth_mawraid_d_01_pant.jpg","itemLevel":235,"bonusIDs":[6823,6649,6647,6758,1532],"effectID":327508,"effectIcon":"inv_enchant_shardshadowfrostlarge.jpg"},{"id":180102,"quality":3,"icon":"inv_boot_cloth_oribosdungeon_c_01.jpg","itemLevel":207,"bonusIDs":[7211,6652,1501,5865,6646]},{"id":182996,"quality":4,"icon":"inv_cloth_revendrethraid_d_01_bracer.jpg","itemLevel":213,"permanentEnchant":6220,"bonusIDs":[7188,6652,7194,1485,6646]},{"id":178705,"quality":3,"icon":"inv_glove_cloth_oribosdungeon_c_01.jpg","itemLevel":207,"bonusIDs":[7211,6652,1501,5865,6646]},{"id":178870,"quality":3,"icon":"inv_ring_maldraxxus_02_green.jpg","itemLevel":207,"permanentEnchant":6164,"bonusIDs":[7211,6652,7194,1501,5865,6646]},{"id":178933,"quality":3,"icon":"inv_ring_maldraxxus_02_brown.jpg","itemLevel":223,"permanentEnchant":6164,"bonusIDs":[7211,6652,7193,1501,5881,6646]},{"id":184024,"quality":4,"icon":"inv_scroll_16.jpg","itemLevel":213,"bonusIDs":[7188,6652,1485,6646]},{"id":184028,"quality":4,"icon":"inv_artifact_tome01.jpg","itemLevel":207,"bonusIDs":[7189,6652,1472,6646]},{"id":183034,"quality":4,"icon":"inv_cape_leather_revendrethraid_d_01.jpg","itemLevel":213,"permanentEnchant":6208,"bonusIDs":[7188,6652,1485,6646]},{"id":179339,"quality":3,"icon":"inv_staff_2h_oribosdungeon_c_01.jpg","itemLevel":220,"permanentEnchant":6228,"temporaryEnchant":6188,"bonusIDs":[7210,6652,1501,5878,6646]},{"id":0,"quality":1,"icon":"inv_axe_02.jpg","itemLevel":0},{"id":69209,"quality":3,"icon":"inv_rareguildtabard.jpg","itemLevel":1}],"auras":[{"source":4,"ability":21562,"stacks":1,"icon":"spell_holy_wordfortitude.jpg","name":"Power Word: Fortitude"},{"source":11,"ability":166646,"stacks":1,"icon":"monk_stance_whitetiger.jpg"},{"source":5,"ability":6673,"stacks":1,"icon":"ability_warrior_battleshout.jpg","name":"Battle Shout"},{"source":25,"ability":308488,"stacks":1,"icon":"spell_misc_food.jpg","name":"Well Fed"},{"source":25,"ability":327508,"stacks":1,"icon":"inv_enchant_shardshadowfrostlarge.jpg"},{"source":25,"ability":1459,"stacks":1,"icon":"spell_holy_magicalsentry.jpg","name":"Arcane Intellect"},{"source":25,"ability":278309,"stacks":1,"icon":"spell_frost_frostblast.jpg"},{"source":25,"ability":307185,"stacks":1,"icon":"inv_alchemy_90_flask_green.jpg","name":"Spectral Flask of Power"},{"source":25,"ability":311451,"stacks":1,"icon":"inv_inscription_vantusrune_castlenathria01.jpg"}],"expansion":"shadowlands","faction":0,"specID":64,"covenantID":2,"soulbindID":8,"strength":200,"agility":305,"stamina":1877,"intellect":1717,"dodge":0,"parry":0,"block":0,"armor":343,"critMelee":457,"critRanged":457,"critSpell":457,"speed":0,"leech":0,"hasteMelee":459,"hasteRanged":459,"hasteSpell":459,"avoidance":0,"mastery":458,"versatilityDamageDone":356,"versatilityHealingDone":356,"versatilityDamageReduction":356,"talents":[{"id":205024,"icon":"achievement_dungeon_frozenthrone.jpg"},{"id":212653,"icon":"spell_arcane_massdispel.jpg"},{"id":116011,"icon":"spell_mage_runeofpower.jpg"},{"id":278309,"icon":"spell_frost_frostblast.jpg"},{"id":205036,"icon":"spell_frost_frostward.jpg"},{"id":56377,"icon":"spell_frost_ice-shards.jpg"},{"id":155149,"icon":"spell_mage_thermalvoid.jpg"}],"pvpTalents":[{"id":0,"icon":"inv_axe_02.jpg"},{"id":198120,"icon":"spell_frost_frostarmor.jpg"},{"id":198123,"icon":"inv_misc_frostemblem_01.jpg"},{"id":198062,"icon":"spell_magearmor.jpg"}],"artifact":[{"traitID":1393,"rank":1,"spellID":331576,"icon":"spell_shadow_deathsembrace.jpg"},{"traitID":1395,"rank":1,"spellID":0,"icon":"inv_axe_02.jpg"},{"traitID":1397,"rank":1,"spellID":0,"icon":"inv_axe_02.jpg"},{"traitID":1398,"rank":1,"spellID":331579,"icon":"ability_rogue_dirtydeeds.jpg"},{"traitID":1405,"rank":1,"spellID":0,"icon":"inv_axe_02.jpg"},{"traitID":1406,"rank":1,"spellID":331586,"icon":"ability_rogue_bloodsplatter.jpg"}],"heartOfAzeroth":[{"traitID":20,"rank":200,"spellID":336522,"icon":"spell_frost_coldhearted.jpg"},{"traitID":26,"rank":184,"spellID":336636,"icon":"spell_arcane_blink.jpg"},{"traitID":48,"rank":213,"spellID":337136,"icon":"inv_soulbarrier.jpg"}]},{"timestamp":364503,"type":"combatantinfo","pin":"0","sourceID":5,"gear":[{"id":178812,"quality":3,"icon":"inv_plate_oribosdungeon_c_01_helm.jpg","itemLevel":213,"bonusIDs":[7206,6652,7194,1501,5871,6646]},{"id":183040,"quality":4,"icon":"inv_7_0raid_necklace_03c.jpg","itemLevel":200,"bonusIDs":[6805,6652,7194]},{"id":156271,"quality":4,"icon":"inv_shoulder_104.jpg","itemLevel":200,"bonusIDs":[1808,1637,6646],"gems":[{"id":173127,"itemLevel":120,"icon":"inv_jewelcrafting_90_rarecut_orange.jpg"}]},{"id":0,"quality":1,"icon":"inv_axe_02.jpg","itemLevel":0},{"id":182987,"quality":4,"icon":"inv_plate_revendrethraid_d_01_chest.jpg","itemLevel":213,"permanentEnchant":6214,"bonusIDs":[7188,6652,1485,6646]},{"id":155940,"quality":4,"icon":"inv_belt_34.jpg","itemLevel":200,"bonusIDs":[1637,6646]},{"id":178739,"quality":3,"icon":"inv_plate_oribosdungeon_c_01_pants.jpg","itemLevel":197,"bonusIDs":[7205,40,1501,5855,6646]},{"id":184139,"quality":4,"icon":"inv_plate_revendrethraid_d_01_boot.jpg","itemLevel":207,"bonusIDs":[6652,1492,6646]},{"id":178845,"quality":3,"icon":"inv_plate_oribosdungeon_c_01_bracer.jpg","itemLevel":220,"permanentEnchant":6222,"bonusIDs":[7210,6652,7194,1501,5878,6646]},{"id":156332,"quality":4,"icon":"inv_gauntlets_28.jpg","itemLevel":200,"permanentEnchant":6209,"bonusIDs":[1637,6646]},{"id":183037,"quality":4,"icon":"inv_ring_revendrethraid_02_copper.jpg","itemLevel":200,"permanentEnchant":6164,"bonusIDs":[7189,6652,7194,1472,6646]},{"id":178926,"quality":5,"icon":"inv_jewelcrafting_90_maxlvlring_red.jpg","itemLevel":225,"permanentEnchant":6164,"bonusIDs":[6959,7193,6649,6647,6718,1522],"effectID":335266,"effectIcon":"inv_60crafted_ring4b.jpg"},{"id":178771,"quality":3,"icon":"inv_trinket_maldraxxus_02_green.jpg","itemLevel":200,"bonusIDs":[7207,6652,1501,5858,6646]},{"id":179350,"quality":3,"icon":"inv_trinket_80_titan02a.jpg","itemLevel":184,"bonusIDs":[6807,6652,1498,6646]},{"id":183032,"quality":4,"icon":"inv_plate_revendrethraid_d_01_cape.jpg","itemLevel":207,"permanentEnchant":6204,"bonusIDs":[7189,6652,1472,6646]},{"id":178780,"quality":3,"icon":"inv_1h_oribosdungeon_c_01.jpg","itemLevel":200,"permanentEnchant":6228,"temporaryEnchant":6200,"bonusIDs":[7206,6652,1501,5858,6646]},{"id":0,"quality":1,"icon":"inv_axe_02.jpg","itemLevel":0},{"id":69210,"quality":4,"icon":"inv_epicguildtabard.jpg","itemLevel":1}],"auras":[{"source":5,"ability":308488,"stacks":1,"icon":"spell_misc_food.jpg","name":"Well Fed"},{"source":5,"ability":307185,"stacks":1,"icon":"inv_alchemy_90_flask_green.jpg","name":"Spectral Flask of Power"},{"source":4,"ability":21562,"stacks":1,"icon":"spell_holy_wordfortitude.jpg","name":"Power Word: Fortitude"},{"source":25,"ability":1459,"stacks":1,"icon":"spell_holy_magicalsentry.jpg","name":"Arcane Intellect"},{"source":11,"ability":166646,"stacks":1,"icon":"monk_stance_whitetiger.jpg"},{"source":5,"ability":6673,"stacks":1,"icon":"ability_warrior_battleshout.jpg","name":"Battle Shout"}],"expansion":"shadowlands","faction":0,"specID":71,"covenantID":2,"soulbindID":8,"strength":1272,"agility":307,"stamina":1680,"intellect":320,"dodge":0,"parry":0,"block":0,"armor":1144,"critMelee":500,"critRanged":500,"critSpell":500,"speed":0,"leech":30,"hasteMelee":614,"hasteRanged":614,"hasteSpell":614,"avoidance":51,"mastery":340,"versatilityDamageDone":203,"versatilityHealingDone":203,"versatilityDamageReduction":203,"talents":[{"id":260643,"icon":"inv_skullsplitter.jpg"},{"id":103827,"icon":"inv_misc_horn_04.jpg"},{"id":281001,"icon":"inv_sword_48.jpg"},{"id":202163,"icon":"ability_heroicleap.jpg"},{"id":262161,"icon":"inv_warbreaker.jpg"},{"id":107574,"icon":"warrior_talent_icon_avatar.jpg"},{"id":262150,"icon":"inv_sword_05.jpg"}],"pvpTalents":[{"id":0,"icon":"inv_axe_02.jpg"},{"id":198807,"icon":"ability_meleedamage.jpg"},{"id":236308,"icon":"ability_warrior_bladestorm.jpg"},{"id":236077,"icon":"ability_warrior_disarm.jpg"}],"artifact":[{"traitID":1393,"rank":1,"spellID":331576,"icon":"spell_shadow_deathsembrace.jpg"},{"traitID":1395,"rank":1,"spellID":0,"icon":"inv_axe_02.jpg"},{"traitID":1397,"rank":1,"spellID":0,"icon":"inv_axe_02.jpg"},{"traitID":1398,"rank":1,"spellID":331579,"icon":"ability_rogue_dirtydeeds.jpg"},{"traitID":1406,"rank":1,"spellID":331586,"icon":"ability_rogue_bloodsplatter.jpg"}],"heartOfAzeroth":[{"traitID":12,"rank":200,"spellID":335242,"icon":"inv_mace_1h_draenorraid_d_04yellow.jpg"},{"traitID":8,"rank":184,"spellID":335034,"icon":"ability_toughness.jpg"}]},{"timestamp":364503,"type":"combatantinfo","pin":"0","sourceID":26,"gear":[{"id":178692,"quality":3,"icon":"inv_helm_drustmask_d_01.jpg","itemLevel":210,"bonusIDs":[7204,6652,7193,1501,5868,6646]},{"id":178707,"quality":3,"icon":"inv_neck_ardenweald_01_silver.jpg","itemLevel":220,"bonusIDs":[7209,6652,7193,1501,5878,6646]},{"id":178695,"quality":3,"icon":"inv_shoulder_mail_oribosdungeon_c_01.jpg","itemLevel":203,"bonusIDs":[7209,42,1501,5861,6646]},{"id":0,"quality":1,"icon":"inv_axe_02.jpg","itemLevel":0},{"id":178815,"quality":3,"icon":"inv_chest_mail_oribosdungeon_c_01.jpg","itemLevel":200,"permanentEnchant":6230,"bonusIDs":[7208,6652,1501,5858,6646]},{"id":184125,"quality":4,"icon":"inv_belt_mail_revendrethraid_d_01.jpg","itemLevel":207,"bonusIDs":[6652,7193,1492,6646]},{"id":183012,"quality":4,"icon":"inv_pant_mail_revendrethraid_d_01.jpg","itemLevel":200,"bonusIDs":[6805,6652]},{"id":178830,"quality":3,"icon":"inv_boot_mail_oribosdungeon_c_01.jpg","itemLevel":200,"permanentEnchant":6211,"bonusIDs":[7206,6652,1501,5858,6646]},{"id":178703,"quality":3,"icon":"inv_bracer_mail_oribosdungeon_c_01.jpg","itemLevel":200,"bonusIDs":[7208,6652,7193,1501,5858,6646]},{"id":178841,"quality":3,"icon":"inv_glove_mail_oribosdungeon_c_01.jpg","itemLevel":200,"bonusIDs":[7206,6652,1501,5858,6646]},{"id":178926,"quality":5,"icon":"inv_jewelcrafting_90_maxlvlring_red.jpg","itemLevel":235,"permanentEnchant":6164,"bonusIDs":[7013,7193,6647,6648,6758,1532],"effectID":336870,"effectIcon":"inv_spear_07.jpg"},{"id":178848,"quality":3,"icon":"inv_70_raid_ring5b.jpg","itemLevel":203,"permanentEnchant":6164,"bonusIDs":[7209,6652,7193,1501,5861,6646]},{"id":179356,"quality":3,"icon":"inv_alchemy_83_alchemiststone02.jpg","itemLevel":203,"bonusIDs":[7209,6652,1501,5861,6646]},{"id":178715,"quality":3,"icon":"inv_misc_primitive_toy03.jpg","itemLevel":203,"bonusIDs":[7210,6652,6923,1501,5861,6646]},{"id":178851,"quality":3,"icon":"inv_plate_oribosdungeon_c_01_cape.jpg","itemLevel":220,"permanentEnchant":6204,"bonusIDs":[7210,6652,1501,5878,6646]},{"id":155938,"quality":4,"icon":"inv_weapon_rifle_31.jpg","itemLevel":200,"permanentEnchant":6196,"temporaryEnchant":6188,"bonusIDs":[1637,6646]},{"id":0,"quality":1,"icon":"inv_axe_02.jpg","itemLevel":0},{"id":0,"quality":1,"icon":"inv_axe_02.jpg","itemLevel":0}],"auras":[{"source":4,"ability":21562,"stacks":1,"icon":"spell_holy_wordfortitude.jpg","name":"Power Word: Fortitude"},{"source":26,"ability":308434,"stacks":1,"icon":"spell_misc_food.jpg","name":"Well Fed"},{"source":11,"ability":166646,"stacks":1,"icon":"monk_stance_whitetiger.jpg"},{"source":25,"ability":1459,"stacks":1,"icon":"spell_holy_magicalsentry.jpg","name":"Arcane Intellect"},{"source":26,"ability":307185,"stacks":1,"icon":"inv_alchemy_90_flask_green.jpg","name":"Spectral Flask of Power"},{"source":5,"ability":6673,"stacks":1,"icon":"ability_warrior_battleshout.jpg","name":"Battle Shout"},{"source":26,"ability":155228,"stacks":1,"icon":"spell_hunter_lonewolf.jpg"}],"expansion":"shadowlands","faction":0,"specID":254,"covenantID":3,"soulbindID":1,"strength":271,"agility":1290,"stamina":1719,"intellect":389,"dodge":0,"parry":0,"block":0,"armor":760,"critMelee":698,"critRanged":698,"critSpell":698,"speed":40,"leech":30,"hasteMelee":231,"hasteRanged":231,"hasteSpell":231,"avoidance":0,"mastery":650,"versatilityDamageDone":101,"versatilityHealingDone":101,"versatilityDamageReduction":101,"talents":[{"id":260309,"icon":"ability_hunter_mastermarksman.jpg"},{"id":260228,"icon":"ability_hunter_zenarchery.jpg"},{"id":270581,"icon":"ability_hunter_onewithnature.jpg"},{"id":193533,"icon":"ability_hunter_improvedsteadyshot.jpg"},{"id":109215,"icon":"ability_hunter_posthaste.jpg"},{"id":260402,"icon":"ability_hunter_crossfire.jpg"},{"id":194595,"icon":"ability_hunter_lockandload.jpg"}],"pvpTalents":[{"id":0,"icon":"inv_axe_02.jpg"},{"id":248443,"icon":"ability_hunter_runningshot.jpg"},{"id":202746,"icon":"ability_rogue_feigndeath.jpg"},{"id":203129,"icon":"ability_trueshot.jpg"}],"artifact":[{"traitID":844,"rank":1,"spellID":320668,"icon":"inv_misc_bag_27.jpg"},{"traitID":850,"rank":1,"spellID":0,"icon":"inv_axe_02.jpg"},{"traitID":863,"rank":1,"spellID":342270,"icon":"ability_racial_runningwild.jpg"},{"traitID":864,"rank":1,"spellID":322721,"icon":"ability_druid_manatree.jpg"},{"traitID":995,"rank":1,"spellID":0,"icon":"inv_axe_02.jpg"},{"traitID":1010,"rank":1,"spellID":0,"icon":"inv_axe_02.jpg"}],"heartOfAzeroth":[{"traitID":140,"rank":171,"spellID":339109,"icon":"inv_archaeology_70_spiritofechero.jpg"},{"traitID":157,"rank":200,"spellID":339264,"icon":"ability_argus_soulbombdebuffsmall.jpg"},{"traitID":175,"rank":184,"spellID":339495,"icon":"inv_trickshot.jpg"}]}]