{"fights":[{"id":1,"boss":0,"originalBoss":2405,"start_time":0,"end_time":9428,"name":"Artificer Xy'mox","zoneID":2296,"zoneName":"Castle Nathria","zoneDifficulty":4},{"id":2,"boss":2405,"start_time":364503,"end_time":732341,"name":"Artificer Xy'mox","zoneID":2296,"zoneName":"Castle Nathria","zoneDifficulty":4,"size":19,"difficulty":4,"kill":false,"partial":3,"bossPercentage":578,"fightPercentage":578,"lastPhaseForPercentageDisplay":3,"maps":[1745]},{"id":3,"boss":2405,"start_time":894422,"end_time":1235680,"name":"Artificer Xy'mox","zoneID":2296,"zoneName":"Castle Nathria","zoneDifficulty":4,"size":19,"difficulty":4,"kill":false,"partial":3,"bossPercentage":407,"fightPercentage":407,"lastPhaseForPercentageDisplay":3,"maps":[1745]},{"id":4,"boss":2405,"start_time":1371283,"end_time":1645847,"name":"Artificer Xy'mox","zoneID":2296,"zoneName":"Castle Nathria","zoneDifficulty":4,"size":19,"difficulty":4,"kill":false,"partial":3,"bossPercentage":2910,"fightPercentage":2910,"lastPhaseForPercentageDisplay":3,"maps":[1745]}],"lang":"en","friendlies":[{"name":"Zdamati","id":15,"guid":176312310,"type":"Paladin","server":"TwistingNether","icon":"Paladin-Retribution","fights":[{"id":1},{"id":2},{"id":3},{"id":4}]},{"name":"Lynnaerea","id":14,"guid":168665564,"type":"Hunter","server":"TwistingNether","icon":"Hunter-Marksmanship","fights":[{"id":1},{"id":2},{"id":3},{"id":4}]},{"name":"Kind","id":6,"guid":115851028,"type":"Druid","server":"TwistingNether","icon":"Druid-Restoration","fights":[{"id":1},{"id":2},{"id":3},{"id":4}]},{"name":"Skywarnes","id":11,"guid":176196761,"type":"Monk","server":"TwistingNether","icon":"Monk-Windwalker","fights":[{"id":1},{"id":2},{"id":3},{"id":4}]},{"name":"Dàrdacry","id":16,"guid":176578637,"type":"DeathKnight","server":"Dalaran","icon":"DeathKnight-Blood","fights":[{"id":1},{"id":2},{"id":3},{"id":4}]},{"name":"Seed of Extinction","id":52,"guid":169219,"type":"NPC","icon":"custom-icon-ability_ardenweald_mage","fights":[{"id":2,"instances":8,"groups":4},{"id":3,"instances":8,"groups":4},{"id":4,"instances":8,"groups":4}]},{"name":"Smuffÿ","id":13,"guid":160659486,"type":"Hunter","server":"TwistingNether","icon":"Hunter-Marksmanship","fights":[{"id":1},{"id":2},{"id":3},{"id":4}]},{"name":"Victorib","id":12,"guid":174776983,"type":"Paladin","server":"TwistingNether","icon":"Paladin-Holy","fights":[{"id":1},{"id":2},{"id":3},{"id":4}]},{"name":"Luthani","id":4,"guid":97667622,"type":"Priest","server":"TarrenMill","icon":"Priest-Holy","fights":[{"id":1},{"id":2},{"id":3},{"id":4}]},{"name":"Zuzzel","id":9,"guid":177557433,"type":"Druid","server":"TwistingNether","icon":"Druid-Balance","fights":[{"id":1},{"id":2},{"id":3},{"id":4}]},{"name":"Deathplg","id":1,"guid":162410242,"type":"DemonHunter","server":"TwistingNether","icon":"DemonHunter-Vengeance","fights":[{"id":1},{"id":2},{"id":3},{"id":4}]},{"name":"Khaast","id":25,"guid":169375011,"type":"Mage","server":"TarrenMill","icon":"Mage-Frost","fights":[{"id":2},{"id":3},{"id":4}]},{"name":"Crestosu","id":5,"guid":174898386,"type":"Warrior","server":"TwistingNether","icon":"Warrior-Arms","fights":[{"id":2},{"id":3},{"id":4}]},{"name":"Unholyboners","id":7,"guid":174761769,"type":"DeathKnight","server":"TwistingNether","icon":"DeathKnight-Unholy","fights":[{"id":1},{"id":2},{"id":3},{"id":4}]},{"name":"Cretzu","id":26,"guid":174943947,"type":"Hunter","server":"TwistingNether","icon":"Hunter-Marksmanship","fights":[{"id":2},{"id":3},{"id":4}]},{"name":"Tillpain","id":18,"guid":175195936,"type":"DeathKnight","server":"TwistingNether","icon":"DeathKnight-Frost","fights":[{"id":1},{"id":2},{"id":3},{"id":4}]},{"name":"Lindoceli","id":8,"guid":176331779,"type":"Hunter","server":"TwistingNether","icon":"Hunter-Marksmanship","fights":[{"id":1},{"id":2},{"id":3},{"id":4}]},{"name":"Khaalidaa","id":17,"guid":151834967,"type":"DeathKnight","server":"TwistingNether","icon":"DeathKnight-Unholy","fights":[{"id":1},{"id":2},{"id":3},{"id":4}]},{"name":"Orriion","id":10,"guid":176793256,"type":"Druid","server":"TwistingNether","icon":"Druid-Restoration","fights":[{"id":1},{"id":2},{"id":3},{"id":4}]},{"name":"Noctls","id":3,"guid":168365682,"type":"Priest","server":"TwistingNether","icon":"Priest-Shadow","fights":[{"id":1},{"id":2},{"id":3},{"id":4}]}],"enemies":[{"name":"Artificer Xy'mox","id":2,"guid":166644,"type":"Boss","icon":"custom-icon-ability_shootwand","fights":[{"id":1,"instances":1},{"id":2,"instances":1},{"id":3,"instances":1},{"id":4,"instances":1}]},{"name":"Stasis Trap","id":55,"guid":167691,"type":"NPC","icon":"NPC","fights":[{"id":2,"instances":3,"groups":2},{"id":3,"instances":4,"groups":3},{"id":4,"instances":2,"groups":2}]},{"name":"Edge of Annihilation","id":56,"guid":169062,"type":"NPC","icon":"custom-icon-spell_animamaw_orb","fights":[{"id":2,"instances":1},{"id":3,"instances":1},{"id":4,"instances":1}]},{"name":"Root of Extinction","id":51,"guid":169267,"type":"NPC","icon":"custom-icon-ability_ardenweald_mage","fights":[{"id":2,"instances":1},{"id":3,"instances":1},{"id":4,"instances":1}]},{"name":"Rift Blast Portal","id":45,"guid":169271,"type":"NPC","icon":"custom-icon-spell_animabastion_beam","fights":[{"id":2,"instances":45,"groups":9},{"id":3,"instances":40,"groups":8},{"id":4,"instances":35,"groups":7}]},{"name":"Crystal of Phantasms","id":48,"guid":168512,"type":"NPC","icon":"custom-icon-spell_necro_deathrift","fights":[{"id":2,"instances":1,"groups":4},{"id":3,"instances":1,"groups":3},{"id":4,"instances":1,"groups":4}]}],"friendlyPets":[{"name":"Army of the Dead","id":31,"guid":24207,"type":"Pet","icon":"abilities/artifactability_unholydeathknight_deathsembrace","petOwner":7,"fights":[{"id":2,"instances":40},{"id":3,"instances":40},{"id":4,"instances":36}]},{"name":"Risen Skulker","id":21,"guid":99541,"type":"Pet","icon":"abilities/spell_shadow_animatedead","petOwner":17,"fights":[{"id":1,"instances":1},{"id":2,"instances":1},{"id":3,"instances":2},{"id":4,"instances":2}]},{"name":"Tombchomp","id":22,"guid":47354856,"type":"Pet","icon":"custom-icon-spell_deathknight_thrash_ghoul","petOwner":7,"fights":[{"id":1,"instances":1},{"id":2,"instances":1},{"id":3,"instances":1},{"id":4,"instances":1}]},{"name":"Bloodworm","id":47,"guid":99773,"type":"Pet","icon":"abilities/spell_shadow_soulleech","petOwner":16,"fights":[{"id":2,"instances":23},{"id":3,"instances":24},{"id":4,"instances":26}]},{"name":"Rune Weapon","id":53,"guid":27893,"type":"Pet","icon":"abilities/inv_sword_07","petOwner":16,"fights":[{"id":2,"instances":2},{"id":3,"instances":1},{"id":4,"instances":1}]},{"name":"Mirror Image","id":62,"guid":31216,"type":"Pet","icon":"abilities/spell_magic_managain","petOwner":25,"fights":[{"id":4,"instances":3}]},{"name":"Regenerating Wildseed","id":54,"guid":164589,"type":"Pet","icon":"Pet","petOwner":6,"fights":[{"id":2,"instances":1}]},{"name":"Shadowfiend","id":43,"guid":67235,"type":"Pet","icon":"abilities/spell_shadow_shadowfiend","petOwner":3,"fights":[{"id":2,"instances":2},{"id":3,"instances":2},{"id":4,"instances":1}]},{"name":"Efflorescence","id":24,"guid":47649,"type":"Pet","icon":"abilities/inv_misc_herb_talandrasrose","petOwner":6,"fights":[{"id":2,"instances":8},{"id":3,"instances":7},{"id":4,"instances":4}]},{"name":"Fenryr","id":57,"guid":47350136,"type":"Pet","icon":"abilities/ability_hunter_beastcall","petOwner":14,"fights":[{"id":2,"instances":1},{"id":3,"instances":1}]},{"name":"Frothing Pustule","id":41,"guid":175519,"type":"Pet","icon":"custom-icon-ability_creature_poison_02","petOwner":13,"fights":[{"id":2,"instances":10},{"id":3,"instances":11},{"id":4,"instances":16}]},{"name":"Cat","id":61,"guid":47686972,"type":"Pet","icon":"abilities/ability_hunter_beastcall","petOwner":8,"fights":[{"id":3,"instances":1}]},{"name":"Shadowgrasp Totem","id":38,"guid":170190,"type":"Pet","icon":"abilities/inv_alchemy_83_alchemiststone02","petOwner":1,"fights":[{"id":2,"instances":3},{"id":3,"instances":3},{"id":4,"instances":3}]},{"name":"Risen Ghoul","id":46,"guid":26125,"type":"Pet","icon":"abilities/inv_pet_ghoul","petOwner":16,"fights":[{"id":2,"instances":3},{"id":3,"instances":3},{"id":4,"instances":2}]},{"name":"Risen Ghoul","id":44,"guid":26125,"type":"Pet","icon":"abilities/inv_pet_ghoul","petOwner":18,"fights":[{"id":2,"instances":3},{"id":3,"instances":3},{"id":4,"instances":2}]},{"name":"Army of the Dead","id":33,"guid":24207,"type":"Pet","icon":"abilities/artifactability_unholydeathknight_deathsembrace","petOwner":17,"fights":[{"id":2,"instances":36},{"id":3,"instances":36},{"id":4,"instances":35}]},{"name":"Magus of the Dead","id":29,"guid":163366,"type":"Pet","icon":"abilities/artifactability_unholydeathknight_deathsembrace","petOwner":7,"fights":[{"id":2,"instances":8},{"id":3,"instances":8},{"id":4,"instances":7}]},{"name":"Earth Spirit","id":35,"guid":69792,"type":"Pet","icon":"abilities/inv_elemental_primal_earth","petOwner":11,"fights":[{"id":2,"instances":5},{"id":3,"instances":4},{"id":4,"instances":4}]},{"name":"Risen Skulker","id":23,"guid":99541,"type":"Pet","icon":"abilities/spell_shadow_animatedead","petOwner":7,"fights":[{"id":1,"instances":2},{"id":2,"instances":1},{"id":3,"instances":1},{"id":4,"instances":1}]},{"name":"Efflorescence","id":30,"guid":47649,"type":"Pet","icon":"abilities/inv_misc_herb_talandrasrose","petOwner":10,"fights":[{"id":2,"instances":4},{"id":3,"instances":2},{"id":4,"instances":3}]},{"name":"Void Tendril","id":50,"guid":98167,"type":"Pet","icon":"abilities/spell_shadow_skull","petOwner":3,"fights":[{"id":2,"instances":4},{"id":3,"instances":6},{"id":4,"instances":1}]},{"name":"Casketdrinker","id":20,"guid":37202143,"type":"Pet","icon":"custom-icon-spell_deathknight_thrash_ghoul","petOwner":17,"fights":[{"id":1,"instances":1},{"id":2,"instances":1},{"id":3,"instances":1},{"id":4,"instances":1}]},{"name":"Xuen","id":42,"guid":63508,"type":"Pet","icon":"abilities/ability_monk_summontigerstatue","petOwner":11,"fights":[{"id":2,"instances":3},{"id":3,"instances":3},{"id":4,"instances":2}]},{"name":"Fire Spirit","id":37,"guid":69791,"type":"Pet","icon":"abilities/inv_summerfest_firespirit","petOwner":11,"fights":[{"id":2,"instances":5},{"id":3,"instances":4},{"id":4,"instances":4}]},{"name":"Magus of the Dead","id":32,"guid":163366,"type":"Pet","icon":"abilities/artifactability_unholydeathknight_deathsembrace","petOwner":17,"fights":[{"id":2,"instances":7},{"id":3,"instances":7},{"id":4,"instances":7}]}],"enemyPets":[],"phases":[{"boss":2405,"phases":["Crystal of Phantasms","Root of Extinction","Edge of Annihilation"]}],"logVersion":16,"gameVersion":1,"title":"Castle Nathria","owner":"Cry0nicS","start":1610215774428,"end":1610217420275,"zone":26,"exportedCharacters":[]}