{"fights":[{"id":1,"start_time":525885,"end_time":613933,"boss":2329,"name":"Wrathion","size":30,"difficulty":4,"kill":true,"partial":3,"bossPercentage":0,"fightPercentage":0,"lastPhaseForPercentageDisplay":1,"maps":[1580]},{"id":2,"start_time":617392,"end_time":617737,"boss":0,"name":"Unknown"},{"id":3,"start_time":651695,"end_time":748786,"boss":0,"name":"Anubisath Sentinel"},{"id":4,"start_time":796600,"end_time":828430,"boss":0,"name":"Unknown"},{"id":5,"start_time":1042632,"end_time":1153531,"boss":2334,"name":"Prophet Skitra","size":30,"difficulty":4,"kill":true,"partial":3,"bossPercentage":0,"fightPercentage":0,"lastPhaseForPercentageDisplay":0,"maps":[1581]},{"id":6,"start_time":1158303,"end_time":1161867,"boss":0,"name":"Unknown"},{"id":7,"start_time":1214774,"end_time":1268527,"boss":0,"name":"Monstrous Behemoth"},{"id":8,"start_time":1280823,"end_time":1319692,"boss":0,"name":"Maddened Conscript"},{"id":9,"start_time":1332533,"end_time":1357931,"boss":0,"name":"Ossirat"},{"id":10,"start_time":1379449,"end_time":1456244,"boss":0,"name":"Aqir Shadowcrafter"},{"id":11,"start_time":1469305,"end_time":1478066,"boss":0,"originalBoss":2327,"name":"Maut"},{"id":12,"start_time":1528946,"end_time":1616711,"boss":2327,"name":"Maut","size":30,"difficulty":4,"kill":true,"partial":3,"bossPercentage":0,"fightPercentage":0,"lastPhaseForPercentageDisplay":1,"maps":[1581]},{"id":13,"start_time":1711984,"end_time":1740037,"boss":0,"name":"Gryth'ax the Executioner"},{"id":14,"start_time":1769165,"end_time":2100255,"boss":0,"name":"Jesh'ra"},{"id":15,"start_time":2113371,"end_time":2118741,"boss":0,"originalBoss":2328,"name":"Dark Inquisitor Xanesh"},{"id":16,"start_time":2185299,"end_time":2341669,"boss":2328,"name":"Dark Inquisitor Xanesh","size":30,"difficulty":4,"kill":true,"partial":3,"bossPercentage":0,"fightPercentage":0,"lastPhaseForPercentageDisplay":0,"maps":[1592]},{"id":17,"start_time":2344862,"end_time":2344862,"boss":0,"name":"Unknown"},{"id":18,"start_time":2395357,"end_time":2511092,"boss":0,"name":"Vexiona"},{"id":19,"start_time":2573737,"end_time":2697554,"boss":2336,"name":"Vexiona","size":30,"difficulty":4,"kill":true,"partial":3,"bossPercentage":0,"fightPercentage":0,"lastPhaseForPercentageDisplay":1,"maps":[1593]},{"id":20,"start_time":2700940,"end_time":2703961,"boss":0,"name":"Unknown"},{"id":21,"start_time":2735363,"end_time":2852513,"boss":0,"name":"Deresh of the Nothingness"},{"id":22,"start_time":2863553,"end_time":2905172,"boss":0,"name":"Aqir Crusher"},{"id":23,"start_time":2908819,"end_time":2913502,"boss":0,"originalBoss":2333,"name":"The Hivemind"},{"id":24,"start_time":2953162,"end_time":3070892,"boss":2333,"name":"The Hivemind","size":30,"difficulty":4,"kill":true,"partial":3,"bossPercentage":0,"fightPercentage":0,"lastPhaseForPercentageDisplay":0,"maps":[1590]},{"id":25,"start_time":3111502,"end_time":3207901,"boss":0,"name":"Abyssal Watcher"},{"id":26,"start_time":3221196,"end_time":3273228,"boss":0,"name":"Abyssal Watcher"},{"id":27,"start_time":3295930,"end_time":3304654,"boss":0,"originalBoss":2331,"name":"Ra-den the Despoiled"},{"id":28,"start_time":3348916,"end_time":3496016,"boss":2331,"name":"Ra-den the Despoiled","size":30,"difficulty":4,"kill":true,"partial":3,"bossPercentage":0,"fightPercentage":0,"lastPhaseForPercentageDisplay":2,"maps":[1591]},{"id":29,"start_time":3548531,"end_time":3774334,"boss":0,"name":"Sanguimar"},{"id":30,"start_time":3862035,"end_time":3997009,"boss":2335,"name":"Shad'har the Insatiable","size":30,"difficulty":4,"kill":true,"partial":3,"bossPercentage":0,"fightPercentage":0,"lastPhaseForPercentageDisplay":3,"maps":[1594]},{"id":31,"start_time":4000508,"end_time":4002554,"boss":0,"name":"Shad'har the Insatiable"},{"id":32,"start_time":4024981,"end_time":4139551,"boss":0,"name":"Drest'agath"},{"id":33,"start_time":4190466,"end_time":4354294,"boss":2343,"name":"Drest'agath","size":30,"difficulty":4,"kill":true,"partial":3,"bossPercentage":0,"fightPercentage":0,"lastPhaseForPercentageDisplay":0,"maps":[1595]},{"id":34,"start_time":4374123,"end_time":4459433,"boss":0,"name":"Corrosive Digester"},{"id":35,"start_time":4514632,"end_time":4710524,"boss":2345,"name":"Il'gynoth, Corruption Reborn","size":30,"difficulty":4,"kill":true,"partial":3,"bossPercentage":14,"fightPercentage":14,"lastPhaseForPercentageDisplay":0,"maps":[1596]},{"id":36,"start_time":4779670,"end_time":4873417,"boss":0,"name":"Monstrous Behemoth"},{"id":37,"start_time":4912394,"end_time":4990333,"boss":0,"name":"Amalgamation of Flesh"},{"id":38,"start_time":5029850,"end_time":5029885,"boss":0,"originalBoss":2337,"name":"Carapace of N'Zoth"},{"id":39,"start_time":5082448,"end_time":5374828,"boss":2337,"name":"Carapace of N'Zoth","size":30,"difficulty":4,"kill":true,"partial":3,"bossPercentage":0,"fightPercentage":0,"lastPhaseForPercentageDisplay":3,"maps":[1597]},{"id":40,"start_time":5469788,"end_time":5923102,"boss":2344,"name":"N'Zoth the Corruptor","size":30,"difficulty":4,"kill":true,"partial":3,"bossPercentage":201,"fightPercentage":201,"lastPhaseForPercentageDisplay":2,"maps":[1597]},{"id":41,"start_time":5926135,"end_time":5932180,"boss":0,"name":"N'Zoth the Corruptor"}],"completeRaids":[{"id":10000,"start_time":525885,"end_time":5923102,"boss":2346,"name":"Ny'alotha","size":30,"difficulty":4,"kill":true,"partial":3,"speedClear":true}],"lang":"en","friendlies":[{"name":"Gutsman","id":6,"guid":134958278,"type":"Mage","server":"Icecrown","icon":"Mage-Fire","fights":[{"id":1},{"id":2},{"id":3},{"id":5},{"id":6},{"id":7},{"id":8},{"id":9},{"id":10},{"id":11},{"id":12},{"id":13},{"id":14},{"id":15},{"id":16},{"id":18},{"id":19},{"id":21},{"id":22},{"id":23},{"id":24},{"id":25},{"id":26},{"id":27},{"id":28},{"id":29},{"id":30},{"id":32},{"id":33},{"id":34},{"id":35},{"id":36},{"id":37},{"id":38},{"id":39},{"id":40},{"id":41}]},{"name":"Thing From Beyond","id":92,"guid":161895,"type":"Pet","icon":"custom-icon-ability_deathwing_assualtaspects","fights":[{"id":16,"instances":43},{"id":19,"instances":20},{"id":28,"instances":12},{"id":30,"instances":32},{"id":33,"instances":22},{"id":40,"instances":77}]},{"name":"Jinarvo","id":29,"guid":169303498,"type":"Warrior","server":"Icecrown","icon":"Warrior-Fury","fights":[{"id":1},{"id":2},{"id":3},{"id":5},{"id":6},{"id":7},{"id":8},{"id":9},{"id":10},{"id":11},{"id":12},{"id":13},{"id":14},{"id":15},{"id":16},{"id":17},{"id":18},{"id":19},{"id":20},{"id":21},{"id":22},{"id":23},{"id":24},{"id":25},{"id":26},{"id":27},{"id":28},{"id":29},{"id":30},{"id":31},{"id":32},{"id":33},{"id":34},{"id":35},{"id":36},{"id":37},{"id":38},{"id":39},{"id":40},{"id":41}]},{"name":"Lupp","id":4,"guid":157008597,"type":"Mage","server":"Icecrown","icon":"Mage-Fire","fights":[{"id":1},{"id":2},{"id":3},{"id":5},{"id":6},{"id":7},{"id":8},{"id":9},{"id":10},{"id":11},{"id":12},{"id":13},{"id":14},{"id":15},{"id":16},{"id":18},{"id":19},{"id":20},{"id":21},{"id":22},{"id":23},{"id":24},{"id":25},{"id":26},{"id":27},{"id":28},{"id":29},{"id":30},{"id":31},{"id":32},{"id":33},{"id":34},{"id":35},{"id":36},{"id":37},{"id":38},{"id":39},{"id":40},{"id":41}]},{"name":"Ryn","id":9,"guid":179180470,"type":"Hunter","server":"Icecrown","icon":"Hunter-BeastMastery","fights":[{"id":1},{"id":2},{"id":3},{"id":5},{"id":6},{"id":7},{"id":8},{"id":9},{"id":10},{"id":11},{"id":12},{"id":13},{"id":14},{"id":15},{"id":16},{"id":17},{"id":18},{"id":19},{"id":20},{"id":21},{"id":22},{"id":23},{"id":24},{"id":25},{"id":26},{"id":27},{"id":28},{"id":29},{"id":30},{"id":31},{"id":32},{"id":33},{"id":34},{"id":35},{"id":36},{"id":37},{"id":38},{"id":39},{"id":40},{"id":41}]},{"name":"Mygiraffe","id":30,"guid":177476831,"type":"Shaman","server":"Icecrown","icon":"Shaman-Enhancement","fights":[{"id":1},{"id":2},{"id":3},{"id":4},{"id":5},{"id":6},{"id":7},{"id":8},{"id":9},{"id":10},{"id":11},{"id":12},{"id":13},{"id":14},{"id":15},{"id":16},{"id":17},{"id":18},{"id":19},{"id":20},{"id":21},{"id":22},{"id":23},{"id":24},{"id":25},{"id":26},{"id":27},{"id":28},{"id":29},{"id":30},{"id":31},{"id":32},{"id":33},{"id":34},{"id":35},{"id":36},{"id":37},{"id":38},{"id":39},{"id":40},{"id":41}]},{"name":"Radalyn","id":33,"guid":181995955,"type":"Warlock","server":"Icecrown","icon":"Warlock","fights":[{"id":1},{"id":2},{"id":3},{"id":5},{"id":6},{"id":7},{"id":8},{"id":9},{"id":10},{"id":11},{"id":12},{"id":13},{"id":14},{"id":15},{"id":16},{"id":18},{"id":19},{"id":20},{"id":21},{"id":22},{"id":23},{"id":24},{"id":25},{"id":26},{"id":27},{"id":28},{"id":29},{"id":30},{"id":31},{"id":32},{"id":33},{"id":34},{"id":35},{"id":36},{"id":37},{"id":38},{"id":39},{"id":40},{"id":41}]},{"name":"Simplify","id":36,"guid":158854521,"type":"Rogue","server":"Icecrown","icon":"Rogue-Assassination","fights":[{"id":1},{"id":2},{"id":3},{"id":5},{"id":6},{"id":7},{"id":8},{"id":9},{"id":10},{"id":11},{"id":12},{"id":13},{"id":14},{"id":15},{"id":16},{"id":17},{"id":18},{"id":19},{"id":20},{"id":21},{"id":22},{"id":23},{"id":24},{"id":25},{"id":26},{"id":27},{"id":28},{"id":29},{"id":30},{"id":31},{"id":32},{"id":33},{"id":34},{"id":35},{"id":36},{"id":37},{"id":38},{"id":39},{"id":40},{"id":41}]},{"name":"Axium","id":42,"guid":148489633,"type":"Mage","server":"AeriePeak","icon":"Mage-Frost","fights":[{"id":1},{"id":2},{"id":3},{"id":5},{"id":7},{"id":8},{"id":9},{"id":10},{"id":11},{"id":12},{"id":13},{"id":14},{"id":15},{"id":16},{"id":18},{"id":19},{"id":20},{"id":21},{"id":22},{"id":23},{"id":24},{"id":25},{"id":26},{"id":27},{"id":28},{"id":29},{"id":30},{"id":31},{"id":32},{"id":33},{"id":34},{"id":35},{"id":36},{"id":37},{"id":38},{"id":39},{"id":40},{"id":41}]},{"name":"Luckster","id":17,"guid":172075552,"type":"Hunter","server":"Icecrown","icon":"Hunter-BeastMastery","fights":[{"id":1},{"id":2},{"id":5},{"id":6},{"id":7},{"id":8},{"id":9},{"id":10},{"id":11},{"id":12},{"id":13},{"id":14},{"id":15},{"id":16},{"id":17},{"id":18},{"id":19},{"id":20},{"id":21},{"id":22},{"id":23},{"id":24},{"id":25},{"id":26},{"id":27},{"id":28},{"id":29},{"id":30},{"id":31},{"id":32},{"id":33},{"id":34},{"id":35},{"id":36},{"id":37},{"id":38},{"id":39},{"id":40},{"id":41}]},{"name":"Chickenism","id":18,"guid":166073329,"type":"Druid","server":"Icecrown","icon":"Druid-Balance","fights":[{"id":1},{"id":2},{"id":3},{"id":4},{"id":5},{"id":6},{"id":7},{"id":8},{"id":9},{"id":10},{"id":11},{"id":12},{"id":13},{"id":14},{"id":15},{"id":16},{"id":17},{"id":18},{"id":19},{"id":20},{"id":21},{"id":22},{"id":23},{"id":24},{"id":25},{"id":26},{"id":27},{"id":28},{"id":29},{"id":30},{"id":31},{"id":32},{"id":33},{"id":34},{"id":35},{"id":36},{"id":37},{"id":38},{"id":39},{"id":40},{"id":41}]},{"name":"Ryeshot","id":19,"guid":148868253,"type":"Priest","server":"Icecrown","icon":"Priest-Shadow","fights":[{"id":1},{"id":2},{"id":3},{"id":5},{"id":6},{"id":7},{"id":8},{"id":9},{"id":10},{"id":11},{"id":12},{"id":13},{"id":16},{"id":17},{"id":19},{"id":20},{"id":21},{"id":22},{"id":23},{"id":24},{"id":25},{"id":26},{"id":27},{"id":28},{"id":29},{"id":30},{"id":31},{"id":32},{"id":33},{"id":34},{"id":35},{"id":36},{"id":37},{"id":38},{"id":39},{"id":40},{"id":41}]},{"name":"Bloodkungfui","id":41,"guid":213089227,"type":"Monk","server":"Stormrage","icon":"Monk-Windwalker","fights":[{"id":1},{"id":2},{"id":5},{"id":6},{"id":7},{"id":8},{"id":9},{"id":10},{"id":11},{"id":12},{"id":13},{"id":14},{"id":15},{"id":16},{"id":17},{"id":18},{"id":19},{"id":20},{"id":21},{"id":22},{"id":23},{"id":24},{"id":25},{"id":26},{"id":27},{"id":28},{"id":29},{"id":30},{"id":31},{"id":32},{"id":33},{"id":35},{"id":36},{"id":37},{"id":38},{"id":39},{"id":40},{"id":41}]},{"name":"Finesthour","id":24,"guid":139372375,"type":"DeathKnight","server":"Icecrown","icon":"DeathKnight-Unholy","fights":[{"id":1},{"id":3},{"id":5},{"id":6},{"id":7},{"id":8},{"id":9},{"id":10},{"id":11},{"id":12},{"id":13},{"id":14},{"id":15},{"id":16},{"id":18},{"id":19},{"id":20},{"id":21},{"id":22},{"id":23},{"id":24},{"id":25},{"id":26},{"id":27},{"id":28},{"id":29},{"id":30},{"id":31},{"id":32},{"id":33},{"id":34},{"id":35},{"id":36},{"id":37},{"id":38},{"id":39},{"id":40},{"id":41}]},{"name":"Brënt","id":38,"guid":213390722,"type":"Paladin","server":"Stormrage","icon":"Paladin-Holy","fights":[{"id":1},{"id":2},{"id":3},{"id":4},{"id":5},{"id":6},{"id":7},{"id":8},{"id":9},{"id":10},{"id":11},{"id":12},{"id":13},{"id":14},{"id":15},{"id":16},{"id":17},{"id":18},{"id":19},{"id":20},{"id":21},{"id":22},{"id":23},{"id":24},{"id":25},{"id":26},{"id":27},{"id":28},{"id":29},{"id":30},{"id":31},{"id":32},{"id":33},{"id":34},{"id":35},{"id":36},{"id":37},{"id":38},{"id":39},{"id":40}]},{"name":"Npdpal","id":1,"guid":179080526,"type":"Paladin","server":"Icecrown","icon":"Paladin-Holy","fights":[{"id":1},{"id":2},{"id":3},{"id":4},{"id":5},{"id":6},{"id":7},{"id":8},{"id":9},{"id":10},{"id":11},{"id":12},{"id":13},{"id":14},{"id":15},{"id":16},{"id":18},{"id":19},{"id":20},{"id":21},{"id":22},{"id":23},{"id":24},{"id":25},{"id":26},{"id":27},{"id":28},{"id":29},{"id":30},{"id":31},{"id":32},{"id":33},{"id":34},{"id":35},{"id":36},{"id":37},{"id":38},{"id":39},{"id":40},{"id":41}]},{"name":"Pudders","id":5,"guid":133613084,"type":"Druid","server":"Icecrown","icon":"Druid-Feral","fights":[{"id":1},{"id":2},{"id":3},{"id":5},{"id":6},{"id":7},{"id":8},{"id":9},{"id":10},{"id":11},{"id":12},{"id":13},{"id":14},{"id":15},{"id":16},{"id":17},{"id":18},{"id":19},{"id":20},{"id":21},{"id":22},{"id":23},{"id":24},{"id":25},{"id":26},{"id":27},{"id":28},{"id":29},{"id":30},{"id":31},{"id":32},{"id":33},{"id":34},{"id":35},{"id":36},{"id":37},{"id":38},{"id":39},{"id":40},{"id":41}]},{"name":"Fiyä","id":7,"guid":175214082,"type":"Shaman","server":"Sargeras","icon":"Shaman-Restoration","fights":[{"id":1},{"id":2},{"id":3},{"id":4},{"id":5},{"id":7},{"id":8},{"id":9},{"id":10},{"id":11},{"id":12},{"id":13},{"id":14},{"id":15},{"id":16},{"id":18},{"id":19},{"id":20},{"id":21},{"id":22},{"id":23},{"id":24},{"id":25},{"id":26},{"id":27},{"id":28},{"id":29},{"id":30},{"id":32},{"id":33},{"id":34},{"id":35},{"id":36},{"id":37},{"id":38},{"id":39},{"id":40},{"id":41}]},{"name":"Seanhunter","id":31,"guid":125187036,"type":"Hunter","server":"Ravencrest","icon":"Hunter-BeastMastery","fights":[{"id":1},{"id":3},{"id":5},{"id":6},{"id":7},{"id":8},{"id":9},{"id":10},{"id":11},{"id":12},{"id":13},{"id":14},{"id":15},{"id":16},{"id":17},{"id":18},{"id":19},{"id":20},{"id":21},{"id":22},{"id":23},{"id":24},{"id":25},{"id":26},{"id":27},{"id":28},{"id":29},{"id":30},{"id":31},{"id":32},{"id":33},{"id":34},{"id":35},{"id":36},{"id":37},{"id":38},{"id":39},{"id":40}]},{"name":"Twelvebtw","id":47,"guid":162228562,"type":"Warlock","server":"Icecrown","icon":"Warlock","fights":[{"id":1},{"id":2},{"id":3},{"id":5},{"id":6},{"id":7},{"id":8},{"id":9},{"id":10},{"id":11},{"id":12},{"id":13},{"id":14},{"id":15},{"id":16},{"id":17},{"id":18},{"id":19},{"id":21},{"id":22},{"id":23},{"id":24},{"id":25},{"id":26},{"id":27},{"id":28},{"id":29},{"id":30},{"id":31},{"id":32},{"id":33},{"id":34},{"id":35},{"id":36},{"id":37},{"id":38},{"id":39},{"id":40},{"id":41}]},{"name":"Tats","id":3,"guid":171443426,"type":"Paladin","server":"Icecrown","icon":"Paladin-Holy","fights":[{"id":1},{"id":2},{"id":3},{"id":4},{"id":5},{"id":6},{"id":7},{"id":8},{"id":9},{"id":10},{"id":11},{"id":12},{"id":13},{"id":14},{"id":15},{"id":16},{"id":18},{"id":19},{"id":20},{"id":21},{"id":22},{"id":23},{"id":24},{"id":25},{"id":26},{"id":27},{"id":28},{"id":29},{"id":30},{"id":31},{"id":32},{"id":33},{"id":34},{"id":35},{"id":36},{"id":37},{"id":38},{"id":39},{"id":40},{"id":41}]},{"name":"Demondont","id":37,"guid":168862545,"type":"DemonHunter","server":"Dalaran","icon":"DemonHunter-Havoc","fights":[{"id":1},{"id":2},{"id":3},{"id":4},{"id":5},{"id":6},{"id":7},{"id":8},{"id":9},{"id":10},{"id":11},{"id":12},{"id":13},{"id":14},{"id":15},{"id":16},{"id":18},{"id":19},{"id":20},{"id":21},{"id":22},{"id":23},{"id":24},{"id":25},{"id":26},{"id":27},{"id":28},{"id":29},{"id":30},{"id":31},{"id":32},{"id":33},{"id":34},{"id":35},{"id":36},{"id":37},{"id":38},{"id":39},{"id":40}]},{"name":"Nastellia","id":34,"guid":207426330,"type":"Warrior","server":"Stormrage","icon":"Warrior-Fury","fights":[{"id":1},{"id":2},{"id":3},{"id":5},{"id":6},{"id":7},{"id":8},{"id":9},{"id":10},{"id":11},{"id":12},{"id":13},{"id":14},{"id":15},{"id":16},{"id":17},{"id":18},{"id":19},{"id":20},{"id":21},{"id":22},{"id":23},{"id":24},{"id":25},{"id":26},{"id":27},{"id":28},{"id":29},{"id":30},{"id":32},{"id":33},{"id":34},{"id":35},{"id":36},{"id":37},{"id":38},{"id":39},{"id":40}]},{"name":"Sageleigh","id":16,"guid":170340170,"type":"Monk","server":"Icecrown","icon":"Monk-Mistweaver","fights":[{"id":1},{"id":2},{"id":3},{"id":4},{"id":5},{"id":6},{"id":7},{"id":8},{"id":9},{"id":10},{"id":11},{"id":12},{"id":13},{"id":14},{"id":15},{"id":16},{"id":17},{"id":18},{"id":19},{"id":20},{"id":21},{"id":22},{"id":23},{"id":24},{"id":25},{"id":26},{"id":27},{"id":28},{"id":29},{"id":30},{"id":31},{"id":32},{"id":33},{"id":34},{"id":35},{"id":36},{"id":37},{"id":38},{"id":39},{"id":40},{"id":41}]},{"name":"Dytharion","id":22,"guid":213393736,"type":"Warrior","server":"Stormrage","icon":"Warrior-Fury","fights":[{"id":1},{"id":2},{"id":3},{"id":5},{"id":6},{"id":7},{"id":8},{"id":9},{"id":10},{"id":11},{"id":12},{"id":13},{"id":14},{"id":15},{"id":16},{"id":18},{"id":19},{"id":20},{"id":21},{"id":22},{"id":23},{"id":24},{"id":25},{"id":26},{"id":27},{"id":28},{"id":29},{"id":30},{"id":31},{"id":32},{"id":33},{"id":34},{"id":35},{"id":36},{"id":37},{"id":38},{"id":39},{"id":40}]},{"name":"Megafangwolf","id":27,"guid":171972238,"type":"Hunter","server":"Icecrown","icon":"Hunter-BeastMastery","fights":[{"id":1},{"id":2},{"id":3},{"id":4},{"id":5},{"id":6},{"id":7},{"id":8},{"id":9},{"id":10},{"id":11},{"id":12},{"id":13},{"id":14},{"id":15},{"id":16},{"id":17},{"id":18},{"id":19},{"id":20},{"id":22},{"id":23},{"id":24},{"id":25},{"id":26},{"id":27},{"id":28},{"id":29},{"id":30},{"id":31},{"id":32},{"id":33},{"id":34},{"id":35},{"id":36},{"id":37},{"id":38},{"id":39},{"id":40},{"id":41}]},{"name":"Sindemon","id":2,"guid":175544599,"type":"DemonHunter","server":"Icecrown","icon":"DemonHunter-Havoc","fights":[{"id":1},{"id":2},{"id":3},{"id":5},{"id":6},{"id":7},{"id":8},{"id":9},{"id":10},{"id":11},{"id":12},{"id":13},{"id":14},{"id":15},{"id":16},{"id":17},{"id":18},{"id":19},{"id":20},{"id":21},{"id":22},{"id":23},{"id":24},{"id":25},{"id":26},{"id":27},{"id":28},{"id":29},{"id":30},{"id":31},{"id":32},{"id":33},{"id":34},{"id":35},{"id":37},{"id":38},{"id":39},{"id":40},{"id":41}]},{"name":"Winkyface","id":25,"guid":145413013,"type":"DeathKnight","server":"Malygos","icon":"DeathKnight-Blood","fights":[{"id":1},{"id":2},{"id":3},{"id":5},{"id":6},{"id":7},{"id":8},{"id":9},{"id":10},{"id":11},{"id":12},{"id":13},{"id":14},{"id":15},{"id":16},{"id":18},{"id":19},{"id":20},{"id":21},{"id":22},{"id":23},{"id":24},{"id":25},{"id":26},{"id":27},{"id":28},{"id":29},{"id":30},{"id":31},{"id":32},{"id":33},{"id":34},{"id":35},{"id":36},{"id":37},{"id":38},{"id":39},{"id":40},{"id":41}]},{"name":"Cerbi","id":13,"guid":181998701,"type":"Hunter","server":"Icecrown","icon":"Hunter-BeastMastery","fights":[{"id":1},{"id":2},{"id":3},{"id":4},{"id":5},{"id":6},{"id":7},{"id":8},{"id":9},{"id":10},{"id":11},{"id":12},{"id":13},{"id":14},{"id":15},{"id":16},{"id":18},{"id":19},{"id":20},{"id":21},{"id":22},{"id":23},{"id":24},{"id":25},{"id":26},{"id":27},{"id":28},{"id":29},{"id":30},{"id":31},{"id":32},{"id":33},{"id":34},{"id":35},{"id":36},{"id":37},{"id":38},{"id":39},{"id":40},{"id":41}]},{"name":"Braille","id":10,"guid":147719022,"type":"DemonHunter","server":"Icecrown","icon":"DemonHunter-Vengeance","fights":[{"id":1},{"id":2},{"id":3},{"id":5},{"id":6},{"id":7},{"id":8},{"id":9},{"id":10},{"id":11},{"id":12},{"id":13},{"id":14},{"id":15},{"id":16},{"id":17},{"id":18},{"id":19},{"id":20},{"id":21},{"id":22},{"id":23},{"id":24},{"id":25},{"id":26},{"id":27},{"id":28},{"id":29},{"id":30},{"id":31},{"id":32},{"id":33},{"id":34},{"id":35},{"id":36},{"id":37},{"id":38},{"id":39},{"id":40}]},{"name":"Protpalli","id":32,"guid":171338042,"type":"Paladin","server":"Icecrown","icon":"Paladin-Retribution","fights":[{"id":1},{"id":2},{"id":3},{"id":5},{"id":6},{"id":7},{"id":8},{"id":9},{"id":10},{"id":11},{"id":12},{"id":13},{"id":14},{"id":15},{"id":16},{"id":17},{"id":18},{"id":19},{"id":20},{"id":21},{"id":22},{"id":23},{"id":24},{"id":25},{"id":26},{"id":27},{"id":28},{"id":29},{"id":30},{"id":31},{"id":32},{"id":33},{"id":34},{"id":35},{"id":36},{"id":37},{"id":38},{"id":39},{"id":40},{"id":41}]}],"enemies":[{"name":"Aqir Heartpiercer","id":167,"guid":162305,"type":"NPC","icon":"custom-icon-inv_misc_organ_01","fights":[{"id":21,"instances":4,"groups":1}]},{"name":"Vexiona","id":155,"guid":157354,"type":"Boss","icon":"custom-icon-ability_priest_voidentropy","fights":[{"id":18,"instances":1,"groups":2},{"id":19,"instances":1,"groups":1}]},{"name":"Void Horror","id":197,"guid":161335,"type":"NPC","icon":"custom-icon-spell_shadow_siphonmana","fights":[{"id":29,"instances":2,"groups":1},{"id":32,"instances":5,"groups":2}]},{"name":"Anubisath Sentinel","id":106,"guid":162534,"type":"NPC","icon":"custom-icon-ability_warrior_trauma","fights":[{"id":3,"instances":1}]},{"name":"Synthesis Growth","id":226,"guid":157475,"type":"NPC","icon":"custom-icon-spell_necro_necroticsmash","fights":[{"id":39,"instances":16,"groups":2}]},{"name":"Onyx Scarab","id":120,"guid":161834,"type":"NPC","icon":"NPC","fights":[{"id":8,"instances":3,"groups":1},{"id":9,"instances":4,"groups":1}]},{"name":"Maddened Conscript","id":99,"guid":159305,"type":"NPC","icon":"custom-icon-ability_racial_bloodrage","fights":[{"id":3,"instances":4,"groups":2},{"id":8,"instances":2,"groups":1},{"id":14,"instances":8,"groups":5},{"id":36,"instances":2,"groups":1}]},{"name":"Corrupted Neuron","id":237,"guid":162331,"type":"NPC","icon":"NPC","fights":[{"id":40,"instances":30,"groups":2}]},{"name":"Psychus","id":233,"guid":158376,"type":"NPC","icon":"custom-icon-spell_shadow_shadetruesight","fights":[{"id":40,"instances":3}]},{"name":"Living Miasma","id":203,"guid":157229,"type":"NPC","icon":"custom-icon-ability_priest_voidentropy","fights":[{"id":30,"instances":4}]},{"name":"Umbral Seer","id":119,"guid":159219,"type":"NPC","icon":"custom-icon-spell_shadow_painspike","fights":[{"id":7,"instances":1,"groups":1},{"id":14,"instances":3,"groups":1},{"id":29,"instances":1,"groups":1},{"id":36,"instances":3,"groups":1}]},{"name":"Aqir Venomweaver","id":170,"guid":161229,"type":"NPC","icon":"custom-icon-spell_nature_corrosivebreath","fights":[{"id":22,"instances":2,"groups":1}]},{"name":"Spiked Tentacle","id":134,"guid":159416,"type":"NPC","icon":"NPC","fights":[{"id":29,"instances":3,"groups":1}]},{"name":"Vita Portal","id":185,"guid":161943,"type":"NPC","icon":"custom-icon-trade_engineering","fights":[{"id":27,"instances":1},{"id":28,"instances":1}]},{"name":"Gnashing Terror","id":198,"guid":161334,"type":"NPC","icon":"custom-icon-ability_creature_poison_02","fights":[{"id":29,"instances":1,"groups":1},{"id":32,"instances":4,"groups":2}]},{"name":"Coagulated Monstrosity","id":196,"guid":161836,"type":"NPC","icon":"NPC","fights":[{"id":29,"instances":3,"groups":1},{"id":32,"instances":3,"groups":1}]},{"name":"Dark Inquisitor Xanesh","id":135,"guid":156575,"type":"Boss","icon":"custom-icon-inv_gauntlets_09","fights":[{"id":15,"instances":1},{"id":16,"instances":1}]},{"name":"Queen Azshara","id":149,"guid":156579,"type":"NPC","icon":"custom-icon-ability_warlock_eradication","fights":[{"id":15,"instances":1},{"id":16,"instances":1}]},{"name":"Organ of Corruption","id":212,"guid":158343,"type":"Boss","icon":"custom-icon-inv_misc_organ_06","fights":[{"id":35,"instances":6,"groups":1}]},{"name":"Basher Tentacle","id":239,"guid":158367,"type":"NPC","icon":"custom-icon-spell_priest_voidtendrils","fights":[{"id":40,"instances":8,"groups":6}]},{"name":"Void Ascendant","id":158,"guid":157467,"type":"NPC","icon":"custom-icon-spell_priest_voidsear","fights":[{"id":18,"instances":1},{"id":19,"instances":1}]},{"name":"Aqir Crusher","id":171,"guid":161218,"type":"NPC","icon":"custom-icon-inv_misc_volatileearth","fights":[{"id":22,"instances":2,"groups":1},{"id":25,"instances":1,"groups":1}]},{"name":"Flayed Soul","id":151,"guid":157005,"type":"NPC","icon":"custom-icon-ability_demonhunter_soulcleave2","fights":[{"id":16,"instances":63,"groups":3}]},{"name":"Spellbound Ritualist","id":136,"guid":162716,"type":"NPC","icon":"custom-icon-trade_engineering","fights":[{"id":18,"instances":5,"groups":2}]},{"name":"Ossirat","id":94,"guid":161746,"type":"NPC","icon":"custom-icon-inv_weapon_hand_08","fights":[{"id":9,"instances":1}]},{"name":"Engorged Maggot","id":180,"guid":161833,"type":"NPC","icon":"NPC","fights":[{"id":25,"instances":5,"groups":1},{"id":29,"instances":8,"groups":1},{"id":32,"instances":16,"groups":2}]},{"name":"Acidic Aqir","id":177,"guid":161019,"type":"NPC","icon":"custom-icon-ability_creature_poison_06","fights":[{"id":24,"instances":4,"groups":1}]},{"name":"Deresh of the Nothingness","id":169,"guid":159768,"type":"NPC","icon":"custom-icon-spell_priest_voidtendrils","fights":[{"id":21,"instances":1}]},{"name":"Anubisath Sentinel","id":105,"guid":162417,"type":"NPC","icon":"custom-icon-spell_nature_thorns","fights":[{"id":3,"instances":1}]},{"name":"Void Ascendant","id":156,"guid":162719,"type":"NPC","icon":"custom-icon-spell_priest_voidsear","fights":[{"id":18,"instances":2,"groups":1}]},{"name":"Essence of Void","id":190,"guid":156980,"type":"NPC","icon":"custom-icon-inv_enchant_voidsphere","fights":[{"id":28,"instances":2}]},{"name":"Leeching Parasite","id":201,"guid":159309,"type":"NPC","icon":"custom-icon-trade_engineering","fights":[{"id":29,"instances":6,"groups":1}]},{"name":"Eye of Drest'agath","id":207,"guid":157612,"type":"NPC","icon":"custom-icon-spell_shadow_siphonmana","fights":[{"id":33,"instances":4,"groups":2}]},{"name":"Cultist Sycophant","id":146,"guid":161251,"type":"NPC","icon":"custom-icon-ability_ironmaidens_sanguinestrikes","fights":[{"id":14,"instances":8,"groups":1}]},{"name":"Tentacle of Drest'agath","id":208,"guid":157614,"type":"NPC","icon":"custom-icon-ability_earthen_pillar","fights":[{"id":33,"instances":3,"groups":2}]},{"name":"Gryth'ax the Executioner","id":130,"guid":159224,"type":"NPC","icon":"custom-icon-spell_shadow_painspike","fights":[{"id":13,"instances":1}]},{"name":"Mindgate","id":242,"guid":158374,"type":"NPC","icon":"custom-icon-ability_kaztik_dominatemind","fights":[{"id":40,"instances":2}]},{"name":"Gibbering Ooze","id":195,"guid":161835,"type":"NPC","icon":"NPC","fights":[{"id":29,"instances":3,"groups":2},{"id":32,"instances":5,"groups":2},{"id":34,"instances":3,"groups":1}]},{"name":"Mycelial Cyst","id":225,"guid":157461,"type":"NPC","icon":"NPC","fights":[{"id":39,"instances":32,"groups":2}]},{"name":"Maw of Drest'agath","id":209,"guid":157613,"type":"NPC","icon":"custom-icon-ability_creature_poison_02","fights":[{"id":33,"instances":3,"groups":2}]},{"name":"N'Zoth the Corruptor","id":235,"guid":162480,"type":"NPC","icon":"custom-icon-spell_priest_void-blast","fights":[{"id":40,"instances":1,"groups":6}]},{"name":"Ka'zir","id":172,"guid":157253,"type":"Boss","icon":"custom-icon-inv_aqirflyingmount_red","fights":[{"id":23,"instances":1},{"id":24,"instances":1}]},{"name":"Cursed Blood","id":213,"guid":159720,"type":"NPC","icon":"custom-icon-spell_deathknight_bloodtap","fights":[{"id":35,"instances":3}]},{"name":"Monstrous Behemoth","id":100,"guid":159303,"type":"NPC","icon":"custom-icon-ability_warlock_everlastingaffliction","fights":[{"id":3,"instances":1},{"id":7,"instances":2},{"id":14,"instances":4},{"id":29,"instances":1},{"id":36,"instances":1}]},{"name":"Dark Ritualist","id":147,"guid":161286,"type":"NPC","icon":"custom-icon-spell_priest_divinestar_shadow2","fights":[{"id":14,"instances":2,"groups":1}]},{"name":"Hepthys","id":96,"guid":161745,"type":"NPC","icon":"custom-icon-inv_weapon_hand_08","fights":[{"id":9,"instances":1}]},{"name":"Occult Shadowmender","id":98,"guid":159425,"type":"NPC","icon":"custom-icon-spell_shadow_painspike","fights":[{"id":3,"instances":4,"groups":3},{"id":14,"instances":5,"groups":4},{"id":36,"instances":2,"groups":1}]},{"name":"Sylvanas Windrunner","id":244,"guid":160671,"type":"NPC","icon":"custom-icon-ability_theblackarrow","fights":[{"id":40,"instances":1,"groups":2}]},{"name":"Spike Tentacle","id":241,"guid":160249,"type":"NPC","icon":"custom-icon-spell_shadow_painspike","fights":[{"id":40,"instances":18,"groups":6}]},{"name":"Prophet Skitra","id":116,"guid":157620,"type":"NPC","icon":"NPC","fights":[{"id":5,"instances":1,"groups":2}]},{"name":"Fury of N'Zoth","id":220,"guid":157439,"type":"Boss","icon":"custom-icon-spell_priest_void-blast","fights":[{"id":38,"instances":1},{"id":39,"instances":1}]},{"name":"Spellbound Ritualist","id":165,"guid":157450,"type":"NPC","icon":"custom-icon-spell_shadow_shadowbolt","fights":[{"id":19,"instances":2,"groups":1}]},{"name":"Essence of Vita","id":188,"guid":156884,"type":"NPC","icon":"custom-icon-ability_thunderking_lightningwhip","fights":[{"id":28,"instances":2,"groups":3}]},{"name":"Shath'Yar Scribe","id":104,"guid":163690,"type":"NPC","icon":"custom-icon-inv_enchant_voidsphere","fights":[{"id":3,"instances":3,"groups":1},{"id":7,"instances":2,"groups":1},{"id":13,"instances":2,"groups":1}]},{"name":"Shredded Psyche","id":115,"guid":158781,"type":"NPC","icon":"custom-icon-spell_shadow_painandsuffering","fights":[{"id":5,"instances":3}]},{"name":"Iron-Willed Enforcer","id":152,"guid":162718,"type":"NPC","icon":"custom-icon-ability_smash","fights":[{"id":18,"instances":4,"groups":2}]},{"name":"Jesh'ra","id":138,"guid":159764,"type":"NPC","icon":"custom-icon-ability_rogue_envelopingshadows","fights":[{"id":14,"instances":1}]},{"name":"Abyssal Watcher","id":182,"guid":161173,"type":"NPC","icon":"custom-icon-spell_fire_twilightflamestrike","fights":[{"id":25,"instances":3,"groups":1},{"id":26,"instances":2,"groups":1}]},{"name":"Shad'har the Insatiable","id":202,"guid":157231,"type":"Boss","icon":"custom-icon-ability_warlock_everlastingaffliction","fights":[{"id":30,"instances":1},{"id":31,"instances":1}]},{"name":"Void Initiate","id":102,"guid":160182,"type":"NPC","icon":"custom-icon-ability_ironmaidens_convulsiveshadows","fights":[{"id":3,"instances":2,"groups":1},{"id":7,"instances":9,"groups":1},{"id":8,"instances":17,"groups":1},{"id":14,"instances":17,"groups":4},{"id":36,"instances":2,"groups":2}]},{"name":"Fanatical Cultist","id":153,"guid":162715,"type":"NPC","icon":"NPC","fights":[{"id":18,"instances":21,"groups":3}]},{"name":"Nightmare Antigen","id":224,"guid":157452,"type":"NPC","icon":"custom-icon-sha_spell_fire_ragnaros_supernova_nightmare","fights":[{"id":39,"instances":42,"groups":2}]},{"name":"Chittering Waspling","id":181,"guid":161837,"type":"NPC","icon":"NPC","fights":[{"id":25,"instances":7,"groups":1}]},{"name":"Living Blood","id":194,"guid":159312,"type":"NPC","icon":"custom-icon-ability_deathwing_bloodcorruption_earth","fights":[{"id":29,"instances":25,"groups":3},{"id":32,"instances":7,"groups":2},{"id":34,"instances":4,"groups":1}]},{"name":"Wrathion","id":55,"guid":156818,"type":"Boss","icon":"custom-icon-ability_deathwing_cataclysm","fights":[{"id":1,"instances":1}]},{"name":"Sinister Soulcarver","id":162,"guid":157449,"type":"NPC","icon":"custom-icon-ability_theblackarrow","fights":[{"id":19,"instances":2,"groups":1}]},{"name":"Deathwing","id":243,"guid":160665,"type":"NPC","icon":"custom-icon-spell_fire_felflamering_red","fights":[{"id":40,"instances":1,"groups":3}]},{"name":"Sinister Soulcarver","id":154,"guid":162717,"type":"NPC","icon":"custom-icon-ability_theblackarrow","fights":[{"id":18,"instances":4,"groups":2}]},{"name":"Void Fanatic","id":103,"guid":160183,"type":"NPC","icon":"NPC","fights":[{"id":3,"instances":1,"groups":1},{"id":7,"instances":8,"groups":1},{"id":14,"instances":14,"groups":3},{"id":36,"instances":2,"groups":2}]},{"name":"Ra-den","id":184,"guid":156866,"type":"Boss","icon":"custom-icon-ability_deathwing_bloodcorruption_death","fights":[{"id":27,"instances":1},{"id":28,"instances":1}]},{"name":"Mind's Eye","id":234,"guid":158122,"type":"NPC","icon":"custom-icon-inv_eyeofnzothpet","fights":[{"id":40,"instances":1,"groups":2}]},{"name":"Aqir Darter","id":179,"guid":157256,"type":"NPC","icon":"custom-icon-ability_vehicle_sonicshockwave","fights":[{"id":24,"instances":3,"groups":1}]},{"name":"Corrosive Digester","id":137,"guid":162828,"type":"NPC","icon":"custom-icon-inv_misc_food_legion_gooslime_multi","fights":[{"id":29,"instances":1,"groups":2},{"id":32,"instances":1,"groups":1},{"id":34,"instances":7,"groups":1}]},{"name":"Eye of the Depths","id":140,"guid":159510,"type":"NPC","icon":"custom-icon-spell_shadow_shadowfury","fights":[{"id":14,"instances":1},{"id":21,"instances":1},{"id":29,"instances":1},{"id":32,"instances":1},{"id":36,"instances":1}]},{"name":"Aqir Swarmer","id":145,"guid":162664,"type":"NPC","icon":"custom-icon-ability_fixated_state_red","fights":[{"id":14,"instances":4,"groups":1},{"id":21,"instances":4,"groups":1}]},{"name":"Prophet Skitra","id":114,"guid":157238,"type":"Boss","icon":"custom-icon-inv_misc_shadowegg","fights":[{"id":5,"instances":1}]},{"name":"Willing Sacrifice","id":118,"guid":162647,"type":"NPC","icon":"custom-icon-spell_shadow_grimward","fights":[{"id":7,"instances":1}]},{"name":"Crushing Tendril","id":199,"guid":161312,"type":"NPC","icon":"NPC","fights":[{"id":29,"instances":2,"groups":1},{"id":32,"instances":3,"groups":2}]},{"name":"N'Zoth the Corruptor","id":230,"guid":158041,"type":"Boss","icon":"custom-icon-spell_shadow_painandsuffering","fights":[{"id":40,"instances":1,"groups":2},{"id":41,"instances":1,"groups":1}]},{"name":"Demented Knife-Twister","id":141,"guid":159417,"type":"NPC","icon":"custom-icon-ability_rogue_shadowyduel","fights":[{"id":14,"instances":6,"groups":3},{"id":36,"instances":2,"groups":2}]},{"name":"Maut","id":126,"guid":156523,"type":"Boss","icon":"custom-icon-inv_artifact_powerofthedarkside","fights":[{"id":11,"instances":1},{"id":12,"instances":1}]},{"name":"Drest'agath","id":206,"guid":157602,"type":"Boss","icon":"custom-icon-spell_shaman_earthquake","fights":[{"id":32,"instances":1},{"id":33,"instances":1}]},{"name":"Horrific Hemorrhage","id":223,"guid":157486,"type":"NPC","icon":"NPC","fights":[{"id":39,"instances":6,"groups":1}]},{"name":"Tek'ris","id":173,"guid":157254,"type":"Boss","icon":"custom-icon-ability_priest_voidentropy","fights":[{"id":23,"instances":1},{"id":24,"instances":1}]},{"name":"Corruptor Tentacle","id":240,"guid":158375,"type":"NPC","icon":"custom-icon-spell_shadow_skull","fights":[{"id":40,"instances":11,"groups":6}]},{"name":"Aqir Swarmkeeper","id":143,"guid":162303,"type":"NPC","icon":"custom-icon-inv_inscription_pigment_bug07","fights":[{"id":14,"instances":1},{"id":21,"instances":1}]},{"name":"Blood of Ny'alotha","id":215,"guid":159514,"type":"NPC","icon":"custom-icon-ability_warrior_bloodnova","fights":[{"id":35,"instances":20,"groups":1}]},{"name":"Sanguimar","id":200,"guid":159767,"type":"NPC","icon":"custom-icon-inv_misc_boilingblood","fights":[{"id":29,"instances":1}]},{"name":"Aqir Scarab","id":123,"guid":159405,"type":"NPC","icon":"NPC","fights":[{"id":10,"instances":32,"groups":1}]},{"name":"Void Portal","id":186,"guid":161945,"type":"NPC","icon":"custom-icon-trade_engineering","fights":[{"id":27,"instances":1},{"id":28,"instances":1}]},{"name":"Zealous Adherent","id":142,"guid":159308,"type":"NPC","icon":"custom-icon-ability_ironmaidens_convulsiveshadows","fights":[{"id":14,"instances":6,"groups":3},{"id":25,"instances":4,"groups":1},{"id":26,"instances":8,"groups":1},{"id":36,"instances":3,"groups":2}]},{"name":"Aqir Skitterer","id":144,"guid":161217,"type":"NPC","icon":"custom-icon-ability_fixated_state_red","fights":[{"id":14,"instances":7,"groups":1},{"id":21,"instances":40,"groups":2},{"id":22,"instances":20,"groups":1},{"id":25,"instances":21,"groups":1}]},{"name":"Gaze of Madness","id":222,"guid":157442,"type":"NPC","icon":"custom-icon-inv_elemental_primal_shadow","fights":[{"id":39,"instances":2}]},{"name":"Exposed Synapse","id":231,"guid":159578,"type":"NPC","icon":"custom-icon-spell_nature_focusedmind","fights":[{"id":40,"instances":60,"groups":5}]},{"name":"Fanatical Cultist","id":161,"guid":157447,"type":"NPC","icon":"NPC","fights":[{"id":19,"instances":4,"groups":1}]},{"name":"Aqir Shadowcrafter","id":124,"guid":161416,"type":"NPC","icon":"custom-icon-spell_shadow_shadowbolt","fights":[{"id":10,"instances":4,"groups":1}]},{"name":"Void Hunter","id":191,"guid":157366,"type":"NPC","icon":"custom-icon-ability_warlock_shadowfurytga","fights":[{"id":28,"instances":1}]},{"name":"Acidic Aqir","id":178,"guid":159173,"type":"NPC","icon":"custom-icon-ability_creature_poison_06","fights":[{"id":24,"instances":1}]},{"name":"Aqir Drone","id":176,"guid":157255,"type":"NPC","icon":"custom-icon-ability_fixated_state_red","fights":[{"id":24,"instances":20,"groups":2}]},{"name":"Amalgamation of Flesh","id":219,"guid":163841,"type":"NPC","icon":"custom-icon-inv_enchant_voidsphere","fights":[{"id":37,"instances":24,"groups":1}]},{"name":"Thrashing Tentacle","id":228,"guid":162159,"type":"NPC","icon":"custom-icon-ability_golemthunderclap","fights":[{"id":39,"instances":1}]},{"name":"Thought Harvester","id":245,"guid":162933,"type":"NPC","icon":"custom-icon-spell_shadow_brainwash","fights":[{"id":40,"instances":1}]},{"name":"Il'gynoth","id":211,"guid":158328,"type":"Boss","icon":"custom-icon-inv_eyeofnzothpet","fights":[{"id":35,"instances":1}]},{"name":"Umbral Gatekeeper","id":131,"guid":163708,"type":"NPC","icon":"custom-icon-spell_priest_void-blast","fights":[{"id":14,"instances":2,"groups":1}]},{"name":"Aqir Drone","id":168,"guid":162306,"type":"NPC","icon":"NPC","fights":[{"id":21,"instances":10,"groups":3}]},{"name":"Dying Voidspawn","id":133,"guid":163712,"type":"NPC","icon":"custom-icon-ability_fixated_state_red","fights":[{"id":14,"instances":16,"groups":1}]},{"name":"Dark Manifestation","id":128,"guid":156650,"type":"NPC","icon":"NPC","fights":[{"id":12,"instances":2,"groups":1}]}],"friendlyPets":[{"name":"Guardian of Azeroth","id":62,"guid":152396,"type":"Pet","icon":"abilities/inv_glowing-azerite-geode","petOwner":2,"fights":[{"id":1,"instances":1},{"id":5,"instances":1},{"id":12,"instances":1},{"id":16,"instances":1},{"id":19,"instances":1},{"id":28,"instances":1},{"id":30,"instances":1},{"id":33,"instances":1},{"id":35,"instances":1},{"id":40,"instances":3}]},{"name":"Purrcules","id":50,"guid":49457278,"type":"Pet","icon":"abilities/ability_hunter_beastcall","petOwner":9,"fights":[{"id":1,"instances":1},{"id":3,"instances":1},{"id":5,"instances":1},{"id":7,"instances":1},{"id":8,"instances":1},{"id":9,"instances":1},{"id":10,"instances":1},{"id":12,"instances":1},{"id":13,"instances":1},{"id":14,"instances":1},{"id":15,"instances":1},{"id":16,"instances":1},{"id":17,"instances":1},{"id":18,"instances":1},{"id":19,"instances":1},{"id":21,"instances":1},{"id":22,"instances":1},{"id":23,"instances":1},{"id":24,"instances":1},{"id":25,"instances":1},{"id":26,"instances":1},{"id":27,"instances":1},{"id":28,"instances":1},{"id":29,"instances":1},{"id":30,"instances":1},{"id":31,"instances":1},{"id":32,"instances":1},{"id":33,"instances":1},{"id":34,"instances":1},{"id":35,"instances":1},{"id":36,"instances":1},{"id":37,"instances":1},{"id":39,"instances":1},{"id":40,"instances":1}]},{"name":"Yazmir","id":48,"guid":44588781,"type":"Pet","icon":"abilities/spell_shadow_summonimp","petOwner":47,"fights":[{"id":1,"instances":1},{"id":3,"instances":1},{"id":5,"instances":1},{"id":7,"instances":1},{"id":8,"instances":1},{"id":9,"instances":1},{"id":10,"instances":1},{"id":11,"instances":1},{"id":12,"instances":1},{"id":13,"instances":1},{"id":14,"instances":1},{"id":15,"instances":1},{"id":16,"instances":1},{"id":18,"instances":1},{"id":19,"instances":1},{"id":21,"instances":1},{"id":22,"instances":1},{"id":23,"instances":1},{"id":24,"instances":1},{"id":25,"instances":1},{"id":26,"instances":1},{"id":27,"instances":1},{"id":28,"instances":1},{"id":29,"instances":1},{"id":30,"instances":1},{"id":32,"instances":1},{"id":33,"instances":1},{"id":34,"instances":1},{"id":35,"instances":1},{"id":36,"instances":1},{"id":37,"instances":1},{"id":39,"instances":1},{"id":40,"instances":1}]},{"name":"Zeprot","id":52,"guid":50377277,"type":"Pet","icon":"abilities/spell_shadow_summonimp","petOwner":33,"fights":[{"id":1,"instances":1},{"id":3,"instances":1},{"id":5,"instances":1},{"id":7,"instances":1},{"id":9,"instances":1},{"id":10,"instances":1},{"id":11,"instances":1},{"id":12,"instances":1},{"id":13,"instances":1},{"id":14,"instances":1},{"id":16,"instances":1},{"id":18,"instances":1},{"id":19,"instances":1},{"id":21,"instances":1},{"id":22,"instances":1},{"id":23,"instances":1},{"id":24,"instances":1},{"id":25,"instances":1},{"id":26,"instances":1},{"id":27,"instances":1},{"id":28,"instances":1},{"id":29,"instances":1},{"id":30,"instances":1},{"id":32,"instances":1},{"id":33,"instances":1},{"id":35,"instances":1},{"id":36,"instances":1},{"id":37,"instances":1},{"id":39,"instances":1},{"id":40,"instances":1}]},{"name":"Pryyjhom","id":97,"guid":44588782,"type":"Pet","icon":"abilities/spell_shadow_summonfelhunter","petOwner":47,"fights":[{"id":3,"instances":1}]},{"name":"Corpsemuncher","id":40,"guid":37929794,"type":"Pet","icon":"abilities/spell_shadow_animatedead","petOwner":24,"fights":[{"id":1,"instances":1},{"id":3,"instances":1},{"id":5,"instances":1},{"id":6,"instances":1},{"id":7,"instances":1},{"id":8,"instances":1},{"id":9,"instances":1},{"id":10,"instances":1},{"id":11,"instances":1},{"id":12,"instances":1},{"id":13,"instances":1},{"id":14,"instances":1},{"id":15,"instances":1},{"id":16,"instances":1},{"id":18,"instances":1},{"id":19,"instances":1},{"id":21,"instances":1},{"id":22,"instances":1},{"id":23,"instances":1},{"id":24,"instances":1},{"id":25,"instances":1},{"id":26,"instances":1},{"id":27,"instances":1},{"id":28,"instances":1},{"id":29,"instances":1},{"id":30,"instances":1},{"id":32,"instances":1},{"id":33,"instances":1},{"id":34,"instances":1},{"id":35,"instances":1},{"id":36,"instances":1},{"id":37,"instances":1},{"id":39,"instances":1},{"id":40,"instances":1},{"id":41,"instances":1}]},{"name":"Twisted Appendage","id":101,"guid":162764,"type":"Pet","icon":"abilities/achievement_boss_yoggsaron_01","petOwner":36,"fights":[{"id":3,"instances":6},{"id":7,"instances":3},{"id":12,"instances":1},{"id":14,"instances":6},{"id":16,"instances":6},{"id":18,"instances":1},{"id":19,"instances":1},{"id":21,"instances":1},{"id":22,"instances":1},{"id":24,"instances":1},{"id":25,"instances":3},{"id":26,"instances":1},{"id":28,"instances":1},{"id":29,"instances":1},{"id":30,"instances":3},{"id":32,"instances":1},{"id":33,"instances":4},{"id":34,"instances":1},{"id":35,"instances":2},{"id":36,"instances":2},{"id":37,"instances":1},{"id":39,"instances":6},{"id":40,"instances":8}]},{"name":"Rune Weapon","id":67,"guid":27893,"type":"Pet","icon":"abilities/inv_sword_07","petOwner":25,"fights":[{"id":1,"instances":1},{"id":5,"instances":1},{"id":12,"instances":1},{"id":14,"instances":1},{"id":16,"instances":2},{"id":18,"instances":1},{"id":19,"instances":1},{"id":21,"instances":1},{"id":24,"instances":1},{"id":28,"instances":2},{"id":29,"instances":1},{"id":30,"instances":2},{"id":33,"instances":1},{"id":35,"instances":2},{"id":36,"instances":1},{"id":39,"instances":2},{"id":40,"instances":2}]},{"name":"Darkglare","id":80,"guid":103673,"type":"Pet","icon":"abilities/inv_beholderwarlock","petOwner":33,"fights":[{"id":1,"instances":1},{"id":5,"instances":1},{"id":16,"instances":1},{"id":30,"instances":1}]},{"name":"Greater Earth Elemental","id":121,"guid":95072,"type":"Pet","icon":"abilities/spell_nature_earthelemental_totem","petOwner":7,"fights":[{"id":9,"instances":1},{"id":12,"instances":1},{"id":16,"instances":1},{"id":19,"instances":1},{"id":24,"instances":1},{"id":28,"instances":1},{"id":30,"instances":1},{"id":33,"instances":1},{"id":39,"instances":1},{"id":40,"instances":1}]},{"name":"Guardian of Azeroth","id":75,"guid":152396,"type":"Pet","icon":"abilities/inv_glowing-azerite-geode","petOwner":30,"fights":[{"id":1,"instances":1},{"id":5,"instances":1},{"id":12,"instances":1},{"id":14,"instances":1},{"id":16,"instances":1},{"id":19,"instances":1},{"id":24,"instances":1},{"id":28,"instances":1},{"id":30,"instances":1},{"id":33,"instances":1},{"id":35,"instances":2},{"id":39,"instances":1},{"id":40,"instances":2}]},{"name":"Voidling","id":90,"guid":128142,"type":"Pet","icon":"abilities/spell_shadow_shadowfiend","petOwner":19,"fights":[{"id":1,"instances":1},{"id":5,"instances":1},{"id":16,"instances":1},{"id":19,"instances":1},{"id":23,"instances":1},{"id":24,"instances":1},{"id":27,"instances":1},{"id":28,"instances":1},{"id":30,"instances":1},{"id":33,"instances":1},{"id":35,"instances":1},{"id":39,"instances":2},{"id":40,"instances":3}]},{"name":"Guardian of Azeroth","id":68,"guid":152396,"type":"Pet","icon":"abilities/inv_glowing-azerite-geode","petOwner":18,"fights":[{"id":1,"instances":1},{"id":5,"instances":1},{"id":12,"instances":1},{"id":16,"instances":1},{"id":19,"instances":1},{"id":24,"instances":1},{"id":28,"instances":1},{"id":30,"instances":1}]},{"name":"Chickenism","id":15,"guid":49434187,"type":"Pet","icon":"custom-icon-ability_hunter_sickem","petOwner":17,"fights":[{"id":1,"instances":1},{"id":5,"instances":1},{"id":7,"instances":1},{"id":8,"instances":1},{"id":9,"instances":1},{"id":10,"instances":1},{"id":12,"instances":1},{"id":13,"instances":1},{"id":14,"instances":1},{"id":16,"instances":1},{"id":18,"instances":1},{"id":19,"instances":1},{"id":21,"instances":1},{"id":22,"instances":1},{"id":24,"instances":1},{"id":25,"instances":1},{"id":26,"instances":1},{"id":27,"instances":1},{"id":28,"instances":1},{"id":29,"instances":1},{"id":30,"instances":1},{"id":31,"instances":1},{"id":32,"instances":1},{"id":33,"instances":1},{"id":34,"instances":1},{"id":35,"instances":1},{"id":36,"instances":1},{"id":37,"instances":1},{"id":39,"instances":1},{"id":40,"instances":1},{"id":41,"instances":1}]},{"name":"Xuen","id":88,"guid":63508,"type":"Pet","icon":"abilities/ability_monk_prideofthetiger","petOwner":41,"fights":[{"id":1,"instances":1},{"id":12,"instances":1},{"id":16,"instances":3},{"id":19,"instances":2}]},{"name":"Planck","id":28,"guid":48484841,"type":"Pet","icon":"abilities/ability_hunter_beastcall","petOwner":17,"fights":[{"id":1,"instances":1},{"id":5,"instances":1},{"id":7,"instances":1},{"id":8,"instances":1},{"id":9,"instances":1},{"id":10,"instances":1},{"id":12,"instances":1},{"id":13,"instances":1},{"id":14,"instances":1},{"id":15,"instances":1},{"id":16,"instances":1},{"id":17,"instances":1},{"id":18,"instances":1},{"id":19,"instances":1},{"id":21,"instances":1},{"id":22,"instances":1},{"id":23,"instances":1},{"id":24,"instances":1},{"id":25,"instances":1},{"id":26,"instances":1},{"id":27,"instances":1},{"id":28,"instances":1},{"id":29,"instances":1},{"id":30,"instances":1},{"id":31,"instances":1},{"id":32,"instances":1},{"id":33,"instances":1},{"id":34,"instances":1},{"id":35,"instances":1},{"id":36,"instances":1},{"id":37,"instances":1},{"id":39,"instances":1},{"id":40,"instances":1},{"id":41,"instances":1}]},{"name":"Hati","id":35,"guid":51975735,"type":"Pet","icon":"abilities/ability_hunter_beastcall","petOwner":31,"fights":[{"id":1,"instances":1},{"id":3,"instances":1},{"id":5,"instances":1},{"id":7,"instances":1},{"id":8,"instances":1},{"id":9,"instances":1},{"id":10,"instances":1},{"id":11,"instances":1},{"id":12,"instances":1},{"id":13,"instances":1},{"id":14,"instances":1},{"id":15,"instances":1},{"id":16,"instances":1},{"id":17,"instances":1},{"id":18,"instances":1},{"id":19,"instances":1},{"id":21,"instances":1},{"id":22,"instances":1},{"id":24,"instances":1},{"id":25,"instances":1},{"id":26,"instances":1},{"id":27,"instances":1},{"id":28,"instances":1},{"id":29,"instances":1},{"id":30,"instances":1},{"id":31,"instances":1},{"id":32,"instances":1},{"id":33,"instances":1},{"id":34,"instances":1},{"id":35,"instances":1},{"id":36,"instances":1},{"id":37,"instances":1},{"id":39,"instances":1},{"id":40,"instances":1}]},{"name":"Spirit Wolf","id":69,"guid":29264,"type":"Pet","icon":"abilities/spell_shaman_feralspirit","petOwner":30,"fights":[{"id":1,"instances":2},{"id":5,"instances":2},{"id":9,"instances":2},{"id":12,"instances":2},{"id":14,"instances":4},{"id":16,"instances":4},{"id":19,"instances":2},{"id":24,"instances":2},{"id":28,"instances":4},{"id":30,"instances":4},{"id":33,"instances":4},{"id":35,"instances":4},{"id":39,"instances":6},{"id":40,"instances":6}]},{"name":"Demonic Gateway","id":217,"guid":59271,"type":"Pet","icon":"custom-icon-trade_engineering","petOwner":33,"fights":[{"id":35,"instances":1}]},{"name":"Army of the Dead","id":58,"guid":24207,"type":"Pet","icon":"abilities/artifactability_unholydeathknight_deathsembrace","petOwner":24,"fights":[{"id":1,"instances":16},{"id":3,"instances":4},{"id":5,"instances":20},{"id":8,"instances":2},{"id":9,"instances":4},{"id":12,"instances":20},{"id":13,"instances":2},{"id":14,"instances":2},{"id":16,"instances":22},{"id":18,"instances":6},{"id":19,"instances":18},{"id":21,"instances":2},{"id":24,"instances":22},{"id":26,"instances":2},{"id":28,"instances":26},{"id":30,"instances":16},{"id":32,"instances":8},{"id":33,"instances":23},{"id":34,"instances":2},{"id":35,"instances":22},{"id":36,"instances":4},{"id":39,"instances":46},{"id":40,"instances":50}]},{"name":"Infernal","id":108,"guid":89,"type":"Pet","icon":"abilities/spell_shadow_summoninfernal","petOwner":47,"fights":[{"id":3,"instances":1},{"id":7,"instances":2},{"id":9,"instances":1},{"id":12,"instances":1},{"id":14,"instances":1},{"id":19,"instances":4},{"id":21,"instances":4},{"id":24,"instances":1},{"id":28,"instances":2},{"id":33,"instances":2},{"id":34,"instances":1},{"id":35,"instances":2},{"id":36,"instances":1},{"id":39,"instances":6},{"id":40,"instances":9}]},{"name":"Demonic Gateway","id":193,"guid":59271,"type":"Pet","icon":"custom-icon-trade_engineering","petOwner":47,"fights":[{"id":28,"instances":1},{"id":40,"instances":1}]},{"name":"Guardian of Azeroth","id":56,"guid":152396,"type":"Pet","icon":"abilities/inv_glowing-azerite-geode","petOwner":29,"fights":[{"id":1,"instances":1},{"id":5,"instances":1},{"id":12,"instances":1},{"id":16,"instances":1},{"id":19,"instances":1},{"id":24,"instances":1},{"id":28,"instances":1},{"id":30,"instances":1},{"id":33,"instances":1},{"id":35,"instances":2},{"id":39,"instances":2},{"id":40,"instances":3}]},{"name":"Water Elemental","id":44,"guid":40503697,"type":"Pet","icon":"abilities/spell_frost_summonwaterelemental_2","petOwner":42,"fights":[{"id":1,"instances":1},{"id":3,"instances":1},{"id":5,"instances":1},{"id":7,"instances":1},{"id":8,"instances":1},{"id":9,"instances":1},{"id":10,"instances":1},{"id":11,"instances":1},{"id":12,"instances":1},{"id":13,"instances":1},{"id":14,"instances":1},{"id":15,"instances":1},{"id":16,"instances":1},{"id":18,"instances":1},{"id":19,"instances":1},{"id":21,"instances":1},{"id":22,"instances":1},{"id":23,"instances":1},{"id":24,"instances":1},{"id":25,"instances":1},{"id":26,"instances":1},{"id":27,"instances":1},{"id":28,"instances":1},{"id":29,"instances":1},{"id":30,"instances":1},{"id":32,"instances":1},{"id":33,"instances":1},{"id":34,"instances":1},{"id":35,"instances":1},{"id":36,"instances":1},{"id":37,"instances":1},{"id":39,"instances":1}]},{"name":"Demonic Gateway","id":192,"guid":59262,"type":"Pet","icon":"custom-icon-trade_engineering","petOwner":47,"fights":[{"id":28,"instances":1},{"id":40,"instances":1}]},{"name":"Healing Stream Totem","id":85,"guid":3527,"type":"Pet","icon":"abilities/inv_spear_04","petOwner":7,"fights":[{"id":1,"instances":1},{"id":5,"instances":2},{"id":10,"instances":1},{"id":12,"instances":1},{"id":13,"instances":1},{"id":14,"instances":1},{"id":16,"instances":1},{"id":19,"instances":1},{"id":24,"instances":1},{"id":28,"instances":1},{"id":39,"instances":3}]},{"name":"Capacitor Totem","id":148,"guid":61245,"type":"Pet","icon":"abilities/spell_nature_brilliance","petOwner":30,"fights":[{"id":14,"instances":1}]},{"name":"Hati","id":11,"guid":51971295,"type":"Pet","icon":"custom-icon-ability_warstomp","petOwner":31,"fights":[{"id":1,"instances":1},{"id":3,"instances":1},{"id":5,"instances":1},{"id":7,"instances":1},{"id":8,"instances":1},{"id":9,"instances":1},{"id":10,"instances":1},{"id":11,"instances":1},{"id":12,"instances":1},{"id":13,"instances":1},{"id":14,"instances":1},{"id":15,"instances":1},{"id":16,"instances":1},{"id":18,"instances":1},{"id":19,"instances":1},{"id":21,"instances":1},{"id":22,"instances":1},{"id":24,"instances":1},{"id":25,"instances":1},{"id":26,"instances":1},{"id":27,"instances":1},{"id":28,"instances":1},{"id":29,"instances":1},{"id":30,"instances":1},{"id":32,"instances":1},{"id":33,"instances":1},{"id":34,"instances":1},{"id":35,"instances":1},{"id":36,"instances":1},{"id":37,"instances":1},{"id":39,"instances":1},{"id":40,"instances":1}]},{"name":"Darkglare","id":81,"guid":103673,"type":"Pet","icon":"abilities/inv_beholderwarlock","petOwner":47,"fights":[{"id":1,"instances":1},{"id":5,"instances":1},{"id":16,"instances":1},{"id":30,"instances":1}]},{"name":"Infernal","id":122,"guid":89,"type":"Pet","icon":"abilities/spell_shadow_summoninfernal","petOwner":33,"fights":[{"id":9,"instances":1},{"id":12,"instances":1},{"id":14,"instances":6},{"id":19,"instances":2},{"id":21,"instances":3},{"id":22,"instances":1},{"id":24,"instances":6},{"id":25,"instances":1},{"id":28,"instances":4},{"id":29,"instances":4},{"id":32,"instances":1},{"id":33,"instances":7},{"id":34,"instances":2},{"id":35,"instances":4},{"id":36,"instances":1},{"id":37,"instances":2},{"id":39,"instances":8},{"id":40,"instances":10}]},{"name":"Guardian of Azeroth","id":89,"guid":152396,"type":"Pet","icon":"abilities/inv_glowing-azerite-geode","petOwner":19,"fights":[{"id":1,"instances":1},{"id":5,"instances":1},{"id":19,"instances":1},{"id":24,"instances":1},{"id":28,"instances":1},{"id":30,"instances":1}]},{"name":"Screwloose","id":14,"guid":50377945,"type":"Pet","icon":"custom-icon-ability_hunter_sickem","petOwner":13,"fights":[{"id":1,"instances":1},{"id":3,"instances":1},{"id":4,"instances":1},{"id":5,"instances":1},{"id":7,"instances":1},{"id":8,"instances":1},{"id":9,"instances":1},{"id":10,"instances":1},{"id":11,"instances":1},{"id":12,"instances":1},{"id":13,"instances":1},{"id":14,"instances":1},{"id":15,"instances":1},{"id":16,"instances":1},{"id":18,"instances":1},{"id":19,"instances":1},{"id":20,"instances":1},{"id":21,"instances":1},{"id":22,"instances":1},{"id":23,"instances":1},{"id":24,"instances":1},{"id":25,"instances":1},{"id":26,"instances":1},{"id":27,"instances":1},{"id":28,"instances":1},{"id":29,"instances":1},{"id":30,"instances":1},{"id":32,"instances":1},{"id":33,"instances":1},{"id":34,"instances":1},{"id":35,"instances":1},{"id":36,"instances":1},{"id":37,"instances":1},{"id":39,"instances":1},{"id":40,"instances":1}]},{"name":"Demonic Gateway","id":216,"guid":59262,"type":"Pet","icon":"custom-icon-trade_engineering","petOwner":33,"fights":[{"id":35,"instances":1}]},{"name":"Earth Spirit","id":72,"guid":69792,"type":"Pet","icon":"abilities/inv_elemental_primal_earth","petOwner":41,"fights":[{"id":1,"instances":2},{"id":5,"instances":3},{"id":8,"instances":1},{"id":9,"instances":1},{"id":12,"instances":2},{"id":14,"instances":2},{"id":16,"instances":3},{"id":18,"instances":1},{"id":19,"instances":3},{"id":24,"instances":2},{"id":28,"instances":3},{"id":30,"instances":3},{"id":33,"instances":3},{"id":35,"instances":3},{"id":39,"instances":4},{"id":40,"instances":5}]},{"name":"Guardian of Azeroth","id":77,"guid":152396,"type":"Pet","icon":"abilities/inv_glowing-azerite-geode","petOwner":36,"fights":[{"id":1,"instances":1},{"id":3,"instances":1},{"id":5,"instances":1},{"id":9,"instances":1},{"id":12,"instances":1},{"id":13,"instances":1},{"id":16,"instances":1},{"id":19,"instances":1},{"id":24,"instances":1},{"id":28,"instances":1},{"id":30,"instances":1},{"id":33,"instances":1},{"id":35,"instances":2},{"id":39,"instances":2},{"id":40,"instances":3}]},{"name":"Mindbender","id":127,"guid":62982,"type":"Pet","icon":"abilities/spell_shadow_soulleech_3","petOwner":19,"fights":[{"id":12,"instances":2}]},{"name":"Healing Tide Totem","id":86,"guid":59764,"type":"Pet","icon":"abilities/ability_shaman_healingtide","petOwner":7,"fights":[{"id":1,"instances":1},{"id":5,"instances":1},{"id":10,"instances":1},{"id":12,"instances":1},{"id":13,"instances":1},{"id":14,"instances":1},{"id":16,"instances":1},{"id":19,"instances":1},{"id":24,"instances":1},{"id":28,"instances":1},{"id":39,"instances":1}]},{"name":"Twisted Appendage","id":107,"guid":162764,"type":"Pet","icon":"abilities/achievement_boss_yoggsaron_01","petOwner":4,"fights":[{"id":3,"instances":1},{"id":7,"instances":1},{"id":10,"instances":2},{"id":12,"instances":1},{"id":13,"instances":1},{"id":14,"instances":3},{"id":16,"instances":2},{"id":18,"instances":2},{"id":19,"instances":4},{"id":22,"instances":2},{"id":23,"instances":1},{"id":25,"instances":1},{"id":26,"instances":1},{"id":29,"instances":3},{"id":30,"instances":5},{"id":32,"instances":1},{"id":33,"instances":1},{"id":35,"instances":4},{"id":36,"instances":1},{"id":39,"instances":6},{"id":40,"instances":6}]},{"name":"Bloodworm","id":84,"guid":99773,"type":"Pet","icon":"abilities/spell_shadow_soulleech","petOwner":25,"fights":[{"id":1,"instances":8},{"id":3,"instances":10},{"id":5,"instances":7},{"id":7,"instances":1},{"id":8,"instances":1},{"id":9,"instances":2},{"id":10,"instances":5},{"id":12,"instances":7},{"id":13,"instances":3},{"id":14,"instances":23},{"id":16,"instances":8},{"id":18,"instances":6},{"id":19,"instances":13},{"id":21,"instances":9},{"id":22,"instances":2},{"id":23,"instances":1},{"id":24,"instances":6},{"id":25,"instances":9},{"id":26,"instances":3},{"id":28,"instances":12},{"id":29,"instances":11},{"id":30,"instances":12},{"id":32,"instances":10},{"id":33,"instances":14},{"id":34,"instances":6},{"id":35,"instances":15},{"id":36,"instances":6},{"id":37,"instances":3},{"id":39,"instances":17},{"id":40,"instances":29}]},{"name":"Cat","id":39,"guid":47727574,"type":"Pet","icon":"abilities/ability_hunter_beastcall","petOwner":27,"fights":[{"id":1,"instances":1},{"id":3,"instances":1},{"id":4,"instances":1},{"id":5,"instances":1},{"id":7,"instances":1},{"id":8,"instances":1},{"id":9,"instances":1},{"id":10,"instances":1},{"id":11,"instances":1},{"id":12,"instances":1},{"id":13,"instances":1},{"id":14,"instances":1},{"id":15,"instances":1},{"id":16,"instances":1},{"id":18,"instances":1},{"id":19,"instances":1},{"id":22,"instances":1},{"id":24,"instances":1},{"id":25,"instances":1},{"id":26,"instances":1},{"id":27,"instances":1},{"id":28,"instances":1},{"id":29,"instances":1},{"id":30,"instances":1},{"id":32,"instances":1},{"id":33,"instances":1},{"id":34,"instances":1},{"id":35,"instances":1},{"id":36,"instances":1},{"id":37,"instances":1},{"id":39,"instances":1},{"id":40,"instances":1}]},{"name":"Beast","id":83,"guid":62005,"type":"Pet","icon":"abilities/ability_hunter_sickem","petOwner":31,"fights":[{"id":1,"instances":1},{"id":7,"instances":1},{"id":8,"instances":1},{"id":12,"instances":1},{"id":13,"instances":1},{"id":14,"instances":1},{"id":16,"instances":2},{"id":18,"instances":1},{"id":19,"instances":2},{"id":24,"instances":1},{"id":25,"instances":1},{"id":28,"instances":2},{"id":29,"instances":1},{"id":30,"instances":2},{"id":32,"instances":1},{"id":33,"instances":2},{"id":35,"instances":1},{"id":39,"instances":3},{"id":40,"instances":2}]},{"name":"Fire Spirit","id":74,"guid":69791,"type":"Pet","icon":"abilities/inv_summerfest_firespirit","petOwner":41,"fights":[{"id":1,"instances":2},{"id":5,"instances":3},{"id":8,"instances":1},{"id":9,"instances":1},{"id":12,"instances":2},{"id":14,"instances":2},{"id":16,"instances":3},{"id":18,"instances":1},{"id":19,"instances":3},{"id":24,"instances":2},{"id":28,"instances":3},{"id":30,"instances":3},{"id":33,"instances":3},{"id":35,"instances":3},{"id":39,"instances":4},{"id":40,"instances":5}]},{"name":"Spirit Link Totem","id":91,"guid":53006,"type":"Pet","icon":"abilities/spell_shaman_spiritlink","petOwner":7,"fights":[{"id":1,"instances":1},{"id":5,"instances":1},{"id":10,"instances":1},{"id":12,"instances":1},{"id":14,"instances":1},{"id":16,"instances":1},{"id":19,"instances":1},{"id":24,"instances":1},{"id":30,"instances":1},{"id":33,"instances":1},{"id":39,"instances":1},{"id":40,"instances":1}]},{"name":"Guardian of Azeroth","id":59,"guid":152396,"type":"Pet","icon":"abilities/inv_glowing-azerite-geode","petOwner":41,"fights":[{"id":1,"instances":1},{"id":5,"instances":1},{"id":12,"instances":1},{"id":14,"instances":1},{"id":16,"instances":1},{"id":19,"instances":1},{"id":24,"instances":1},{"id":28,"instances":1},{"id":30,"instances":1},{"id":33,"instances":1},{"id":35,"instances":2},{"id":39,"instances":2},{"id":40,"instances":3}]},{"name":"Nocturno","id":20,"guid":50377999,"type":"Pet","icon":"abilities/ability_hunter_beastcall","petOwner":13,"fights":[{"id":1,"instances":1},{"id":3,"instances":1},{"id":4,"instances":1},{"id":5,"instances":1},{"id":7,"instances":1},{"id":8,"instances":1},{"id":9,"instances":1},{"id":10,"instances":1},{"id":12,"instances":1},{"id":13,"instances":1},{"id":14,"instances":1},{"id":16,"instances":1},{"id":18,"instances":1},{"id":19,"instances":1},{"id":20,"instances":1},{"id":21,"instances":1},{"id":22,"instances":1},{"id":23,"instances":1},{"id":24,"instances":1},{"id":25,"instances":1},{"id":26,"instances":1},{"id":27,"instances":1},{"id":28,"instances":1},{"id":29,"instances":1},{"id":30,"instances":1},{"id":32,"instances":1},{"id":33,"instances":1},{"id":34,"instances":1},{"id":35,"instances":1},{"id":36,"instances":1},{"id":37,"instances":1},{"id":39,"instances":1},{"id":40,"instances":1}]},{"name":"야수 정령","id":12,"guid":49457279,"type":"Pet","icon":"custom-icon-ability_warstomp","petOwner":9,"fights":[{"id":1,"instances":1},{"id":3,"instances":1},{"id":5,"instances":1},{"id":7,"instances":1},{"id":8,"instances":1},{"id":9,"instances":1},{"id":10,"instances":1},{"id":12,"instances":1},{"id":13,"instances":1},{"id":14,"instances":1},{"id":16,"instances":1},{"id":18,"instances":1},{"id":19,"instances":1},{"id":21,"instances":1},{"id":22,"instances":1},{"id":24,"instances":1},{"id":25,"instances":1},{"id":26,"instances":1},{"id":27,"instances":1},{"id":28,"instances":1},{"id":29,"instances":1},{"id":30,"instances":1},{"id":31,"instances":1},{"id":32,"instances":1},{"id":33,"instances":1},{"id":34,"instances":1},{"id":35,"instances":1},{"id":36,"instances":1},{"id":37,"instances":1},{"id":39,"instances":1},{"id":40,"instances":1}]},{"name":"Trolden","id":21,"guid":47727570,"type":"Pet","icon":"custom-icon-ability_hunter_sickem","petOwner":27,"fights":[{"id":1,"instances":1},{"id":3,"instances":1},{"id":4,"instances":1},{"id":5,"instances":1},{"id":7,"instances":1},{"id":8,"instances":1},{"id":9,"instances":1},{"id":10,"instances":1},{"id":11,"instances":1},{"id":12,"instances":1},{"id":13,"instances":1},{"id":14,"instances":1},{"id":15,"instances":1},{"id":16,"instances":1},{"id":18,"instances":1},{"id":19,"instances":1},{"id":22,"instances":1},{"id":24,"instances":1},{"id":25,"instances":1},{"id":26,"instances":1},{"id":27,"instances":1},{"id":28,"instances":1},{"id":29,"instances":1},{"id":30,"instances":1},{"id":32,"instances":1},{"id":33,"instances":1},{"id":34,"instances":1},{"id":35,"instances":1},{"id":36,"instances":1},{"id":37,"instances":1},{"id":39,"instances":1},{"id":40,"instances":1}]},{"name":"Guardian of Azeroth","id":66,"guid":152396,"type":"Pet","icon":"abilities/inv_glowing-azerite-geode","petOwner":47,"fights":[{"id":1,"instances":1},{"id":5,"instances":1},{"id":16,"instances":1},{"id":30,"instances":1}]},{"name":"Magus of the Dead","id":57,"guid":148797,"type":"Pet","icon":"abilities/achievement_ladydeathwhisper","petOwner":24,"fights":[{"id":1,"instances":3},{"id":3,"instances":2},{"id":5,"instances":5},{"id":9,"instances":2},{"id":12,"instances":5},{"id":13,"instances":1},{"id":14,"instances":1},{"id":16,"instances":5},{"id":18,"instances":3},{"id":19,"instances":4},{"id":21,"instances":1},{"id":24,"instances":6},{"id":26,"instances":1},{"id":28,"instances":7},{"id":30,"instances":3},{"id":32,"instances":4},{"id":33,"instances":6},{"id":34,"instances":1},{"id":35,"instances":5},{"id":36,"instances":2},{"id":39,"instances":15},{"id":40,"instances":17}]},{"name":"Guardian of Azeroth","id":70,"guid":152396,"type":"Pet","icon":"abilities/inv_glowing-azerite-geode","petOwner":33,"fights":[{"id":1,"instances":1},{"id":5,"instances":1},{"id":16,"instances":1},{"id":30,"instances":1}]},{"name":"Thing From Beyond","id":129,"guid":161895,"type":"Pet","icon":"custom-icon-ability_deathwing_assualtaspects","petOwner":17,"fights":[{"id":12,"instances":2},{"id":40,"instances":47}]}],"enemyPets":[],"phases":[{"boss":2336,"phases":["Stage One: Cult of the Void","Stage Two: Death from Above","Stage Three: The Void Unleashed"]},{"boss":2337,"phases":["Stage One: Exterior Carapace","Stage Two: Subcutaneous Tunnel","Stage Three: Locus of Infinite Truths"]},{"boss":2327,"phases":["Obsidian Destroyer","Obsidian Statue"]},{"boss":2344,"phases":["Stage One: Writhing Onslaught","Stage Two: Convergence"]},{"boss":2331,"phases":["Gathering Power","Unleashed Wrath"]},{"boss":2329,"phases":["The Black Emperor","Smoke and Mirrors"]},{"boss":2335,"phases":["Shadowy Carapace","Void-Tinged Carapace","Noxious Carapace"]}],"logVersion":16,"gameVersion":1,"title":"H NWC","owner":"MagicLuck74","start":1591145916456,"end":1591151948576,"zone":24,"exportedCharacters":[{"id":38641471,"name":"Axium","server":"Aerie Peak","region":"US"},{"id":48657405,"name":"Bloodkungfui","server":"Stormrage","region":"US"},{"id":15338302,"name":"Braille","server":"Icecrown","region":"US"},{"id":48704034,"name":"Brënt","server":"Stormrage","region":"US"},{"id":48015703,"name":"Cerbi","server":"Icecrown","region":"US"},{"id":34648296,"name":"Chickenism","server":"Icecrown","region":"US"},{"id":26457453,"name":"Demondont","server":"Dalaran","region":"US"},{"id":48112063,"name":"Dytharion","server":"Stormrage","region":"US"},{"id":11319172,"name":"Finesthour","server":"Icecrown","region":"US"},{"id":48704035,"name":"Fiyä","server":"Sargeras","region":"US"},{"id":41379637,"name":"Gutsman","server":"Icecrown","region":"US"},{"id":37071649,"name":"Jinarvo","server":"Icecrown","region":"US"},{"id":39171197,"name":"Luckster","server":"Icecrown","region":"US"},{"id":26015818,"name":"Lupp","server":"Icecrown","region":"US"},{"id":39092742,"name":"Megafangwolf","server":"Icecrown","region":"US"},{"id":41969673,"name":"Mygiraffe","server":"Icecrown","region":"US"},{"id":41775554,"name":"Nastellia","server":"Stormrage","region":"US"},{"id":43514974,"name":"Npdpal","server":"Icecrown","region":"US"},{"id":38660531,"name":"Protpalli","server":"Icecrown","region":"US"},{"id":8711605,"name":"Pudders","server":"Icecrown","region":"US"},{"id":48020161,"name":"Radalyn","server":"Icecrown","region":"US"},{"id":15746613,"name":"Ryeshot","server":"Icecrown","region":"US"},{"id":43673309,"name":"Ryn","server":"Icecrown","region":"US"},{"id":37777638,"name":"Sageleigh","server":"Icecrown","region":"US"},{"id":13439077,"name":"Seanhunter","server":"Ravencrest","region":"US"},{"id":27617946,"name":"Simplify","server":"Icecrown","region":"US"},{"id":40885138,"name":"Sindemon","server":"Icecrown","region":"US"},{"id":39537579,"name":"Tats","server":"Icecrown","region":"US"},{"id":32092350,"name":"Twelvebtw","server":"Icecrown","region":"US"},{"id":23974872,"name":"Winkyface","server":"Malygos","region":"US"}]}