{"fights":[{"id":1,"boss":0,"start_time":16,"end_time":41559,"name":"Monstrous Behemoth","zoneID":2217,"zoneName":"Ny'alotha, the Waking City","zoneDifficulty":0},{"id":2,"boss":0,"start_time":58313,"end_time":217167,"name":"Willing Sacrifice","zoneID":2217,"zoneName":"Ny'alotha, the Waking City","zoneDifficulty":0},{"id":3,"boss":0,"start_time":227792,"end_time":227792,"name":"Faceless Despoiler","zoneID":2241,"zoneName":"Uldum","zoneDifficulty":0},{"id":4,"boss":0,"start_time":243265,"end_time":254691,"name":"Oozing Putrefaction","zoneID":2241,"zoneName":"Uldum","zoneDifficulty":0},{"id":5,"boss":2329,"start_time":1728511,"end_time":2174006,"name":"Wrathion","zoneID":2217,"zoneName":"Ny'alotha, the Waking City","zoneDifficulty":0,"size":20,"difficulty":5,"kill":true,"partial":3,"bossPercentage":0,"fightPercentage":0,"lastPhaseForPercentageDisplay":1,"maps":[1580]},{"id":6,"boss":0,"start_time":2210823,"end_time":2366564,"name":"Amahtet","zoneID":2217,"zoneName":"Ny'alotha, the Waking City","zoneDifficulty":0},{"id":7,"boss":0,"start_time":2379418,"end_time":2445490,"name":"Aqir Shadowcrafter","zoneID":2217,"zoneName":"Ny'alotha, the Waking City","zoneDifficulty":0},{"id":8,"boss":0,"start_time":2469294,"end_time":2499606,"name":"Aqir Shadowcrafter","zoneID":2217,"zoneName":"Ny'alotha, the Waking City","zoneDifficulty":0},{"id":9,"boss":0,"originalBoss":2327,"start_time":2511767,"end_time":2521529,"name":"Maut","zoneID":2217,"zoneName":"Ny'alotha, the Waking City","zoneDifficulty":0},{"id":10,"boss":2327,"start_time":3223246,"end_time":3406232,"name":"Maut","zoneID":2217,"zoneName":"Ny'alotha, the Waking City","zoneDifficulty":0,"size":20,"difficulty":5,"kill":false,"partial":3,"bossPercentage":4310,"fightPercentage":4310,"lastPhaseForPercentageDisplay":1,"maps":[1581]},{"id":11,"boss":2327,"start_time":3609431,"end_time":3873972,"name":"Maut","zoneID":2217,"zoneName":"Ny'alotha, the Waking City","zoneDifficulty":0,"size":20,"difficulty":5,"kill":false,"partial":3,"bossPercentage":3237,"fightPercentage":3237,"lastPhaseForPercentageDisplay":1,"maps":[1581]},{"id":12,"boss":2327,"start_time":4066185,"end_time":4295849,"name":"Maut","zoneID":2217,"zoneName":"Ny'alotha, the Waking City","zoneDifficulty":0,"size":20,"difficulty":5,"kill":true,"partial":3,"bossPercentage":0,"fightPercentage":0,"lastPhaseForPercentageDisplay":1,"maps":[1581]},{"id":13,"boss":0,"start_time":4396701,"end_time":4516230,"name":"Ossirat","zoneID":2217,"zoneName":"Ny'alotha, the Waking City","zoneDifficulty":0},{"id":14,"boss":0,"start_time":4527194,"end_time":4606062,"name":"Umbral Seer","zoneID":2217,"zoneName":"Ny'alotha, the Waking City","zoneDifficulty":0},{"id":15,"boss":0,"start_time":4636569,"end_time":4701448,"name":"Anubisath Sentinel","zoneID":2217,"zoneName":"Ny'alotha, the Waking City","zoneDifficulty":0},{"id":16,"boss":2334,"start_time":4819516,"end_time":5115344,"name":"Prophet Skitra","zoneID":2217,"zoneName":"Ny'alotha, the Waking City","zoneDifficulty":0,"size":20,"difficulty":5,"kill":true,"partial":3,"bossPercentage":0,"fightPercentage":0,"lastPhaseForPercentageDisplay":0,"maps":[1581]},{"id":17,"boss":0,"start_time":5229528,"end_time":5229545,"name":"Onyx Scarab","zoneID":2217,"zoneName":"Ny'alotha, the Waking City","zoneDifficulty":0},{"id":18,"boss":0,"start_time":5325190,"end_time":5356375,"name":"Maddened Conscript","zoneID":2217,"zoneName":"Ny'alotha, the Waking City","zoneDifficulty":0},{"id":19,"boss":0,"start_time":5372260,"end_time":5373410,"name":"Maddened Conscript","zoneID":2217,"zoneName":"Ny'alotha, the Waking City","zoneDifficulty":0}],"lang":"en","friendlies":[{"name":"Weretiger","id":8,"guid":161187070,"type":"Warrior","server":"Kazzak","icon":"Warrior-Fury","fights":[{"id":1},{"id":2}]},{"name":"Hisokka","id":11,"guid":122228515,"type":"Hunter","server":"Kazzak","icon":"Hunter-BeastMastery","fights":[{"id":1},{"id":2}]},{"name":"Smötspala","id":3,"guid":153383928,"type":"Paladin","server":"TarrenMill","icon":"Paladin-Holy","fights":[{"id":1},{"id":2}]},{"name":"Aurova","id":450,"guid":179965926,"type":"Priest","server":"Kazzak","icon":"Priest-Shadow","fights":[{"id":5},{"id":6},{"id":7},{"id":8},{"id":9},{"id":10},{"id":11},{"id":12},{"id":13},{"id":14},{"id":15},{"id":16},{"id":18},{"id":19}]},{"name":"Hullukroko","id":174,"guid":161761079,"type":"Paladin","server":"ShatteredHand","icon":"Paladin-Holy","fights":[{"id":5},{"id":6},{"id":7},{"id":8},{"id":9},{"id":10},{"id":11},{"id":12},{"id":13},{"id":14},{"id":15},{"id":16},{"id":18},{"id":19}]},{"name":"Earow","id":52,"guid":129645446,"type":"Hunter","server":"Turalyon","icon":"Hunter-BeastMastery","fights":[{"id":2}]},{"name":"Оливергус","id":33,"guid":241075498,"type":"Hunter","server":"СвежевательДуш","icon":"Hunter-BeastMastery","fights":[{"id":1},{"id":2}]},{"name":"Xärn","id":624,"guid":118488220,"type":"Hunter","server":"Frostwolf","icon":"Hunter-BeastMastery","fights":[{"id":5}]},{"name":"Habibi","id":672,"guid":147226858,"type":"Priest","server":"Kazzak","icon":"Priest-Shadow","fights":[{"id":10},{"id":11},{"id":12},{"id":13},{"id":14},{"id":15},{"id":16}]},{"name":"Oshimaru","id":53,"guid":105203441,"type":"Mage","server":"Doomhammer","icon":"Mage-Fire","fights":[{"id":2}]},{"name":"Padge","id":5,"guid":134160650,"type":"Hunter","server":"Draenor","icon":"Hunter-BeastMastery","fights":[{"id":1},{"id":2}]},{"name":"Котемышка","id":618,"guid":202120061,"type":"DemonHunter","server":"СвежевательДуш","icon":"DemonHunter-Havoc","fights":[{"id":5},{"id":6},{"id":7},{"id":8},{"id":9},{"id":10},{"id":11},{"id":12},{"id":13},{"id":14},{"id":15},{"id":16},{"id":18}]},{"name":"Kêb","id":4,"guid":165578634,"type":"Priest","server":"Hyjal","icon":"Priest-Holy","fights":[{"id":1},{"id":2}]},{"name":"Schaubpala","id":615,"guid":111731307,"type":"Paladin","server":"Frostwolf","icon":"Paladin-Protection","fights":[{"id":5}]},{"name":"Darkrevenger","id":22,"guid":122638402,"type":"Rogue","server":"Draenor","icon":"Rogue-Assassination","fights":[{"id":1},{"id":2}]},{"name":"Elfway","id":621,"guid":202912190,"type":"Hunter","server":"Auchindoun","icon":"Hunter-BeastMastery","fights":[{"id":5},{"id":6},{"id":7},{"id":8},{"id":9},{"id":10},{"id":11},{"id":12},{"id":13},{"id":14},{"id":15},{"id":16},{"id":18},{"id":19}]},{"name":"Dookla","id":15,"guid":137223525,"type":"Druid","server":"Draenor","icon":"Druid-Guardian","fights":[{"id":1},{"id":2}]},{"name":"Pewpewlim","id":6,"guid":159188736,"type":"Hunter","server":"TarrenMill","icon":"Hunter-BeastMastery","fights":[{"id":1},{"id":2}]},{"name":"Slemeth","id":598,"guid":181217693,"type":"Druid","server":"Kazzak","icon":"Druid-Restoration","fights":[{"id":5},{"id":7},{"id":8},{"id":9},{"id":10},{"id":11},{"id":12},{"id":13},{"id":14},{"id":15},{"id":16}]},{"name":"Sangøma","id":457,"guid":95519456,"type":"Shaman","server":"TwistingNether","icon":"Shaman-Restoration","fights":[{"id":5},{"id":6},{"id":7},{"id":9},{"id":10},{"id":11},{"id":12},{"id":13},{"id":14},{"id":15},{"id":16}]},{"name":"Hardtoget","id":27,"guid":60006751,"type":"Druid","server":"Blackrock","icon":"Druid-Restoration","fights":[{"id":1},{"id":2}]},{"name":"Thessalia","id":7,"guid":210058599,"type":"Hunter","server":"Nagrand","icon":"Hunter-BeastMastery","fights":[{"id":1},{"id":2}]},{"name":"Blackïrd","id":28,"guid":175026250,"type":"Warlock","server":"Kor'gall","icon":"Warlock-Affliction","fights":[{"id":1},{"id":2},{"id":5},{"id":6},{"id":7},{"id":8},{"id":9},{"id":10},{"id":11},{"id":12},{"id":13},{"id":14},{"id":15},{"id":16},{"id":17},{"id":18}]},{"name":"Дзксдэстер","id":20,"guid":161672032,"type":"Hunter","server":"Галакронд","icon":"Hunter-BeastMastery","fights":[{"id":1},{"id":2}]},{"name":"Kodokushi","id":62,"guid":139339145,"type":"Unknown","server":"BurningLegion","icon":"Unknown","fights":[{"id":3}]},{"name":"Винай","id":617,"guid":172803779,"type":"DemonHunter","server":"Ревущийфьорд","icon":"DemonHunter-Havoc","fights":[{"id":5},{"id":6},{"id":7},{"id":8},{"id":9},{"id":10},{"id":11},{"id":12},{"id":13},{"id":14},{"id":15},{"id":16},{"id":17}]},{"name":"Brangorr","id":614,"guid":114292265,"type":"DeathKnight","server":"Hyjal","icon":"DeathKnight-Frost","fights":[{"id":5},{"id":6},{"id":7},{"id":8},{"id":9},{"id":10},{"id":11},{"id":12},{"id":13},{"id":14},{"id":15},{"id":16},{"id":18},{"id":19}]},{"name":"Turboslayer","id":484,"guid":167173996,"type":"Warrior","server":"Kazzak","icon":"Warrior-Arms","fights":[{"id":5},{"id":6},{"id":7},{"id":9},{"id":10},{"id":11},{"id":12},{"id":13},{"id":14},{"id":15},{"id":16}]},{"name":"Scrream","id":622,"guid":121228733,"type":"Rogue","server":"Drak'thul","icon":"Rogue-Assassination","fights":[{"id":5},{"id":6},{"id":7},{"id":8},{"id":9},{"id":10},{"id":11},{"id":12},{"id":13},{"id":16}]},{"name":"Littlecatoo","id":29,"guid":159255775,"type":"DemonHunter","server":"Draenor","icon":"DemonHunter-Havoc","fights":[{"id":1},{"id":2}]},{"name":"Léøluly","id":631,"guid":159181626,"type":"DemonHunter","server":"Hyjal","icon":"DemonHunter-Vengeance","fights":[{"id":5},{"id":6},{"id":7},{"id":8},{"id":9},{"id":10},{"id":11},{"id":12},{"id":13},{"id":14},{"id":15},{"id":16},{"id":18}]},{"name":"Argán","id":24,"guid":150883296,"type":"Druid","server":"Sanguino","icon":"Druid-Restoration","fights":[{"id":1},{"id":2}]},{"name":"Luennae","id":2,"guid":113280691,"type":"DeathKnight","server":"Ysondre","icon":"DeathKnight-Blood","fights":[{"id":1},{"id":2}]},{"name":"Sakratua","id":13,"guid":157330559,"type":"Rogue","server":"Sanguino","icon":"Rogue-Assassination","fights":[{"id":1},{"id":2}]},{"name":"Snuggly","id":599,"guid":158961162,"type":"DemonHunter","server":"Kazzak","icon":"DemonHunter-Havoc","fights":[{"id":5},{"id":6},{"id":7},{"id":9},{"id":10},{"id":11},{"id":12},{"id":13},{"id":14},{"id":15},{"id":16}]},{"name":"Mikadzukii","id":30,"guid":172419326,"type":"Rogue","server":"TwistingNether","icon":"Rogue-Assassination","fights":[{"id":1},{"id":2}]},{"name":"Pipatvs","id":361,"guid":133349851,"type":"Monk","server":"Drak'thul","icon":"Monk-Windwalker","fights":[{"id":5},{"id":6},{"id":7},{"id":8},{"id":9},{"id":10},{"id":11},{"id":12},{"id":13},{"id":14},{"id":15},{"id":16},{"id":17},{"id":18},{"id":19}]},{"name":"Zumray","id":425,"guid":167237169,"type":"Priest","server":"Al'Akir","icon":"Priest-Shadow","fights":[{"id":5},{"id":6},{"id":7},{"id":8},{"id":9},{"id":10},{"id":11},{"id":12},{"id":13},{"id":14},{"id":15},{"id":16},{"id":17},{"id":18}]},{"name":"Wild Imp","id":75,"guid":55659,"type":"Pet","icon":"custom-icon-spell_fel_firebolt","fights":[{"id":3,"instances":1}]},{"name":"Furihunt","id":81,"guid":159792176,"type":"Hunter","server":"Drak'thul","icon":"Hunter-BeastMastery","fights":[{"id":4}]},{"name":"Mitrecey","id":23,"guid":165364772,"type":"Rogue","server":"MarécagedeZangar","icon":"Rogue-Outlaw","fights":[{"id":1},{"id":2}]},{"name":"Toxicamoir","id":616,"guid":177517860,"type":"Mage","server":"Kazzak","icon":"Mage-Fire","fights":[{"id":5},{"id":6},{"id":7},{"id":8},{"id":9},{"id":10},{"id":11},{"id":12},{"id":13},{"id":14},{"id":15},{"id":16}]},{"name":"Lloigor","id":673,"guid":95234728,"type":"DeathKnight","server":"TwistingNether","icon":"DeathKnight-Blood","fights":[{"id":10},{"id":11},{"id":12},{"id":13},{"id":14},{"id":15},{"id":16},{"id":18},{"id":19}]},{"name":"Storstark","id":71,"guid":174913329,"type":"Unknown","server":"Darkspear","icon":"Unknown","fights":[{"id":3}]},{"name":"Leduok","id":613,"guid":142146206,"type":"Druid","server":"Drak'thul","icon":"Druid-Restoration","fights":[{"id":5},{"id":6},{"id":7},{"id":8},{"id":9},{"id":10},{"id":11},{"id":12},{"id":13},{"id":14},{"id":15},{"id":16},{"id":17},{"id":18},{"id":19}]},{"name":"Rikárdo","id":12,"guid":161355627,"type":"DemonHunter","server":"Ragnaros","icon":"DemonHunter-Havoc","fights":[{"id":1},{"id":2}]},{"name":"Bakamitai","id":14,"guid":169068421,"type":"Mage","server":"Dalaran","icon":"Mage-Arcane","fights":[{"id":1},{"id":2}]},{"name":"Nanobööst","id":625,"guid":157765474,"type":"Mage","server":"Drak'thul","icon":"Mage-Fire","fights":[{"id":5},{"id":6},{"id":7},{"id":8},{"id":9},{"id":10},{"id":11},{"id":12},{"id":13},{"id":14},{"id":15},{"id":16}]}],"enemies":[{"name":"Oozing Putrefaction","id":82,"guid":158703,"type":"NPC","icon":"custom-icon-inv_misc_organ_10","fights":[{"id":4,"instances":2,"groups":1}]},{"name":"Aqir Scarab","id":669,"guid":159405,"type":"NPC","icon":"NPC","fights":[{"id":7,"instances":37,"groups":1}]},{"name":"Dark Manifestation","id":676,"guid":156650,"type":"NPC","icon":"custom-icon-warlock_curse_shadow","fights":[{"id":10,"instances":3,"groups":1},{"id":11,"instances":4,"groups":2},{"id":12,"instances":5,"groups":2}]},{"name":"Wrathion","id":633,"guid":156818,"type":"Boss","icon":"custom-icon-ability_deathwing_cataclysm","fights":[{"id":5,"instances":1,"groups":3}]},{"name":"Aqir Shadowcrafter","id":670,"guid":161416,"type":"NPC","icon":"custom-icon-spell_shadow_shadowbolt","fights":[{"id":7,"instances":4,"groups":1},{"id":8,"instances":3,"groups":1}]},{"name":"Ossirat","id":665,"guid":161746,"type":"NPC","icon":"custom-icon-inv_misc_archstone_01","fights":[{"id":13,"instances":1}]},{"name":"Anubisath Sentinel","id":683,"guid":162417,"type":"NPC","icon":"custom-icon-spell_nature_thorns","fights":[{"id":15,"instances":1}]},{"name":"Shredded Psyche","id":685,"guid":158781,"type":"NPC","icon":"custom-icon-spell_shadow_painandsuffering","fights":[{"id":16,"instances":4,"groups":3}]},{"name":"Crackling Shard","id":659,"guid":158327,"type":"NPC","icon":"custom-icon-ability_rhyolith_volcano","fights":[{"id":5,"instances":56,"groups":2}]},{"name":"Hepthys","id":666,"guid":161745,"type":"NPC","icon":"custom-icon-inv_weapon_hand_08","fights":[{"id":13,"instances":1,"groups":2}]},{"name":"Monstrous Behemoth","id":1,"guid":159303,"type":"NPC","icon":"custom-icon-ability_warlock_everlastingaffliction","fights":[{"id":1,"instances":1},{"id":6,"instances":1},{"id":13,"instances":2}]},{"name":"Amahtet","id":664,"guid":159320,"type":"NPC","icon":"custom-icon-inv_misc_archstone_01","fights":[{"id":6,"instances":1}]},{"name":"Umbral Seer","id":44,"guid":159219,"type":"NPC","icon":"custom-icon-spell_shadow_painspike","fights":[{"id":2,"instances":1},{"id":14,"instances":1}]},{"name":"Khateph","id":667,"guid":159321,"type":"NPC","icon":"custom-icon-inv_weapon_hand_08","fights":[{"id":6,"instances":1}]},{"name":"Prophet Skitra","id":687,"guid":157620,"type":"NPC","icon":"NPC","fights":[{"id":16,"instances":1,"groups":2}]},{"name":"Void Initiate","id":47,"guid":160182,"type":"NPC","icon":"custom-icon-ability_ironmaidens_convulsiveshadows","fights":[{"id":2,"instances":13,"groups":2},{"id":13,"instances":7,"groups":2},{"id":14,"instances":10,"groups":2},{"id":18,"instances":11,"groups":1}]},{"name":"Void Fanatic","id":48,"guid":160183,"type":"NPC","icon":"NPC","fights":[{"id":2,"instances":8,"groups":3},{"id":6,"instances":5,"groups":1},{"id":14,"instances":3,"groups":1}]},{"name":"Anubisath Sentinel","id":682,"guid":161571,"type":"NPC","icon":"custom-icon-ability_warrior_savageblow","fights":[{"id":15,"instances":1}]},{"name":"Onyx Scarab","id":668,"guid":161834,"type":"NPC","icon":"NPC","fights":[{"id":6,"instances":7,"groups":4},{"id":13,"instances":2,"groups":2},{"id":17,"instances":1,"groups":1}]},{"name":"Chittering Waspling","id":679,"guid":161837,"type":"NPC","icon":"NPC","fights":[{"id":14,"instances":2,"groups":1}]},{"name":"Occult Shadowmender","id":10,"guid":159425,"type":"NPC","icon":"custom-icon-spell_shadow_painspike","fights":[{"id":1,"instances":1,"groups":1},{"id":2,"instances":4,"groups":1},{"id":6,"instances":1,"groups":1},{"id":14,"instances":1,"groups":1}]},{"name":"Image of Absolution","id":686,"guid":160990,"type":"NPC","icon":"custom-icon-inv_enchant_dustillusion","fights":[{"id":16,"instances":28,"groups":5}]},{"name":"Prophet Skitra","id":684,"guid":157238,"type":"Boss","icon":"custom-icon-spell_fire_twilightflamebolt","fights":[{"id":16,"instances":1,"groups":3}]},{"name":"Willing Sacrifice","id":61,"guid":162647,"type":"NPC","icon":"custom-icon-ability_warlock_everlastingaffliction","fights":[{"id":2,"instances":1},{"id":6,"instances":1}]},{"name":"Maut","id":671,"guid":156523,"type":"Boss","icon":"custom-icon-inv_misc_archstone_01","fights":[{"id":9,"instances":1},{"id":10,"instances":1},{"id":11,"instances":1},{"id":12,"instances":1}]},{"name":"Shath'Yar Scribe","id":46,"guid":163690,"type":"NPC","icon":"custom-icon-inv_enchant_voidsphere","fights":[{"id":2,"instances":5,"groups":1},{"id":13,"instances":1,"groups":1},{"id":14,"instances":1,"groups":1}]},{"name":"Faceless Despoiler","id":68,"guid":156568,"type":"NPC","icon":"NPC","fights":[{"id":3,"instances":1}]},{"name":"Ashwalker Assassin","id":661,"guid":160291,"type":"NPC","icon":"custom-icon-ability_stealth","fights":[{"id":5,"instances":7,"groups":2}]},{"name":"Anubisath Sentinel","id":680,"guid":162534,"type":"NPC","icon":"custom-icon-ability_warrior_trauma","fights":[{"id":15,"instances":1}]},{"name":"Maddened Conscript","id":9,"guid":159305,"type":"NPC","icon":"custom-icon-ability_racial_bloodrage","fights":[{"id":1,"instances":1,"groups":1},{"id":2,"instances":3,"groups":1},{"id":6,"instances":1,"groups":1},{"id":14,"instances":1,"groups":1},{"id":18,"instances":1,"groups":1},{"id":19,"instances":1,"groups":1}]},{"name":"Anubisath Sentinel","id":681,"guid":162508,"type":"NPC","icon":"custom-icon-spell_shadow_shadowbolt","fights":[{"id":15,"instances":1}]},{"name":"Deranged Fleshbeast","id":83,"guid":158684,"type":"NPC","icon":"custom-icon-inv_trilobitemount_blue","fights":[{"id":4,"instances":1}]}],"friendlyPets":[{"name":"Chrominus","id":55,"guid":62993188,"type":"Pet","icon":"custom-icon-ability_hunter_sickem","petOwner":52,"fights":[{"id":2,"instances":1}]},{"name":"Efflorescence","id":632,"guid":47649,"type":"Pet","icon":"abilities/inv_misc_herb_talandrasrose","petOwner":598,"fights":[{"id":5,"instances":17},{"id":10,"instances":7},{"id":11,"instances":3},{"id":12,"instances":7},{"id":13,"instances":2},{"id":14,"instances":2},{"id":15,"instances":2},{"id":16,"instances":5}]},{"name":"Twisted Appendage","id":43,"guid":162764,"type":"Pet","icon":"abilities/achievement_boss_yoggsaron_01","petOwner":29,"fights":[{"id":1,"instances":2},{"id":2,"instances":3}]},{"name":"Greater Earth Elemental","id":663,"guid":95072,"type":"Pet","icon":"abilities/spell_nature_earthelemental_totem","petOwner":457,"fights":[{"id":5,"instances":1}]},{"name":"Bloodworm","id":37,"guid":99773,"type":"Pet","icon":"abilities/spell_shadow_soulleech","petOwner":2,"fights":[{"id":1,"instances":4},{"id":2,"instances":12}]},{"name":"Hati","id":25,"guid":60421433,"type":"Pet","icon":"custom-icon-ability_hunter_sickem","petOwner":5,"fights":[{"id":1,"instances":1},{"id":2,"instances":1}]},{"name":"TrixiSprit","id":18,"guid":53988541,"type":"Pet","icon":"custom-icon-ability_hunter_sickem","petOwner":6,"fights":[{"id":1,"instances":1},{"id":2,"instances":1}]},{"name":"Efflorescence","id":42,"guid":47649,"type":"Pet","icon":"abilities/inv_misc_herb_talandrasrose","petOwner":24,"fights":[{"id":1,"instances":1},{"id":2,"instances":4}]},{"name":"Twisted Appendage","id":49,"guid":162764,"type":"Pet","icon":"abilities/achievement_boss_yoggsaron_01","petOwner":30,"fights":[{"id":2,"instances":4}]},{"name":"Wolf","id":629,"guid":47165424,"type":"Pet","icon":"abilities/ability_hunter_beastcall","petOwner":621,"fights":[{"id":5,"instances":1},{"id":6,"instances":1},{"id":7,"instances":1},{"id":8,"instances":1},{"id":9,"instances":1},{"id":10,"instances":1},{"id":11,"instances":1},{"id":12,"instances":1},{"id":13,"instances":1},{"id":14,"instances":1},{"id":15,"instances":1},{"id":16,"instances":1},{"id":19,"instances":1}]},{"name":"Guardian of Azeroth","id":640,"guid":152396,"type":"Pet","icon":"abilities/inv_glowing-azerite-geode","petOwner":617,"fights":[{"id":5,"instances":3},{"id":10,"instances":1},{"id":11,"instances":1},{"id":12,"instances":2},{"id":14,"instances":1},{"id":16,"instances":1}]},{"name":"Beast","id":60,"guid":62005,"type":"Pet","icon":"abilities/ability_hunter_sickem","petOwner":5,"fights":[{"id":2,"instances":2}]},{"name":"Rune Weapon","id":51,"guid":27893,"type":"Pet","icon":"abilities/inv_sword_07","petOwner":2,"fights":[{"id":2,"instances":1}]},{"name":"Mechanical","id":32,"guid":37882077,"type":"Pet","icon":"custom-icon-ability_hunter_sickem","petOwner":11,"fights":[{"id":1,"instances":1},{"id":2,"instances":1}]},{"name":"Pig","id":627,"guid":36091702,"type":"Pet","icon":"abilities/ability_hunter_beastcall","petOwner":624,"fights":[{"id":5,"instances":1}]},{"name":"Earthen Wall Totem","id":652,"guid":100943,"type":"Pet","icon":"abilities/spell_nature_stoneskintotem","petOwner":457,"fights":[{"id":5,"instances":5},{"id":6,"instances":1},{"id":10,"instances":2},{"id":11,"instances":4},{"id":12,"instances":1},{"id":13,"instances":1},{"id":14,"instances":1},{"id":15,"instances":1},{"id":16,"instances":4}]},{"name":"Twisted Appendage","id":653,"guid":162764,"type":"Pet","icon":"abilities/achievement_boss_yoggsaron_01","petOwner":614,"fights":[{"id":5,"instances":7},{"id":6,"instances":3},{"id":7,"instances":1},{"id":8,"instances":3},{"id":10,"instances":3},{"id":11,"instances":3},{"id":12,"instances":5},{"id":13,"instances":4},{"id":16,"instances":6}]},{"name":"Beast","id":57,"guid":62005,"type":"Pet","icon":"abilities/ability_hunter_sickem","petOwner":20,"fights":[{"id":2,"instances":1}]},{"name":"Хати","id":35,"guid":73402790,"type":"Pet","icon":"custom-icon-ability_hunter_sickem","petOwner":33,"fights":[{"id":1,"instances":1},{"id":2,"instances":1}]},{"name":"Bloodworm","id":675,"guid":99773,"type":"Pet","icon":"abilities/spell_shadow_soulleech","petOwner":673,"fights":[{"id":10,"instances":12},{"id":11,"instances":24},{"id":12,"instances":17},{"id":13,"instances":9},{"id":14,"instances":5},{"id":15,"instances":3},{"id":16,"instances":7}]},{"name":"Darkglare","id":647,"guid":103673,"type":"Pet","icon":"abilities/inv_beholderwarlock","petOwner":28,"fights":[{"id":5,"instances":3},{"id":10,"instances":1},{"id":11,"instances":1},{"id":12,"instances":2},{"id":13,"instances":1},{"id":16,"instances":1}]},{"name":"Guardian of Azeroth","id":643,"guid":152396,"type":"Pet","icon":"abilities/inv_glowing-azerite-geode","petOwner":599,"fights":[{"id":5,"instances":3},{"id":6,"instances":1},{"id":10,"instances":1},{"id":11,"instances":1},{"id":12,"instances":2},{"id":16,"instances":2}]},{"name":"Hati","id":58,"guid":62365420,"type":"Pet","icon":"abilities/ability_hunter_beastcall","petOwner":52,"fights":[{"id":2,"instances":1}]},{"name":"Spirit Beast","id":19,"guid":53992071,"type":"Pet","icon":"custom-icon-ability_hunter_sickem","petOwner":6,"fights":[{"id":1,"instances":1},{"id":2,"instances":1}]},{"name":"Fire Spirit","id":638,"guid":69791,"type":"Pet","icon":"abilities/inv_summerfest_firespirit","petOwner":361,"fights":[{"id":5,"instances":8},{"id":6,"instances":2},{"id":7,"instances":1},{"id":8,"instances":1},{"id":10,"instances":4},{"id":11,"instances":5},{"id":12,"instances":4},{"id":13,"instances":3},{"id":14,"instances":1},{"id":16,"instances":6},{"id":18,"instances":1}]},{"name":"Healing Tide Totem","id":648,"guid":59764,"type":"Pet","icon":"abilities/ability_shaman_healingtide","petOwner":457,"fights":[{"id":5,"instances":10},{"id":6,"instances":1},{"id":7,"instances":1},{"id":10,"instances":4},{"id":11,"instances":3},{"id":12,"instances":5},{"id":13,"instances":2},{"id":15,"instances":1},{"id":16,"instances":7}]},{"name":"Twisted Appendage","id":660,"guid":162764,"type":"Pet","icon":"abilities/achievement_boss_yoggsaron_01","petOwner":622,"fights":[{"id":5,"instances":6},{"id":6,"instances":3},{"id":9,"instances":1},{"id":10,"instances":1},{"id":11,"instances":1},{"id":12,"instances":3}]},{"name":"Devilsaur","id":31,"guid":50337246,"type":"Pet","icon":"custom-icon-ability_hunter_sickem","petOwner":11,"fights":[{"id":1,"instances":1},{"id":2,"instances":1}]},{"name":"Гончая недр","id":38,"guid":46563933,"type":"Pet","icon":"custom-icon-ability_hunter_sickem","petOwner":20,"fights":[{"id":1,"instances":1},{"id":2,"instances":1}]},{"name":"Silver","id":17,"guid":49720627,"type":"Pet","icon":"custom-icon-ability_hunter_sickem","petOwner":7,"fights":[{"id":1,"instances":1},{"id":2,"instances":1}]},{"name":"Shadowfiend","id":650,"guid":19668,"type":"Pet","icon":"abilities/spell_shadow_shadowfiend","petOwner":425,"fights":[{"id":5,"instances":3},{"id":6,"instances":1},{"id":10,"instances":1},{"id":11,"instances":1},{"id":12,"instances":2},{"id":13,"instances":1},{"id":15,"instances":1},{"id":16,"instances":2}]},{"name":"Onyx","id":16,"guid":49720626,"type":"Pet","icon":"abilities/ability_hunter_beastsoothe","petOwner":7,"fights":[{"id":1,"instances":1},{"id":2,"instances":1}]},{"name":"Flaaghun","id":67,"guid":5159623,"type":"Pet","icon":"Pet","petOwner":66,"fights":[{"id":3,"instances":1}]},{"name":"Хати","id":36,"guid":73402798,"type":"Pet","icon":"custom-icon-ability_hunter_sickem","petOwner":33,"fights":[{"id":1,"instances":1},{"id":2,"instances":1}]},{"name":"Spirit Link Totem","id":657,"guid":53006,"type":"Pet","icon":"abilities/spell_shaman_spiritlink","petOwner":457,"fights":[{"id":5,"instances":2},{"id":6,"instances":1},{"id":7,"instances":1},{"id":10,"instances":1},{"id":11,"instances":1},{"id":13,"instances":1},{"id":16,"instances":1}]},{"name":"Aszhara","id":628,"guid":36091703,"type":"Pet","icon":"custom-icon-ability_warstomp","petOwner":624,"fights":[{"id":5,"instances":1}]},{"name":"Rune Weapon","id":678,"guid":27893,"type":"Pet","icon":"abilities/inv_sword_07","petOwner":673,"fights":[{"id":10,"instances":1},{"id":11,"instances":1},{"id":16,"instances":1}]},{"name":"Myonix","id":84,"guid":53913741,"type":"Pet","icon":"custom-icon-ability_druid_rake","petOwner":81,"fights":[{"id":4,"instances":1}]},{"name":"Guardian of Azeroth","id":644,"guid":152396,"type":"Pet","icon":"abilities/inv_glowing-azerite-geode","petOwner":618,"fights":[{"id":5,"instances":3},{"id":10,"instances":1},{"id":11,"instances":1},{"id":12,"instances":1},{"id":13,"instances":1},{"id":16,"instances":1}]},{"name":"Nokham","id":41,"guid":59474399,"type":"Pet","icon":"abilities/spell_shadow_summonimp","petOwner":28,"fights":[{"id":1,"instances":1},{"id":2,"instances":1},{"id":5,"instances":1},{"id":6,"instances":1},{"id":7,"instances":1},{"id":10,"instances":1},{"id":11,"instances":1},{"id":12,"instances":1},{"id":13,"instances":1},{"id":14,"instances":1},{"id":15,"instances":1},{"id":16,"instances":1}]},{"name":"Guardian of Azeroth","id":634,"guid":152396,"type":"Pet","icon":"abilities/inv_glowing-azerite-geode","petOwner":614,"fights":[{"id":5,"instances":3},{"id":6,"instances":1},{"id":10,"instances":1},{"id":11,"instances":2},{"id":12,"instances":2},{"id":13,"instances":1},{"id":16,"instances":2}]},{"name":"Efflorescence","id":34,"guid":47649,"type":"Pet","icon":"abilities/inv_misc_herb_talandrasrose","petOwner":27,"fights":[{"id":1,"instances":1},{"id":2,"instances":5}]},{"name":"Shadowfiend","id":677,"guid":19668,"type":"Pet","icon":"abilities/spell_shadow_shadowfiend","petOwner":672,"fights":[{"id":10,"instances":1},{"id":11,"instances":1},{"id":12,"instances":1},{"id":13,"instances":1},{"id":16,"instances":2}]},{"name":"Hati","id":26,"guid":60421374,"type":"Pet","icon":"custom-icon-ability_hunter_sickem","petOwner":5,"fights":[{"id":1,"instances":1},{"id":2,"instances":1}]},{"name":"Crocolisk","id":630,"guid":44054098,"type":"Pet","icon":"custom-icon-ability_hunter_sickem","petOwner":621,"fights":[{"id":5,"instances":1},{"id":6,"instances":1},{"id":7,"instances":1},{"id":8,"instances":1},{"id":9,"instances":1},{"id":10,"instances":1},{"id":11,"instances":1},{"id":12,"instances":1},{"id":13,"instances":1},{"id":14,"instances":1},{"id":15,"instances":1},{"id":16,"instances":1},{"id":19,"instances":1}]},{"name":"Shadowfiend","id":649,"guid":67235,"type":"Pet","icon":"abilities/spell_shadow_shadowfiend","petOwner":450,"fights":[{"id":5,"instances":3},{"id":6,"instances":1},{"id":10,"instances":1},{"id":11,"instances":2},{"id":12,"instances":2},{"id":16,"instances":1}]},{"name":"Guardian of Azeroth","id":641,"guid":152396,"type":"Pet","icon":"abilities/inv_glowing-azerite-geode","petOwner":28,"fights":[{"id":5,"instances":3},{"id":10,"instances":1},{"id":11,"instances":1},{"id":12,"instances":2},{"id":13,"instances":1},{"id":16,"instances":1}]},{"name":"Demonic Gateway","id":656,"guid":59271,"type":"Pet","icon":"custom-icon-trade_engineering","petOwner":28,"fights":[{"id":5,"instances":4}]},{"name":"Demonic Gateway","id":655,"guid":59262,"type":"Pet","icon":"custom-icon-trade_engineering","petOwner":28,"fights":[{"id":5,"instances":4}]},{"name":"Hati","id":56,"guid":62365515,"type":"Pet","icon":"custom-icon-ability_hunter_sickem","petOwner":52,"fights":[{"id":2,"instances":1}]},{"name":"Earth Spirit","id":636,"guid":69792,"type":"Pet","icon":"abilities/inv_elemental_primal_earth","petOwner":361,"fights":[{"id":5,"instances":8},{"id":6,"instances":2},{"id":7,"instances":1},{"id":8,"instances":1},{"id":10,"instances":4},{"id":11,"instances":5},{"id":12,"instances":4},{"id":13,"instances":3},{"id":14,"instances":1},{"id":16,"instances":6},{"id":18,"instances":1}]},{"name":"Efflorescence","id":646,"guid":47649,"type":"Pet","icon":"abilities/inv_misc_herb_talandrasrose","petOwner":613,"fights":[{"id":5,"instances":8},{"id":6,"instances":1},{"id":10,"instances":1},{"id":11,"instances":3},{"id":12,"instances":2},{"id":13,"instances":2},{"id":14,"instances":1},{"id":16,"instances":3}]},{"name":"Twisted Appendage","id":658,"guid":162764,"type":"Pet","icon":"abilities/achievement_boss_yoggsaron_01","petOwner":361,"fights":[{"id":5,"instances":6},{"id":6,"instances":1},{"id":8,"instances":2},{"id":10,"instances":3},{"id":11,"instances":4},{"id":12,"instances":3},{"id":13,"instances":1},{"id":14,"instances":1},{"id":15,"instances":2},{"id":16,"instances":6}]}],"enemyPets":[],"phases":[{"boss":2327,"phases":["Obsidian Destroyer","Obsidian Statue"]},{"boss":2329,"phases":["The Black Emperor","Smoke and Mirrors"]}],"logVersion":16,"gameVersion":1,"title":"Ny'alotha","owner":"blackird","start":1601665771491,"end":1601671144942,"zone":24,"exportedCharacters":[{"id":41794351,"name":"Aurova","server":"Kazzak","region":"EU"},{"id":51999937,"name":"Blackïrd","server":"Kor'gall","region":"EU"},{"id":45237846,"name":"Brangorr","server":"Hyjal","region":"EU"},{"id":49623031,"name":"Elfway","server":"Auchindoun","region":"EU"},{"id":31378312,"name":"Habibi","server":"Kazzak","region":"EU"},{"id":49594815,"name":"Hullukroko","server":"Shattered Hand","region":"EU"},{"id":3827653,"name":"Leduok","server":"Drak'thul","region":"EU"},{"id":796536,"name":"Lloigor","server":"Twisting Nether","region":"EU"},{"id":51959539,"name":"Léøluly","server":"Hyjal","region":"EU"},{"id":44714095,"name":"Nanobööst","server":"Drak'thul","region":"EU"},{"id":24412255,"name":"Pipatvs","server":"Drak'thul","region":"EU"},{"id":3281468,"name":"Sangøma","server":"Twisting Nether","region":"EU"},{"id":48219754,"name":"Schaubpala","server":"Frostwolf","region":"EU"},{"id":20367066,"name":"Scrream","server":"Drak'thul","region":"EU"},{"id":42449676,"name":"Slemeth","server":"Kazzak","region":"EU"},{"id":42610851,"name":"Snuggly","server":"Kazzak","region":"EU"},{"id":40672394,"name":"Toxicamoir","server":"Kazzak","region":"EU"},{"id":45393165,"name":"Turboslayer","server":"Kazzak","region":"EU"},{"id":48584327,"name":"Xärn","server":"Frostwolf","region":"EU"},{"id":27582355,"name":"Zumray","server":"Al'Akir","region":"EU"},{"id":51597832,"name":"Винай","server":"Ревущий фьорд","region":"EU"},{"id":51415881,"name":"Котемышка","server":"Свежеватель Душ","region":"EU"}]}