{"fights":[{"id":1,"start_time":403866,"end_time":649797,"boss":2329,"name":"Wrathion","size":20,"difficulty":4,"kill":true,"partial":3,"bossPercentage":0,"fightPercentage":0,"lastPhaseForPercentageDisplay":1,"maps":[1580]},{"id":2,"start_time":690077,"end_time":775785,"boss":0,"name":"Eye of the Depths"},{"id":3,"start_time":794034,"end_time":916279,"boss":0,"name":"Anubisath Sentinel"},{"id":4,"start_time":1015205,"end_time":1075713,"boss":0,"name":"Anubisath Sentinel"},{"id":5,"start_time":1197928,"end_time":1449360,"boss":2334,"name":"Prophet Skitra","size":21,"difficulty":4,"kill":true,"partial":3,"bossPercentage":0,"fightPercentage":0,"lastPhaseForPercentageDisplay":0,"maps":[1581]},{"id":6,"start_time":1504256,"end_time":1533787,"boss":0,"name":"Willing Sacrifice"},{"id":7,"start_time":1562962,"end_time":1606930,"boss":0,"name":"Monstrous Behemoth"},{"id":8,"start_time":1630664,"end_time":1707031,"boss":0,"name":"Hepthys"},{"id":9,"start_time":1737332,"end_time":1827024,"boss":0,"name":"Aqir Shadowcrafter"},{"id":10,"start_time":2035183,"end_time":2258092,"boss":2327,"name":"Maut","size":21,"difficulty":4,"kill":true,"partial":3,"bossPercentage":0,"fightPercentage":0,"lastPhaseForPercentageDisplay":1,"maps":[1581]},{"id":11,"start_time":2345223,"end_time":2452788,"boss":0,"name":"Gryth'ax the Executioner"},{"id":12,"start_time":2510877,"end_time":2619140,"boss":0,"name":"Umbral Gatekeeper"},{"id":13,"start_time":2632168,"end_time":2797838,"boss":0,"name":"Jesh'ra"},{"id":14,"start_time":2808773,"end_time":2964642,"boss":0,"name":"Aqir Swarmkeeper"},{"id":15,"start_time":2998264,"end_time":3245616,"boss":0,"name":"Deresh of the Nothingness"},{"id":16,"start_time":3374418,"end_time":3722484,"boss":2333,"name":"The Hivemind","size":21,"difficulty":4,"kill":true,"partial":3,"bossPercentage":0,"fightPercentage":0,"lastPhaseForPercentageDisplay":0,"maps":[1590]},{"id":17,"start_time":3763015,"end_time":3875427,"boss":0,"name":"Abyssal Watcher"},{"id":18,"start_time":3889698,"end_time":3896778,"boss":0,"name":"Demented Knife-Twister"},{"id":19,"start_time":3919347,"end_time":3919363,"boss":0,"name":"Demented Knife-Twister"},{"id":20,"start_time":4003266,"end_time":4053093,"boss":0,"name":"Abyssal Watcher"},{"id":21,"start_time":4113590,"end_time":4183107,"boss":0,"name":"Abyssal Watcher"},{"id":22,"start_time":4204008,"end_time":4283906,"boss":0,"name":"Abyssal Watcher"},{"id":23,"start_time":4485351,"end_time":4763795,"boss":2331,"name":"Ra-den the Despoiled","size":19,"difficulty":4,"kill":true,"partial":3,"bossPercentage":0,"fightPercentage":0,"lastPhaseForPercentageDisplay":2,"maps":[1591]},{"id":24,"start_time":4831947,"end_time":5240295,"boss":0,"name":"Sanguimar"},{"id":25,"start_time":5518416,"end_time":5758647,"boss":2335,"name":"Shad'har the Insatiable","size":21,"difficulty":4,"kill":true,"partial":3,"bossPercentage":0,"fightPercentage":0,"lastPhaseForPercentageDisplay":3,"maps":[1594]},{"id":26,"start_time":5808523,"end_time":6070847,"boss":0,"name":"Drest'agath"},{"id":27,"start_time":6230124,"end_time":6684543,"boss":2343,"name":"Drest'agath","size":21,"difficulty":4,"kill":false,"partial":3,"bossPercentage":919,"fightPercentage":919,"lastPhaseForPercentageDisplay":0,"maps":[1595]},{"id":28,"start_time":6890714,"end_time":7233759,"boss":2343,"name":"Drest'agath","size":21,"difficulty":4,"kill":true,"partial":3,"bossPercentage":0,"fightPercentage":0,"lastPhaseForPercentageDisplay":0,"maps":[1595]},{"id":29,"start_time":7258087,"end_time":7381789,"boss":0,"name":"Corrosive Digester"},{"id":30,"start_time":7684119,"end_time":8061776,"boss":2345,"name":"Il'gynoth, Corruption Reborn","size":20,"difficulty":4,"kill":false,"partial":3,"bossPercentage":7093,"fightPercentage":7093,"lastPhaseForPercentageDisplay":0,"maps":[1596]},{"id":31,"start_time":8647517,"end_time":9007818,"boss":2345,"name":"Il'gynoth, Corruption Reborn","size":19,"difficulty":4,"kill":false,"partial":3,"bossPercentage":7123,"fightPercentage":7123,"lastPhaseForPercentageDisplay":0,"maps":[1596]},{"id":32,"start_time":9007845,"end_time":9012276,"boss":0,"originalBoss":2345,"name":"Il'gynoth, Corruption Reborn"},{"id":33,"start_time":9209651,"end_time":9526273,"boss":2345,"name":"Il'gynoth, Corruption Reborn","size":19,"difficulty":4,"kill":false,"partial":3,"bossPercentage":3087,"fightPercentage":3087,"lastPhaseForPercentageDisplay":0,"maps":[1596]},{"id":34,"start_time":9558596,"end_time":9573319,"boss":0,"originalBoss":2345,"name":"Il'gynoth, Corruption Reborn"},{"id":35,"start_time":9873851,"end_time":10320652,"boss":2345,"name":"Il'gynoth, Corruption Reborn","size":18,"difficulty":4,"kill":false,"partial":3,"bossPercentage":838,"fightPercentage":838,"lastPhaseForPercentageDisplay":0,"maps":[1596]},{"id":36,"start_time":10434898,"end_time":10735347,"boss":2345,"name":"Il'gynoth, Corruption Reborn","size":18,"difficulty":4,"kill":false,"partial":3,"bossPercentage":2692,"fightPercentage":2692,"lastPhaseForPercentageDisplay":0,"maps":[1596]},{"id":37,"start_time":10879468,"end_time":11255441,"boss":2345,"name":"Il'gynoth, Corruption Reborn","size":17,"difficulty":4,"kill":true,"partial":3,"bossPercentage":0,"fightPercentage":0,"lastPhaseForPercentageDisplay":0,"maps":[1596]},{"id":38,"start_time":11892378,"end_time":12121069,"boss":0,"name":"Irontide Enforcer"},{"id":39,"start_time":12204241,"end_time":12229499,"boss":2093,"name":"Skycap'n Kragg","size":5,"difficulty":5,"kill":true,"partial":3,"bossPercentage":0,"fightPercentage":0,"lastPhaseForPercentageDisplay":0,"maps":[936]},{"id":40,"start_time":12240923,"end_time":12263745,"boss":0,"name":"Irontide Enforcer"},{"id":41,"start_time":12276108,"end_time":12383935,"boss":0,"name":"Vermin Trapper"},{"id":42,"start_time":12390437,"end_time":12422650,"boss":2094,"name":"Council o' Captains","size":5,"difficulty":5,"kill":true,"partial":3,"bossPercentage":0,"fightPercentage":0,"lastPhaseForPercentageDisplay":0,"maps":[936]},{"id":43,"start_time":12429821,"end_time":12527278,"boss":0,"name":"Training Dummy"},{"id":44,"start_time":12593619,"end_time":12616303,"boss":0,"name":"Ludwig Von Tortollan"},{"id":45,"start_time":12651388,"end_time":12669166,"boss":2095,"name":"Ring of Booty","size":5,"difficulty":5,"kill":true,"partial":3,"bossPercentage":0,"fightPercentage":0,"lastPhaseForPercentageDisplay":0,"maps":[936]},{"id":46,"start_time":12677805,"end_time":12679806,"boss":0,"name":"Training Dummy"},{"id":47,"start_time":12701928,"end_time":12745850,"boss":0,"name":"Irontide Oarsman"},{"id":48,"start_time":12842711,"end_time":12874543,"boss":2096,"name":"Lord Harlan Sweete","size":5,"difficulty":5,"kill":true,"partial":3,"bossPercentage":0,"fightPercentage":0,"lastPhaseForPercentageDisplay":0,"maps":[936]},{"id":49,"start_time":13223709,"end_time":13426132,"boss":0,"name":"Coin-Operated Crowd Pummeler"},{"id":50,"start_time":13426636,"end_time":13456294,"boss":2105,"name":"Coin-Operated Crowd Pummeler","size":5,"difficulty":5,"kill":true,"partial":3,"bossPercentage":0,"fightPercentage":0,"lastPhaseForPercentageDisplay":0,"maps":[1010]},{"id":51,"start_time":13471452,"end_time":13617406,"boss":0,"name":"Taskmaster Askari"},{"id":52,"start_time":13636445,"end_time":13659155,"boss":2106,"name":"Azerokk","size":5,"difficulty":5,"kill":true,"partial":3,"bossPercentage":0,"fightPercentage":0,"lastPhaseForPercentageDisplay":0,"maps":[1010]},{"id":53,"start_time":13684093,"end_time":13808066,"boss":0,"name":"Venture Co. Mastermind"},{"id":54,"start_time":13820553,"end_time":13842855,"boss":2107,"name":"Rixxa Fluxfume","size":5,"difficulty":5,"kill":true,"partial":3,"bossPercentage":0,"fightPercentage":0,"lastPhaseForPercentageDisplay":0,"maps":[1010]},{"id":55,"start_time":13852532,"end_time":13975686,"boss":0,"name":"Venture Co. War Machine"},{"id":56,"start_time":13977447,"end_time":14013872,"boss":2108,"name":"Mogul Razdunk","size":5,"difficulty":5,"kill":true,"partial":3,"bossPercentage":0,"fightPercentage":0,"lastPhaseForPercentageDisplay":0,"maps":[1010]},{"id":57,"start_time":14027105,"end_time":14029538,"boss":0,"name":"Unknown"},{"id":58,"start_time":14252734,"end_time":14275514,"boss":2086,"name":"Rezan","size":5,"difficulty":5,"kill":true,"partial":3,"bossPercentage":0,"fightPercentage":0,"lastPhaseForPercentageDisplay":0,"maps":[935]},{"id":59,"start_time":14286948,"end_time":14437337,"boss":0,"name":"Reanimated Honor Guard"},{"id":60,"start_time":14450438,"end_time":14492806,"boss":2085,"name":"Vol'kaal","size":5,"difficulty":5,"kill":true,"partial":3,"bossPercentage":0,"fightPercentage":0,"lastPhaseForPercentageDisplay":0,"maps":[934]},{"id":61,"start_time":14506742,"end_time":14625544,"boss":0,"name":"Zanchuli Witch-Doctor"},{"id":62,"start_time":14640079,"end_time":14669712,"boss":0,"name":"Dazar'ai Juggernaut"},{"id":63,"start_time":14671462,"end_time":14710866,"boss":2084,"name":"Priestess Alun'za","size":5,"difficulty":5,"kill":true,"partial":3,"bossPercentage":0,"fightPercentage":0,"lastPhaseForPercentageDisplay":0,"maps":[934]},{"id":64,"start_time":14751465,"end_time":14762082,"boss":0,"name":"Echo of Shadra"},{"id":65,"start_time":14762715,"end_time":14784614,"boss":2087,"name":"Yazma","size":5,"difficulty":5,"kill":true,"partial":3,"bossPercentage":0,"fightPercentage":0,"lastPhaseForPercentageDisplay":0,"maps":[934]},{"id":66,"start_time":14812737,"end_time":14812758,"boss":0,"name":"Toxic Saurid"},{"id":67,"start_time":14831851,"end_time":14835868,"boss":0,"name":"Feasting Skyscreamer"},{"id":68,"start_time":14944439,"end_time":15009175,"boss":0,"name":"Animated Guardian"},{"id":69,"start_time":15038078,"end_time":15113704,"boss":0,"name":"Shadow-Borne Champion"},{"id":70,"start_time":15127799,"end_time":15155042,"boss":2139,"name":"The Golden Serpent","size":5,"difficulty":5,"kill":true,"partial":3,"bossPercentage":0,"fightPercentage":0,"lastPhaseForPercentageDisplay":0,"maps":[1004]},{"id":71,"start_time":15177631,"end_time":15203432,"boss":0,"name":"Queen Patlaa"},{"id":72,"start_time":15217734,"end_time":15240168,"boss":0,"name":"King A'akul"},{"id":73,"start_time":15254468,"end_time":15308202,"boss":0,"name":"Guard Captain Atu"},{"id":74,"start_time":15332754,"end_time":15348354,"boss":0,"name":"Purification Construct"},{"id":75,"start_time":15362721,"end_time":15446975,"boss":0,"name":"Interment Construct"},{"id":76,"start_time":15451717,"end_time":15472090,"boss":2142,"name":"Mchimba the Embalmer","size":5,"difficulty":5,"kill":true,"partial":3,"bossPercentage":0,"fightPercentage":0,"lastPhaseForPercentageDisplay":0,"maps":[1004]},{"id":77,"start_time":15494008,"end_time":15617597,"boss":0,"name":"Spectral Brute"},{"id":78,"start_time":15631964,"end_time":15673184,"boss":0,"name":"Spectral Berserker"},{"id":79,"start_time":15684337,"end_time":15758375,"boss":2140,"name":"The Council of Tribes","size":5,"difficulty":5,"kill":true,"partial":3,"bossPercentage":3158,"fightPercentage":3158,"lastPhaseForPercentageDisplay":0,"maps":[1004]},{"id":80,"start_time":15789505,"end_time":15815837,"boss":0,"name":"Shadow of Zul"},{"id":81,"start_time":15831672,"end_time":15894763,"boss":2143,"name":"King Dazar","size":5,"difficulty":5,"kill":true,"partial":3,"bossPercentage":0,"fightPercentage":0,"lastPhaseForPercentageDisplay":0,"maps":[1004]}],"lang":"en","friendlies":[{"name":"Stoumf","id":151,"guid":171710536,"type":"Druid","server":"Silvermoon","icon":"Druid","fights":[{"id":24},{"id":25},{"id":26},{"id":27},{"id":28},{"id":29},{"id":30},{"id":31},{"id":32},{"id":33},{"id":34},{"id":35},{"id":36},{"id":37},{"id":39},{"id":40},{"id":41},{"id":42},{"id":43},{"id":44},{"id":45},{"id":46},{"id":47},{"id":48},{"id":49},{"id":50},{"id":51},{"id":52},{"id":53},{"id":54},{"id":55},{"id":56},{"id":57},{"id":58},{"id":59},{"id":60},{"id":61},{"id":62},{"id":63},{"id":64},{"id":65},{"id":66},{"id":67},{"id":68},{"id":69},{"id":70},{"id":71},{"id":72},{"id":73},{"id":74},{"id":75},{"id":76},{"id":77},{"id":78},{"id":79},{"id":80},{"id":81}]},{"name":"Alexicus","id":4,"guid":156872398,"type":"Paladin","server":"Silvermoon","icon":"Paladin-Protection","fights":[{"id":1},{"id":2},{"id":3},{"id":4},{"id":5},{"id":6},{"id":7},{"id":8},{"id":9},{"id":10},{"id":11},{"id":12},{"id":13},{"id":14},{"id":15},{"id":16},{"id":17},{"id":21},{"id":22},{"id":23},{"id":24},{"id":25},{"id":26},{"id":27},{"id":28},{"id":29},{"id":30},{"id":31},{"id":32},{"id":33},{"id":34},{"id":35},{"id":36},{"id":37}]},{"name":"Aariadne","id":3,"guid":188612193,"type":"Hunter","server":"Silvermoon","icon":"Hunter-BeastMastery","fights":[{"id":1},{"id":2},{"id":3},{"id":4},{"id":5},{"id":6},{"id":7},{"id":8},{"id":9},{"id":10},{"id":11},{"id":12},{"id":13},{"id":14},{"id":15},{"id":16},{"id":17},{"id":20},{"id":21},{"id":22},{"id":23},{"id":24},{"id":25},{"id":26},{"id":27},{"id":28},{"id":29},{"id":30},{"id":31},{"id":32},{"id":33},{"id":34},{"id":35},{"id":36},{"id":37}]},{"name":"Dalorath","id":13,"guid":169780066,"type":"Paladin","server":"Silvermoon","icon":"Paladin-Retribution","fights":[{"id":1},{"id":2},{"id":3},{"id":4},{"id":5},{"id":6},{"id":7},{"id":8},{"id":9},{"id":10},{"id":11},{"id":12},{"id":13},{"id":14},{"id":15},{"id":16},{"id":17},{"id":20},{"id":21},{"id":22},{"id":23},{"id":24},{"id":25},{"id":26},{"id":27},{"id":28},{"id":29},{"id":30},{"id":31},{"id":32},{"id":33},{"id":34},{"id":35},{"id":36},{"id":37}]},{"name":"Hallybop","id":31,"guid":185500111,"type":"Priest","server":"Silvermoon","icon":"Priest-Holy","fights":[{"id":1},{"id":2},{"id":3},{"id":4},{"id":5},{"id":6},{"id":7},{"id":8},{"id":9},{"id":10},{"id":11},{"id":12},{"id":13},{"id":14},{"id":15},{"id":16},{"id":17},{"id":20},{"id":21},{"id":22},{"id":23},{"id":24},{"id":25},{"id":26},{"id":27},{"id":28},{"id":29},{"id":30},{"id":31},{"id":32},{"id":33},{"id":34},{"id":35},{"id":36},{"id":37}]},{"name":"Mowhalknelf","id":10,"guid":158602380,"type":"Warrior","server":"Silvermoon","icon":"Warrior-Fury","fights":[{"id":1},{"id":2},{"id":3},{"id":4},{"id":5},{"id":6},{"id":7},{"id":8},{"id":9},{"id":10},{"id":11},{"id":12},{"id":13},{"id":14},{"id":15},{"id":16},{"id":17},{"id":18},{"id":20},{"id":21},{"id":22},{"id":23},{"id":24},{"id":25},{"id":26},{"id":27},{"id":28},{"id":29},{"id":30},{"id":31},{"id":32},{"id":33},{"id":34}]},{"name":"Shògun","id":30,"guid":188930678,"type":"Hunter","server":"Silvermoon","icon":"Hunter-BeastMastery","fights":[{"id":1},{"id":2},{"id":3},{"id":4},{"id":5},{"id":6},{"id":7},{"id":8},{"id":9},{"id":10},{"id":11},{"id":12},{"id":13},{"id":14},{"id":15},{"id":16},{"id":17},{"id":20},{"id":21},{"id":22},{"id":23},{"id":24},{"id":25},{"id":26},{"id":27},{"id":28},{"id":29},{"id":30},{"id":31},{"id":32},{"id":33},{"id":34},{"id":35},{"id":36},{"id":37}]},{"name":"Piene","id":181,"guid":126352112,"type":"Priest","server":"Silvermoon","icon":"Priest-Holy","fights":[{"id":31},{"id":32},{"id":33},{"id":34},{"id":35},{"id":36},{"id":37}]},{"name":"Píene","id":1,"guid":144677358,"type":"Paladin","server":"Silvermoon","icon":"Paladin-Holy","fights":[{"id":1},{"id":2},{"id":3},{"id":4},{"id":5},{"id":6},{"id":7},{"id":8},{"id":9},{"id":10},{"id":11},{"id":12},{"id":13},{"id":14},{"id":15},{"id":16},{"id":17},{"id":18},{"id":20},{"id":21},{"id":22},{"id":23},{"id":24},{"id":25},{"id":26},{"id":27},{"id":28},{"id":29},{"id":30}]},{"name":"Beroc","id":11,"guid":155746627,"type":"DeathKnight","server":"Silvermoon","icon":"DeathKnight-Unholy","fights":[{"id":1},{"id":2},{"id":3},{"id":4},{"id":5},{"id":6},{"id":7},{"id":8},{"id":9},{"id":10},{"id":11},{"id":12},{"id":13},{"id":14},{"id":15},{"id":16},{"id":17},{"id":20},{"id":21},{"id":22},{"id":23},{"id":24},{"id":25},{"id":26},{"id":27},{"id":28},{"id":29},{"id":30},{"id":31},{"id":32},{"id":33},{"id":34},{"id":35},{"id":36},{"id":37}]},{"name":"Jahkob","id":16,"guid":172213682,"type":"Hunter","server":"Silvermoon","icon":"Hunter-Marksmanship","fights":[{"id":1},{"id":2},{"id":3},{"id":4},{"id":5},{"id":6},{"id":7},{"id":8},{"id":9},{"id":10},{"id":11},{"id":12},{"id":13},{"id":14},{"id":15},{"id":16},{"id":17},{"id":20},{"id":21},{"id":22},{"id":23},{"id":24},{"id":25},{"id":26},{"id":27},{"id":28},{"id":29},{"id":30},{"id":31},{"id":32},{"id":33},{"id":34},{"id":35},{"id":36},{"id":37}]},{"name":"Nebukad","id":34,"guid":139746320,"type":"Monk","server":"Malfurion","icon":"Monk-Mistweaver","fights":[{"id":1},{"id":2},{"id":3},{"id":4},{"id":5},{"id":6},{"id":7},{"id":8},{"id":9},{"id":10},{"id":11},{"id":12},{"id":13},{"id":14},{"id":15},{"id":16},{"id":20},{"id":21},{"id":22},{"id":23},{"id":24},{"id":25},{"id":26},{"id":27},{"id":28},{"id":29}]},{"name":"Mwstealthy","id":6,"guid":132238113,"type":"Mage","server":"Silvermoon","icon":"Mage-Fire","fights":[{"id":1},{"id":2},{"id":3},{"id":4},{"id":5},{"id":6},{"id":7},{"id":8},{"id":9},{"id":10},{"id":11},{"id":12},{"id":13},{"id":14},{"id":15},{"id":16},{"id":17},{"id":20},{"id":21},{"id":22},{"id":23},{"id":24},{"id":25},{"id":26},{"id":27}]},{"name":"Hellmonder","id":187,"guid":175711696,"type":"Warrior","server":"Silvermoon","icon":"Warrior-Fury","fights":[{"id":35},{"id":36},{"id":37}]},{"name":"Mollymayhem","id":173,"guid":108216826,"type":"DemonHunter","server":"Ravencrest","icon":"DemonHunter-Vengeance","fights":[{"id":28},{"id":29},{"id":30},{"id":31},{"id":32},{"id":33},{"id":34},{"id":35},{"id":36},{"id":37}]},{"name":"Runeia","id":15,"guid":182052663,"type":"Druid","server":"Silvermoon","icon":"Druid-Restoration","fights":[{"id":1},{"id":2},{"id":3},{"id":4},{"id":5},{"id":6},{"id":7},{"id":8},{"id":9},{"id":10},{"id":11},{"id":12},{"id":13},{"id":14},{"id":15},{"id":16},{"id":17},{"id":38},{"id":39},{"id":40},{"id":41},{"id":42},{"id":43},{"id":44},{"id":45},{"id":46},{"id":47},{"id":48},{"id":49},{"id":50},{"id":51},{"id":52},{"id":53},{"id":54},{"id":55},{"id":56},{"id":57},{"id":58},{"id":59},{"id":60},{"id":61},{"id":62},{"id":63},{"id":64},{"id":65},{"id":66},{"id":67},{"id":68},{"id":69},{"id":70},{"id":71},{"id":72},{"id":73},{"id":74},{"id":75},{"id":76},{"id":77},{"id":78},{"id":79},{"id":80},{"id":81}]},{"name":"Booty Fanatic","id":272,"guid":136539,"type":"NPC","icon":"custom-icon-inv_misc_food_meat_raw_03","fights":[{"id":45,"instances":2,"groups":1}]},{"name":"Durbalin","id":234,"guid":156228478,"type":"Warrior","server":"Silvermoon","icon":"Warrior-Protection","fights":[{"id":38},{"id":39},{"id":40},{"id":41},{"id":42},{"id":43},{"id":44},{"id":45},{"id":46},{"id":47},{"id":48},{"id":49},{"id":50},{"id":51},{"id":52},{"id":53},{"id":54},{"id":55},{"id":56},{"id":58},{"id":59},{"id":60},{"id":61},{"id":62},{"id":63},{"id":64},{"id":65},{"id":66},{"id":67},{"id":68},{"id":69},{"id":70},{"id":71},{"id":72},{"id":73},{"id":74},{"id":75},{"id":76},{"id":77},{"id":78},{"id":79},{"id":80},{"id":81}]},{"name":"Owningbradx","id":12,"guid":109265406,"type":"Warlock","server":"Silvermoon","icon":"Warlock-Affliction","fights":[{"id":1},{"id":2},{"id":3},{"id":4},{"id":5},{"id":6},{"id":7},{"id":8},{"id":9},{"id":10},{"id":11},{"id":12},{"id":13},{"id":14},{"id":15},{"id":16},{"id":17},{"id":22},{"id":23},{"id":24},{"id":25},{"id":26},{"id":27},{"id":28},{"id":29},{"id":30},{"id":31},{"id":32},{"id":33},{"id":34},{"id":35},{"id":36},{"id":38},{"id":39},{"id":40},{"id":41},{"id":42},{"id":43},{"id":44},{"id":45},{"id":47},{"id":48},{"id":49},{"id":50},{"id":51},{"id":52},{"id":53},{"id":54},{"id":55},{"id":56},{"id":57},{"id":58},{"id":59},{"id":60},{"id":61},{"id":62},{"id":63},{"id":64},{"id":65},{"id":68},{"id":69},{"id":70},{"id":71},{"id":72},{"id":73},{"id":74},{"id":75},{"id":76},{"id":77},{"id":78},{"id":79},{"id":80},{"id":81}]},{"name":"Manicmox","id":37,"guid":146811723,"type":"Warrior","server":"Frostmane","icon":"Warrior-Protection","fights":[{"id":1},{"id":2},{"id":3},{"id":4},{"id":5},{"id":6},{"id":7},{"id":8},{"id":9},{"id":10},{"id":11},{"id":12},{"id":13},{"id":14},{"id":15},{"id":16},{"id":17},{"id":20},{"id":21},{"id":22},{"id":23},{"id":24},{"id":25},{"id":26},{"id":27}]},{"name":"Lostwhisper","id":22,"guid":155001993,"type":"DemonHunter","server":"Silvermoon","icon":"DemonHunter-Havoc","fights":[{"id":1},{"id":2},{"id":3},{"id":4},{"id":5},{"id":6},{"id":7},{"id":8},{"id":9},{"id":10},{"id":11},{"id":12},{"id":13},{"id":14},{"id":15},{"id":16},{"id":17},{"id":19},{"id":20},{"id":21},{"id":22},{"id":23},{"id":24},{"id":25},{"id":26},{"id":27},{"id":28},{"id":29},{"id":30},{"id":31},{"id":32},{"id":33},{"id":34},{"id":35},{"id":36},{"id":37}]},{"name":"Polm","id":7,"guid":188103750,"type":"Mage","server":"Silvermoon","icon":"Mage-Fire","fights":[{"id":1},{"id":2},{"id":3},{"id":4},{"id":5},{"id":6},{"id":7},{"id":8},{"id":9},{"id":10},{"id":11},{"id":12},{"id":13},{"id":14},{"id":15},{"id":16},{"id":17},{"id":20},{"id":21},{"id":22},{"id":23},{"id":24},{"id":25},{"id":26},{"id":27},{"id":28},{"id":29},{"id":30},{"id":31},{"id":32},{"id":33},{"id":34},{"id":35},{"id":36},{"id":37}]},{"name":"Shannoria","id":14,"guid":161724016,"type":"Hunter","server":"Silvermoon","icon":"Hunter-BeastMastery","fights":[{"id":1},{"id":2},{"id":3},{"id":4},{"id":5},{"id":6},{"id":7},{"id":8},{"id":9},{"id":10},{"id":11},{"id":12},{"id":13},{"id":14},{"id":15},{"id":16},{"id":17},{"id":21},{"id":22},{"id":23},{"id":24},{"id":25},{"id":26},{"id":27},{"id":28},{"id":29},{"id":30}]},{"name":"Snabeldráke","id":160,"guid":176800798,"type":"Rogue","server":"Silvermoon","icon":"Rogue","fights":[{"id":25},{"id":26},{"id":27},{"id":28},{"id":29},{"id":30}]},{"name":"Roadtrogg","id":136,"guid":155430,"type":"NPC","icon":"custom-icon-inv_misc_spyglass_03","fights":[{"id":20,"instances":1}]},{"name":"Captain Raoul","id":247,"guid":126847,"type":"Boss","icon":"custom-icon-inv_cask_02","fights":[{"id":42,"instances":1}]},{"name":"Bornesouls","id":174,"guid":131736760,"type":"Paladin","server":"Silvermoon","icon":"Paladin-Retribution","fights":[{"id":28},{"id":29},{"id":30},{"id":31},{"id":32},{"id":33},{"id":34},{"id":35},{"id":36},{"id":37}]},{"name":"Shadowthorne","id":24,"guid":116748560,"type":"Warlock","server":"Ravencrest","icon":"Warlock-Destruction","fights":[{"id":1},{"id":2},{"id":3},{"id":4},{"id":5},{"id":6},{"id":7},{"id":8},{"id":9},{"id":10},{"id":11},{"id":12},{"id":13},{"id":14},{"id":15},{"id":16},{"id":17},{"id":18},{"id":19},{"id":20},{"id":21},{"id":22},{"id":23},{"id":24},{"id":25},{"id":26},{"id":27},{"id":28},{"id":29},{"id":30},{"id":31},{"id":32},{"id":33},{"id":34}]},{"name":"Mjááu","id":183,"guid":171935603,"type":"Druid","server":"Silvermoon","icon":"Druid","fights":[{"id":31},{"id":32},{"id":33},{"id":34},{"id":35},{"id":36},{"id":37}]},{"name":"Mpengoo","id":399,"guid":182247418,"type":"Unknown","server":"Silvermoon","icon":"Unknown","fights":[{"id":67}]},{"name":"Tartonator","id":188,"guid":142534280,"type":"DemonHunter","server":"Silvermoon","icon":"DemonHunter-Havoc","fights":[{"id":35},{"id":36},{"id":37}]},{"name":"Helmond","id":8,"guid":183072343,"type":"Mage","server":"Silvermoon","icon":"Mage-Frost","fights":[{"id":1},{"id":2},{"id":3},{"id":4},{"id":5},{"id":6},{"id":7},{"id":8},{"id":9},{"id":10},{"id":11},{"id":13},{"id":14},{"id":15},{"id":16},{"id":17},{"id":20},{"id":21},{"id":22},{"id":23},{"id":24},{"id":25},{"id":26},{"id":27},{"id":28},{"id":29},{"id":30},{"id":31},{"id":32},{"id":33},{"id":34}]},{"name":"Custardlump","id":9,"guid":188915653,"type":"Mage","server":"Silvermoon","icon":"Mage-Fire","fights":[{"id":1},{"id":2},{"id":3},{"id":4},{"id":5},{"id":6},{"id":7},{"id":8},{"id":9},{"id":10},{"id":11},{"id":12},{"id":13},{"id":14},{"id":15},{"id":16},{"id":17},{"id":20},{"id":21},{"id":22},{"id":23},{"id":24},{"id":25},{"id":26},{"id":27},{"id":28},{"id":29},{"id":30},{"id":31},{"id":32},{"id":33},{"id":34},{"id":35},{"id":36},{"id":37},{"id":38},{"id":39},{"id":40},{"id":41},{"id":42},{"id":43},{"id":44},{"id":45},{"id":46},{"id":47},{"id":48},{"id":49},{"id":50},{"id":51},{"id":52},{"id":53},{"id":54},{"id":55},{"id":56},{"id":57},{"id":58},{"id":59},{"id":60},{"id":61},{"id":62},{"id":63},{"id":64},{"id":65},{"id":66},{"id":67},{"id":68},{"id":69},{"id":70},{"id":71},{"id":72},{"id":73},{"id":74},{"id":75},{"id":76},{"id":77},{"id":78},{"id":79},{"id":80},{"id":81}]},{"name":"Kanute","id":83,"guid":187552405,"type":"Druid","server":"Silvermoon","icon":"Druid-Restoration","fights":[{"id":4},{"id":5},{"id":6},{"id":7},{"id":8},{"id":9},{"id":10},{"id":11},{"id":12},{"id":13},{"id":14},{"id":15},{"id":16},{"id":17},{"id":18},{"id":20},{"id":21},{"id":22}]}],"enemies":[{"name":"Dark Manifestation","id":100,"guid":156650,"type":"NPC","icon":"custom-icon-warlock_curse_shadow","fights":[{"id":10,"instances":4}]},{"name":"Tek'ris","id":121,"guid":157254,"type":"Boss","icon":"custom-icon-ability_priest_voidentropy","fights":[{"id":16,"instances":1}]},{"name":"Goldshell Scuttler","id":382,"guid":130680,"type":"NPC","icon":"NPC","fights":[{"id":59,"instances":1},{"id":61,"instances":1}]},{"name":"Onyx Scarab","id":94,"guid":161834,"type":"NPC","icon":"NPC","fights":[{"id":7,"instances":1,"groups":1},{"id":8,"instances":4,"groups":1}]},{"name":"Irontide Crackshot","id":237,"guid":126918,"type":"NPC","icon":"custom-icon-ability_marksmanship","fights":[{"id":38,"instances":5,"groups":2}]},{"name":"Venture Co. War Machine","id":359,"guid":133463,"type":"NPC","icon":"custom-icon-ability_vehicle_siegeenginecannon","fights":[{"id":55,"instances":4,"groups":2}]},{"name":"Kula the Butcher","id":432,"guid":135475,"type":"Boss","icon":"custom-icon-ability_butcher_whirl","fights":[{"id":79,"instances":1}]},{"name":"Shieldbearer of Zul","id":380,"guid":127879,"type":"NPC","icon":"custom-icon-ability_warrior_shieldmastery","fights":[{"id":59,"instances":5,"groups":1},{"id":61,"instances":2,"groups":1}]},{"name":"Cutwater Knife Juggler","id":261,"guid":129599,"type":"NPC","icon":"custom-icon-ability_rogue_focusedattacks","fights":[{"id":41,"instances":1,"groups":1},{"id":43,"instances":4,"groups":1}]},{"name":"Venture Co. Mastermind","id":354,"guid":133430,"type":"NPC","icon":"custom-icon-ability_mage_firestarter","fights":[{"id":53,"instances":5,"groups":2}]},{"name":"Ossirat","id":68,"guid":161746,"type":"NPC","icon":"custom-icon-inv_misc_archstone_01","fights":[{"id":8,"instances":1}]},{"name":"Mech Jockey","id":336,"guid":130488,"type":"NPC","icon":"custom-icon-inv_musket_02","fights":[{"id":49,"instances":6,"groups":1}]},{"name":"Mogul Razdunk","id":367,"guid":132713,"type":"Boss","icon":"Boss","fights":[{"id":56,"instances":1}]},{"name":"Vita Portal","id":140,"guid":161943,"type":"NPC","icon":"custom-icon-trade_engineering","fights":[{"id":23,"instances":1}]},{"name":"Prophet Skitra","id":91,"guid":157620,"type":"NPC","icon":"NPC","fights":[{"id":5,"instances":1,"groups":2}]},{"name":"Freehold Shipmate","id":251,"guid":130522,"type":"NPC","icon":"NPC","fights":[{"id":41,"instances":1,"groups":1},{"id":42,"instances":2,"groups":1}]},{"name":"Rezan","id":372,"guid":122963,"type":"Boss","icon":"custom-icon-inv_misc_monstertail_07","fights":[{"id":58,"instances":1}]},{"name":"Blacktooth Knuckleduster","id":257,"guid":129547,"type":"NPC","icon":"custom-icon-warrior_disruptingshout","fights":[{"id":41,"instances":2}]},{"name":"Coin-Operated Crowd Pummeler","id":340,"guid":129214,"type":"Boss","icon":"custom-icon-spell_nature_lightningoverload","fights":[{"id":49,"instances":1},{"id":50,"instances":1}]},{"name":"Ra-den","id":139,"guid":156866,"type":"Boss","icon":"custom-icon-ability_deathwing_bloodcorruption_death","fights":[{"id":23,"instances":1}]},{"name":"Swiftwind Saber","id":278,"guid":129747,"type":"NPC","icon":"custom-icon-spell_frost_iceshard","fights":[{"id":48,"instances":1}]},{"name":"Spectral Hex Priest","id":422,"guid":135204,"type":"NPC","icon":"custom-icon-spell_fire_twilightflamebolt","fights":[{"id":77,"instances":4,"groups":2},{"id":78,"instances":1,"groups":1}]},{"name":"Aqir Venomweaver","id":120,"guid":161229,"type":"NPC","icon":"custom-icon-ability_creature_poison_06","fights":[{"id":15,"instances":2,"groups":1}]},{"name":"Irontide Enforcer","id":235,"guid":129602,"type":"NPC","icon":"custom-icon-ability_rogue_kidneyshot","fights":[{"id":38,"instances":5,"groups":2},{"id":40,"instances":1,"groups":1}]},{"name":"Feasting Skyscreamer","id":385,"guid":128434,"type":"NPC","icon":"custom-icon-ability_creature_cursed_02","fights":[{"id":61,"instances":4,"groups":2},{"id":67,"instances":1,"groups":1}]},{"name":"Blacktooth Scrapper","id":259,"guid":129529,"type":"NPC","icon":"custom-icon-ability_fixated_state_red","fights":[{"id":41,"instances":2,"groups":1}]},{"name":"Aqir Shadowcrafter","id":95,"guid":161416,"type":"NPC","icon":"custom-icon-inv_icon_shadowcouncilorb_purple","fights":[{"id":9,"instances":4,"groups":1}]},{"name":"Deresh of the Nothingness","id":118,"guid":159768,"type":"NPC","icon":"custom-icon-spell_priest_voidtendrils","fights":[{"id":15,"instances":1}]},{"name":"B.O.O.M.B.A.","id":366,"guid":141303,"type":"NPC","icon":"custom-icon-inv_misc_missilelarge_red","fights":[{"id":56,"instances":2,"groups":1}]},{"name":"Yazma","id":395,"guid":122968,"type":"Boss","icon":"custom-icon-ability_druid_ravage","fights":[{"id":65,"instances":1}]},{"name":"Gryth'ax the Executioner","id":101,"guid":159224,"type":"NPC","icon":"custom-icon-spell_shadow_painspike","fights":[{"id":11,"instances":1}]},{"name":"Aqir Darter","id":128,"guid":157256,"type":"NPC","icon":"custom-icon-ability_vehicle_sonicshockwave","fights":[{"id":16,"instances":12,"groups":4}]},{"name":"Void Horror","id":153,"guid":161335,"type":"NPC","icon":"custom-icon-spell_shadow_siphonmana","fights":[{"id":24,"instances":2,"groups":1},{"id":26,"instances":5,"groups":2}]},{"name":"Silky Moth","id":424,"guid":49844,"type":"NPC","icon":"NPC","fights":[{"id":77,"instances":1}]},{"name":"Spectral Brute","id":429,"guid":135231,"type":"NPC","icon":"custom-icon-ability_rogue_kidneyshot","fights":[{"id":77,"instances":1}]},{"name":"Living Miasma","id":163,"guid":157229,"type":"NPC","icon":"custom-icon-ability_priest_voidentropy","fights":[{"id":25,"instances":7,"groups":9}]},{"name":"Shad'har the Insatiable","id":157,"guid":157231,"type":"Boss","icon":"custom-icon-ability_warlock_everlastingaffliction","fights":[{"id":25,"instances":1}]},{"name":"Coagulated Monstrosity","id":152,"guid":161836,"type":"NPC","icon":"NPC","fights":[{"id":24,"instances":3,"groups":1},{"id":26,"instances":3,"groups":1}]},{"name":"Essence of Vita","id":143,"guid":156884,"type":"NPC","icon":"custom-icon-ability_thunderking_lightningwhip","fights":[{"id":23,"instances":4,"groups":6}]},{"name":"Irontide Stormcaller","id":274,"guid":126919,"type":"NPC","icon":"custom-icon-spell_nature_lightning","fights":[{"id":47,"instances":2,"groups":1}]},{"name":"Ashwalker Assassin","id":64,"guid":160291,"type":"NPC","icon":"custom-icon-ability_stealth","fights":[{"id":1,"instances":3,"groups":1}]},{"name":"Aqir Crusher","id":119,"guid":161218,"type":"NPC","icon":"custom-icon-inv_misc_volatileearth","fights":[{"id":15,"instances":2,"groups":1},{"id":17,"instances":1,"groups":1}]},{"name":"Mechanized Peacekeeper","id":335,"guid":136139,"type":"NPC","icon":"custom-icon-ability_warrior_shieldreflection","fights":[{"id":49,"instances":2}]},{"name":"Leeching Parasite","id":148,"guid":159309,"type":"NPC","icon":"custom-icon-trade_engineering","fights":[{"id":24,"instances":9,"groups":2}]},{"name":"Anubisath Sentinel","id":82,"guid":162508,"type":"NPC","icon":"custom-icon-spell_shadow_shadowbolt","fights":[{"id":4,"instances":1}]},{"name":"Feckless Assistant","id":355,"guid":133345,"type":"NPC","icon":"custom-icon-spell_fire_burnout","fights":[{"id":53,"instances":4,"groups":2}]},{"name":"Organ of Corruption","id":176,"guid":158343,"type":"Boss","icon":"custom-icon-inv_misc_organ_06","fights":[{"id":30,"instances":6,"groups":3},{"id":31,"instances":6,"groups":4},{"id":33,"instances":5,"groups":5},{"id":35,"instances":6,"groups":4},{"id":36,"instances":5,"groups":5},{"id":37,"instances":6,"groups":4}]},{"name":"Cursed Blood","id":177,"guid":159720,"type":"NPC","icon":"custom-icon-spell_deathknight_bloodtap","fights":[{"id":30,"instances":3,"groups":8},{"id":31,"instances":3,"groups":6},{"id":33,"instances":2,"groups":3},{"id":35,"instances":3,"groups":8},{"id":36,"instances":2,"groups":3},{"id":37,"instances":3,"groups":4}]},{"name":"Animated Guardian","id":403,"guid":133935,"type":"NPC","icon":"custom-icon-ability_golemthunderclap","fights":[{"id":68,"instances":3,"groups":1}]},{"name":"Reban","id":439,"guid":136984,"type":"NPC","icon":"custom-icon-ability_druid_ravage","fights":[{"id":81,"instances":1}]},{"name":"Mechanized Peacekeeper","id":326,"guid":130485,"type":"NPC","icon":"custom-icon-spell_nature_chainlightning","fights":[{"id":49,"instances":4,"groups":2}]},{"name":"Poisonous Gekkota","id":373,"guid":130678,"type":"NPC","icon":"NPC","fights":[{"id":58,"instances":1},{"id":60,"instances":1}]},{"name":"Echo of Shadra","id":394,"guid":126734,"type":"NPC","icon":"custom-icon-inv_misc_monsterspidercarapace_01","fights":[{"id":64,"instances":7,"groups":1}]},{"name":"Rowdy Reveler","id":332,"guid":136006,"type":"NPC","icon":"NPC","fights":[{"id":49,"instances":9,"groups":2}]},{"name":"Wanton Sapper","id":334,"guid":130653,"type":"NPC","icon":"custom-icon-inv_misc_bomb_04","fights":[{"id":49,"instances":11,"groups":6},{"id":50,"instances":7,"groups":1},{"id":51,"instances":13,"groups":1},{"id":52,"instances":5,"groups":2},{"id":53,"instances":7,"groups":4}]},{"name":"Il'gynoth","id":175,"guid":158328,"type":"Boss","icon":"custom-icon-inv_eyeofnzothpet","fights":[{"id":30,"instances":1,"groups":3},{"id":31,"instances":1,"groups":3},{"id":33,"instances":1,"groups":2},{"id":34,"instances":1,"groups":1},{"id":35,"instances":1,"groups":5},{"id":36,"instances":1,"groups":3},{"id":37,"instances":1,"groups":3}]},{"name":"Venture Co. Alchemist","id":353,"guid":133432,"type":"NPC","icon":"custom-icon-inv_misc_potiona2","fights":[{"id":53,"instances":6,"groups":2}]},{"name":"Skycap'n Kragg","id":243,"guid":126832,"type":"Boss","icon":"custom-icon-ability_rogue_pistolshot","fights":[{"id":39,"instances":1}]},{"name":"Aka'ali the Conqueror","id":433,"guid":135470,"type":"Boss","icon":"custom-icon-trade_engineering","fights":[{"id":79,"instances":1}]},{"name":"Queen Patlaa","id":409,"guid":137486,"type":"NPC","icon":"custom-icon-ability_marksmanship","fights":[{"id":71,"instances":1}]},{"name":"Venture Co. Skyscorcher","id":363,"guid":133436,"type":"NPC","icon":"custom-icon-inv_ammo_bullet_06","fights":[{"id":55,"instances":6,"groups":1}]},{"name":"Irontide Oarsman","id":256,"guid":127111,"type":"NPC","icon":"custom-icon-inv_elemental_primal_water","fights":[{"id":41,"instances":2,"groups":1},{"id":47,"instances":1,"groups":1}]},{"name":"Drest'agath","id":167,"guid":157602,"type":"Boss","icon":"custom-icon-spell_shaman_earthquake","fights":[{"id":26,"instances":1},{"id":27,"instances":1},{"id":28,"instances":1}]},{"name":"Dying Voidspawn","id":105,"guid":163712,"type":"NPC","icon":"custom-icon-ability_fixated_state_red","fights":[{"id":12,"instances":32,"groups":1}]},{"name":"Temple Snake","id":376,"guid":130679,"type":"NPC","icon":"NPC","fights":[{"id":59,"instances":2},{"id":61,"instances":2}]},{"name":"Void Initiate","id":71,"guid":160182,"type":"NPC","icon":"custom-icon-ability_ironmaidens_convulsiveshadows","fights":[{"id":2,"instances":10,"groups":2},{"id":3,"instances":2,"groups":1},{"id":6,"instances":7,"groups":1},{"id":7,"instances":5,"groups":1},{"id":11,"instances":22,"groups":1},{"id":12,"instances":4,"groups":1},{"id":13,"instances":12,"groups":1},{"id":14,"instances":1,"groups":1},{"id":24,"instances":2,"groups":1}]},{"name":"Crackling Stalker","id":146,"guid":157365,"type":"NPC","icon":"custom-icon-spell_lightning_lightningbolt01","fights":[{"id":23,"instances":2}]},{"name":"Reanimation Totem","id":378,"guid":127315,"type":"NPC","icon":"NPC","fights":[{"id":59,"instances":4,"groups":3}]},{"name":"T'zala","id":440,"guid":136976,"type":"NPC","icon":"custom-icon-ability_hunter_beastmastery","fights":[{"id":81,"instances":1}]},{"name":"Acidic Aqir","id":127,"guid":159173,"type":"NPC","icon":"custom-icon-ability_creature_poison_06","fights":[{"id":16,"instances":5}]},{"name":"Crawler Mine","id":362,"guid":133482,"type":"NPC","icon":"custom-icon-ability_fixated_state_red","fights":[{"id":55,"instances":10,"groups":2}]},{"name":"Vol'kaal","id":384,"guid":122965,"type":"Boss","icon":"custom-icon-spell_nature_sicklypolymorph","fights":[{"id":60,"instances":1}]},{"name":"Off-Duty Laborer","id":327,"guid":130436,"type":"NPC","icon":"custom-icon-inv_misc_wrench_01","fights":[{"id":49,"instances":11,"groups":3}]},{"name":"Umbral Gatekeeper","id":103,"guid":163708,"type":"NPC","icon":"custom-icon-spell_priest_void-blast","fights":[{"id":12,"instances":2,"groups":1}]},{"name":"Priestess Alun'za","id":390,"guid":122967,"type":"Boss","icon":"custom-icon-spell_holy_purify","fights":[{"id":63,"instances":1}]},{"name":"Crushing Tendril","id":155,"guid":161312,"type":"NPC","icon":"custom-icon-achievement_boss_yoggsaron_01","fights":[{"id":24,"instances":2,"groups":1},{"id":26,"instances":3,"groups":2}]},{"name":"Harlan Sweete","id":277,"guid":126983,"type":"Boss","icon":"custom-icon-spell_sandstorm","fights":[{"id":48,"instances":1}]},{"name":"Shalebiter","id":343,"guid":134005,"type":"NPC","icon":"custom-icon-ability_shawaterelemental_split","fights":[{"id":50,"instances":3,"groups":1},{"id":51,"instances":10,"groups":1}]},{"name":"Spider","id":408,"guid":14881,"type":"NPC","icon":"NPC","fights":[{"id":71,"instances":1,"groups":1},{"id":72,"instances":3,"groups":1},{"id":73,"instances":2,"groups":1}]},{"name":"Irontide Mastiff","id":236,"guid":128551,"type":"NPC","icon":"custom-icon-ability_druid_primaltenacity","fights":[{"id":38,"instances":5,"groups":3}]},{"name":"Essence of Void","id":145,"guid":156980,"type":"NPC","icon":"custom-icon-inv_enchant_voidsphere","fights":[{"id":23,"instances":4,"groups":7}]},{"name":"Zanchuli Witch-Doctor","id":381,"guid":122969,"type":"NPC","icon":"custom-icon-spell_nature_poisoncleansingtotem","fights":[{"id":59,"instances":4,"groups":2},{"id":61,"instances":2,"groups":1}]},{"name":"Bilge Rat Buccaneer","id":262,"guid":129527,"type":"NPC","icon":"custom-icon-spell_nature_earthbind","fights":[{"id":41,"instances":1,"groups":1},{"id":43,"instances":2,"groups":1}]},{"name":"Cutwater Harpooner","id":267,"guid":129601,"type":"NPC","icon":"custom-icon-ability_hunter_harpoon","fights":[{"id":43,"instances":3,"groups":1}]},{"name":"Acidic Aqir","id":126,"guid":161019,"type":"NPC","icon":"custom-icon-ability_creature_poison_06","fights":[{"id":16,"instances":20,"groups":5}]},{"name":"Corrosive Digester","id":109,"guid":162828,"type":"NPC","icon":"custom-icon-inv_misc_food_legion_gooslime_multi","fights":[{"id":24,"instances":5,"groups":2},{"id":26,"instances":4,"groups":1},{"id":29,"instances":7,"groups":1}]},{"name":"Crackling Shard","id":63,"guid":158327,"type":"NPC","icon":"custom-icon-ability_rhyolith_volcano","fights":[{"id":1,"instances":32,"groups":1}]},{"name":"Maddened Conscript","id":73,"guid":159305,"type":"NPC","icon":"custom-icon-ability_racial_bloodrage","fights":[{"id":2,"instances":1,"groups":1},{"id":3,"instances":3,"groups":1},{"id":11,"instances":2,"groups":1},{"id":12,"instances":2,"groups":1},{"id":13,"instances":3,"groups":2},{"id":14,"instances":2,"groups":2}]},{"name":"Earthrager","id":351,"guid":129802,"type":"NPC","icon":"custom-icon-ability_fixated_state_red","fights":[{"id":52,"instances":4,"groups":1}]},{"name":"Sharkbait","id":239,"guid":129743,"type":"NPC","icon":"custom-icon-inv_misc_food_legion_gooslime_drop","fights":[{"id":38,"instances":1,"groups":15}]},{"name":"Aqir Heartpiercer","id":116,"guid":162305,"type":"NPC","icon":"custom-icon-inv_misc_organ_01","fights":[{"id":15,"instances":4,"groups":2}]},{"name":"Shredded Psyche","id":89,"guid":158781,"type":"NPC","icon":"custom-icon-spell_shadow_painandsuffering","fights":[{"id":5,"instances":4}]},{"name":"Ludwig Von Tortollan","id":270,"guid":129699,"type":"NPC","icon":"custom-icon-ability_thunderking_spinningshell","fights":[{"id":44,"instances":1}]},{"name":"Big Money Crab","id":325,"guid":137713,"type":"NPC","icon":"custom-icon-ability_hunter_pet_crab","fights":[{"id":49,"instances":1}]},{"name":"Demented Knife-Twister","id":111,"guid":159417,"type":"NPC","icon":"custom-icon-ability_rogue_shadowyduel","fights":[{"id":13,"instances":2,"groups":1},{"id":14,"instances":2,"groups":1},{"id":15,"instances":2,"groups":1},{"id":18,"instances":2,"groups":1},{"id":19,"instances":2,"groups":1},{"id":24,"instances":2,"groups":1}]},{"name":"Freehold Deckhand","id":265,"guid":130521,"type":"NPC","icon":"NPC","fights":[{"id":42,"instances":2,"groups":1}]},{"name":"Embalming Fluid","id":419,"guid":137989,"type":"NPC","icon":"custom-icon-inv_drink_31_embalmingfluid","fights":[{"id":75,"instances":17,"groups":1}]},{"name":"Hired Assassin","id":331,"guid":134232,"type":"NPC","icon":"custom-icon-inv_throwingknife_03","fights":[{"id":49,"instances":3}]},{"name":"Gnashing Terror","id":154,"guid":161334,"type":"NPC","icon":"custom-icon-ability_creature_poison_02","fights":[{"id":24,"instances":1,"groups":1},{"id":26,"instances":4,"groups":2}]},{"name":"Aqir Scarab","id":96,"guid":159405,"type":"NPC","icon":"NPC","fights":[{"id":9,"instances":37,"groups":1}]},{"name":"Ordnance Specialist","id":361,"guid":137029,"type":"NPC","icon":"custom-icon-ability_hisek_aim","fights":[{"id":55,"instances":4,"groups":1}]},{"name":"Maw of Drest'agath","id":170,"guid":157613,"type":"NPC","icon":"custom-icon-ability_creature_poison_02","fights":[{"id":27,"instances":8,"groups":2},{"id":28,"instances":6,"groups":2}]},{"name":"Queen Wasi","id":413,"guid":137478,"type":"NPC","icon":"custom-icon-spell_shadow_shadowbolt","fights":[{"id":73,"instances":1}]},{"name":"Maut","id":99,"guid":156523,"type":"Boss","icon":"custom-icon-inv_misc_archstone_01","fights":[{"id":10,"instances":1}]},{"name":"Image of Absolution","id":90,"guid":160904,"type":"NPC","icon":"custom-icon-inv_enchant_dustillusion","fights":[{"id":5,"instances":21,"groups":3}]},{"name":"Spiked Tentacle","id":107,"guid":159416,"type":"NPC","icon":"custom-icon-achievement_boss_yoggsaron_01","fights":[{"id":24,"instances":3}]},{"name":"Shadow-Borne Champion","id":405,"guid":134158,"type":"NPC","icon":"custom-icon-creatureportrait_blackrockv2_shieldgong_02","fights":[{"id":69,"instances":2}]},{"name":"Irontide Ravager","id":275,"guid":130012,"type":"NPC","icon":"custom-icon-spell_holy_painsupression","fights":[{"id":47,"instances":2,"groups":1}]},{"name":"Reanimated Raptor","id":374,"guid":129517,"type":"NPC","icon":"NPC","fights":[{"id":58,"instances":1}]},{"name":"King Timalji","id":414,"guid":137474,"type":"NPC","icon":"custom-icon-ability_warrior_bladestorm","fights":[{"id":73,"instances":1}]},{"name":"Shadow-Borne Warrior","id":406,"guid":134157,"type":"NPC","icon":"custom-icon-spell_frost_arcticwinds","fights":[{"id":69,"instances":6,"groups":1}]},{"name":"Shadow of Zul","id":434,"guid":138489,"type":"NPC","icon":"custom-icon-spell_priest_mindspike","fights":[{"id":80,"instances":1}]},{"name":"King Rahu'ai","id":417,"guid":134331,"type":"NPC","icon":"NPC","fights":[{"id":73,"instances":1}]},{"name":"Irontide Buccaneer","id":276,"guid":130011,"type":"NPC","icon":"custom-icon-ability_warrior_bladestorm","fights":[{"id":47,"instances":1}]},{"name":"Guard Captain Atu","id":416,"guid":137473,"type":"NPC","icon":"custom-icon-warrior_talent_icon_mastercleaver","fights":[{"id":73,"instances":1}]},{"name":"Toxic Saurid","id":375,"guid":128435,"type":"NPC","icon":"custom-icon-ability_creature_poison_03","fights":[{"id":59,"instances":10,"groups":1},{"id":61,"instances":19,"groups":2},{"id":66,"instances":5,"groups":1},{"id":67,"instances":5,"groups":1}]},{"name":"Pool of Darkness","id":435,"guid":138250,"type":"NPC","icon":"custom-icon-spell_shadow_shadowfury","fights":[{"id":80,"instances":1}]},{"name":"Eye of Drest'agath","id":168,"guid":157612,"type":"NPC","icon":"custom-icon-spell_shadow_siphonmana","fights":[{"id":27,"instances":9,"groups":3},{"id":28,"instances":7,"groups":4}]},{"name":"Taskmaster Askari","id":344,"guid":134012,"type":"NPC","icon":"custom-icon-ability_defend","fights":[{"id":50,"instances":1,"groups":1},{"id":51,"instances":1,"groups":4}]},{"name":"Irontide Bonesaw","id":240,"guid":129788,"type":"NPC","icon":"custom-icon-ability_rogue_waylay","fights":[{"id":38,"instances":3,"groups":2}]},{"name":"Test Subject","id":337,"guid":133963,"type":"NPC","icon":"custom-icon-spell_nature_removedisease","fights":[{"id":53,"instances":10,"groups":1}]},{"name":"Mchimba the Embalmer","id":421,"guid":134993,"type":"Boss","icon":"custom-icon-inv_misc_volatilewater","fights":[{"id":76,"instances":1}]},{"name":"Mine Rat","id":348,"guid":130437,"type":"NPC","icon":"custom-icon-inv_stone_sharpeningstone_01","fights":[{"id":51,"instances":6,"groups":1}]},{"name":"Azerite Footbomb","id":345,"guid":129246,"type":"NPC","icon":"custom-icon-ability_monk_breathoffire","fights":[{"id":50,"instances":3,"groups":1}]},{"name":"Image of Absolution","id":92,"guid":160990,"type":"NPC","icon":"custom-icon-inv_enchant_dustillusion","fights":[{"id":5,"instances":33,"groups":2}]},{"name":"Rowdy Reveler","id":333,"guid":136005,"type":"NPC","icon":"custom-icon-inv_misc_coin_19","fights":[{"id":49,"instances":13,"groups":2}]},{"name":"Shadow-Borne Witch Doctor","id":404,"guid":134174,"type":"NPC","icon":"custom-icon-inv_staff_15","fights":[{"id":69,"instances":3,"groups":2}]},{"name":"Vermin Trapper","id":249,"guid":130404,"type":"NPC","icon":"custom-icon-ability_hunter_steeltrap","fights":[{"id":41,"instances":2}]},{"name":"Chittering Waspling","id":130,"guid":161837,"type":"NPC","icon":"NPC","fights":[{"id":17,"instances":7,"groups":2}]},{"name":"Void Hunter","id":147,"guid":157366,"type":"NPC","icon":"custom-icon-ability_warlock_shadowfurytga","fights":[{"id":23,"instances":1}]},{"name":"Spectral Beastmaster","id":427,"guid":135235,"type":"NPC","icon":"custom-icon-ability_marksmanship","fights":[{"id":77,"instances":2}]},{"name":"Footbomb Hooligan","id":347,"guid":138369,"type":"NPC","icon":"custom-icon-inv_misc_coin_17","fights":[{"id":50,"instances":4,"groups":1}]},{"name":"Umbral Seer","id":102,"guid":159219,"type":"NPC","icon":"custom-icon-spell_priest_divinestar_shadow2","fights":[{"id":14,"instances":2},{"id":24,"instances":2}]},{"name":"Hepthys","id":66,"guid":161745,"type":"NPC","icon":"custom-icon-inv_misc_archstone_01","fights":[{"id":8,"instances":1}]},{"name":"Blood of Ny'alotha","id":179,"guid":159514,"type":"NPC","icon":"custom-icon-ability_warrior_bloodnova","fights":[{"id":30,"instances":27,"groups":1},{"id":31,"instances":22,"groups":1},{"id":33,"instances":19,"groups":1},{"id":35,"instances":46,"groups":1},{"id":36,"instances":19,"groups":2},{"id":37,"instances":29,"groups":1}]},{"name":"Mogul Razdunk","id":358,"guid":129232,"type":"Boss","icon":"custom-icon-ability_mage_greaterpyroblast","fights":[{"id":56,"instances":1}]},{"name":"Fanatical Driller","id":350,"guid":136688,"type":"NPC","icon":"custom-icon-inv_musket_02","fights":[{"id":51,"instances":1}]},{"name":"Gilded Priestess","id":388,"guid":132126,"type":"NPC","icon":"custom-icon-ability_deathwing_bloodcorruption_death","fights":[{"id":62,"instances":3,"groups":1}]},{"name":"Refreshment Vendor","id":328,"guid":136470,"type":"NPC","icon":"custom-icon-ability_mage_waterjet","fights":[{"id":49,"instances":8,"groups":2}]},{"name":"Purification Construct","id":418,"guid":134739,"type":"NPC","icon":"custom-icon-ability_siege_engineer_purification_beam","fights":[{"id":74,"instances":1}]},{"name":"Captain Jolly","id":260,"guid":126845,"type":"Boss","icon":"custom-icon-ability_butcher_whirl","fights":[{"id":42,"instances":1}]},{"name":"Jesh'ra","id":110,"guid":159764,"type":"NPC","icon":"custom-icon-spell_priest_divinestar_shadow2","fights":[{"id":13,"instances":1}]},{"name":"Venture Co. Earthshaper","id":342,"guid":130661,"type":"NPC","icon":"custom-icon-inv_elemental_crystal_earth","fights":[{"id":50,"instances":2,"groups":1},{"id":51,"instances":9,"groups":1}]},{"name":"King A'akul","id":412,"guid":137484,"type":"NPC","icon":"custom-icon-trade_brewpoison","fights":[{"id":72,"instances":1}]},{"name":"Eye of the Depths","id":76,"guid":159510,"type":"NPC","icon":"custom-icon-inv_mace_1h_cataclysm_c_03","fights":[{"id":2,"instances":1},{"id":13,"instances":1},{"id":15,"instances":1},{"id":24,"instances":1},{"id":26,"instances":1}]},{"name":"Bilge Rat Swabby","id":264,"guid":129526,"type":"NPC","icon":"custom-icon-inv_misc_1h_bucket_b_01","fights":[{"id":41,"instances":1}]},{"name":"Aqir Swarmkeeper","id":114,"guid":162303,"type":"NPC","icon":"custom-icon-inv_inscription_pigment_bug07","fights":[{"id":14,"instances":1},{"id":15,"instances":1}]},{"name":"Aqir Swarmer","id":115,"guid":162664,"type":"NPC","icon":"custom-icon-ability_fixated_state_red","fights":[{"id":14,"instances":4,"groups":1}]},{"name":"Soulspawn","id":396,"guid":125828,"type":"NPC","icon":"custom-icon-ability_priest_psychiclink","fights":[{"id":65,"instances":4,"groups":1}]},{"name":"Rixxa Fluxflame","id":357,"guid":129231,"type":"Boss","icon":"custom-icon-inv_azerite-fireball","fights":[{"id":54,"instances":1}]},{"name":"Monstrous Behemoth","id":72,"guid":159303,"type":"NPC","icon":"custom-icon-ability_warlock_everlastingaffliction","fights":[{"id":2,"instances":1,"groups":1},{"id":7,"instances":2,"groups":1},{"id":12,"instances":1,"groups":1},{"id":13,"instances":1,"groups":1},{"id":14,"instances":1,"groups":1},{"id":24,"instances":1,"groups":1}]},{"name":"Training Dummy","id":268,"guid":127019,"type":"NPC","icon":"NPC","fights":[{"id":43,"instances":2,"groups":3},{"id":46,"instances":1,"groups":1}]},{"name":"Zanazal the Wise","id":431,"guid":135472,"type":"Boss","icon":"custom-icon-spell_lightning_lightningbolt01","fights":[{"id":79,"instances":1,"groups":2}]},{"name":"Expert Technician","id":360,"guid":133593,"type":"NPC","icon":"custom-icon-spell_nature_unrelentingstorm","fights":[{"id":55,"instances":3,"groups":1}]},{"name":"Honored Raptor","id":426,"guid":135192,"type":"NPC","icon":"custom-icon-ability_druid_ravage","fights":[{"id":77,"instances":3,"groups":2}]},{"name":"Abyssal Watcher","id":131,"guid":161173,"type":"NPC","icon":"custom-icon-spell_fire_twilightflamestrike","fights":[{"id":17,"instances":3,"groups":1},{"id":20,"instances":2,"groups":1},{"id":21,"instances":1,"groups":1},{"id":22,"instances":2,"groups":1}]},{"name":"Freehold Pack Mule","id":241,"guid":129598,"type":"NPC","icon":"NPC","fights":[{"id":38,"instances":3,"groups":1}]},{"name":"Shath'Yar Scribe","id":77,"guid":163690,"type":"NPC","icon":"custom-icon-inv_enchant_voidsphere","fights":[{"id":3,"instances":3,"groups":1},{"id":7,"instances":1,"groups":1},{"id":11,"instances":2,"groups":1}]},{"name":"Addled Thug","id":330,"guid":130435,"type":"NPC","icon":"custom-icon-ability_warrior_charge","fights":[{"id":49,"instances":6,"groups":1}]},{"name":"Cutwater Duelist","id":252,"guid":129559,"type":"NPC","icon":"custom-icon-ability_warrior_charge","fights":[{"id":41,"instances":2,"groups":1}]},{"name":"Shiprat","id":242,"guid":126497,"type":"NPC","icon":"NPC","fights":[{"id":38,"instances":3,"groups":1},{"id":41,"instances":1,"groups":1},{"id":42,"instances":1,"groups":1},{"id":43,"instances":5,"groups":2},{"id":47,"instances":2,"groups":1}]},{"name":"Weapons Tester","id":339,"guid":136934,"type":"NPC","icon":"custom-icon-ability_hunter_rapidregeneration","fights":[{"id":49,"instances":1,"groups":2},{"id":50,"instances":1,"groups":2},{"id":51,"instances":1,"groups":8},{"id":52,"instances":1,"groups":1},{"id":53,"instances":2,"groups":5},{"id":54,"instances":1,"groups":1},{"id":55,"instances":1,"groups":1}]},{"name":"Tentacle of Drest'agath","id":169,"guid":157614,"type":"NPC","icon":"custom-icon-ability_earthen_pillar","fights":[{"id":27,"instances":7,"groups":3},{"id":28,"instances":6,"groups":3}]},{"name":"Bloodsworn Agent","id":411,"guid":137485,"type":"NPC","icon":"custom-icon-spell_shadow_ritualofsacrifice","fights":[{"id":72,"instances":4,"groups":1}]},{"name":"Skeletal Hunting Raptor","id":410,"guid":137487,"type":"NPC","icon":"custom-icon-ability_druid_ravage","fights":[{"id":71,"instances":1}]},{"name":"Shadowblade Stalker","id":377,"guid":122970,"type":"NPC","icon":"custom-icon-ability_rogue_creepingvenom","fights":[{"id":59,"instances":4,"groups":2}]},{"name":"Bilge Rat Brinescale","id":263,"guid":129600,"type":"NPC","icon":"custom-icon-inv_misc_volatilewater","fights":[{"id":41,"instances":1,"groups":1},{"id":43,"instances":3,"groups":1}]},{"name":"Gibbering Ooze","id":156,"guid":161835,"type":"NPC","icon":"NPC","fights":[{"id":24,"instances":1,"groups":1},{"id":26,"instances":6,"groups":2},{"id":29,"instances":3,"groups":1}]},{"name":"Azerokk","id":352,"guid":129227,"type":"Boss","icon":"custom-icon-spell_shaman_earthquake","fights":[{"id":52,"instances":1}]},{"name":"Void Fanatic","id":78,"guid":160183,"type":"NPC","icon":"NPC","fights":[{"id":3,"instances":1,"groups":1},{"id":6,"instances":5,"groups":1},{"id":13,"instances":12,"groups":1},{"id":14,"instances":2,"groups":1}]},{"name":"Spectral Headhunter","id":430,"guid":134994,"type":"NPC","icon":"NPC","fights":[{"id":78,"instances":2,"groups":1}]},{"name":"Irontide Corsair","id":238,"guid":126928,"type":"NPC","icon":"custom-icon-ability_rogue_deadlybrew","fights":[{"id":38,"instances":10,"groups":2}]},{"name":"Anubisath Sentinel","id":81,"guid":162534,"type":"NPC","icon":"custom-icon-ability_warrior_trauma","fights":[{"id":3,"instances":1},{"id":4,"instances":1}]},{"name":"Freehold Barhand","id":254,"guid":127124,"type":"NPC","icon":"NPC","fights":[{"id":41,"instances":2,"groups":1}]},{"name":"Azerite Extractor","id":349,"guid":136643,"type":"NPC","icon":"custom-icon-inv_misc_enggizmos_04","fights":[{"id":51,"instances":1}]},{"name":"Wrathion","id":23,"guid":156818,"type":"Boss","icon":"custom-icon-ability_deathwing_cataclysm","fights":[{"id":1,"instances":1,"groups":3}]},{"name":"Zealous Adherent","id":112,"guid":159308,"type":"NPC","icon":"custom-icon-ability_ironmaidens_convulsiveshadows","fights":[{"id":13,"instances":3,"groups":1},{"id":14,"instances":3,"groups":2},{"id":17,"instances":4,"groups":1},{"id":21,"instances":4,"groups":1},{"id":22,"instances":8,"groups":2}]},{"name":"Leech Globule","id":356,"guid":133753,"type":"NPC","icon":"custom-icon-inv_elemental_primal_shadow","fights":[{"id":53,"instances":2}]},{"name":"Occult Shadowmender","id":74,"guid":159425,"type":"NPC","icon":"custom-icon-spell_shadow_painspike","fights":[{"id":2,"instances":1,"groups":1},{"id":3,"instances":3,"groups":1},{"id":6,"instances":1,"groups":1},{"id":12,"instances":1,"groups":1},{"id":14,"instances":2,"groups":2}]},{"name":"Aqir Drone","id":117,"guid":162306,"type":"NPC","icon":"NPC","fights":[{"id":15,"instances":10,"groups":2}]},{"name":"Trothak","id":273,"guid":126969,"type":"Boss","icon":"custom-icon-spell_druid_bloodythrash","fights":[{"id":45,"instances":1}]},{"name":"Spectral Berserker","id":423,"guid":135167,"type":"NPC","icon":"custom-icon-spell_druid_bloodythrash","fights":[{"id":77,"instances":3,"groups":2},{"id":78,"instances":3,"groups":2}]},{"name":"Aqir Skitterer","id":113,"guid":161217,"type":"NPC","icon":"custom-icon-ability_fixated_state_red","fights":[{"id":14,"instances":7,"groups":1},{"id":15,"instances":60,"groups":2},{"id":17,"instances":21,"groups":1}]},{"name":"Aqir Drone","id":125,"guid":157255,"type":"NPC","icon":"custom-icon-ability_fixated_state_red","fights":[{"id":16,"instances":40,"groups":2}]},{"name":"Ka'zir","id":122,"guid":157253,"type":"Boss","icon":"custom-icon-ability_pet_baneling","fights":[{"id":16,"instances":1}]},{"name":"Sanguimar","id":149,"guid":159767,"type":"NPC","icon":"custom-icon-ability_deathwing_bloodcorruption_earth","fights":[{"id":24,"instances":1}]},{"name":"Freehold Deckhand","id":255,"guid":127119,"type":"NPC","icon":"NPC","fights":[{"id":41,"instances":2,"groups":1}]},{"name":"King Dazar","id":438,"guid":136160,"type":"Boss","icon":"custom-icon-ability_karoz_leap","fights":[{"id":81,"instances":1}]},{"name":"Dazar'ai Augur","id":387,"guid":122972,"type":"NPC","icon":"custom-icon-spell_fire_flamebolt","fights":[{"id":61,"instances":2,"groups":1},{"id":62,"instances":1,"groups":1},{"id":63,"instances":1,"groups":1}]},{"name":"Dazar'ai Honor Guard","id":386,"guid":127799,"type":"NPC","icon":"custom-icon-inv_sword_1h_zandalari_c_02red","fights":[{"id":61,"instances":2,"groups":1},{"id":62,"instances":3,"groups":1}]},{"name":"Seneschal M'bara","id":415,"guid":134251,"type":"NPC","icon":"NPC","fights":[{"id":73,"instances":1}]},{"name":"Sharkbait","id":245,"guid":126841,"type":"NPC","icon":"custom-icon-inv_misc_food_legion_gooslime_drop","fights":[{"id":39,"instances":1}]},{"name":"Anubisath Sentinel","id":80,"guid":162417,"type":"NPC","icon":"custom-icon-spell_nature_thorns","fights":[{"id":3,"instances":1},{"id":4,"instances":1}]},{"name":"Dazar'ai Juggernaut","id":389,"guid":122971,"type":"NPC","icon":"custom-icon-ability_butcher_whirl","fights":[{"id":62,"instances":1}]},{"name":"Minion of Zul","id":402,"guid":133943,"type":"NPC","icon":"custom-icon-spell_shadow_summonvoidwalker","fights":[{"id":68,"instances":8,"groups":1},{"id":69,"instances":6,"groups":1}]},{"name":"Blacktooth Brute","id":253,"guid":129548,"type":"NPC","icon":"custom-icon-inv_misc_volatileearth","fights":[{"id":41,"instances":3,"groups":1}]},{"name":"Stonefury","id":346,"guid":130635,"type":"NPC","icon":"custom-icon-spell_shaman_earthquake","fights":[{"id":50,"instances":1,"groups":1},{"id":51,"instances":5,"groups":1}]},{"name":"Prophet Skitra","id":86,"guid":157238,"type":"Boss","icon":"custom-icon-inv_misc_shadowegg","fights":[{"id":5,"instances":1,"groups":3}]},{"name":"Engorged Maggot","id":129,"guid":161833,"type":"NPC","icon":"NPC","fights":[{"id":17,"instances":8,"groups":3},{"id":24,"instances":8,"groups":1},{"id":26,"instances":16,"groups":2}]},{"name":"Void Portal","id":141,"guid":161945,"type":"NPC","icon":"custom-icon-trade_engineering","fights":[{"id":23,"instances":1}]},{"name":"Reanimation Totem","id":383,"guid":125977,"type":"NPC","icon":"NPC","fights":[{"id":60,"instances":3,"groups":1}]},{"name":"Reanimated Honor Guard","id":379,"guid":127757,"type":"NPC","icon":"custom-icon-ability_rogue_deviouspoisons","fights":[{"id":59,"instances":5,"groups":1}]},{"name":"Spectral Witch Doctor","id":425,"guid":135239,"type":"NPC","icon":"custom-icon-spell_frost_frostshock","fights":[{"id":77,"instances":2,"groups":3},{"id":78,"instances":1,"groups":1}]},{"name":"Anubisath Sentinel","id":85,"guid":161571,"type":"NPC","icon":"custom-icon-ability_warrior_savageblow","fights":[{"id":4,"instances":1}]},{"name":"Bilge Rat Padfoot","id":258,"guid":129550,"type":"NPC","icon":"custom-icon-ability_rogue_shadowstep","fights":[{"id":41,"instances":1}]},{"name":"Willing Sacrifice","id":93,"guid":162647,"type":"NPC","icon":"custom-icon-ability_warlock_everlastingaffliction","fights":[{"id":6,"instances":1}]},{"name":"Interment Construct","id":420,"guid":137969,"type":"NPC","icon":"custom-icon-achievement_bg_xkills_avgraveyard","fights":[{"id":75,"instances":2}]},{"name":"Irontide Crusher","id":266,"guid":130400,"type":"NPC","icon":"custom-icon-spell_shaman_earthquake","fights":[{"id":43,"instances":2}]},{"name":"Junkpile Roach","id":329,"guid":144409,"type":"NPC","icon":"NPC","fights":[{"id":49,"instances":3,"groups":2}]},{"name":"Living Blood","id":150,"guid":159312,"type":"NPC","icon":"custom-icon-ability_deathwing_bloodcorruption_earth","fights":[{"id":24,"instances":26,"groups":5},{"id":26,"instances":7,"groups":1},{"id":29,"instances":4,"groups":1}]},{"name":"Captain Eudora","id":248,"guid":126848,"type":"Boss","icon":"custom-icon-inv_firearm_2h_rifle_kultirasquest_b_01","fights":[{"id":42,"instances":1}]},{"name":"Soggy Shiprat","id":250,"guid":130024,"type":"NPC","icon":"custom-icon-ability_druid_lacerate","fights":[{"id":41,"instances":8,"groups":2}]},{"name":"The Golden Serpent","id":407,"guid":135322,"type":"Boss","icon":"custom-icon-ability_skyreach_four_wind","fights":[{"id":70,"instances":1}]}],"friendlyPets":[{"name":"Twisted Appendage","id":55,"guid":162764,"type":"Pet","icon":"abilities/achievement_boss_yoggsaron_01","petOwner":11,"fights":[{"id":1,"instances":4},{"id":2,"instances":1},{"id":3,"instances":1},{"id":4,"instances":1},{"id":5,"instances":4},{"id":7,"instances":1},{"id":8,"instances":1},{"id":9,"instances":2},{"id":10,"instances":2},{"id":11,"instances":3},{"id":12,"instances":1},{"id":13,"instances":4},{"id":14,"instances":5},{"id":15,"instances":1},{"id":16,"instances":8},{"id":22,"instances":2},{"id":23,"instances":3},{"id":24,"instances":5},{"id":25,"instances":3},{"id":26,"instances":3},{"id":27,"instances":5},{"id":28,"instances":8},{"id":29,"instances":1},{"id":30,"instances":4},{"id":31,"instances":4},{"id":33,"instances":6},{"id":35,"instances":6},{"id":36,"instances":5},{"id":37,"instances":8}]},{"name":"Coifcurl's Close Shave Kit","id":133,"guid":163441,"type":"Pet","icon":"abilities/inv_archaeology_orcclans_blackrockrazor","petOwner":22,"fights":[{"id":20,"instances":1}]},{"name":"King Mosh","id":5,"guid":48034108,"type":"Pet","icon":"custom-icon-ability_hunter_sickem","petOwner":3,"fights":[{"id":1,"instances":1},{"id":2,"instances":1},{"id":3,"instances":1},{"id":4,"instances":1},{"id":5,"instances":1},{"id":6,"instances":1},{"id":7,"instances":1},{"id":8,"instances":1},{"id":9,"instances":1},{"id":10,"instances":1},{"id":11,"instances":1},{"id":12,"instances":1},{"id":13,"instances":1},{"id":14,"instances":1},{"id":15,"instances":1},{"id":16,"instances":1},{"id":17,"instances":1},{"id":21,"instances":1},{"id":22,"instances":1},{"id":23,"instances":1},{"id":24,"instances":1},{"id":25,"instances":1},{"id":26,"instances":1},{"id":27,"instances":1},{"id":28,"instances":1},{"id":29,"instances":1},{"id":30,"instances":1},{"id":31,"instances":1},{"id":33,"instances":1},{"id":34,"instances":1},{"id":35,"instances":1},{"id":36,"instances":1},{"id":37,"instances":1}]},{"name":"Absorb-o-Tron","id":57,"guid":143985,"type":"Pet","icon":"abilities/inv_robotpet","petOwner":4,"fights":[{"id":1,"instances":3},{"id":4,"instances":1},{"id":5,"instances":3},{"id":7,"instances":1},{"id":9,"instances":1},{"id":10,"instances":3},{"id":11,"instances":1},{"id":13,"instances":3},{"id":16,"instances":5},{"id":17,"instances":1},{"id":22,"instances":1},{"id":23,"instances":4},{"id":24,"instances":6},{"id":25,"instances":2},{"id":26,"instances":5},{"id":27,"instances":7},{"id":28,"instances":3},{"id":29,"instances":3},{"id":30,"instances":3},{"id":33,"instances":2},{"id":35,"instances":2},{"id":37,"instances":3}]},{"name":"Guardian of Azeroth","id":162,"guid":152396,"type":"Pet","icon":"abilities/inv_glowing-azerite-geode","petOwner":160,"fights":[{"id":25,"instances":2},{"id":26,"instances":1},{"id":27,"instances":1},{"id":28,"instances":1},{"id":30,"instances":2}]},{"name":"Guardian of Azeroth","id":43,"guid":152396,"type":"Pet","icon":"abilities/inv_glowing-azerite-geode","petOwner":22,"fights":[{"id":1,"instances":2},{"id":2,"instances":1},{"id":5,"instances":2},{"id":8,"instances":1},{"id":10,"instances":1},{"id":11,"instances":1},{"id":16,"instances":2},{"id":23,"instances":2},{"id":24,"instances":1},{"id":25,"instances":2},{"id":27,"instances":3},{"id":28,"instances":2},{"id":30,"instances":2},{"id":31,"instances":2},{"id":33,"instances":2},{"id":35,"instances":3},{"id":36,"instances":2},{"id":37,"instances":3}]},{"name":"Guardian of Azeroth","id":49,"guid":152396,"type":"Pet","icon":"abilities/inv_glowing-azerite-geode","petOwner":12,"fights":[{"id":1,"instances":2},{"id":2,"instances":1},{"id":5,"instances":2},{"id":8,"instances":1},{"id":10,"instances":2},{"id":16,"instances":2},{"id":23,"instances":2},{"id":25,"instances":2},{"id":26,"instances":2},{"id":27,"instances":3},{"id":28,"instances":2},{"id":30,"instances":2},{"id":31,"instances":2},{"id":33,"instances":2},{"id":35,"instances":3},{"id":36,"instances":1},{"id":39,"instances":1},{"id":42,"instances":1},{"id":45,"instances":1},{"id":48,"instances":1},{"id":50,"instances":1},{"id":52,"instances":1},{"id":54,"instances":1},{"id":56,"instances":1},{"id":58,"instances":1},{"id":60,"instances":1},{"id":63,"instances":1},{"id":70,"instances":1},{"id":76,"instances":1},{"id":79,"instances":1}]},{"name":"Fenryr","id":137,"guid":44792725,"type":"Pet","icon":"abilities/ability_hunter_beastcall","petOwner":16,"fights":[{"id":20,"instances":1}]},{"name":"Twisted Appendage","id":190,"guid":162764,"type":"Pet","icon":"abilities/achievement_boss_yoggsaron_01","petOwner":183,"fights":[{"id":35,"instances":2},{"id":36,"instances":3}]},{"name":"Pizloz","id":18,"guid":26147205,"type":"Pet","icon":"abilities/spell_shadow_summonimp","petOwner":12,"fights":[{"id":1,"instances":1},{"id":2,"instances":1},{"id":3,"instances":1},{"id":4,"instances":1},{"id":5,"instances":1},{"id":6,"instances":1},{"id":7,"instances":1},{"id":8,"instances":1},{"id":9,"instances":1},{"id":10,"instances":1},{"id":11,"instances":1},{"id":12,"instances":1},{"id":13,"instances":1},{"id":14,"instances":1},{"id":15,"instances":1},{"id":16,"instances":1},{"id":17,"instances":1},{"id":22,"instances":1},{"id":23,"instances":1},{"id":24,"instances":1},{"id":25,"instances":1},{"id":26,"instances":1},{"id":27,"instances":1},{"id":28,"instances":1},{"id":29,"instances":1},{"id":30,"instances":1},{"id":31,"instances":1},{"id":33,"instances":1},{"id":35,"instances":1},{"id":36,"instances":1},{"id":38,"instances":1},{"id":39,"instances":1},{"id":40,"instances":1},{"id":41,"instances":1},{"id":42,"instances":1},{"id":43,"instances":1},{"id":44,"instances":1},{"id":45,"instances":1},{"id":47,"instances":1},{"id":48,"instances":1},{"id":49,"instances":1},{"id":50,"instances":1},{"id":51,"instances":1},{"id":52,"instances":1},{"id":53,"instances":1},{"id":54,"instances":1},{"id":55,"instances":1},{"id":56,"instances":1},{"id":58,"instances":1},{"id":59,"instances":1},{"id":60,"instances":1},{"id":61,"instances":1},{"id":62,"instances":1},{"id":63,"instances":1},{"id":64,"instances":1},{"id":65,"instances":1},{"id":68,"instances":1},{"id":69,"instances":1},{"id":70,"instances":1},{"id":71,"instances":1},{"id":72,"instances":1},{"id":73,"instances":1},{"id":74,"instances":1},{"id":75,"instances":1},{"id":76,"instances":1},{"id":77,"instances":1},{"id":78,"instances":1},{"id":79,"instances":1},{"id":80,"instances":1},{"id":81,"instances":1}]},{"name":"Smallcat","id":2,"guid":47954247,"type":"Pet","icon":"abilities/ability_hunter_beastcall","petOwner":3,"fights":[{"id":1,"instances":1},{"id":2,"instances":1},{"id":3,"instances":1},{"id":4,"instances":1},{"id":5,"instances":1},{"id":6,"instances":1},{"id":7,"instances":1},{"id":8,"instances":1},{"id":9,"instances":1},{"id":10,"instances":1},{"id":11,"instances":1},{"id":12,"instances":1},{"id":13,"instances":1},{"id":14,"instances":1},{"id":15,"instances":1},{"id":16,"instances":1},{"id":17,"instances":1},{"id":21,"instances":1},{"id":22,"instances":1},{"id":23,"instances":1},{"id":24,"instances":1},{"id":25,"instances":1},{"id":26,"instances":1},{"id":27,"instances":1},{"id":28,"instances":1},{"id":29,"instances":1},{"id":30,"instances":1},{"id":31,"instances":1},{"id":33,"instances":1},{"id":35,"instances":1},{"id":36,"instances":1},{"id":37,"instances":1}]},{"name":"Demonic Gateway","id":62,"guid":59271,"type":"Pet","icon":"custom-icon-trade_engineering","petOwner":24,"fights":[{"id":1,"instances":1},{"id":5,"instances":3},{"id":24,"instances":1}]},{"name":"Twisted Appendage","id":58,"guid":162764,"type":"Pet","icon":"abilities/achievement_boss_yoggsaron_01","petOwner":14,"fights":[{"id":1,"instances":1},{"id":2,"instances":2},{"id":4,"instances":1},{"id":5,"instances":2},{"id":8,"instances":1},{"id":10,"instances":4},{"id":11,"instances":2},{"id":12,"instances":1},{"id":13,"instances":2},{"id":14,"instances":2},{"id":15,"instances":2},{"id":16,"instances":5},{"id":23,"instances":7},{"id":24,"instances":5},{"id":25,"instances":5},{"id":26,"instances":4},{"id":27,"instances":2},{"id":28,"instances":2},{"id":29,"instances":2},{"id":30,"instances":6}]},{"name":"Twisted Appendage","id":246,"guid":162764,"type":"Pet","icon":"abilities/achievement_boss_yoggsaron_01","petOwner":151,"fights":[{"id":39,"instances":1},{"id":43,"instances":2},{"id":45,"instances":1},{"id":49,"instances":2},{"id":50,"instances":1},{"id":51,"instances":4},{"id":53,"instances":2},{"id":54,"instances":2},{"id":55,"instances":1},{"id":56,"instances":2},{"id":59,"instances":1},{"id":61,"instances":2},{"id":62,"instances":1},{"id":63,"instances":1},{"id":69,"instances":4},{"id":70,"instances":1},{"id":72,"instances":1},{"id":74,"instances":1},{"id":75,"instances":1},{"id":77,"instances":2},{"id":78,"instances":1},{"id":79,"instances":1}]},{"name":"Spirit Beast","id":35,"guid":48030677,"type":"Pet","icon":"abilities/ability_hunter_beastsoothe","petOwner":30,"fights":[{"id":1,"instances":1},{"id":2,"instances":1},{"id":3,"instances":1},{"id":4,"instances":1},{"id":5,"instances":1},{"id":6,"instances":1},{"id":7,"instances":1},{"id":8,"instances":1},{"id":9,"instances":1},{"id":10,"instances":1},{"id":11,"instances":1},{"id":12,"instances":1},{"id":13,"instances":1},{"id":14,"instances":1},{"id":15,"instances":1},{"id":16,"instances":1},{"id":17,"instances":1},{"id":20,"instances":1},{"id":21,"instances":1},{"id":22,"instances":1},{"id":23,"instances":1},{"id":24,"instances":1},{"id":25,"instances":1},{"id":26,"instances":1},{"id":27,"instances":1},{"id":28,"instances":1},{"id":29,"instances":1},{"id":30,"instances":1},{"id":31,"instances":1},{"id":33,"instances":1},{"id":35,"instances":1},{"id":36,"instances":1},{"id":37,"instances":1}]},{"name":"Army of the Dead","id":40,"guid":24207,"type":"Pet","icon":"abilities/artifactability_unholydeathknight_deathsembrace","petOwner":11,"fights":[{"id":1,"instances":28},{"id":2,"instances":8},{"id":3,"instances":16},{"id":4,"instances":4},{"id":5,"instances":32},{"id":6,"instances":4},{"id":7,"instances":6},{"id":8,"instances":4},{"id":9,"instances":10},{"id":10,"instances":28},{"id":11,"instances":8},{"id":12,"instances":10},{"id":13,"instances":14},{"id":14,"instances":8},{"id":15,"instances":18},{"id":16,"instances":37},{"id":17,"instances":4},{"id":20,"instances":4},{"id":21,"instances":4},{"id":22,"instances":6},{"id":23,"instances":30},{"id":24,"instances":30},{"id":25,"instances":28},{"id":26,"instances":21},{"id":27,"instances":43},{"id":28,"instances":36},{"id":29,"instances":10},{"id":30,"instances":38},{"id":31,"instances":34},{"id":33,"instances":29},{"id":35,"instances":38},{"id":36,"instances":30},{"id":37,"instances":34}]},{"name":"Demonic Gateway","id":59,"guid":59262,"type":"Pet","icon":"custom-icon-trade_engineering","petOwner":12,"fights":[{"id":1,"instances":1},{"id":24,"instances":1},{"id":30,"instances":2},{"id":33,"instances":1}]},{"name":"Beast","id":53,"guid":62005,"type":"Pet","icon":"abilities/ability_hunter_sickem","petOwner":30,"fights":[{"id":1,"instances":2},{"id":2,"instances":2},{"id":3,"instances":2},{"id":5,"instances":4},{"id":9,"instances":1},{"id":10,"instances":2},{"id":11,"instances":2},{"id":12,"instances":1},{"id":13,"instances":2},{"id":14,"instances":3},{"id":15,"instances":1},{"id":16,"instances":4},{"id":17,"instances":1},{"id":21,"instances":1},{"id":23,"instances":3},{"id":24,"instances":5},{"id":25,"instances":3},{"id":26,"instances":1},{"id":27,"instances":2},{"id":28,"instances":5},{"id":29,"instances":1},{"id":30,"instances":2},{"id":31,"instances":2},{"id":33,"instances":2},{"id":35,"instances":2},{"id":36,"instances":1},{"id":37,"instances":4}]},{"name":"Hati","id":36,"guid":48031267,"type":"Pet","icon":"custom-icon-ability_hunter_sickem","petOwner":30,"fights":[{"id":1,"instances":1},{"id":2,"instances":1},{"id":3,"instances":1},{"id":4,"instances":1},{"id":5,"instances":1},{"id":6,"instances":1},{"id":7,"instances":1},{"id":8,"instances":1},{"id":9,"instances":1},{"id":10,"instances":1},{"id":11,"instances":1},{"id":12,"instances":1},{"id":13,"instances":1},{"id":14,"instances":1},{"id":15,"instances":1},{"id":16,"instances":1},{"id":17,"instances":1},{"id":20,"instances":1},{"id":21,"instances":1},{"id":22,"instances":1},{"id":23,"instances":1},{"id":24,"instances":1},{"id":25,"instances":1},{"id":26,"instances":1},{"id":27,"instances":1},{"id":28,"instances":1},{"id":29,"instances":1},{"id":30,"instances":1},{"id":31,"instances":1},{"id":33,"instances":1},{"id":35,"instances":1},{"id":36,"instances":1},{"id":37,"instances":1}]},{"name":"Ashtail","id":21,"guid":43748032,"type":"Pet","icon":"custom-icon-ability_warstomp","petOwner":14,"fights":[{"id":1,"instances":1},{"id":2,"instances":1},{"id":3,"instances":1},{"id":4,"instances":1},{"id":5,"instances":1},{"id":6,"instances":1},{"id":7,"instances":1},{"id":8,"instances":1},{"id":9,"instances":1},{"id":10,"instances":1},{"id":11,"instances":1},{"id":12,"instances":1},{"id":13,"instances":1},{"id":14,"instances":1},{"id":15,"instances":1},{"id":16,"instances":1},{"id":17,"instances":1},{"id":21,"instances":1},{"id":22,"instances":1},{"id":23,"instances":1},{"id":24,"instances":1},{"id":25,"instances":1},{"id":26,"instances":1},{"id":27,"instances":1},{"id":28,"instances":1},{"id":29,"instances":1},{"id":30,"instances":1}]},{"name":"Guardian of Azeroth","id":189,"guid":152396,"type":"Pet","icon":"abilities/inv_glowing-azerite-geode","petOwner":187,"fights":[{"id":35,"instances":3},{"id":36,"instances":2},{"id":37,"instances":3}]},{"name":"Demonic Gateway","id":60,"guid":59271,"type":"Pet","icon":"custom-icon-trade_engineering","petOwner":12,"fights":[{"id":1,"instances":1},{"id":24,"instances":1},{"id":30,"instances":2},{"id":33,"instances":1}]},{"name":"Darkglare","id":51,"guid":103673,"type":"Pet","icon":"abilities/inv_beholderwarlock","petOwner":12,"fights":[{"id":1,"instances":2},{"id":3,"instances":1},{"id":5,"instances":2},{"id":10,"instances":2},{"id":16,"instances":2},{"id":23,"instances":2},{"id":25,"instances":1},{"id":26,"instances":1},{"id":27,"instances":3},{"id":28,"instances":2},{"id":30,"instances":2},{"id":31,"instances":2},{"id":33,"instances":2},{"id":35,"instances":2},{"id":36,"instances":1},{"id":38,"instances":1},{"id":42,"instances":1},{"id":45,"instances":1},{"id":48,"instances":1},{"id":50,"instances":1},{"id":52,"instances":1},{"id":54,"instances":1},{"id":58,"instances":1},{"id":60,"instances":1},{"id":61,"instances":1},{"id":63,"instances":1},{"id":70,"instances":1},{"id":76,"instances":1},{"id":81,"instances":1}]},{"name":"Magus of the Dead","id":39,"guid":148797,"type":"Pet","icon":"abilities/achievement_ladydeathwhisper","petOwner":11,"fights":[{"id":1,"instances":8},{"id":2,"instances":3},{"id":3,"instances":6},{"id":4,"instances":1},{"id":5,"instances":9},{"id":6,"instances":1},{"id":7,"instances":2},{"id":8,"instances":1},{"id":9,"instances":4},{"id":10,"instances":8},{"id":11,"instances":3},{"id":12,"instances":3},{"id":13,"instances":5},{"id":14,"instances":2},{"id":15,"instances":6},{"id":16,"instances":12},{"id":20,"instances":1},{"id":21,"instances":1},{"id":22,"instances":2},{"id":23,"instances":8},{"id":24,"instances":10},{"id":25,"instances":7},{"id":26,"instances":8},{"id":27,"instances":15},{"id":28,"instances":11},{"id":29,"instances":4},{"id":30,"instances":12},{"id":31,"instances":10},{"id":33,"instances":9},{"id":35,"instances":12},{"id":36,"instances":8},{"id":37,"instances":10}]},{"name":"Efflorescence","id":165,"guid":47649,"type":"Pet","icon":"abilities/inv_misc_herb_talandrasrose","petOwner":151,"fights":[{"id":25,"instances":1},{"id":27,"instances":3},{"id":28,"instances":1},{"id":30,"instances":2},{"id":31,"instances":3},{"id":33,"instances":1},{"id":35,"instances":5},{"id":36,"instances":3},{"id":37,"instances":7}]},{"name":"Hammerkeeper","id":17,"guid":40219790,"type":"Pet","icon":"abilities/spell_shadow_animatedead","petOwner":11,"fights":[{"id":1,"instances":1},{"id":2,"instances":1},{"id":3,"instances":1},{"id":4,"instances":1},{"id":5,"instances":1},{"id":6,"instances":1},{"id":7,"instances":1},{"id":8,"instances":1},{"id":9,"instances":1},{"id":10,"instances":1},{"id":11,"instances":1},{"id":12,"instances":1},{"id":13,"instances":1},{"id":14,"instances":1},{"id":15,"instances":1},{"id":16,"instances":1},{"id":17,"instances":1},{"id":20,"instances":1},{"id":21,"instances":1},{"id":22,"instances":1},{"id":23,"instances":1},{"id":24,"instances":1},{"id":25,"instances":1},{"id":26,"instances":1},{"id":27,"instances":1},{"id":28,"instances":1},{"id":29,"instances":1},{"id":30,"instances":1},{"id":31,"instances":1},{"id":33,"instances":1},{"id":34,"instances":1},{"id":35,"instances":1},{"id":36,"instances":1},{"id":37,"instances":1}]},{"name":"Risen Skulker","id":45,"guid":99541,"type":"Pet","icon":"abilities/spell_shadow_animatedead","petOwner":11,"fights":[{"id":1,"instances":1},{"id":2,"instances":1},{"id":3,"instances":1},{"id":4,"instances":1},{"id":5,"instances":2},{"id":6,"instances":1},{"id":7,"instances":1},{"id":8,"instances":1},{"id":9,"instances":1},{"id":10,"instances":1},{"id":11,"instances":1},{"id":12,"instances":1},{"id":13,"instances":1},{"id":14,"instances":1},{"id":15,"instances":2},{"id":16,"instances":1},{"id":17,"instances":2},{"id":20,"instances":2},{"id":21,"instances":1},{"id":22,"instances":1},{"id":23,"instances":1},{"id":24,"instances":3},{"id":25,"instances":1},{"id":26,"instances":1},{"id":27,"instances":1},{"id":28,"instances":1},{"id":29,"instances":1},{"id":30,"instances":1},{"id":31,"instances":2},{"id":33,"instances":1},{"id":34,"instances":1},{"id":35,"instances":1},{"id":36,"instances":1},{"id":37,"instances":1}]},{"name":"Efflorescence","id":84,"guid":47649,"type":"Pet","icon":"abilities/inv_misc_herb_talandrasrose","petOwner":83,"fights":[{"id":4,"instances":2},{"id":5,"instances":9},{"id":6,"instances":1},{"id":7,"instances":2},{"id":8,"instances":2},{"id":9,"instances":4},{"id":10,"instances":8},{"id":11,"instances":5},{"id":12,"instances":3},{"id":13,"instances":6},{"id":14,"instances":4},{"id":15,"instances":6},{"id":16,"instances":11},{"id":22,"instances":2}]},{"name":"Frostbite","id":20,"guid":44673172,"type":"Pet","icon":"abilities/ability_hunter_beastcall","petOwner":14,"fights":[{"id":1,"instances":1},{"id":2,"instances":1},{"id":3,"instances":1},{"id":4,"instances":1},{"id":5,"instances":1},{"id":6,"instances":1},{"id":7,"instances":1},{"id":8,"instances":1},{"id":9,"instances":1},{"id":10,"instances":1},{"id":11,"instances":1},{"id":12,"instances":1},{"id":13,"instances":1},{"id":14,"instances":1},{"id":15,"instances":1},{"id":16,"instances":1},{"id":17,"instances":1},{"id":21,"instances":1},{"id":22,"instances":1},{"id":23,"instances":1},{"id":24,"instances":1},{"id":25,"instances":1},{"id":26,"instances":1},{"id":27,"instances":1},{"id":28,"instances":1},{"id":29,"instances":1},{"id":30,"instances":1}]},{"name":"Water Elemental","id":19,"guid":46545549,"type":"Pet","icon":"abilities/spell_frost_summonwaterelemental_2","petOwner":8,"fights":[{"id":1,"instances":1},{"id":2,"instances":1},{"id":3,"instances":1},{"id":4,"instances":1},{"id":5,"instances":1},{"id":6,"instances":1},{"id":7,"instances":1},{"id":8,"instances":1},{"id":9,"instances":1},{"id":10,"instances":1},{"id":11,"instances":1},{"id":13,"instances":1},{"id":14,"instances":1},{"id":15,"instances":1},{"id":16,"instances":1},{"id":17,"instances":1},{"id":22,"instances":1},{"id":23,"instances":1},{"id":24,"instances":1},{"id":25,"instances":1},{"id":26,"instances":1},{"id":27,"instances":1},{"id":28,"instances":1},{"id":29,"instances":1},{"id":31,"instances":1},{"id":33,"instances":1}]},{"name":"Efflorescence","id":185,"guid":47649,"type":"Pet","icon":"abilities/inv_misc_herb_talandrasrose","petOwner":183,"fights":[{"id":35,"instances":7},{"id":36,"instances":7}]},{"name":"Zortog","id":25,"guid":35601365,"type":"Pet","icon":"abilities/spell_shadow_summonimp","petOwner":24,"fights":[{"id":1,"instances":1},{"id":2,"instances":1},{"id":3,"instances":1},{"id":4,"instances":1},{"id":5,"instances":1},{"id":6,"instances":1},{"id":7,"instances":1},{"id":8,"instances":1},{"id":9,"instances":1},{"id":10,"instances":1},{"id":11,"instances":1},{"id":12,"instances":1},{"id":13,"instances":1},{"id":14,"instances":1},{"id":15,"instances":1},{"id":16,"instances":1},{"id":17,"instances":1},{"id":20,"instances":1},{"id":21,"instances":1},{"id":22,"instances":1},{"id":23,"instances":1},{"id":24,"instances":1},{"id":30,"instances":1},{"id":31,"instances":1},{"id":33,"instances":1}]},{"name":"Infernal","id":47,"guid":89,"type":"Pet","icon":"abilities/spell_shadow_summoninfernal","petOwner":24,"fights":[{"id":1,"instances":5},{"id":2,"instances":1},{"id":3,"instances":4},{"id":4,"instances":1},{"id":5,"instances":4},{"id":7,"instances":1},{"id":8,"instances":3},{"id":10,"instances":5},{"id":11,"instances":2},{"id":12,"instances":2},{"id":13,"instances":1},{"id":14,"instances":2},{"id":15,"instances":5},{"id":16,"instances":6},{"id":17,"instances":1},{"id":22,"instances":1},{"id":23,"instances":6},{"id":24,"instances":5},{"id":25,"instances":6},{"id":26,"instances":1},{"id":27,"instances":5},{"id":28,"instances":8},{"id":29,"instances":1},{"id":30,"instances":6},{"id":31,"instances":6},{"id":33,"instances":11}]},{"name":"Efflorescence","id":38,"guid":47649,"type":"Pet","icon":"abilities/inv_misc_herb_talandrasrose","petOwner":15,"fights":[{"id":1,"instances":6},{"id":2,"instances":3},{"id":3,"instances":4},{"id":4,"instances":3},{"id":5,"instances":5},{"id":6,"instances":2},{"id":7,"instances":2},{"id":8,"instances":1},{"id":9,"instances":1},{"id":10,"instances":5},{"id":11,"instances":1},{"id":12,"instances":1},{"id":13,"instances":2},{"id":14,"instances":3},{"id":15,"instances":5},{"id":16,"instances":8},{"id":38,"instances":6},{"id":39,"instances":1},{"id":41,"instances":4},{"id":42,"instances":1},{"id":43,"instances":3},{"id":44,"instances":2},{"id":47,"instances":1},{"id":48,"instances":1},{"id":49,"instances":7},{"id":50,"instances":1},{"id":51,"instances":4},{"id":52,"instances":1},{"id":53,"instances":4},{"id":54,"instances":1},{"id":55,"instances":5},{"id":59,"instances":2},{"id":60,"instances":1},{"id":61,"instances":6},{"id":62,"instances":1},{"id":63,"instances":2},{"id":64,"instances":1},{"id":65,"instances":1},{"id":68,"instances":1},{"id":69,"instances":4},{"id":70,"instances":1},{"id":73,"instances":1},{"id":75,"instances":2},{"id":76,"instances":1},{"id":77,"instances":4},{"id":78,"instances":2},{"id":79,"instances":3},{"id":80,"instances":2},{"id":81,"instances":1}]},{"name":"Corbyn","id":87,"guid":126632,"type":"Pet","icon":"custom-icon-trade_engineering","petOwner":14,"fights":[{"id":15,"instances":1}]},{"name":"Demonic Gateway","id":61,"guid":59262,"type":"Pet","icon":"custom-icon-trade_engineering","petOwner":24,"fights":[{"id":1,"instances":1},{"id":5,"instances":2},{"id":24,"instances":1}]}],"enemyPets":[{"name":"Spirit of Gold","id":392,"guid":131009,"type":"Pet","icon":"Pet","petOwner":390,"fights":[{"id":63,"instances":1}]},{"name":"Absorb-o-Tron","id":57,"guid":143985,"type":"Pet","icon":"abilities/inv_robotpet","petOwner":4,"fights":[{"id":31,"instances":1}]},{"name":"Minion of Zul","id":437,"guid":138493,"type":"Pet","icon":"custom-icon-spell_shadow_summonvoidwalker","petOwner":151,"fights":[{"id":80,"instances":1},{"id":81,"instances":1}]},{"name":"Healing Tide Totem","id":428,"guid":137591,"type":"Pet","icon":"abilities/trade_engineering","petOwner":425,"fights":[{"id":77,"instances":2},{"id":78,"instances":1}]}],"phases":[{"boss":2327,"phases":["Obsidian Destroyer","Obsidian Statue"]},{"boss":2331,"phases":["Gathering Power","Unleashed Wrath"]},{"boss":2329,"phases":["The Black Emperor","Smoke and Mirrors"]},{"boss":2335,"phases":["Shadowy Carapace","Void-Tinged Carapace","Noxious Carapace"]}],"logVersion":16,"gameVersion":1,"title":"Ny'alotha","owner":"TheGreenVenom","start":1596221820515,"end":1596237751384,"zone":24,"exportedCharacters":[{"id":50504244,"name":"Aariadne","server":"Silvermoon","region":"EU"},{"id":29883756,"name":"Alexicus","server":"Silvermoon","region":"EU"},{"id":27307314,"name":"Beroc","server":"Silvermoon","region":"EU"},{"id":12867092,"name":"Bornesouls","server":"Silvermoon","region":"EU"},{"id":50578279,"name":"Custardlump","server":"Silvermoon","region":"EU"},{"id":40679529,"name":"Dalorath","server":"Silvermoon","region":"EU"},{"id":48409303,"name":"Hallybop","server":"Silvermoon","region":"EU"},{"id":40133158,"name":"Hellmonder","server":"Silvermoon","region":"EU"},{"id":45451906,"name":"Helmond","server":"Silvermoon","region":"EU"},{"id":38744540,"name":"Jahkob","server":"Silvermoon","region":"EU"},{"id":9116619,"name":"Kanute","server":"Silvermoon","region":"EU"},{"id":29775554,"name":"Lostwhisper","server":"Silvermoon","region":"EU"},{"id":19466991,"name":"Manicmox","server":"Frostmane","region":"EU"},{"id":38465069,"name":"Mjááu","server":"Silvermoon","region":"EU"},{"id":35488634,"name":"Mollymayhem","server":"Ravencrest","region":"EU"},{"id":30613653,"name":"Mowhalknelf","server":"Silvermoon","region":"EU"},{"id":13945223,"name":"Mwstealthy","server":"Silvermoon","region":"EU"},{"id":41087586,"name":"Nebukad","server":"Malfurion","region":"EU"},{"id":253210,"name":"Owningbradx","server":"Silvermoon","region":"EU"},{"id":10839062,"name":"Piene","server":"Silvermoon","region":"EU"},{"id":56299,"name":"Polm","server":"Silvermoon","region":"EU"},{"id":18048135,"name":"Píene","server":"Silvermoon","region":"EU"},{"id":34682854,"name":"Runeia","server":"Silvermoon","region":"EU"},{"id":45116455,"name":"Shadowthorne","server":"Ravencrest","region":"EU"},{"id":39360033,"name":"Shannoria","server":"Silvermoon","region":"EU"},{"id":50578284,"name":"Shògun","server":"Silvermoon","region":"EU"},{"id":40525615,"name":"Snabeldráke","server":"Silvermoon","region":"EU"},{"id":38386701,"name":"Stoumf","server":"Silvermoon","region":"EU"},{"id":15494397,"name":"Tartonator","server":"Silvermoon","region":"EU"}]}