{"fights":[{"id":1,"boss":2398,"start_time":30799,"end_time":199292,"name":"Shriekwing","zoneID":2296,"zoneName":"Castle Nathria","zoneDifficulty":4,"size":24,"difficulty":4,"kill":true,"partial":3,"bossPercentage":0,"fightPercentage":0,"lastPhaseForPercentageDisplay":1,"maps":[1735]},{"id":2,"boss":0,"start_time":213639,"end_time":317938,"name":"Kennel Overseer","zoneID":2296,"zoneName":"Castle Nathria","zoneDifficulty":4},{"id":3,"boss":0,"start_time":341761,"end_time":369672,"name":"Huntsman Altimor","zoneID":2296,"zoneName":"Castle Nathria","zoneDifficulty":4},{"id":4,"boss":2418,"start_time":458299,"end_time":657466,"name":"Huntsman Altimor","zoneID":2296,"zoneName":"Castle Nathria","zoneDifficulty":4,"size":24,"difficulty":4,"kill":true,"partial":3,"bossPercentage":0,"fightPercentage":0,"lastPhaseForPercentageDisplay":4,"maps":[1735]},{"id":5,"boss":0,"start_time":698343,"end_time":809546,"name":"Dread Feaster","zoneID":2296,"zoneName":"Castle Nathria","zoneDifficulty":4},{"id":6,"boss":2383,"start_time":952488,"end_time":1116644,"name":"Hungering Destroyer","zoneID":2296,"zoneName":"Castle Nathria","zoneDifficulty":4,"size":24,"difficulty":4,"kill":true,"partial":3,"bossPercentage":0,"fightPercentage":0,"lastPhaseForPercentageDisplay":0,"maps":[1735]},{"id":7,"boss":0,"start_time":1148100,"end_time":1259959,"name":"Dragost","zoneID":2296,"zoneName":"Castle Nathria","zoneDifficulty":4},{"id":8,"boss":2406,"start_time":1376112,"end_time":1574346,"name":"Lady Inerva Darkvein","zoneID":2296,"zoneName":"Castle Nathria","zoneDifficulty":4,"size":25,"difficulty":4,"kill":true,"partial":3,"bossPercentage":0,"fightPercentage":0,"lastPhaseForPercentageDisplay":0,"maps":[1744]},{"id":9,"boss":0,"start_time":1574346,"end_time":1578850,"name":"Harnessed Specter","zoneID":2296,"zoneName":"Castle Nathria","zoneDifficulty":4},{"id":10,"boss":0,"start_time":1661456,"end_time":1869944,"name":"Court Enforcer","zoneID":2296,"zoneName":"Castle Nathria","zoneDifficulty":4},{"id":11,"boss":0,"start_time":1907615,"end_time":2030074,"name":"Lord Evershade","zoneID":2296,"zoneName":"Castle Nathria","zoneDifficulty":4},{"id":12,"boss":0,"originalBoss":2405,"start_time":2231441,"end_time":2239907,"name":"Artificer Xy'mox","zoneID":2296,"zoneName":"Castle Nathria","zoneDifficulty":4},{"id":13,"boss":0,"start_time":2243016,"end_time":2244467,"name":"Unknown","zoneID":2296,"zoneName":"Castle Nathria","zoneDifficulty":4},{"id":14,"boss":2405,"start_time":2289625,"end_time":2519962,"name":"Artificer Xy'mox","zoneID":2296,"zoneName":"Castle Nathria","zoneDifficulty":4,"size":25,"difficulty":4,"kill":true,"partial":3,"bossPercentage":0,"fightPercentage":0,"lastPhaseForPercentageDisplay":3,"maps":[1745]},{"id":15,"boss":0,"start_time":2614364,"end_time":2647485,"name":"Court Enforcer","zoneID":2296,"zoneName":"Castle Nathria","zoneDifficulty":4},{"id":16,"boss":0,"start_time":2661857,"end_time":2690491,"name":"Court Enforcer","zoneID":2296,"zoneName":"Castle Nathria","zoneDifficulty":4},{"id":17,"boss":2402,"start_time":2891844,"end_time":3086388,"name":"Sun King's Salvation","zoneID":2296,"zoneName":"Castle Nathria","zoneDifficulty":4,"size":25,"difficulty":4,"kill":true,"partial":3,"bossPercentage":9219,"fightPercentage":976,"lastPhaseForPercentageDisplay":0,"maps":[1746]},{"id":18,"boss":0,"start_time":3086423,"end_time":3086423,"name":"Rockbound Vanquisher","zoneID":2296,"zoneName":"Castle Nathria","zoneDifficulty":4},{"id":19,"boss":0,"start_time":3100155,"end_time":3100188,"name":"Kael'thas Sunstrider","zoneID":2296,"zoneName":"Castle Nathria","zoneDifficulty":4},{"id":20,"boss":0,"start_time":3153980,"end_time":3217224,"name":"Stoneborn Maitre D'","zoneID":2296,"zoneName":"Castle Nathria","zoneDifficulty":4},{"id":21,"boss":0,"start_time":3251933,"end_time":3318117,"name":"Court Enforcer","zoneID":2296,"zoneName":"Castle Nathria","zoneDifficulty":4},{"id":22,"boss":2412,"start_time":3565990,"end_time":3888577,"name":"The Council of Blood","zoneID":2296,"zoneName":"Castle Nathria","zoneDifficulty":4,"size":25,"difficulty":4,"kill":true,"partial":3,"bossPercentage":0,"fightPercentage":0,"lastPhaseForPercentageDisplay":4,"maps":[1750]},{"id":23,"boss":2399,"start_time":4306561,"end_time":4522469,"name":"Sludgefist","zoneID":2296,"zoneName":"Castle Nathria","zoneDifficulty":4,"size":26,"difficulty":4,"kill":true,"partial":3,"bossPercentage":0,"fightPercentage":0,"lastPhaseForPercentageDisplay":0,"maps":[1735]},{"id":24,"boss":0,"start_time":4620994,"end_time":4626899,"name":"Unknown","zoneID":2296,"zoneName":"Castle Nathria","zoneDifficulty":4},{"id":25,"boss":0,"start_time":4664784,"end_time":4665017,"name":"Unknown","zoneID":2296,"zoneName":"Castle Nathria","zoneDifficulty":4},{"id":26,"boss":0,"originalBoss":2417,"start_time":4788580,"end_time":4794297,"name":"Stone Legion Generals","zoneID":2296,"zoneName":"Castle Nathria","zoneDifficulty":4},{"id":27,"boss":0,"originalBoss":2417,"start_time":4856846,"end_time":4862613,"name":"Stone Legion Generals","zoneID":2296,"zoneName":"Castle Nathria","zoneDifficulty":4},{"id":28,"boss":2417,"start_time":4974574,"end_time":5022469,"name":"Stone Legion Generals","zoneID":2296,"zoneName":"Castle Nathria","zoneDifficulty":4,"size":27,"difficulty":4,"kill":false,"partial":3,"bossPercentage":8229,"fightPercentage":8229,"lastPhaseForPercentageDisplay":1,"maps":[1747]},{"id":29,"boss":2417,"start_time":5090218,"end_time":5446085,"name":"Stone Legion Generals","zoneID":2296,"zoneName":"Castle Nathria","zoneDifficulty":4,"size":27,"difficulty":4,"kill":true,"partial":3,"bossPercentage":0,"fightPercentage":0,"lastPhaseForPercentageDisplay":3,"maps":[1747]},{"id":30,"boss":2407,"start_time":5817820,"end_time":6221506,"name":"Sire Denathrius","zoneID":2296,"zoneName":"Castle Nathria","zoneDifficulty":4,"size":27,"difficulty":4,"kill":true,"partial":3,"bossPercentage":0,"fightPercentage":0,"lastPhaseForPercentageDisplay":3,"maps":[1747,1748]},{"id":31,"boss":0,"start_time":6221633,"end_time":6222114,"name":"Remornia","zoneID":2296,"zoneName":"Castle Nathria","zoneDifficulty":4},{"id":32,"boss":0,"start_time":6400588,"end_time":6415084,"name":"Unknown","zoneID":2222,"zoneName":"Escape from the Maw","zoneDifficulty":0},{"id":33,"boss":0,"start_time":6433479,"end_time":6433479,"name":"Unknown","zoneID":2222,"zoneName":"Escape from the Maw","zoneDifficulty":0},{"id":34,"boss":0,"start_time":6624297,"end_time":6624297,"name":"Stone Legion Destroyer","zoneID":2222,"zoneName":"Escape from the Maw","zoneDifficulty":0},{"id":35,"boss":0,"start_time":7074324,"end_time":7092702,"name":"Mudlump","zoneID":2296,"zoneName":"Castle Nathria","zoneDifficulty":5},{"id":36,"boss":0,"start_time":7263752,"end_time":7363742,"name":"Caramain","zoneID":2296,"zoneName":"Castle Nathria","zoneDifficulty":5},{"id":37,"boss":2398,"start_time":7514550,"end_time":7831058,"name":"Shriekwing","zoneID":2296,"zoneName":"Castle Nathria","zoneDifficulty":5,"size":20,"difficulty":5,"kill":true,"partial":3,"bossPercentage":0,"fightPercentage":0,"lastPhaseForPercentageDisplay":1,"maps":[1735]},{"id":38,"boss":0,"start_time":7842196,"end_time":7953021,"name":"Kennel Overseer","zoneID":2296,"zoneName":"Castle Nathria","zoneDifficulty":5},{"id":39,"boss":0,"start_time":7976484,"end_time":8011118,"name":"Huntsman Altimor","zoneID":2296,"zoneName":"Castle Nathria","zoneDifficulty":5},{"id":40,"boss":2383,"start_time":10372318,"end_time":10753337,"name":"Hungering Destroyer","zoneID":2296,"zoneName":"Castle Nathria","zoneDifficulty":5,"size":20,"difficulty":5,"kill":true,"partial":3,"bossPercentage":0,"fightPercentage":0,"lastPhaseForPercentageDisplay":0,"maps":[1735]}],"lang":"en","friendlies":[{"name":"Halalsausage","id":242,"guid":176040279,"type":"Shaman","server":"TwistingNether","icon":"Shaman","fights":[{"id":33}]},{"name":"Kramt","id":122,"guid":165356053,"type":"Paladin","server":"TwistingNether","icon":"Paladin","fights":[{"id":8},{"id":9},{"id":10},{"id":11},{"id":12},{"id":14},{"id":15},{"id":16},{"id":17},{"id":18},{"id":19},{"id":20},{"id":21},{"id":22},{"id":23},{"id":26},{"id":27},{"id":28},{"id":29},{"id":30},{"id":31},{"id":35},{"id":36},{"id":37},{"id":38},{"id":39},{"id":40}]},{"name":"Gpex","id":16,"guid":174090089,"type":"DeathKnight","server":"TwistingNether","icon":"DeathKnight-Unholy","fights":[{"id":1},{"id":2},{"id":3},{"id":4},{"id":5},{"id":6},{"id":7},{"id":8},{"id":9},{"id":10},{"id":11},{"id":12},{"id":13},{"id":14},{"id":15},{"id":16},{"id":17},{"id":18},{"id":19},{"id":20},{"id":21},{"id":22},{"id":23},{"id":26},{"id":27},{"id":28},{"id":29},{"id":30},{"id":31},{"id":36},{"id":37},{"id":38},{"id":39},{"id":40}]},{"name":"Quicktrip","id":20,"guid":177280654,"type":"Rogue","server":"TwistingNether","icon":"Rogue-Subtlety","fights":[{"id":1},{"id":2},{"id":3},{"id":4},{"id":5},{"id":6},{"id":7},{"id":8},{"id":9},{"id":10},{"id":11},{"id":12},{"id":13},{"id":14},{"id":15},{"id":16},{"id":17},{"id":18},{"id":19},{"id":20},{"id":21},{"id":22},{"id":23},{"id":26},{"id":27},{"id":28},{"id":29},{"id":30},{"id":31},{"id":36},{"id":37},{"id":38},{"id":39},{"id":40}]},{"name":"The Accuser","id":167,"guid":165760,"type":"NPC","icon":"custom-icon-ability_venthyr_doorofshadows","fights":[{"id":16,"instances":1}]},{"name":"Yachh","id":221,"guid":174063756,"type":"Hunter","server":"TwistingNether","icon":"Hunter-Marksmanship","fights":[{"id":28},{"id":29},{"id":30},{"id":31}]},{"name":"Shallywally","id":14,"guid":160821451,"type":"Warlock","server":"TwistingNether","icon":"Warlock-Affliction","fights":[{"id":1},{"id":2},{"id":3},{"id":4},{"id":5},{"id":6},{"id":7},{"id":8},{"id":9},{"id":10},{"id":11},{"id":12},{"id":13},{"id":14},{"id":15},{"id":16},{"id":17},{"id":18},{"id":19},{"id":20},{"id":21},{"id":22},{"id":23},{"id":26},{"id":27},{"id":28},{"id":29},{"id":30},{"id":36},{"id":37},{"id":38},{"id":39}]},{"name":"Kharne","id":309,"guid":169313308,"type":"DeathKnight","server":"TwistingNether","icon":"DeathKnight-Unholy","fights":[{"id":33}]},{"name":"Gourtmoo","id":7,"guid":164745448,"type":"Druid","server":"TwistingNether","icon":"Druid-Balance","fights":[{"id":1},{"id":2},{"id":3},{"id":4},{"id":5},{"id":6},{"id":7},{"id":8},{"id":9},{"id":10},{"id":11},{"id":12},{"id":13},{"id":14},{"id":15},{"id":16},{"id":17},{"id":18},{"id":19},{"id":20},{"id":21},{"id":22},{"id":23},{"id":26},{"id":27},{"id":28},{"id":29},{"id":30},{"id":31},{"id":32},{"id":34},{"id":36},{"id":37},{"id":38},{"id":39},{"id":40}]},{"name":"Zooma","id":6,"guid":161132625,"type":"Druid","server":"TwistingNether","icon":"Druid-Balance","fights":[{"id":1},{"id":2},{"id":3},{"id":4},{"id":5},{"id":6},{"id":7},{"id":8},{"id":9},{"id":10},{"id":11},{"id":12},{"id":13},{"id":14},{"id":15},{"id":16},{"id":17},{"id":18},{"id":19},{"id":20},{"id":21},{"id":22},{"id":23},{"id":24},{"id":25},{"id":26},{"id":27},{"id":28},{"id":29},{"id":30},{"id":31},{"id":36},{"id":37},{"id":38},{"id":39},{"id":40}]},{"name":"Min","id":4,"guid":174095638,"type":"Priest","server":"TwistingNether","icon":"Priest","fights":[{"id":1},{"id":2},{"id":3},{"id":4},{"id":5},{"id":6},{"id":7},{"id":8},{"id":9},{"id":10},{"id":11},{"id":12},{"id":14},{"id":15},{"id":16},{"id":17},{"id":18},{"id":19},{"id":20},{"id":21},{"id":22},{"id":23},{"id":24},{"id":25},{"id":26},{"id":27},{"id":28},{"id":29},{"id":30},{"id":31}]},{"name":"Horded","id":10,"guid":175506206,"type":"Paladin","server":"TwistingNether","icon":"Paladin-Retribution","fights":[{"id":1},{"id":2},{"id":3},{"id":4},{"id":5},{"id":6},{"id":7},{"id":8},{"id":10},{"id":11},{"id":12},{"id":13},{"id":14},{"id":15},{"id":16},{"id":17},{"id":18},{"id":20},{"id":21},{"id":22},{"id":23},{"id":26},{"id":27},{"id":28},{"id":29},{"id":30},{"id":31}]},{"name":"Kael'thas Sunstrider","id":171,"guid":165759,"type":"Boss","icon":"custom-icon-ability_warlock_moltencore","lockBossFrame":true,"fights":[{"id":17,"instances":1,"groups":2}]},{"name":"Lyonæs","id":279,"guid":163439389,"type":"Unknown","server":"TwistingNether","icon":"Unknown","fights":[{"id":32}]},{"name":"Uthenera","id":328,"guid":175810358,"type":"Unknown","server":"TwistingNether","icon":"Unknown","fights":[{"id":34}]},{"name":"Kaldeak","id":23,"guid":160833478,"type":"Shaman","server":"TwistingNether","icon":"Shaman","fights":[{"id":1},{"id":2},{"id":3},{"id":4},{"id":5},{"id":6},{"id":7},{"id":8},{"id":9},{"id":10},{"id":11},{"id":12},{"id":13},{"id":14},{"id":15},{"id":16},{"id":17},{"id":18},{"id":19},{"id":20},{"id":21},{"id":22},{"id":23},{"id":26},{"id":27},{"id":28},{"id":29},{"id":30},{"id":32},{"id":40}]},{"name":"Essence Font","id":173,"guid":165778,"type":"NPC","icon":"custom-icon-inv_mechagnome_powercell_broken","fights":[{"id":17,"instances":4,"groups":1}]},{"name":"Christotroll","id":25,"guid":166600808,"type":"Warlock","server":"TwistingNether","icon":"Warlock-Affliction","fights":[{"id":1},{"id":2},{"id":3},{"id":4},{"id":5},{"id":6},{"id":7},{"id":8},{"id":9},{"id":10},{"id":11},{"id":12},{"id":13},{"id":14},{"id":15},{"id":16},{"id":17},{"id":18},{"id":19},{"id":20},{"id":21},{"id":22},{"id":23},{"id":26},{"id":27},{"id":28},{"id":29},{"id":30},{"id":31},{"id":36},{"id":37},{"id":38},{"id":39},{"id":40}]},{"name":"Soundandfury","id":27,"guid":133874101,"type":"Shaman","server":"TwistingNether","icon":"Shaman","fights":[{"id":1},{"id":2},{"id":3},{"id":4},{"id":5},{"id":6},{"id":7},{"id":8},{"id":10},{"id":11},{"id":12},{"id":13},{"id":14},{"id":15},{"id":16},{"id":17},{"id":18},{"id":19},{"id":20},{"id":21},{"id":22},{"id":23},{"id":24},{"id":25},{"id":26},{"id":27},{"id":28},{"id":29},{"id":30},{"id":31},{"id":35},{"id":36},{"id":37},{"id":38},{"id":39},{"id":40}]},{"name":"Snapfire","id":291,"guid":162501891,"type":"Warrior","server":"TwistingNether","icon":"Warrior-Arms","fights":[{"id":32}]},{"name":"Sàbrina","id":352,"guid":161654338,"type":"Unknown","server":"TwistingNether","icon":"Unknown","fights":[{"id":34}]},{"name":"Kevv","id":11,"guid":169132585,"type":"Warlock","server":"TwistingNether","icon":"Warlock-Affliction","fights":[{"id":1},{"id":2},{"id":3},{"id":4},{"id":5},{"id":6},{"id":7},{"id":8},{"id":9},{"id":10},{"id":11},{"id":12},{"id":13},{"id":14},{"id":15},{"id":16},{"id":17},{"id":18},{"id":19},{"id":20},{"id":21},{"id":22},{"id":23},{"id":26},{"id":27},{"id":28},{"id":29},{"id":30},{"id":36},{"id":37},{"id":38},{"id":39},{"id":40}]},{"name":"Healing Tide Totem","id":81,"guid":59764,"type":"Pet","icon":"abilities/ability_shaman_healingtide","fights":[{"id":2,"instances":1}]},{"name":"Soløheal","id":237,"guid":95314292,"type":"Unknown","server":"TwistingNether","icon":"Unknown","fights":[{"id":34}]},{"name":"Störmya","id":21,"guid":172754559,"type":"Warrior","server":"TwistingNether","icon":"Warrior-Arms","fights":[{"id":1},{"id":2},{"id":3},{"id":4},{"id":5},{"id":6},{"id":7},{"id":8},{"id":9},{"id":10},{"id":11},{"id":12},{"id":13},{"id":14},{"id":15},{"id":16},{"id":17},{"id":18},{"id":19},{"id":20},{"id":21},{"id":22},{"id":23},{"id":26},{"id":27},{"id":28},{"id":29},{"id":30},{"id":31},{"id":36},{"id":37},{"id":38},{"id":39},{"id":40}]},{"name":"Deadonkillz","id":8,"guid":163325417,"type":"Mage","server":"TwistingNether","icon":"Mage-Fire","fights":[{"id":1},{"id":2},{"id":3},{"id":4},{"id":5},{"id":6},{"id":7},{"id":8},{"id":9},{"id":10},{"id":11},{"id":12},{"id":14},{"id":15},{"id":16},{"id":17},{"id":18},{"id":20},{"id":21},{"id":22},{"id":23},{"id":26},{"id":27},{"id":28},{"id":29},{"id":30},{"id":31},{"id":36},{"id":37},{"id":38},{"id":39},{"id":40}]},{"name":"Giangow","id":28,"guid":172667909,"type":"Warrior","server":"TwistingNether","icon":"Warrior-Arms","fights":[{"id":1},{"id":2},{"id":3},{"id":4},{"id":5},{"id":6},{"id":7},{"id":8},{"id":9},{"id":10},{"id":11},{"id":12},{"id":13},{"id":14},{"id":15},{"id":16},{"id":17},{"id":18},{"id":20},{"id":21},{"id":22},{"id":23},{"id":26},{"id":27},{"id":28},{"id":29},{"id":30}]},{"name":"Seed of Extinction","id":161,"guid":169219,"type":"NPC","icon":"custom-icon-ability_ardenweald_mage","fights":[{"id":14,"instances":8,"groups":4}]},{"name":"Prince Renathal","id":209,"guid":169835,"type":"NPC","icon":"custom-icon-6bf_explosive_shard","fights":[{"id":29,"instances":1,"groups":5}]},{"name":"General Draven","id":210,"guid":170404,"type":"NPC","icon":"custom-icon-spell_frost_stun","fights":[{"id":29,"instances":1,"groups":4}]},{"name":"Alterechoes","id":269,"guid":174048673,"type":"Unknown","server":"TwistingNether","icon":"Unknown","fights":[{"id":33}]},{"name":"Keliptra","id":5,"guid":162670792,"type":"Monk","server":"TwistingNether","icon":"Monk-Windwalker","fights":[{"id":1},{"id":2},{"id":3},{"id":4},{"id":5},{"id":6},{"id":7},{"id":8},{"id":9},{"id":10},{"id":11},{"id":12},{"id":14},{"id":15},{"id":16},{"id":17},{"id":18},{"id":19},{"id":20},{"id":21},{"id":22},{"id":23},{"id":26},{"id":27},{"id":28},{"id":29},{"id":30},{"id":31},{"id":36},{"id":37},{"id":38},{"id":39},{"id":40}]},{"name":"Raiyn","id":201,"guid":172398126,"type":"Druid","server":"TwistingNether","icon":"Druid-Restoration","fights":[{"id":23},{"id":24},{"id":26},{"id":27},{"id":28},{"id":29},{"id":30},{"id":31}]},{"name":"Kronoshunter","id":303,"guid":176875651,"type":"Unknown","server":"TwistingNether","icon":"Unknown","fights":[{"id":33}]},{"name":"Eviel","id":3,"guid":173799547,"type":"Paladin","server":"TwistingNether","icon":"Paladin","fights":[{"id":1},{"id":2},{"id":3},{"id":4},{"id":5},{"id":6},{"id":7},{"id":8},{"id":9},{"id":10},{"id":11},{"id":12},{"id":13},{"id":14},{"id":15},{"id":16},{"id":17},{"id":18},{"id":19},{"id":22},{"id":23},{"id":24},{"id":25},{"id":26},{"id":27},{"id":28},{"id":29},{"id":30},{"id":31},{"id":36},{"id":37},{"id":38},{"id":39}]},{"name":"Hirâ","id":29,"guid":98928793,"type":"Hunter","server":"TwistingNether","icon":"Hunter-Marksmanship","fights":[{"id":1},{"id":2},{"id":4},{"id":5},{"id":6},{"id":7},{"id":8},{"id":9},{"id":10},{"id":11},{"id":12},{"id":13},{"id":14},{"id":15},{"id":16},{"id":17},{"id":18},{"id":20},{"id":21},{"id":22},{"id":23},{"id":24},{"id":26},{"id":27},{"id":28},{"id":29},{"id":30},{"id":31},{"id":37},{"id":38},{"id":39},{"id":40}]},{"name":"Anima Orb","id":166,"guid":174017,"type":"NPC","icon":"custom-icon-spell_animarevendreth_orb","fights":[{"id":16,"instances":3,"groups":1}]},{"name":"Zonriva","id":1,"guid":160833642,"type":"Hunter","server":"TwistingNether","icon":"Hunter-Marksmanship","fights":[{"id":1},{"id":2},{"id":3},{"id":4},{"id":5},{"id":6},{"id":7},{"id":8},{"id":9},{"id":10},{"id":11},{"id":12},{"id":13},{"id":14},{"id":15},{"id":16},{"id":17},{"id":18},{"id":19},{"id":21},{"id":22},{"id":23},{"id":24},{"id":25},{"id":26},{"id":27},{"id":28},{"id":29},{"id":30},{"id":31},{"id":40}]},{"name":"Night Hunter","id":230,"guid":168474,"type":"NPC","icon":"custom-icon-sha_ability_rogue_bloodyeye_nightmare","fights":[{"id":30,"instances":10,"groups":5}]},{"name":"Dacía","id":24,"guid":169612231,"type":"Druid","server":"TwistingNether","icon":"Druid-Restoration","fights":[{"id":1},{"id":2},{"id":3},{"id":4},{"id":5},{"id":6},{"id":7},{"id":8},{"id":9},{"id":10},{"id":11},{"id":12},{"id":13},{"id":14},{"id":15},{"id":16},{"id":17},{"id":18},{"id":19},{"id":20},{"id":21},{"id":22},{"id":23},{"id":24},{"id":25},{"id":26},{"id":27},{"id":28},{"id":29},{"id":30},{"id":31},{"id":34},{"id":36},{"id":37},{"id":38},{"id":39},{"id":40}]},{"name":"Ripped Soul","id":96,"guid":171577,"type":"NPC","icon":"custom-icon-ability_argus_soulburst","fights":[{"id":4,"instances":2}]},{"name":"Degeneration","id":18,"guid":148769504,"type":"DeathKnight","server":"TwistingNether","icon":"DeathKnight-Unholy","fights":[{"id":1},{"id":2},{"id":3},{"id":4},{"id":5},{"id":6},{"id":7},{"id":8},{"id":9},{"id":10},{"id":11},{"id":12},{"id":14},{"id":15},{"id":16},{"id":17},{"id":18},{"id":20},{"id":22},{"id":23},{"id":26},{"id":27},{"id":28},{"id":29},{"id":30},{"id":31},{"id":36},{"id":37},{"id":38},{"id":39},{"id":40}]},{"name":"Émortal","id":2,"guid":160833768,"type":"Priest","server":"TwistingNether","icon":"Priest","fights":[{"id":1},{"id":2},{"id":3},{"id":4},{"id":5},{"id":6},{"id":7},{"id":8},{"id":9},{"id":10},{"id":11},{"id":12},{"id":13},{"id":14},{"id":15},{"id":16},{"id":17},{"id":18},{"id":19},{"id":20},{"id":21},{"id":22},{"id":23},{"id":25},{"id":26},{"id":27},{"id":28},{"id":29},{"id":30},{"id":32},{"id":34},{"id":36},{"id":37},{"id":38},{"id":39},{"id":40}]},{"name":"Intz","id":22,"guid":162087911,"type":"Mage","server":"TwistingNether","icon":"Mage-Fire","fights":[{"id":1},{"id":2},{"id":3},{"id":4},{"id":5},{"id":6},{"id":7},{"id":8},{"id":9},{"id":10},{"id":11},{"id":12},{"id":13},{"id":14},{"id":15},{"id":16},{"id":17},{"id":18},{"id":19},{"id":20},{"id":21},{"id":22},{"id":23},{"id":26},{"id":27},{"id":28},{"id":29},{"id":30},{"id":31},{"id":36},{"id":37},{"id":38},{"id":39},{"id":40}]},{"name":"Turoxdh","id":9,"guid":162782317,"type":"DemonHunter","server":"TwistingNether","icon":"DemonHunter-Vengeance","fights":[{"id":1},{"id":2},{"id":3},{"id":4},{"id":5},{"id":6},{"id":7},{"id":8},{"id":9},{"id":10},{"id":11},{"id":12},{"id":14},{"id":15},{"id":16},{"id":17},{"id":18},{"id":19},{"id":20},{"id":21},{"id":22},{"id":23},{"id":26},{"id":27},{"id":28},{"id":29},{"id":30},{"id":31},{"id":35},{"id":36},{"id":37},{"id":38},{"id":39},{"id":40}]},{"name":"Doodliedie","id":13,"guid":154035165,"type":"Monk","server":"TwistingNether","icon":"Monk-Brewmaster","fights":[{"id":1},{"id":2},{"id":3},{"id":4},{"id":5},{"id":6},{"id":7},{"id":8},{"id":9},{"id":10},{"id":11},{"id":12},{"id":13},{"id":14},{"id":15},{"id":16},{"id":17},{"id":18},{"id":19},{"id":20},{"id":21},{"id":22},{"id":23},{"id":26},{"id":27},{"id":28},{"id":29},{"id":30},{"id":31},{"id":36},{"id":37},{"id":38},{"id":39},{"id":40}]}],"enemies":[{"name":"Nathrian Gargon","id":80,"guid":173641,"type":"NPC","icon":"custom-icon-ability_druid_maul","fights":[{"id":2,"instances":3,"groups":1},{"id":38,"instances":1,"groups":1}]},{"name":"Anima Crazed Worker","id":119,"guid":173568,"type":"NPC","icon":"custom-icon-warrior_talent_icon_furyintheblood","fights":[{"id":7,"instances":8,"groups":1}]},{"name":"Shade of Bargast","id":97,"guid":171557,"type":"NPC","icon":"NPC","fights":[{"id":4,"instances":2,"groups":1}]},{"name":"Court Hawkeye","id":135,"guid":173190,"type":"NPC","icon":"custom-icon-ability_hunter_traplauncher","fights":[{"id":10,"instances":2},{"id":20,"instances":1}]},{"name":"Pestering Fiend","id":183,"guid":168700,"type":"NPC","icon":"custom-icon-inv_misc_gem_bloodstone_02","fights":[{"id":17,"instances":12,"groups":1}]},{"name":"Hargitas","id":430,"guid":173446,"type":"NPC","icon":"custom-icon-spell_druid_bloodythrash","fights":[{"id":36,"instances":1}]},{"name":"Bargast","id":95,"guid":169457,"type":"Boss","icon":"custom-icon-ability_druid_markofursol","fights":[{"id":4,"instances":1}]},{"name":"Dancing Fools","id":198,"guid":176026,"type":"NPC","icon":"custom-icon-spell_animarevendreth_groundstate","fights":[{"id":22,"instances":41,"groups":1}]},{"name":"Hulking Gargon","id":85,"guid":174069,"type":"NPC","icon":"custom-icon-inv_misc_foot_kodo","fights":[{"id":3,"instances":2,"groups":1},{"id":39,"instances":2,"groups":1}]},{"name":"Castellan Niklaus","id":192,"guid":166971,"type":"Boss","icon":"custom-icon-inv_knife_1h_revendreth_d_01","fights":[{"id":22,"instances":1}]},{"name":"Vile Occultist","id":141,"guid":165763,"type":"NPC","icon":"custom-icon-sha_spell_fire_blueflamering_nightmare","fights":[{"id":17,"instances":4,"groups":1}]},{"name":"Kullan","id":117,"guid":173469,"type":"NPC","icon":"custom-icon-inv_chaos_orb","fights":[{"id":7,"instances":1}]},{"name":"High Torturer Darithos","id":169,"guid":168973,"type":"Boss","icon":"custom-icon-spell_animarevendreth_wave","fights":[{"id":17,"instances":1}]},{"name":"Sludgefist","id":202,"guid":164407,"type":"Boss","icon":"custom-icon-ability_garrosh_hellscreams_warsong","fights":[{"id":23,"instances":1}]},{"name":"Stone Legion Goliath","id":214,"guid":172858,"type":"NPC","icon":"custom-icon-ability_druid_mangle2","fights":[{"id":26,"instances":1,"groups":1},{"id":27,"instances":1,"groups":1},{"id":28,"instances":2,"groups":1},{"id":29,"instances":6,"groups":3}]},{"name":"Fara","id":118,"guid":173466,"type":"NPC","icon":"custom-icon-spell_shaman_spectraltransformation","fights":[{"id":7,"instances":1}]},{"name":"Hungering Destroyer","id":72,"guid":164261,"type":"Boss","icon":"custom-icon-ability_argus_deathfog","fights":[{"id":6,"instances":1},{"id":40,"instances":1}]},{"name":"Court Assassin","id":32,"guid":165481,"type":"NPC","icon":"custom-icon-inv_artifact_bloodoftheassassinated","fights":[{"id":10,"instances":2},{"id":11,"instances":1},{"id":21,"instances":1}]},{"name":"Ripped Soul","id":96,"guid":171577,"type":"NPC","icon":"custom-icon-ability_argus_soulburst","fights":[{"id":4,"instances":2}]},{"name":"Nathrian Tracker","id":74,"guid":173973,"type":"NPC","icon":"custom-icon-ability_hunter_traplauncher","fights":[{"id":2,"instances":1,"groups":1},{"id":10,"instances":3,"groups":2},{"id":11,"instances":1,"groups":1},{"id":38,"instances":1,"groups":1}]},{"name":"Nathrian Registrar","id":146,"guid":173613,"type":"NPC","icon":"custom-icon-ability_deathknight_sanguinfortitude","fights":[{"id":11,"instances":1}]},{"name":"Huntsman Altimor","id":86,"guid":165066,"type":"Boss","icon":"custom-icon-ability_marksmanship","fights":[{"id":3,"instances":1},{"id":4,"instances":1},{"id":39,"instances":1}]},{"name":"Rift Blast Portal","id":157,"guid":169271,"type":"NPC","icon":"custom-icon-spell_animabastion_beam","fights":[{"id":14,"instances":25,"groups":5}]},{"name":"Moldovaak","id":428,"guid":168337,"type":"NPC","icon":"custom-icon-inv_ring_revendrethraid_01_silver","fights":[{"id":36,"instances":1}]},{"name":"Nathrian Conservator","id":147,"guid":173609,"type":"NPC","icon":"custom-icon-ability_backstab","fights":[{"id":11,"instances":4,"groups":1}]},{"name":"Stasis Trap","id":156,"guid":167691,"type":"NPC","icon":"NPC","fights":[{"id":14,"instances":9,"groups":6}]},{"name":"Lord Stavros","id":191,"guid":166970,"type":"Boss","icon":"custom-icon-ability_warlock_soullink","fights":[{"id":22,"instances":1}]},{"name":"Winged Ravager","id":108,"guid":173146,"type":"NPC","icon":"custom-icon-spell_arcane_arcane02","fights":[{"id":5,"instances":6,"groups":1}]},{"name":"Reverberating Eruption Stalker","id":226,"guid":175102,"type":"NPC","icon":"custom-icon-inv_elementalearth2","fights":[{"id":29,"instances":6,"groups":8}]},{"name":"Sins of the Past","id":120,"guid":173512,"type":"NPC","icon":"custom-icon-spell_animarevendreth_orb","fights":[{"id":7,"instances":6,"groups":3}]},{"name":"Remornia","id":231,"guid":168158,"type":"NPC","icon":"custom-icon-spell_shadow_corpseexplode","fights":[{"id":30,"instances":1,"groups":3}]},{"name":"Sewer Rat","id":101,"guid":173800,"type":"NPC","icon":"custom-icon-ability_hunter_pet_wolf","fights":[{"id":5,"instances":29,"groups":1}]},{"name":"Crimson Cabalist","id":233,"guid":169470,"type":"NPC","icon":"NPC","fights":[{"id":30,"instances":1,"groups":2}]},{"name":"Court Hierarch","id":139,"guid":165483,"type":"NPC","icon":"custom-icon-spell_animarevendreth_orb","fights":[{"id":10,"instances":2},{"id":20,"instances":1}]},{"name":"Shade of Kael'thas","id":177,"guid":165805,"type":"Boss","icon":"custom-icon-spell_fire_selfdestruct","fights":[{"id":17,"instances":2}]},{"name":"General Kaal","id":211,"guid":168112,"type":"Boss","icon":"custom-icon-inv_misc_sawblade_01","fights":[{"id":26,"instances":1},{"id":27,"instances":1},{"id":28,"instances":1},{"id":29,"instances":1}]},{"name":"Rockbound Vanquisher","id":175,"guid":165764,"type":"NPC","icon":"custom-icon-ability_earthen_pillar","fights":[{"id":17,"instances":3},{"id":18,"instances":3}]},{"name":"Nathrian Siphoner","id":133,"guid":165472,"type":"NPC","icon":"custom-icon-spell_animarevendreth_missile","fights":[{"id":10,"instances":10,"groups":3},{"id":20,"instances":2,"groups":1},{"id":21,"instances":1,"groups":1}]},{"name":"Soul Infuser","id":184,"guid":165762,"type":"NPC","icon":"custom-icon-ability_deathwing_bloodcorruption_earth","fights":[{"id":17,"instances":3,"groups":1}]},{"name":"Sinister Antiquarian","id":149,"guid":173604,"type":"NPC","icon":"custom-icon-ability_ironmaidens_whirlofblood","fights":[{"id":11,"instances":2,"groups":1}]},{"name":"Harnessed Specter","id":126,"guid":170199,"type":"NPC","icon":"custom-icon-inv_sinstonegolempet","fights":[{"id":8,"instances":3},{"id":9,"instances":3}]},{"name":"Crystal of Phantasms","id":158,"guid":168512,"type":"NPC","icon":"custom-icon-spell_necro_deathrift","fights":[{"id":14,"instances":1}]},{"name":"Bleakwing Assassin","id":168,"guid":167566,"type":"NPC","icon":"custom-icon-ability_revendreth_rogue","fights":[{"id":17,"instances":4,"groups":3}]},{"name":"Stoneborn Maitre D'","id":187,"guid":174843,"type":"NPC","icon":"custom-icon-ability_warrior_shieldbreak","fights":[{"id":20,"instances":1}]},{"name":"Mudlump","id":432,"guid":169157,"type":"NPC","icon":"NPC","fights":[{"id":35,"instances":1}]},{"name":"Hand of Destruction","id":234,"guid":169813,"type":"NPC","icon":"custom-icon-spell_shadow_unholystrength","fights":[{"id":30,"instances":4}]},{"name":"Vicious Gargon","id":84,"guid":174071,"type":"NPC","icon":"custom-icon-trade_archaeology_shark-jaws","fights":[{"id":3,"instances":4,"groups":1},{"id":39,"instances":4,"groups":1}]},{"name":"Dutiful Attendant","id":194,"guid":175992,"type":"NPC","icon":"custom-icon-inv_shield_1h_revendrethquest_b_01","fights":[{"id":22,"instances":1,"groups":2}]},{"name":"Kennel Overseer","id":83,"guid":174070,"type":"NPC","icon":"custom-icon-ability_hunter_runningshot","fights":[{"id":3,"instances":1,"groups":1},{"id":39,"instances":1,"groups":2}]},{"name":"Kael'thas Sunstrider","id":171,"guid":165759,"type":"Boss","icon":"custom-icon-ability_warlock_moltencore","lockBossFrame":true,"fights":[{"id":19,"instances":1}]},{"name":"Baroness Frieda","id":190,"guid":166969,"type":"Boss","icon":"custom-icon-inv_enchanting_wod_essence3","fights":[{"id":22,"instances":1}]},{"name":"Nathrian Soldier","id":78,"guid":173949,"type":"NPC","icon":"custom-icon-ability_revendreth_rogue","fights":[{"id":2,"instances":2,"groups":1},{"id":10,"instances":6,"groups":2},{"id":38,"instances":2,"groups":1}]},{"name":"Lady Inerva Darkvein","id":124,"guid":165521,"type":"Boss","icon":"custom-icon-spell_shaman_spectraltransformation","fights":[{"id":8,"instances":1}]},{"name":"Remornia","id":228,"guid":168156,"type":"Boss","icon":"custom-icon-spell_shadow_lifedrain","fights":[{"id":30,"instances":1,"groups":2},{"id":31,"instances":1,"groups":1}]},{"name":"Court Executor","id":143,"guid":174208,"type":"NPC","icon":"custom-icon-spell_animarevendreth_orb","fights":[{"id":11,"instances":1}]},{"name":"Nathrian Hawkeye","id":76,"guid":173189,"type":"NPC","icon":"custom-icon-ability_hunter_traplauncher","fights":[{"id":2,"instances":2},{"id":10,"instances":3},{"id":20,"instances":1},{"id":21,"instances":2},{"id":38,"instances":2}]},{"name":"Nathrian Duelist","id":144,"guid":165471,"type":"NPC","icon":"custom-icon-ability_rogue_shadowstrike","fights":[{"id":11,"instances":1,"groups":1},{"id":20,"instances":2,"groups":1},{"id":21,"instances":1,"groups":1}]},{"name":"Stone Legion Commando","id":224,"guid":169601,"type":"NPC","icon":"custom-icon-spell_animarevendreth_missile","fights":[{"id":29,"instances":28,"groups":2}]},{"name":"Stinky Feedhauler","id":70,"guid":174338,"type":"NPC","icon":"custom-icon-ability_rogue_reinforcedleather","fights":[{"id":2,"instances":8,"groups":1},{"id":38,"instances":12,"groups":2}]},{"name":"Kennel Overseer","id":73,"guid":174336,"type":"NPC","icon":"custom-icon-ability_hunter_runningshot","fights":[{"id":2,"instances":1,"groups":1},{"id":38,"instances":1,"groups":2}]},{"name":"Begrudging Waiter","id":196,"guid":169925,"type":"NPC","icon":"custom-icon-ability_mage_conjurefoodrank9","fights":[{"id":22,"instances":12,"groups":2}]},{"name":"Rat of Unusual Size","id":102,"guid":173798,"type":"NPC","icon":"custom-icon-ability_xavius_tormentingswipe","fights":[{"id":5,"instances":4,"groups":1}]},{"name":"Executrix Ophelia","id":164,"guid":174012,"type":"NPC","icon":"custom-icon-spell_animarevendreth_orb","fights":[{"id":16,"instances":1}]},{"name":"Crimson Cabalist","id":232,"guid":169196,"type":"NPC","icon":"custom-icon-spell_animarevendreth_buff","fights":[{"id":30,"instances":8,"groups":2}]},{"name":"Nathrian Singuard","id":132,"guid":174100,"type":"NPC","icon":"custom-icon-ability_warrior_sunder","fights":[{"id":10,"instances":3,"groups":1}]},{"name":"Royal Arcanist","id":376,"guid":165270,"type":"NPC","icon":"custom-icon-spell_animarevendreth_orb","fights":[{"id":34,"instances":2,"groups":1}]},{"name":"Hecutis","id":99,"guid":169458,"type":"Boss","icon":"custom-icon-ability_warstomp","fights":[{"id":4,"instances":1}]},{"name":"Root of Extinction","id":160,"guid":169267,"type":"NPC","icon":"custom-icon-ability_ardenweald_mage","fights":[{"id":14,"instances":1}]},{"name":"Edge of Annihilation","id":163,"guid":169062,"type":"NPC","icon":"custom-icon-spell_animamaw_orb","fights":[{"id":14,"instances":1}]},{"name":"Deplina","id":116,"guid":173464,"type":"NPC","icon":"custom-icon-inv_misc_voljinsshatteredtusk","fights":[{"id":7,"instances":1}]},{"name":"Nathrian Assassin","id":137,"guid":165474,"type":"NPC","icon":"custom-icon-ability_rogue_shadowstrike","fights":[{"id":10,"instances":6,"groups":3}]},{"name":"Court Executor","id":67,"guid":174194,"type":"NPC","icon":"custom-icon-spell_animarevendreth_orb","fights":[{"id":10,"instances":1}]},{"name":"Conjured Manifestation","id":121,"guid":173484,"type":"NPC","icon":"custom-icon-inv_misc_volatilelife","fights":[{"id":7,"instances":1}]},{"name":"Conjured Manifestation","id":127,"guid":170197,"type":"NPC","icon":"custom-icon-inv_misc_volatilelife","fights":[{"id":8,"instances":3},{"id":9,"instances":3}]},{"name":"Reborn Phoenix","id":178,"guid":168962,"type":"NPC","icon":"custom-icon-ability_mount_fireravengodmount","fights":[{"id":17,"instances":4,"groups":2}]},{"name":"Dusty Widow","id":77,"guid":174141,"type":"NPC","icon":"NPC","fights":[{"id":2,"instances":4,"groups":2},{"id":3,"instances":2,"groups":2},{"id":4,"instances":4,"groups":1},{"id":5,"instances":17,"groups":2},{"id":38,"instances":9,"groups":3},{"id":39,"instances":1,"groups":1}]},{"name":"Nathrian Executor","id":134,"guid":165470,"type":"NPC","icon":"custom-icon-spell_animarevendreth_missile","fights":[{"id":10,"instances":2},{"id":11,"instances":2},{"id":20,"instances":1},{"id":21,"instances":2}]},{"name":"Nathrian Archivist","id":148,"guid":173633,"type":"NPC","icon":"custom-icon-spell_animarevendreth_orb","fights":[{"id":11,"instances":4,"groups":1}]},{"name":"Stone Legion Destroyer","id":377,"guid":165271,"type":"NPC","icon":"custom-icon-warrior_talent_icon_mastercleaver","fights":[{"id":34,"instances":1}]},{"name":"Sindrel","id":431,"guid":173445,"type":"NPC","icon":"custom-icon-inv_misc_volatileearth","fights":[{"id":36,"instances":1}]},{"name":"Margore","id":93,"guid":165067,"type":"Boss","icon":"custom-icon-ability_druid_disembowel","fights":[{"id":4,"instances":1}]},{"name":"Carved Assistant","id":165,"guid":173802,"type":"NPC","icon":"custom-icon-archaeology_5_0_crackedmogurunestone","fights":[{"id":16,"instances":5,"groups":1}]},{"name":"Nathrian Enforcer","id":130,"guid":165469,"type":"NPC","icon":"custom-icon-spell_animarevendreth_orb","fights":[{"id":10,"instances":7,"groups":2}]},{"name":"Nathrian Gargon Rider","id":69,"guid":174092,"type":"NPC","icon":"custom-icon-ability_hunter_traplauncher","fights":[{"id":2,"instances":2},{"id":10,"instances":2},{"id":38,"instances":2}]},{"name":"Waltzing Venthyr","id":197,"guid":176016,"type":"NPC","icon":"custom-icon-ability_rogue_shadowdance","fights":[{"id":22,"instances":4,"groups":1}]},{"name":"Dance Controller","id":195,"guid":168870,"type":"NPC","icon":"custom-icon-trade_engineering","fights":[{"id":22,"instances":1,"groups":6}]},{"name":"Echo of Sin","id":229,"guid":167999,"type":"NPC","icon":"custom-icon-spell_misc_emotionsad","fights":[{"id":30,"instances":73,"groups":5}]},{"name":"Shriekwing","id":34,"guid":164406,"type":"Boss","icon":"custom-icon-ability_ironmaidens_whirlofblood","fights":[{"id":1,"instances":1},{"id":37,"instances":1}]},{"name":"Caramain","id":429,"guid":173444,"type":"NPC","icon":"custom-icon-inv_misc_volatileearth","fights":[{"id":36,"instances":1}]},{"name":"Nathrian Ranger","id":68,"guid":174093,"type":"NPC","icon":"custom-icon-inv_misc_ammo_arrow_05","fights":[{"id":2,"instances":2,"groups":1},{"id":38,"instances":2,"groups":1}]},{"name":"Dread Feaster","id":109,"guid":173142,"type":"NPC","icon":"NPC","fights":[{"id":5,"instances":2,"groups":1}]},{"name":"Artificer Xy'mox","id":154,"guid":166644,"type":"Boss","icon":"custom-icon-ability_shootwand","fights":[{"id":12,"instances":1},{"id":14,"instances":1}]},{"name":"Sire Denathrius","id":227,"guid":167406,"type":"Boss","icon":"custom-icon-inv_artifact_powerofthedarkside","fights":[{"id":30,"instances":1},{"id":31,"instances":1}]},{"name":"Nathrian Hierarch","id":131,"guid":174090,"type":"NPC","icon":"custom-icon-spell_animarevendreth_orb","fights":[{"id":10,"instances":1}]},{"name":"General Grashaal","id":215,"guid":168113,"type":"Boss","icon":"custom-icon-inv_elementalearth2","fights":[{"id":26,"instances":1},{"id":27,"instances":1},{"id":28,"instances":1},{"id":29,"instances":1}]},{"name":"Sins of the Past","id":125,"guid":166766,"type":"NPC","icon":"custom-icon-spell_animarevendreth_orb","fights":[{"id":8,"instances":12,"groups":4}]},{"name":"Lord Evershade","id":142,"guid":174134,"type":"NPC","icon":"custom-icon-70_inscription_vantus_rune_suramar","fights":[{"id":11,"instances":1}]},{"name":"Sinister Reflection","id":235,"guid":170710,"type":"NPC","icon":"custom-icon-ability_warrior_bloodnova","fights":[{"id":30,"instances":1,"groups":3}]},{"name":"Court Enforcer","id":136,"guid":165479,"type":"NPC","icon":"custom-icon-spell_animarevendreth_orb","fights":[{"id":10,"instances":2},{"id":11,"instances":2},{"id":15,"instances":2},{"id":16,"instances":2},{"id":21,"instances":1}]},{"name":"Gorging Mite","id":107,"guid":173145,"type":"NPC","icon":"custom-icon-ability_warlock_burningembersblue","fights":[{"id":5,"instances":9,"groups":1}]},{"name":"Dragost","id":115,"guid":173448,"type":"NPC","icon":"custom-icon-ui_venthyranimaboss_heartsword","fights":[{"id":7,"instances":1}]},{"name":"Belligerent Waiter","id":186,"guid":174842,"type":"NPC","icon":"custom-icon-ability_mage_conjurefoodrank9","fights":[{"id":20,"instances":6,"groups":1},{"id":21,"instances":6,"groups":1}]}],"friendlyPets":[{"name":"Demonic Gateway","id":111,"guid":59262,"type":"Pet","icon":"custom-icon-trade_engineering","petOwner":14,"fights":[{"id":7,"instances":1}]},{"name":"Demonic Gateway","id":112,"guid":59271,"type":"Pet","icon":"custom-icon-trade_engineering","petOwner":14,"fights":[{"id":7,"instances":1}]},{"name":"Darkglare","id":53,"guid":103673,"type":"Pet","icon":"abilities/inv_beholderwarlock","petOwner":25,"fights":[{"id":1,"instances":1},{"id":2,"instances":1},{"id":4,"instances":2},{"id":6,"instances":1},{"id":8,"instances":2},{"id":10,"instances":1},{"id":14,"instances":1},{"id":17,"instances":1},{"id":22,"instances":2},{"id":23,"instances":1},{"id":28,"instances":1},{"id":29,"instances":2},{"id":30,"instances":2},{"id":37,"instances":2},{"id":40,"instances":2}]},{"name":"Spirit Link Totem","id":82,"guid":53006,"type":"Pet","icon":"abilities/spell_shaman_spiritlink","petOwner":27,"fights":[{"id":2,"instances":1},{"id":4,"instances":1},{"id":5,"instances":1},{"id":6,"instances":1},{"id":10,"instances":1},{"id":11,"instances":1},{"id":14,"instances":1},{"id":17,"instances":1},{"id":20,"instances":1},{"id":22,"instances":1},{"id":23,"instances":1},{"id":29,"instances":2},{"id":30,"instances":2},{"id":37,"instances":1},{"id":38,"instances":1},{"id":40,"instances":2}]},{"name":"Jaktip","id":15,"guid":38635549,"type":"Pet","icon":"abilities/spell_shadow_summonimp","petOwner":14,"fights":[{"id":1,"instances":1},{"id":2,"instances":1},{"id":3,"instances":1},{"id":4,"instances":1},{"id":5,"instances":1},{"id":6,"instances":1},{"id":7,"instances":1},{"id":8,"instances":1},{"id":9,"instances":1},{"id":10,"instances":1},{"id":11,"instances":1},{"id":12,"instances":1},{"id":14,"instances":1},{"id":17,"instances":1},{"id":18,"instances":1},{"id":20,"instances":1},{"id":21,"instances":1},{"id":22,"instances":1},{"id":23,"instances":1},{"id":26,"instances":1},{"id":27,"instances":1},{"id":28,"instances":1},{"id":29,"instances":1},{"id":30,"instances":1},{"id":36,"instances":1},{"id":37,"instances":1},{"id":38,"instances":1},{"id":39,"instances":1}]},{"name":"Greater Earth Elemental","id":66,"guid":95072,"type":"Pet","icon":"abilities/spell_nature_earthelemental_totem","petOwner":23,"fights":[{"id":1,"instances":1},{"id":6,"instances":1},{"id":8,"instances":1},{"id":14,"instances":1},{"id":23,"instances":1},{"id":29,"instances":1},{"id":30,"instances":1}]},{"name":"Capacitor Totem","id":103,"guid":61245,"type":"Pet","icon":"abilities/spell_nature_brilliance","petOwner":23,"fights":[{"id":5,"instances":1}]},{"name":"Darkglare","id":57,"guid":103673,"type":"Pet","icon":"abilities/inv_beholderwarlock","petOwner":14,"fights":[{"id":1,"instances":1},{"id":4,"instances":2},{"id":5,"instances":1},{"id":6,"instances":1},{"id":8,"instances":2},{"id":10,"instances":1},{"id":14,"instances":2},{"id":17,"instances":1},{"id":22,"instances":2},{"id":23,"instances":1},{"id":28,"instances":1},{"id":29,"instances":2},{"id":30,"instances":2},{"id":37,"instances":2}]},{"name":"Healing Tide Totem","id":170,"guid":59764,"type":"Pet","icon":"abilities/ability_shaman_healingtide","petOwner":23,"fights":[{"id":17,"instances":1},{"id":40,"instances":2}]},{"name":"Frothing Pustule","id":44,"guid":175519,"type":"Pet","icon":"custom-icon-ability_creature_poison_02","petOwner":5,"fights":[{"id":1,"instances":9},{"id":3,"instances":1},{"id":4,"instances":8},{"id":5,"instances":1},{"id":6,"instances":6},{"id":7,"instances":4},{"id":8,"instances":12},{"id":10,"instances":5},{"id":11,"instances":8},{"id":14,"instances":10},{"id":15,"instances":1},{"id":17,"instances":5},{"id":20,"instances":1},{"id":21,"instances":1},{"id":22,"instances":7},{"id":23,"instances":10},{"id":28,"instances":2},{"id":29,"instances":14},{"id":30,"instances":9},{"id":36,"instances":2},{"id":37,"instances":6},{"id":38,"instances":5},{"id":39,"instances":2},{"id":40,"instances":20}]},{"name":"Jeeves","id":145,"guid":35642,"type":"Pet","icon":"abilities/inv_pet_lilsmoky","petOwner":29,"fights":[{"id":11,"instances":1}]},{"name":"Abomination","id":317,"guid":149555,"type":"Pet","icon":"abilities/achievement_boss_patchwerk","petOwner":309,"fights":[{"id":33,"instances":1}]},{"name":"Xuen","id":50,"guid":63508,"type":"Pet","icon":"abilities/ability_monk_summontigerstatue","petOwner":5,"fights":[{"id":1,"instances":2},{"id":4,"instances":2},{"id":6,"instances":2},{"id":7,"instances":1},{"id":8,"instances":2},{"id":10,"instances":1},{"id":14,"instances":2},{"id":17,"instances":2},{"id":20,"instances":1},{"id":22,"instances":2},{"id":23,"instances":2},{"id":28,"instances":1},{"id":29,"instances":3},{"id":30,"instances":3},{"id":37,"instances":3},{"id":38,"instances":1},{"id":40,"instances":3}]},{"name":"Healing Tide Totem","id":64,"guid":59764,"type":"Pet","icon":"abilities/ability_shaman_healingtide","petOwner":27,"fights":[{"id":1,"instances":1},{"id":4,"instances":1},{"id":5,"instances":1},{"id":6,"instances":1},{"id":8,"instances":1},{"id":10,"instances":1},{"id":11,"instances":1},{"id":14,"instances":1},{"id":17,"instances":2},{"id":20,"instances":1},{"id":22,"instances":1},{"id":23,"instances":1},{"id":29,"instances":2},{"id":30,"instances":2},{"id":37,"instances":2},{"id":38,"instances":1},{"id":40,"instances":2}]},{"name":"Karrin","id":26,"guid":40044483,"type":"Pet","icon":"abilities/spell_shadow_summonimp","petOwner":25,"fights":[{"id":1,"instances":1},{"id":2,"instances":1},{"id":3,"instances":1},{"id":4,"instances":1},{"id":5,"instances":1},{"id":6,"instances":1},{"id":7,"instances":1},{"id":8,"instances":1},{"id":9,"instances":1},{"id":10,"instances":1},{"id":11,"instances":1},{"id":14,"instances":1},{"id":15,"instances":1},{"id":16,"instances":1},{"id":17,"instances":1},{"id":18,"instances":1},{"id":20,"instances":1},{"id":21,"instances":1},{"id":22,"instances":1},{"id":23,"instances":1},{"id":26,"instances":1},{"id":28,"instances":1},{"id":29,"instances":1},{"id":30,"instances":1},{"id":31,"instances":1},{"id":36,"instances":1},{"id":37,"instances":1},{"id":38,"instances":1},{"id":39,"instances":1},{"id":40,"instances":1}]},{"name":"Void Lasher","id":138,"guid":175198,"type":"Pet","icon":"abilities/spell_shadow_skull","petOwner":4,"fights":[{"id":10,"instances":1},{"id":30,"instances":1}]},{"name":"Efflorescence","id":203,"guid":47649,"type":"Pet","icon":"abilities/inv_misc_herb_talandrasrose","petOwner":201,"fights":[{"id":23,"instances":9},{"id":29,"instances":11},{"id":30,"instances":16}]},{"name":"Mindbender","id":1302,"guid":62982,"type":"Pet","icon":"abilities/spell_shadow_soulleech_3","petOwner":2,"fights":[{"id":40,"instances":5}]},{"name":"Magus of the Dead","id":323,"guid":163366,"type":"Pet","icon":"abilities/artifactability_unholydeathknight_deathsembrace","petOwner":309,"fights":[{"id":33,"instances":1}]},{"name":"Primal Fire Elemental","id":94,"guid":61029,"type":"Pet","icon":"abilities/spell_fire_elemental_totem","petOwner":23,"fights":[{"id":4,"instances":2},{"id":5,"instances":1},{"id":22,"instances":2}]},{"name":"Darkglare","id":52,"guid":103673,"type":"Pet","icon":"abilities/inv_beholderwarlock","petOwner":11,"fights":[{"id":1,"instances":1},{"id":4,"instances":2},{"id":5,"instances":1},{"id":6,"instances":1},{"id":8,"instances":2},{"id":10,"instances":1},{"id":14,"instances":2},{"id":17,"instances":2},{"id":21,"instances":1},{"id":22,"instances":2},{"id":23,"instances":1},{"id":28,"instances":1},{"id":29,"instances":2},{"id":30,"instances":3},{"id":37,"instances":2},{"id":38,"instances":1},{"id":40,"instances":3}]},{"name":"Greater Fire Elemental","id":33,"guid":95061,"type":"Pet","icon":"abilities/spell_fire_elemental_totem","petOwner":23,"fights":[{"id":1,"instances":2},{"id":6,"instances":2},{"id":8,"instances":2},{"id":14,"instances":2},{"id":23,"instances":1},{"id":28,"instances":1},{"id":29,"instances":3},{"id":30,"instances":3}]},{"name":"Abomination","id":315,"guid":158259,"type":"Pet","icon":"custom-icon-ability_rogue_shadowstrikes","petOwner":309,"fights":[{"id":33,"instances":1}]},{"name":"Magus of the Dead","id":43,"guid":163366,"type":"Pet","icon":"abilities/artifactability_unholydeathknight_deathsembrace","petOwner":16,"fights":[{"id":1,"instances":4},{"id":4,"instances":5},{"id":6,"instances":4},{"id":8,"instances":5},{"id":14,"instances":5},{"id":17,"instances":4},{"id":22,"instances":7},{"id":23,"instances":5},{"id":28,"instances":2},{"id":29,"instances":6},{"id":30,"instances":8},{"id":36,"instances":1},{"id":37,"instances":7},{"id":39,"instances":1},{"id":40,"instances":9}]},{"name":"Army of the Dead","id":45,"guid":24207,"type":"Pet","icon":"abilities/artifactability_unholydeathknight_deathsembrace","petOwner":16,"fights":[{"id":1,"instances":20},{"id":4,"instances":24},{"id":6,"instances":20},{"id":8,"instances":24},{"id":14,"instances":24},{"id":17,"instances":20},{"id":22,"instances":36},{"id":23,"instances":24},{"id":28,"instances":12},{"id":29,"instances":32},{"id":30,"instances":40},{"id":36,"instances":4},{"id":37,"instances":36},{"id":39,"instances":4},{"id":40,"instances":44}]},{"name":"Spirit Wolf","id":311,"guid":29264,"type":"Pet","icon":"abilities/spell_shaman_feralspirit","petOwner":242,"fights":[{"id":33,"instances":2}]},{"name":"Mana Tide Totem","id":182,"guid":10467,"type":"Pet","icon":"abilities/spell_frost_summonwaterelemental","petOwner":23,"fights":[{"id":17,"instances":1},{"id":40,"instances":2}]},{"name":"Healing Stream Totem","id":63,"guid":3527,"type":"Pet","icon":"abilities/inv_spear_04","petOwner":23,"fights":[{"id":1,"instances":2},{"id":6,"instances":1},{"id":11,"instances":1},{"id":23,"instances":1}]},{"name":"Efflorescence","id":35,"guid":47649,"type":"Pet","icon":"abilities/inv_misc_herb_talandrasrose","petOwner":24,"fights":[{"id":1,"instances":8},{"id":2,"instances":2},{"id":3,"instances":2},{"id":4,"instances":6},{"id":5,"instances":1},{"id":6,"instances":4},{"id":7,"instances":2},{"id":8,"instances":7},{"id":10,"instances":2},{"id":11,"instances":4},{"id":13,"instances":1},{"id":14,"instances":7},{"id":15,"instances":1},{"id":16,"instances":1},{"id":17,"instances":6},{"id":20,"instances":3},{"id":21,"instances":1},{"id":22,"instances":9},{"id":23,"instances":12},{"id":29,"instances":11},{"id":30,"instances":12},{"id":36,"instances":4},{"id":37,"instances":18},{"id":38,"instances":3},{"id":39,"instances":2},{"id":40,"instances":20}]},{"name":"Risen Skulker","id":51,"guid":99541,"type":"Pet","icon":"abilities/spell_shadow_animatedead","petOwner":18,"fights":[{"id":1,"instances":1},{"id":2,"instances":1},{"id":3,"instances":1},{"id":4,"instances":1},{"id":5,"instances":2},{"id":6,"instances":1},{"id":7,"instances":1},{"id":8,"instances":1},{"id":10,"instances":1},{"id":11,"instances":2},{"id":12,"instances":1},{"id":13,"instances":1},{"id":14,"instances":1},{"id":15,"instances":1},{"id":16,"instances":1},{"id":17,"instances":1},{"id":18,"instances":2},{"id":20,"instances":1},{"id":22,"instances":1},{"id":23,"instances":1},{"id":28,"instances":1},{"id":29,"instances":1},{"id":30,"instances":2},{"id":36,"instances":1},{"id":37,"instances":2},{"id":38,"instances":1},{"id":39,"instances":1},{"id":40,"instances":1}]},{"name":"Shadowfiend","id":42,"guid":19668,"type":"Pet","icon":"abilities/spell_shadow_shadowfiend","petOwner":4,"fights":[{"id":1,"instances":1},{"id":4,"instances":1},{"id":6,"instances":1},{"id":8,"instances":2},{"id":14,"instances":2},{"id":22,"instances":2},{"id":23,"instances":1},{"id":28,"instances":1},{"id":29,"instances":2},{"id":30,"instances":2}]},{"name":"Magus of the Dead","id":36,"guid":163366,"type":"Pet","icon":"abilities/artifactability_unholydeathknight_deathsembrace","petOwner":18,"fights":[{"id":1,"instances":4},{"id":4,"instances":4},{"id":6,"instances":4},{"id":7,"instances":1},{"id":8,"instances":4},{"id":10,"instances":4},{"id":14,"instances":5},{"id":17,"instances":4},{"id":22,"instances":6},{"id":23,"instances":5},{"id":28,"instances":2},{"id":29,"instances":7},{"id":30,"instances":8},{"id":36,"instances":1},{"id":37,"instances":6},{"id":38,"instances":1},{"id":40,"instances":8}]},{"name":"Spirit Link Totem","id":181,"guid":53006,"type":"Pet","icon":"abilities/spell_shaman_spiritlink","petOwner":23,"fights":[{"id":17,"instances":1},{"id":40,"instances":1}]},{"name":"Risen Skulker","id":41,"guid":99541,"type":"Pet","icon":"abilities/spell_shadow_animatedead","petOwner":16,"fights":[{"id":1,"instances":1},{"id":2,"instances":1},{"id":3,"instances":1},{"id":4,"instances":1},{"id":5,"instances":1},{"id":6,"instances":1},{"id":7,"instances":1},{"id":8,"instances":1},{"id":9,"instances":1},{"id":10,"instances":1},{"id":11,"instances":2},{"id":12,"instances":1},{"id":14,"instances":1},{"id":16,"instances":1},{"id":17,"instances":1},{"id":18,"instances":2},{"id":21,"instances":1},{"id":22,"instances":1},{"id":23,"instances":1},{"id":26,"instances":1},{"id":28,"instances":1},{"id":29,"instances":1},{"id":30,"instances":1},{"id":31,"instances":1},{"id":32,"instances":1},{"id":36,"instances":1},{"id":37,"instances":1},{"id":38,"instances":1},{"id":39,"instances":1},{"id":40,"instances":1}]},{"name":"Army of the Dead","id":37,"guid":24207,"type":"Pet","icon":"abilities/artifactability_unholydeathknight_deathsembrace","petOwner":18,"fights":[{"id":1,"instances":20},{"id":4,"instances":20},{"id":6,"instances":20},{"id":7,"instances":4},{"id":8,"instances":20},{"id":10,"instances":19},{"id":14,"instances":22},{"id":17,"instances":20},{"id":20,"instances":4},{"id":22,"instances":31},{"id":23,"instances":23},{"id":28,"instances":12},{"id":29,"instances":36},{"id":30,"instances":40},{"id":36,"instances":4},{"id":37,"instances":32},{"id":38,"instances":3},{"id":40,"instances":40}]},{"name":"Earthbind Totem","id":179,"guid":2630,"type":"Pet","icon":"abilities/spell_nature_strengthofearthtotem02","petOwner":23,"fights":[{"id":17,"instances":2}]},{"name":"Demonic Gateway","id":105,"guid":59271,"type":"Pet","icon":"custom-icon-trade_engineering","petOwner":25,"fights":[{"id":5,"instances":1}]},{"name":"Earthen Wall Totem","id":54,"guid":100943,"type":"Pet","icon":"abilities/spell_nature_stoneskintotem","petOwner":27,"fights":[{"id":1,"instances":3},{"id":3,"instances":1},{"id":4,"instances":3},{"id":5,"instances":1},{"id":6,"instances":3},{"id":7,"instances":1},{"id":8,"instances":3},{"id":10,"instances":3},{"id":11,"instances":1},{"id":14,"instances":4},{"id":16,"instances":1},{"id":17,"instances":2},{"id":20,"instances":1},{"id":21,"instances":1},{"id":22,"instances":5},{"id":23,"instances":4},{"id":28,"instances":1},{"id":29,"instances":5},{"id":30,"instances":6},{"id":36,"instances":1},{"id":37,"instances":5},{"id":38,"instances":1},{"id":40,"instances":5}]},{"name":"Earth Spirit","id":47,"guid":69792,"type":"Pet","icon":"abilities/inv_elemental_primal_earth","petOwner":5,"fights":[{"id":1,"instances":3},{"id":4,"instances":3},{"id":5,"instances":1},{"id":6,"instances":3},{"id":7,"instances":1},{"id":8,"instances":4},{"id":10,"instances":1},{"id":11,"instances":1},{"id":14,"instances":4},{"id":17,"instances":4},{"id":18,"instances":4},{"id":20,"instances":1},{"id":22,"instances":4},{"id":23,"instances":4},{"id":28,"instances":1},{"id":29,"instances":5},{"id":30,"instances":5},{"id":37,"instances":4},{"id":38,"instances":1},{"id":40,"instances":5}]},{"name":"Fire Spirit","id":49,"guid":69791,"type":"Pet","icon":"abilities/inv_summerfest_firespirit","petOwner":5,"fights":[{"id":1,"instances":3},{"id":4,"instances":3},{"id":5,"instances":1},{"id":6,"instances":3},{"id":7,"instances":1},{"id":8,"instances":4},{"id":10,"instances":1},{"id":11,"instances":1},{"id":14,"instances":4},{"id":17,"instances":4},{"id":18,"instances":4},{"id":20,"instances":1},{"id":22,"instances":4},{"id":23,"instances":4},{"id":28,"instances":1},{"id":29,"instances":5},{"id":30,"instances":5},{"id":37,"instances":4},{"id":38,"instances":1},{"id":40,"instances":5}]},{"name":"Void Tendril","id":60,"guid":98167,"type":"Pet","icon":"abilities/spell_shadow_skull","petOwner":4,"fights":[{"id":1,"instances":2},{"id":4,"instances":1},{"id":6,"instances":4},{"id":8,"instances":3},{"id":10,"instances":2},{"id":11,"instances":2},{"id":14,"instances":3},{"id":16,"instances":1},{"id":21,"instances":1},{"id":22,"instances":4},{"id":23,"instances":3},{"id":29,"instances":6},{"id":30,"instances":2}]},{"name":"Scalehide","id":30,"guid":47691617,"type":"Pet","icon":"custom-icon-ability_druid_bash","petOwner":29,"fights":[{"id":1,"instances":1},{"id":2,"instances":1},{"id":4,"instances":1},{"id":5,"instances":1}]},{"name":"Mirror Image","id":100,"guid":31216,"type":"Pet","icon":"abilities/spell_magic_managain","petOwner":8,"fights":[{"id":4,"instances":3},{"id":11,"instances":3},{"id":17,"instances":3},{"id":40,"instances":6}]},{"name":"Niuzao","id":56,"guid":73967,"type":"Pet","icon":"abilities/spell_monk_brewmaster_spec","petOwner":13,"fights":[{"id":1,"instances":1},{"id":2,"instances":1},{"id":4,"instances":2},{"id":5,"instances":1},{"id":6,"instances":2},{"id":7,"instances":1},{"id":8,"instances":2},{"id":10,"instances":2},{"id":11,"instances":1},{"id":14,"instances":2},{"id":16,"instances":1},{"id":17,"instances":2},{"id":20,"instances":1},{"id":22,"instances":2},{"id":23,"instances":2},{"id":28,"instances":1},{"id":29,"instances":3},{"id":30,"instances":3},{"id":37,"instances":2},{"id":38,"instances":1},{"id":40,"instances":3}]},{"name":"Yazqua","id":12,"guid":42759583,"type":"Pet","icon":"abilities/spell_shadow_summonimp","petOwner":11,"fights":[{"id":1,"instances":1},{"id":2,"instances":1},{"id":3,"instances":1},{"id":4,"instances":1},{"id":5,"instances":1},{"id":6,"instances":1},{"id":7,"instances":1},{"id":8,"instances":1},{"id":9,"instances":1},{"id":10,"instances":1},{"id":11,"instances":1},{"id":12,"instances":1},{"id":14,"instances":1},{"id":15,"instances":1},{"id":16,"instances":1},{"id":17,"instances":1},{"id":18,"instances":1},{"id":20,"instances":1},{"id":21,"instances":1},{"id":22,"instances":1},{"id":23,"instances":1},{"id":26,"instances":1},{"id":27,"instances":1},{"id":28,"instances":1},{"id":29,"instances":1},{"id":30,"instances":1},{"id":37,"instances":1},{"id":38,"instances":1},{"id":39,"instances":1},{"id":40,"instances":1}]},{"name":"Army of the Dead","id":324,"guid":24207,"type":"Pet","icon":"abilities/artifactability_unholydeathknight_deathsembrace","petOwner":309,"fights":[{"id":33,"instances":4}]},{"name":"Limbbreaker","id":17,"guid":46854026,"type":"Pet","icon":"abilities/spell_shadow_animatedead","petOwner":16,"fights":[{"id":1,"instances":1},{"id":2,"instances":1},{"id":3,"instances":1},{"id":4,"instances":1},{"id":5,"instances":1},{"id":6,"instances":1},{"id":7,"instances":1},{"id":8,"instances":1},{"id":9,"instances":1},{"id":10,"instances":1},{"id":11,"instances":1},{"id":12,"instances":1},{"id":14,"instances":1},{"id":16,"instances":1},{"id":17,"instances":1},{"id":18,"instances":1},{"id":20,"instances":1},{"id":21,"instances":1},{"id":22,"instances":1},{"id":23,"instances":1},{"id":26,"instances":1},{"id":28,"instances":1},{"id":29,"instances":1},{"id":30,"instances":1},{"id":36,"instances":1},{"id":37,"instances":1},{"id":38,"instances":1},{"id":39,"instances":1},{"id":40,"instances":1}]},{"name":"Capacitor Totem","id":71,"guid":61245,"type":"Pet","icon":"abilities/spell_nature_brilliance","petOwner":27,"fights":[{"id":2,"instances":1},{"id":4,"instances":1},{"id":10,"instances":1},{"id":11,"instances":1},{"id":21,"instances":1},{"id":38,"instances":1},{"id":39,"instances":1}]},{"name":"Batbender","id":19,"guid":36444078,"type":"Pet","icon":"abilities/spell_shadow_animatedead","petOwner":18,"fights":[{"id":1,"instances":1},{"id":2,"instances":1},{"id":3,"instances":1},{"id":4,"instances":1},{"id":5,"instances":1},{"id":6,"instances":1},{"id":7,"instances":1},{"id":8,"instances":1},{"id":9,"instances":1},{"id":10,"instances":1},{"id":11,"instances":1},{"id":12,"instances":1},{"id":14,"instances":1},{"id":15,"instances":1},{"id":16,"instances":1},{"id":17,"instances":1},{"id":18,"instances":1},{"id":20,"instances":1},{"id":22,"instances":1},{"id":23,"instances":1},{"id":26,"instances":1},{"id":28,"instances":1},{"id":29,"instances":1},{"id":30,"instances":1},{"id":36,"instances":1},{"id":37,"instances":1},{"id":38,"instances":1},{"id":39,"instances":1},{"id":40,"instances":1}]},{"name":"Mana Tide Totem","id":162,"guid":10467,"type":"Pet","icon":"abilities/spell_frost_summonwaterelemental","petOwner":27,"fights":[{"id":14,"instances":1},{"id":17,"instances":1},{"id":29,"instances":1},{"id":37,"instances":1}]},{"name":"Grubhead","id":312,"guid":42859459,"type":"Pet","icon":"custom-icon-spell_deathknight_thrash_ghoul","petOwner":309,"fights":[{"id":33,"instances":1}]},{"name":"Demonic Gateway","id":104,"guid":59262,"type":"Pet","icon":"custom-icon-trade_engineering","petOwner":25,"fights":[{"id":5,"instances":1}]},{"name":"Earthen Wall Totem","id":180,"guid":100943,"type":"Pet","icon":"abilities/spell_nature_stoneskintotem","petOwner":23,"fights":[{"id":17,"instances":1},{"id":40,"instances":6}]},{"name":"Mirror Image","id":123,"guid":31216,"type":"Pet","icon":"abilities/spell_magic_managain","petOwner":22,"fights":[{"id":8,"instances":3},{"id":14,"instances":6},{"id":37,"instances":3},{"id":40,"instances":6}]}],"enemyPets":[{"name":"Loyal Gargon","id":75,"guid":173953,"type":"Pet","icon":"custom-icon-spell_shadow_lifedrain","petOwner":74,"fights":[{"id":2,"instances":1},{"id":38,"instances":1}]}],"phases":[{"boss":2417,"phases":["General Kaal","Intermission One","General Grashaal","Intermission Two","Generals United"],"intermissions":[2,4]},{"boss":2418,"phases":["Margore","Bargast","Hecutis","Huntsman"]},{"boss":2405,"phases":["Crystal of Phantasms","Root of Extinction","Edge of Annihilation"]},{"boss":2407,"phases":["Stage One: Sinners Be Cleansed","Intermission: March of the Penitent","Stage Two: The Crimson Chorus","Stage Three: Indignation"],"intermissions":[2]},{"boss":2412,"phases":["Phase One","Phase Two","Phase Three"]},{"boss":2398,"phases":["Thirst for Blood","Terror of Castle Nathria"]}],"logVersion":16,"gameVersion":1,"title":"Castle Nathria","owner":"Gourthero","start":1609958869415,"end":1609970237670,"zone":26,"exportedCharacters":[{"id":53345387,"name":"Christotroll","server":"Twisting Nether","region":"EU"},{"id":51293678,"name":"Dacía","server":"Twisting Nether","region":"EU"},{"id":42196576,"name":"Deadonkillz","server":"Twisting Nether","region":"EU"},{"id":1025443,"name":"Degeneration","server":"Twisting Nether","region":"EU"},{"id":39993932,"name":"Doodliedie","server":"Twisting Nether","region":"EU"},{"id":53534769,"name":"Eviel","server":"Twisting Nether","region":"EU"},{"id":51511902,"name":"Giangow","server":"Twisting Nether","region":"EU"},{"id":48010560,"name":"Gourtmoo","server":"Twisting Nether","region":"EU"},{"id":52358785,"name":"Gpex","server":"Twisting Nether","region":"EU"},{"id":50825729,"name":"Hirâ","server":"Twisting Nether","region":"EU"},{"id":53534816,"name":"Horded","server":"Twisting Nether","region":"EU"},{"id":43156700,"name":"Intz","server":"Twisting Nether","region":"EU"},{"id":42148796,"name":"Kaldeak","server":"Twisting Nether","region":"EU"},{"id":43977096,"name":"Keliptra","server":"Twisting Nether","region":"EU"},{"id":51245550,"name":"Kevv","server":"Twisting Nether","region":"EU"},{"id":48198333,"name":"Kramt","server":"Twisting Nether","region":"EU"},{"id":54021242,"name":"Min","server":"Twisting Nether","region":"EU"},{"id":55557353,"name":"Quicktrip","server":"Twisting Nether","region":"EU"},{"id":51243422,"name":"Raiyn","server":"Twisting Nether","region":"EU"},{"id":42148795,"name":"Shallywally","server":"Twisting Nether","region":"EU"},{"id":23691514,"name":"Soundandfury","server":"Twisting Nether","region":"EU"},{"id":51511904,"name":"Störmya","server":"Twisting Nether","region":"EU"},{"id":46401448,"name":"Turoxdh","server":"Twisting Nether","region":"EU"},{"id":55030993,"name":"Yachh","server":"Twisting Nether","region":"EU"},{"id":42196572,"name":"Zonriva","server":"Twisting Nether","region":"EU"},{"id":13581590,"name":"Zooma","server":"Twisting Nether","region":"EU"},{"id":42196569,"name":"Émortal","server":"Twisting Nether","region":"EU"}]}