[{"timestamp":3030279,"type":"combatantinfo","pin":"0","sourceID":1,"specID":70,"strength":5956,"agility":514,"stamina":6576,"intellect":1615,"dodge":0,"parry":0,"block":0,"armor":3358,"critMelee":580,"critRanged":580,"critSpell":580,"speed":0,"leech":0,"hasteMelee":1114,"hasteRanged":1114,"hasteSpell":1114,"avoidance":65,"mastery":382,"versatilityDamageDone":717,"versatilityHealingDone":717,"versatilityDamageReduction":717,"talents":[{"id":267610,"icon":"spell_paladin_templarsverdict.jpg"},{"id":231832,"icon":"ability_paladin_bladeofjustice.jpg"},{"id":20066,"icon":"spell_holy_prayerofhealing.jpg"},{"id":255937,"icon":"inv_sword_2h_artifactashbringerfire_d_03.jpg"},{"id":230332,"icon":"ability_paladin_divinesteed.jpg"},{"id":210191,"icon":"inv_helmet_96.jpg"},{"id":223817,"icon":"spell_holy_divinepurpose.jpg"}],"pvpTalents":[{"id":208683,"icon":"ability_pvp_gladiatormedallion.jpg"},{"id":199325,"icon":"spell_holy_sealofvalor.jpg"},{"id":210256,"icon":"spell_holy_greaterblessingofsanctuary.jpg"},{"id":210323,"icon":"spell_holy_retributionaura.jpg"}],"artifact":[{"traitID":483,"rank":355,"spellID":280555,"icon":"inv_trinket_80_titan01b.jpg"},{"traitID":21,"rank":355,"spellID":263984,"icon":"ability_skyreach_four_wind.jpg"},{"traitID":157,"rank":340,"spellID":273790,"icon":"achievement_dungeon_rezan.jpg"},{"traitID":22,"rank":340,"spellID":263987,"icon":"spell_shaman_thunderstorm.jpg"},{"traitID":485,"rank":355,"spellID":280559,"icon":"spell_nature_groundingtotem.jpg"},{"traitID":461,"rank":355,"spellID":279926,"icon":"inv_smallazeritefragment.jpg"}],"gear":[{"id":160634,"itemLevel":355,"quality":4,"icon":"inv_helm_plate_nazmirraid_d_01.jpg","bonusIDs":[4822,1477,4786]},{"id":158075,"itemLevel":363,"quality":6,"icon":"inv_heartofazeroth.jpg","bonusIDs":[4936,4929,4930]},{"id":159423,"itemLevel":340,"quality":3,"icon":"inv_shoulder_plate_zandalardungeon_c_01.jpg","bonusIDs":[4819,1512,4786]},{"id":89195,"itemLevel":1,"quality":4,"icon":"inv_shirt03_epic.jpg"},{"id":160722,"itemLevel":355,"quality":4,"icon":"inv_chest_plate_nazmirraid_d_01.jpg","bonusIDs":[4822,1477,4786]},{"id":160638,"itemLevel":370,"quality":4,"icon":"inv_belt_plate_nazmirraid_d_01.jpg","bonusIDs":[4799,43,1492,4786]},{"id":159456,"itemLevel":355,"quality":3,"icon":"inv_pant_plate_kultirasdungeon_c_01.jpg","bonusIDs":[4779,1527,4784]},{"id":159412,"itemLevel":365,"quality":3,"icon":"inv_boot_plate_zandalardungeon_c_01.jpg","bonusIDs":[5005,1537,4783]},{"id":157902,"itemLevel":355,"quality":3,"icon":"inv_bracer_plate_zandalarquest_b_01.jpg","permanentEnchant":5971,"bonusIDs":[4803,1547,4784]},{"id":160635,"itemLevel":370,"quality":4,"icon":"inv_glove_plate_nazmirraid_d_01.jpg","bonusIDs":[4799,1492,4786]},{"id":161899,"itemLevel":355,"quality":4,"icon":"inv_ring_80_02b.jpg","permanentEnchant":5939,"bonusIDs":[5065,4802,40,5128,1547,4786],"gems":[{"id":154127,"itemLevel":120,"icon":"inv_jewelcrafting_80_cutgem02_yellow.jpg"}]},{"id":159459,"itemLevel":355,"quality":3,"icon":"inv_ring_80_03e.jpg","permanentEnchant":5939,"bonusIDs":[5006,1527,4786]},{"id":161902,"itemLevel":340,"quality":4,"icon":"spell_holy_championsbond.jpg","bonusIDs":[4982,5128,1532,4786]},{"id":160650,"itemLevel":370,"quality":4,"icon":"creatureportrait_nexus_floating_disc.jpg","bonusIDs":[4798,1492,4784]},{"id":160643,"itemLevel":370,"quality":4,"icon":"inv_leather_nazmirraid_d_01cape.jpg","bonusIDs":[4799,1492,4786]},{"id":159644,"itemLevel":340,"quality":3,"icon":"inv_sword_2h_battledungeon_c_01.jpg","permanentEnchant":5963,"bonusIDs":[4779,1512,4786]},{"id":0,"itemLevel":0,"quality":1,"icon":"inv_axe_02.jpg"},{"id":45584,"itemLevel":1,"quality":2,"icon":"inv_misc_tournaments_tabard_tauren.jpg"}],"auras":[{"source":1,"ability":267610,"icon":"spell_paladin_templarsverdict.jpg"},{"source":1,"ability":267344,"icon":"ability_paladin_artofwar.jpg"},{"source":2,"ability":6673,"icon":"ability_warrior_battleshout.jpg"},{"source":1,"ability":251839,"icon":"inv_alchemy_80_flask01orange.jpg"},{"source":9,"ability":1459,"icon":"spell_holy_magicalsentry.jpg"},{"source":1,"ability":280573,"icon":"inv_trinket_80_titan02c.jpg"}]},{"timestamp":3030279,"type":"combatantinfo","pin":"0","sourceID":3,"specID":65,"strength":1464,"agility":514,"stamina":6810,"intellect":6755,"dodge":0,"parry":0,"block":0,"armor":4953,"critMelee":1496,"critRanged":1496,"critSpell":1496,"speed":0,"leech":64,"hasteMelee":529,"hasteRanged":529,"hasteSpell":529,"avoidance":0,"mastery":443,"versatilityDamageDone":324,"versatilityHealingDone":324,"versatilityDamageReduction":324,"talents":[{"id":223306,"icon":"ability_paladin_blessedmending.jpg"},{"id":214202,"icon":"ability_paladin_longarmofthelaw.jpg"},{"id":198054,"icon":"spell_holy_fistofjustice.jpg"},{"id":183415,"icon":"spell_holy_blessedlife.jpg"},{"id":183778,"icon":"spell_holy_divineprovidence.jpg"},{"id":216331,"icon":"ability_paladin_veneration.jpg"},{"id":156910,"icon":"ability_paladin_beaconsoflight.jpg"}],"pvpTalents":[{"id":208683,"icon":"ability_pvp_gladiatormedallion.jpg"},{"id":199454,"icon":"ability_paladin_blessedhands.jpg"},{"id":199424,"icon":"spell_holy_surgeoflight.jpg"},{"id":199452,"icon":"spell_holy_sealofsacrifice.jpg"}],"artifact":[{"traitID":393,"rank":370,"spellID":278593,"icon":"spell_holy_healingaura.jpg"},{"traitID":89,"rank":370,"spellID":267683,"icon":"spell_yorsahj_bloodboil_orangeoil.jpg"},{"traitID":452,"rank":370,"spellID":277674,"icon":"spell_holy_searinglight.jpg"},{"traitID":483,"rank":370,"spellID":280555,"icon":"inv_trinket_80_titan01b.jpg"}],"gear":[{"id":160634,"itemLevel":370,"quality":4,"icon":"inv_helm_plate_nazmirraid_d_01.jpg","bonusIDs":[4823,1492,4786]},{"id":158075,"itemLevel":363,"quality":6,"icon":"inv_heartofazeroth.jpg","bonusIDs":[4936,4929,4930]},{"id":161460,"itemLevel":370,"quality":4,"icon":"inv_plate_shoulder_warfrontshorde_c_01.jpg","bonusIDs":[5120,1492,4786]},{"id":0,"itemLevel":0,"quality":1,"icon":"inv_axe_02.jpg"},{"id":160636,"itemLevel":370,"quality":4,"icon":"inv_chest_plate_nazmirraid_d_01.jpg","bonusIDs":[4823,1492,4786]},{"id":159426,"itemLevel":340,"quality":3,"icon":"inv_belt_plate_kultirasdungeon_c_01.jpg","bonusIDs":[4779,4802,1512,4786],"gems":[{"id":153710,"itemLevel":118,"icon":"inv_jewelcrafting_80_cutgem01_orange.jpg"}]},{"id":159451,"itemLevel":340,"quality":3,"icon":"inv_pant_plate_zandalardungeon_c_01.jpg","bonusIDs":[4779,1512,4786]},{"id":155861,"itemLevel":340,"quality":3,"icon":"inv_boot_plate_zandalardungeon_c_01.jpg","bonusIDs":[4779,1512,4786]},{"id":160637,"itemLevel":370,"quality":4,"icon":"inv_bracer_plate_nazmirraid_d_01.jpg","bonusIDs":[4799,1492,4786]},{"id":160635,"itemLevel":380,"quality":4,"icon":"inv_glove_plate_nazmirraid_d_01.jpg","permanentEnchant":5932,"bonusIDs":[4798,1502,4784]},{"id":158362,"itemLevel":340,"quality":3,"icon":"inv_ring_80_01e.jpg","permanentEnchant":5938,"bonusIDs":[4779,1512,4786]},{"id":159461,"itemLevel":340,"quality":3,"icon":"inv_ring_80_05b.jpg","permanentEnchant":5938,"bonusIDs":[4779,1512,4786]},{"id":158320,"itemLevel":365,"quality":3,"icon":"ability_shaman_repulsiontotem.jpg","bonusIDs":[5006,1537,4783]},{"id":159620,"itemLevel":340,"quality":3,"icon":"inv_misc_food_legion_seashellc1.jpg","bonusIDs":[4779,41,1512,4786]},{"id":160644,"itemLevel":355,"quality":4,"icon":"inv_cape_mail_nazmirraid_d_01.jpg","bonusIDs":[4798,1477,4786]},{"id":159652,"itemLevel":340,"quality":3,"icon":"inv_mace_1h_battledungeon_c_01.jpg","bonusIDs":[4779,1512,4786]},{"id":161677,"itemLevel":340,"quality":4,"icon":"inv_shield_1h_warfrontshorde_c_02.jpg","bonusIDs":[4993,5129,1532,4786]},{"id":0,"itemLevel":0,"quality":1,"icon":"inv_axe_02.jpg"}],"auras":[{"source":3,"ability":257408,"icon":"spell_misc_food.jpg"},{"source":2,"ability":6673,"icon":"ability_warrior_battleshout.jpg"},{"source":3,"ability":251837,"icon":"inv_alchemy_80_flask01purple.jpg"},{"source":9,"ability":1459,"icon":"spell_holy_magicalsentry.jpg"},{"source":3,"ability":280573,"icon":"inv_trinket_80_titan02c.jpg"}]},{"timestamp":3030279,"type":"combatantinfo","pin":"0","sourceID":2,"specID":71,"strength":5168,"agility":1009,"stamina":6575,"intellect":1096,"dodge":0,"parry":0,"block":0,"armor":3296,"critMelee":877,"critRanged":877,"critSpell":877,"speed":0,"leech":0,"hasteMelee":1218,"hasteRanged":1218,"hasteSpell":1218,"avoidance":0,"mastery":691,"versatilityDamageDone":132,"versatilityHealingDone":132,"versatilityDamageReduction":132,"talents":[{"id":260643,"icon":"inv_skullsplitter.jpg"},{"id":103827,"icon":"inv_misc_horn_04.jpg"},{"id":281001,"icon":"inv_sword_48.jpg"},{"id":202163,"icon":"ability_heroicleap.jpg"},{"id":262161,"icon":"inv_warbreaker.jpg"},{"id":248621,"icon":"ability_blackhand_marked4death.jpg"},{"id":152278,"icon":"warrior_talent_icon_angermanagement.jpg"}],"pvpTalents":[{"id":208683,"icon":"ability_pvp_gladiatormedallion.jpg"},{"id":198817,"icon":"spell_warrior_sharpenblade.jpg"},{"id":236077,"icon":"ability_warrior_disarm.jpg"},{"id":236308,"icon":"ability_warrior_bladestorm.jpg"}],"artifact":[{"traitID":480,"rank":340,"spellID":280407,"icon":"inv_misc_volatilelife.jpg"},{"traitID":22,"rank":340,"spellID":263987,"icon":"spell_shaman_thunderstorm.jpg"},{"traitID":476,"rank":340,"spellID":280023,"icon":"ability_warrior_rallyingcry.jpg"},{"traitID":481,"rank":340,"spellID":280410,"icon":"ability_hunter_pet_raptor.jpg"},{"traitID":461,"rank":340,"spellID":279926,"icon":"inv_smallazeritefragment.jpg"},{"traitID":435,"rank":355,"spellID":278752,"icon":"ability_warrior_colossussmash.jpg"},{"traitID":31,"rank":355,"spellID":266937,"icon":"ability_criticalstrike.jpg"}],"gear":[{"id":157897,"itemLevel":340,"quality":3,"icon":"inv_helm_plate_zandalarquest_b_01.jpg","bonusIDs":[1532,5136]},{"id":158075,"itemLevel":365,"quality":6,"icon":"inv_heartofazeroth.jpg","bonusIDs":[4936,4929,4930]},{"id":157932,"itemLevel":340,"quality":3,"icon":"inv_shoulders_plate_zandalarquest_b_01.jpg","bonusIDs":[1532,5140]},{"id":0,"itemLevel":0,"quality":1,"icon":"inv_axe_02.jpg"},{"id":160636,"itemLevel":355,"quality":4,"icon":"inv_chest_plate_nazmirraid_d_01.jpg","bonusIDs":[4822,1477,4786]},{"id":160215,"itemLevel":355,"quality":3,"icon":"inv_belt_plate_kultirasdungeon_c_01.jpg","bonusIDs":[4779,4802,1527,4784],"gems":[{"id":154126,"itemLevel":120,"icon":"inv_jewelcrafting_80_cutgem02_orange.jpg"}]},{"id":160639,"itemLevel":380,"quality":4,"icon":"inv_pant_plate_nazmirraid_d_01.jpg","bonusIDs":[4799,1502,4783]},{"id":159412,"itemLevel":350,"quality":3,"icon":"inv_boot_plate_zandalardungeon_c_01.jpg","bonusIDs":[5002,1522,4786]},{"id":160212,"itemLevel":360,"quality":3,"icon":"inv_bracer_plate_zandalardungeon_c_01.jpg","bonusIDs":[5002,1532,4783]},{"id":159445,"itemLevel":355,"quality":3,"icon":"inv_glove_plate_zandalardungeon_c_01.jpg","bonusIDs":[5006,4802,1527,4786],"gems":[{"id":154126,"itemLevel":120,"icon":"inv_jewelcrafting_80_cutgem02_orange.jpg"}]},{"id":159463,"itemLevel":350,"quality":3,"icon":"inv_ring_80_05a.jpg","permanentEnchant":5939,"bonusIDs":[4779,1522,4783]},{"id":161359,"itemLevel":365,"quality":4,"icon":"inv_ring_80_05d.jpg","permanentEnchant":5939,"bonusIDs":[4798,1808,1487,4783],"gems":[{"id":153711,"itemLevel":118,"icon":"inv_jewelcrafting_80_cutgem01_yellow.jpg"}]},{"id":159611,"itemLevel":340,"quality":3,"icon":"inv_misc_enggizmos_27.jpg","bonusIDs":[4779,1512,4786]},{"id":158712,"itemLevel":345,"quality":3,"icon":"ability_hunter_aspectoftheviper.jpg","bonusIDs":[4780,1517,4786]},{"id":158375,"itemLevel":345,"quality":3,"icon":"inv_cape_cloth_zandalardungeon_c_01.jpg","bonusIDs":[4780,4802,1517,4786],"gems":[{"id":154126,"itemLevel":120,"icon":"inv_jewelcrafting_80_cutgem02_orange.jpg"}]},{"id":163874,"itemLevel":380,"quality":3,"icon":"inv_axe_2h_warfrontshorde_c_01.jpg","permanentEnchant":5950,"bonusIDs":[5126,1572,4783]},{"id":0,"itemLevel":0,"quality":1,"icon":"inv_axe_02.jpg"},{"id":45585,"itemLevel":1,"quality":2,"icon":"inv_misc_tournaments_tabard_bloodelf.jpg"}],"auras":[{"source":2,"ability":6673,"icon":"ability_warrior_battleshout.jpg"},{"source":2,"ability":257415,"icon":"spell_misc_food.jpg"},{"source":2,"ability":251839,"icon":"inv_alchemy_80_flask01orange.jpg"},{"source":9,"ability":1459,"icon":"spell_holy_magicalsentry.jpg"}]},{"timestamp":3030279,"type":"combatantinfo","pin":"0","sourceID":4,"specID":64,"strength":648,"agility":997,"stamina":6680,"intellect":7833,"dodge":0,"parry":0,"block":0,"armor":962,"critMelee":1465,"critRanged":1465,"critSpell":1465,"speed":0,"leech":0,"hasteMelee":627,"hasteRanged":627,"hasteSpell":627,"avoidance":0,"mastery":651,"versatilityDamageDone":266,"versatilityHealingDone":266,"versatilityDamageReduction":266,"talents":[{"id":205024,"icon":"achievement_dungeon_frozenthrone.jpg"},{"id":212653,"icon":"spell_arcane_massdispel.jpg"},{"id":1463,"icon":"ability_mage_incantersabsorbtion.jpg"},{"id":257537,"icon":"artifactability_frostmage_ebonbolt.jpg"},{"id":235224,"icon":"ability_mage_deepfreeze.jpg"},{"id":56377,"icon":"spell_frost_ice-shards.jpg"},{"id":155149,"icon":"spell_mage_thermalvoid.jpg"}],"pvpTalents":[{"id":208683,"icon":"ability_pvp_gladiatormedallion.jpg"},{"id":198064,"icon":"spell_arcane_prismaticcloak.jpg"},{"id":198148,"icon":"spell_frost_frozenorb.jpg"},{"id":198123,"icon":"inv_misc_frostemblem_01.jpg"}],"artifact":[{"traitID":485,"rank":355,"spellID":280559,"icon":"spell_nature_groundingtotem.jpg"},{"traitID":459,"rank":355,"spellID":279899,"icon":"inv_ember.jpg"},{"traitID":482,"rank":340,"spellID":280380,"icon":"ability_thunderking_thunderstruck.jpg"},{"traitID":461,"rank":340,"spellID":279926,"icon":"inv_smallazeritefragment.jpg"},{"traitID":482,"rank":340,"spellID":280380,"icon":"ability_thunderking_thunderstruck.jpg"},{"traitID":462,"rank":340,"spellID":266936,"icon":"ability_creature_amber_02.jpg"}],"gear":[{"id":160719,"itemLevel":355,"quality":4,"icon":"inv_helm_cloth_nazmirraid_d_01.jpg","bonusIDs":[4822,1477,4786]},{"id":158075,"itemLevel":363,"quality":6,"icon":"inv_heartofazeroth.jpg","bonusIDs":[4936,4929,4930]},{"id":157939,"itemLevel":340,"quality":3,"icon":"inv_shoulder_cloth_zandalarquest_b_01.jpg","bonusIDs":[1532,5140]},{"id":0,"itemLevel":0,"quality":1,"icon":"inv_axe_02.jpg"},{"id":159257,"itemLevel":340,"quality":3,"icon":"inv_chest_cloth_zandalardungeon_c_01.jpg","bonusIDs":[4819,1512,4786]},{"id":159245,"itemLevel":385,"quality":3,"icon":"inv_belt_cloth_kultirasdungeon_c_01.jpg","bonusIDs":[5006,4802,1557,4784],"gems":[{"id":153709,"itemLevel":120,"icon":"inv_jewelcrafting_80_specialgemcut01.jpg"}]},{"id":159269,"itemLevel":355,"quality":3,"icon":"inv_pant_cloth_zandalardungeon_c_01.jpg","bonusIDs":[4779,1527,4784]},{"id":158351,"itemLevel":375,"quality":3,"icon":"inv_boot_cloth_kultirasdungeon_c_01.jpg","bonusIDs":[5007,1547,4784]},{"id":160617,"itemLevel":355,"quality":4,"icon":"inv_bracer_cloth_nazmirraid_d_01.jpg","bonusIDs":[4798,1477,4786]},{"id":162943,"itemLevel":360,"quality":2,"icon":"ivn_glove_cloth_warfrontshorde_b_01.jpg","bonusIDs":[1552,4784]},{"id":160645,"itemLevel":380,"quality":4,"icon":"inv_ring_80_04d.jpg","permanentEnchant":5942,"bonusIDs":[4799,1502,4783]},{"id":158362,"itemLevel":350,"quality":3,"icon":"inv_ring_80_01e.jpg","permanentEnchant":5942,"bonusIDs":[4779,1522,4783]},{"id":158154,"itemLevel":340,"quality":3,"icon":"inv_tikiman2_zandalar.jpg","bonusIDs":[4803,1532,4786]},{"id":159631,"itemLevel":345,"quality":3,"icon":"trade_archaeology_delicatemusicbox.jpg","bonusIDs":[4779,1517,4783]},{"id":160643,"itemLevel":370,"quality":4,"icon":"inv_leather_nazmirraid_d_01cape.jpg","bonusIDs":[4799,1492,4786]},{"id":160680,"itemLevel":355,"quality":4,"icon":"inv_wand_1h_nazmirraid_d_01.jpg","permanentEnchant":5949,"bonusIDs":[4798,1477,4786]},{"id":163876,"itemLevel":370,"quality":3,"icon":"inv_offhand_1h_warfrontshorde_c_01.jpg","bonusIDs":[5126,4802,1562,4786],"gems":[{"id":154126,"itemLevel":120,"icon":"inv_jewelcrafting_80_cutgem02_orange.jpg"}]},{"id":0,"itemLevel":0,"quality":1,"icon":"inv_axe_02.jpg"}],"auras":[{"source":4,"ability":257410,"icon":"spell_misc_food.jpg"},{"source":9,"ability":1459,"icon":"spell_holy_magicalsentry.jpg"},{"source":2,"ability":6673,"icon":"ability_warrior_battleshout.jpg"},{"source":4,"ability":251837,"icon":"inv_alchemy_80_flask01purple.jpg"},{"source":4,"ability":280573,"icon":"inv_trinket_80_titan02c.jpg"}]},{"timestamp":3030279,"type":"combatantinfo","pin":"0","sourceID":5,"specID":261,"strength":1221,"agility":6062,"stamina":6410,"intellect":1096,"dodge":0,"parry":0,"block":0,"armor":1511,"critMelee":1293,"critRanged":1293,"critSpell":1293,"speed":0,"leech":0,"hasteMelee":670,"hasteRanged":670,"hasteSpell":670,"avoidance":47,"mastery":422,"versatilityDamageDone":495,"versatilityHealingDone":495,"versatilityDamageReduction":495,"talents":[{"id":91023,"icon":"ability_rogue_findweakness.jpg"},{"id":108209,"icon":"rogue_shadowfocus.jpg"},{"id":137619,"icon":"achievement_bg_killingblow_berserker.jpg"},{"id":31230,"icon":"ability_rogue_cheatdeath.jpg"},{"id":131511,"icon":"ability_rogue_preyontheweak.jpg"},{"id":238104,"icon":"ability_rogue_envelopingshadows.jpg"},{"id":196976,"icon":"spell_shadow_charm.jpg"}],"pvpTalents":[{"id":208683,"icon":"ability_pvp_gladiatormedallion.jpg"},{"id":216883,"icon":"ability_rogue_shadowdance.jpg"},{"id":213981,"icon":"spell_ice_lament.jpg"},{"id":198952,"icon":"spell_shadow_nethercloak.jpg"}],"artifact":[{"traitID":240,"rank":340,"spellID":275896,"icon":"ability_rogue_shadowstrike.jpg"},{"traitID":462,"rank":340,"spellID":266936,"icon":"ability_creature_amber_02.jpg"},{"traitID":44,"rank":340,"spellID":268599,"icon":"inv_misc_monsterfang_02.jpg"},{"traitID":482,"rank":340,"spellID":280380,"icon":"ability_thunderking_thunderstruck.jpg"},{"traitID":31,"rank":340,"spellID":266937,"icon":"ability_criticalstrike.jpg"},{"traitID":485,"rank":355,"spellID":280559,"icon":"spell_nature_groundingtotem.jpg"},{"traitID":22,"rank":355,"spellID":263987,"icon":"spell_shaman_thunderstorm.jpg"}],"gear":[{"id":157945,"itemLevel":340,"quality":3,"icon":"inv_helm_leather_zandalarquest_b_01.jpg","bonusIDs":[1532,5136]},{"id":158075,"itemLevel":365,"quality":6,"icon":"inv_heartofazeroth.jpg","bonusIDs":[4936,4929,4930]},{"id":157947,"itemLevel":340,"quality":3,"icon":"inv_shoulder_leather_zandalarquest_b_01.jpg","bonusIDs":[1532,5140]},{"id":98079,"itemLevel":1,"quality":3,"icon":"inv_shirt_purple_01.jpg"},{"id":160728,"itemLevel":355,"quality":4,"icon":"inv_leather_nazmirraid_d_01chest.jpg","bonusIDs":[4822,1477,4786]},{"id":159333,"itemLevel":350,"quality":3,"icon":"inv_belt_leather_kultirasdungeon_c_01.jpg","onUseEnchant":4223,"bonusIDs":[5002,1522,4786]},{"id":154155,"itemLevel":355,"quality":4,"icon":"inv_leather_nazmirraid_d_01pant.jpg","bonusIDs":[1677]},{"id":157879,"itemLevel":340,"quality":3,"icon":"inv_boot_leather_zandalarquest_b_01.jpg","bonusIDs":[4803,1532,4784]},{"id":160214,"itemLevel":355,"quality":3,"icon":"inv_bracer_leather_zandalardungeon_c_01.jpg","bonusIDs":[5006,1527,4786]},{"id":160618,"itemLevel":370,"quality":4,"icon":"inv_leather_nazmirraid_d_01glove.jpg","permanentEnchant":5932,"bonusIDs":[4799,1492,4786]},{"id":159460,"itemLevel":355,"quality":3,"icon":"inv_ring_80_01d.jpg","permanentEnchant":5938,"bonusIDs":[4779,1527,4784]},{"id":159461,"itemLevel":355,"quality":3,"icon":"inv_ring_80_05b.jpg","permanentEnchant":5938,"bonusIDs":[4779,1527,4784]},{"id":159125,"itemLevel":355,"quality":4,"icon":"inv_inscription_80_deck_fathoms.jpg"},{"id":155881,"itemLevel":345,"quality":3,"icon":"inv_misc_dice_02.jpg","bonusIDs":[4780,1517,4786]},{"id":159294,"itemLevel":370,"quality":3,"icon":"inv_cape_mail_kultirasdungeon_c_01.jpg","onUseEnchant":4897,"bonusIDs":[5007,1542,4783]},{"id":160683,"itemLevel":370,"quality":4,"icon":"inv_knife_1h_nazmirraid_d_02.jpg","permanentEnchant":5965,"bonusIDs":[4799,1492,4786]},{"id":160683,"itemLevel":360,"quality":4,"icon":"inv_knife_1h_nazmirraid_d_02.jpg","permanentEnchant":5963,"bonusIDs":[4798,40,1482,4783]},{"id":31404,"itemLevel":1,"quality":2,"icon":"inv_shirt_15.jpg"}],"auras":[{"source":2,"ability":6673,"icon":"ability_warrior_battleshout.jpg"},{"source":5,"ability":257410,"icon":"spell_misc_food.jpg"},{"source":5,"ability":251836,"icon":"inv_alchemy_80_flask01green.jpg"},{"source":9,"ability":1459,"icon":"spell_holy_magicalsentry.jpg"},{"source":5,"ability":280573,"icon":"inv_trinket_80_titan02c.jpg"}]},{"timestamp":3030279,"type":"combatantinfo","pin":"0","sourceID":7,"specID":105,"strength":632,"agility":1469,"stamina":6527,"intellect":6560,"dodge":0,"parry":0,"block":0,"armor":1553,"critMelee":454,"critRanged":454,"critSpell":454,"speed":72,"leech":0,"hasteMelee":1107,"hasteRanged":1107,"hasteSpell":1107,"avoidance":0,"mastery":619,"versatilityDamageDone":546,"versatilityHealingDone":546,"versatilityDamageReduction":546,"talents":[{"id":207383,"icon":"ability_druid_empoweredrejuvination.jpg"},{"id":108238,"icon":"spell_nature_natureblessing.jpg"},{"id":197491,"icon":"talentspec_druid_feral_bear.jpg"},{"id":132469,"icon":"ability_druid_typhoon.jpg"},{"id":33891,"icon":"ability_druid_improvedtreeform.jpg"},{"id":197073,"icon":"ability_druid_dreamstate.jpg"},{"id":155675,"icon":"spell_druid_germination.jpg"}],"pvpTalents":[{"id":214027,"icon":"sha_ability_rogue_sturdyrecuperate.jpg"},{"id":203624,"icon":"ability_druid_flourish.jpg"},{"id":203553,"icon":"ability_druid_focusedgrowth.jpg"},{"id":203399,"icon":"ability_druid_empoweredtouch.jpg"}],"artifact":[{"traitID":363,"rank":355,"spellID":278513,"icon":"inv_misc_head_dragon_green.jpg"},{"traitID":19,"rank":355,"spellID":267880,"icon":"inv_misc_emberweavebandage.jpg"},{"traitID":364,"rank":340,"spellID":279642,"icon":"spell_nature_lightning.jpg"},{"traitID":105,"rank":340,"spellID":267886,"icon":"inv_gizmo_manasyphon.jpg"},{"traitID":210,"rank":370,"spellID":274432,"icon":"spell_nature_rejuvenation.jpg"}],"gear":[{"id":160623,"itemLevel":355,"quality":4,"icon":"inv_leather_nazmirraid_d_01helm.jpg","bonusIDs":[4822,1477,4786]},{"id":158075,"itemLevel":363,"quality":6,"icon":"inv_heartofazeroth.jpg","bonusIDs":[4936,4929,4930]},{"id":159307,"itemLevel":340,"quality":3,"icon":"inv_shoulder_leather_kultirasdungeon_c_01.jpg","bonusIDs":[4819,1512,4786]},{"id":0,"itemLevel":0,"quality":1,"icon":"inv_axe_02.jpg"},{"id":163283,"itemLevel":370,"quality":3,"icon":"inv_leather_warfrontshorde_d_01_chest.jpg","bonusIDs":[5126,1562,4786]},{"id":159725,"itemLevel":365,"quality":3,"icon":"inv_belt_leather_zandalardungeon_c_01.jpg","bonusIDs":[5006,42,1537,4783]},{"id":159313,"itemLevel":365,"quality":3,"icon":"inv_pant_leather_zandalardungeon_c_01.jpg","bonusIDs":[5009,1537,4786]},{"id":159327,"itemLevel":345,"quality":3,"icon":"inv_boot_leather_zandalardungeon_c_01.jpg","bonusIDs":[4779,1517,4783]},{"id":163309,"itemLevel":340,"quality":3,"icon":"inv_leather_warfrontshorde_d_01_bracer.jpg","permanentEnchant":5971,"bonusIDs":[5124,1532,4786]},{"id":159344,"itemLevel":350,"quality":3,"icon":"inv_glove_leather_zandalardungeon_c_01.jpg","permanentEnchant":5932,"bonusIDs":[4779,1522,4783]},{"id":159458,"itemLevel":355,"quality":3,"icon":"inv_ring_80_03a.jpg","permanentEnchant":5939,"bonusIDs":[5005,1527,4786]},{"id":159462,"itemLevel":345,"quality":3,"icon":"inv_ring_80_06e.jpg","permanentEnchant":5943,"bonusIDs":[4779,1517,4783]},{"id":159127,"itemLevel":355,"quality":4,"icon":"inv_inscription_80_deck_tides.jpg"},{"id":158154,"itemLevel":345,"quality":3,"icon":"inv_tikiman2_zandalar.jpg","bonusIDs":[4803,1537,4783]},{"id":158375,"itemLevel":360,"quality":3,"icon":"inv_cape_cloth_zandalardungeon_c_01.jpg","bonusIDs":[5006,4802,1532,4783],"gems":[{"id":154127,"itemLevel":120,"icon":"inv_jewelcrafting_80_cutgem02_yellow.jpg"}]},{"id":159129,"itemLevel":340,"quality":3,"icon":"inv_staff_2h_battledungeon_c_03.jpg","permanentEnchant":5963,"bonusIDs":[4779,1512,4786]},{"id":0,"itemLevel":0,"quality":1,"icon":"inv_axe_02.jpg"},{"id":43348,"itemLevel":1,"quality":4,"icon":"inv_chest_cloth_30.jpg"}],"auras":[{"source":2,"ability":6673,"icon":"ability_warrior_battleshout.jpg"},{"source":7,"ability":257415,"icon":"spell_misc_food.jpg"},{"source":9,"ability":1459,"icon":"spell_holy_magicalsentry.jpg"},{"source":7,"ability":251837,"icon":"inv_alchemy_80_flask01purple.jpg"}]},{"timestamp":3030279,"type":"combatantinfo","pin":"0","sourceID":8,"specID":253,"strength":898,"agility":5220,"stamina":6338,"intellect":1322,"dodge":0,"parry":0,"block":0,"armor":2193,"critMelee":789,"critRanged":789,"critSpell":789,"speed":0,"leech":69,"hasteMelee":859,"hasteRanged":859,"hasteSpell":859,"avoidance":0,"mastery":700,"versatilityDamageDone":292,"versatilityHealingDone":292,"versatilityDamageReduction":292,"talents":[{"id":273887,"icon":"ability_hunter_killcommand.jpg"},{"id":53209,"icon":"ability_hunter_chimerashot2.jpg"},{"id":270581,"icon":"ability_hunter_onewithnature.jpg"},{"id":131894,"icon":"ability_hunter_murderofcrows.jpg"},{"id":109215,"icon":"ability_hunter_posthaste.jpg"},{"id":199530,"icon":"warrior_talent_icon_thunderstruck.jpg"},{"id":191384,"icon":"ability_deathwing_assualtaspects.jpg"}],"pvpTalents":[{"id":214027,"icon":"sha_ability_rogue_sturdyrecuperate.jpg"},{"id":208652,"icon":"spell_hunter_aspectoftheironhawk.jpg"},{"id":205691,"icon":"hunter_pvp_direbeastbasilisk.jpg"},{"id":204190,"icon":"ability_hunter_invigeration.jpg"}],"artifact":[{"traitID":161,"rank":340,"spellID":273262,"icon":"ability_druid_ferociousbite.jpg"},{"traitID":30,"rank":340,"spellID":266180,"icon":"ability_vehicle_electrocharge.jpg"},{"traitID":482,"rank":340,"spellID":280380,"icon":"ability_thunderking_thunderstruck.jpg"},{"traitID":31,"rank":340,"spellID":266937,"icon":"ability_criticalstrike.jpg"},{"traitID":161,"rank":340,"spellID":273262,"icon":"ability_druid_ferociousbite.jpg"}],"gear":[{"id":163446,"itemLevel":340,"quality":3,"icon":"inv_helm_mail_warfrontshorde_b_01.jpg","bonusIDs":[5125,1532,5136]},{"id":158075,"itemLevel":327,"quality":6,"icon":"inv_heartofazeroth.jpg","bonusIDs":[4932,4933,4936]},{"id":157955,"itemLevel":340,"quality":3,"icon":"inv_shoulder_mail_zandalarquest_b_01.jpg","bonusIDs":[1532,5140]},{"id":0,"itemLevel":0,"quality":1,"icon":"inv_axe_02.jpg"},{"id":159362,"itemLevel":340,"quality":3,"icon":"inv_chest_mail_kultirasdungeon_c_01.jpg","bonusIDs":[4819,1512,4786]},{"id":159386,"itemLevel":355,"quality":3,"icon":"inv_belt_mail_kultirasdungeon_c_01.jpg","bonusIDs":[5006,1527,4786]},{"id":163445,"itemLevel":345,"quality":3,"icon":"inv_pant_mail_warfrontshorde_b_01.jpg","bonusIDs":[5124,1537,4783]},{"id":160628,"itemLevel":370,"quality":4,"icon":"inv_boots_mail_nazmirraid_d_01.jpg","bonusIDs":[4799,1492,4786]},{"id":159389,"itemLevel":365,"quality":3,"icon":"inv_bracer_mail_kultirasdungeon_c_01.jpg","bonusIDs":[5006,1537,4783]},{"id":163448,"itemLevel":370,"quality":3,"icon":"inv_glove_mail_warfrontshorde_b_01.jpg","bonusIDs":[5126,1562,4786]},{"id":162542,"itemLevel":350,"quality":3,"icon":"inv_ring_80_02a.jpg","permanentEnchant":5939,"bonusIDs":[4779,1522,4783]},{"id":159459,"itemLevel":345,"quality":3,"icon":"inv_ring_80_03e.jpg","permanentEnchant":5939,"bonusIDs":[4780,4802,1517,4786],"gems":[{"id":154126,"itemLevel":120,"icon":"inv_jewelcrafting_80_cutgem02_orange.jpg"}]},{"id":159125,"itemLevel":355,"quality":4,"icon":"inv_inscription_80_deck_fathoms.jpg"},{"id":159614,"itemLevel":355,"quality":3,"icon":"ability_shaman_fortifyingwaters.jpg","bonusIDs":[5005,4802,41,1527,4786],"gems":[{"id":153708,"itemLevel":120,"icon":"inv_jewelcrafting_80_specialgemcut01.jpg"}]},{"id":160643,"itemLevel":380,"quality":4,"icon":"inv_leather_nazmirraid_d_01cape.jpg","bonusIDs":[4799,1502,4783]},{"id":163968,"itemLevel":350,"quality":4,"icon":"inv_bow_1h_zandalarquest_b_01.jpg","permanentEnchant":5957,"bonusIDs":[1472,4786]},{"id":0,"itemLevel":0,"quality":1,"icon":"inv_axe_02.jpg"},{"id":0,"itemLevel":0,"quality":1,"icon":"inv_axe_02.jpg"}],"auras":[{"source":8,"ability":257415,"icon":"spell_misc_food.jpg"},{"source":2,"ability":6673,"icon":"ability_warrior_battleshout.jpg"},{"source":8,"ability":251836,"icon":"inv_alchemy_80_flask01green.jpg"},{"source":9,"ability":1459,"icon":"spell_holy_magicalsentry.jpg"}]},{"timestamp":3030279,"type":"combatantinfo","pin":"0","sourceID":9,"specID":62,"strength":643,"agility":999,"stamina":6105,"intellect":6081,"dodge":0,"parry":0,"block":0,"armor":906,"critMelee":895,"critRanged":895,"critSpell":895,"speed":69,"leech":0,"hasteMelee":1045,"hasteRanged":1045,"hasteSpell":1045,"avoidance":0,"mastery":733,"versatilityDamageDone":268,"versatilityHealingDone":268,"versatilityDamageReduction":268,"talents":[{"id":264354,"icon":"spell_arcane_starfire.jpg"},{"id":212653,"icon":"spell_arcane_massdispel.jpg"},{"id":1463,"icon":"ability_mage_incantersabsorbtion.jpg"},{"id":205032,"icon":"ability_thunderking_overcharge.jpg"},{"id":235711,"icon":"ability_monk_deadlyreach.jpg"},{"id":210725,"icon":"spell_mage_icenova.jpg"},{"id":210805,"icon":"ability_mage_timewarp.jpg"}],"pvpTalents":[{"id":214027,"icon":"sha_ability_rogue_sturdyrecuperate.jpg"},{"id":198111,"icon":"spell_mage_temporalshield.jpg"},{"id":210476,"icon":"ability_mage_invisibility.jpg"},{"id":198158,"icon":"ability_mage_massinvisibility.jpg"}],"artifact":[{"traitID":485,"rank":355,"spellID":280559,"icon":"spell_nature_groundingtotem.jpg"},{"traitID":482,"rank":340,"spellID":280380,"icon":"ability_thunderking_thunderstruck.jpg"},{"traitID":504,"rank":325,"spellID":281514,"icon":"inv__azerite-debuff.jpg"}],"gear":[{"id":160719,"itemLevel":355,"quality":4,"icon":"inv_helm_cloth_nazmirraid_d_01.jpg","bonusIDs":[4822,1477,4786]},{"id":158075,"itemLevel":325,"quality":6,"icon":"inv_heartofazeroth.jpg","bonusIDs":[4932,4933,4936]},{"id":157939,"itemLevel":340,"quality":3,"icon":"inv_shoulder_cloth_zandalarquest_b_01.jpg","bonusIDs":[1532,5140]},{"id":0,"itemLevel":0,"quality":1,"icon":"inv_axe_02.jpg"},{"id":158349,"itemLevel":325,"quality":3,"icon":"inv_chest_cloth_zandalardungeon_c_01.jpg","bonusIDs":[4818,1497,4785]},{"id":159239,"itemLevel":340,"quality":3,"icon":"inv_belt_cloth_kultirasdungeon_c_01.jpg","bonusIDs":[4779,1512,4786]},{"id":163939,"itemLevel":350,"quality":4,"icon":"inv_pant_cloth_raidpriest_o_01.jpg","bonusIDs":[1472,4786]},{"id":163938,"itemLevel":350,"quality":4,"icon":"inv_boots_cloth_raidwarlock_i_01.jpg","bonusIDs":[4802,1472,4786],"gems":[{"id":154127,"itemLevel":120,"icon":"inv_jewelcrafting_80_cutgem02_yellow.jpg"}]},{"id":159240,"itemLevel":340,"quality":3,"icon":"inv_bracer_cloth_zandalardungeon_c_01.jpg","bonusIDs":[4779,4802,1512,4786],"gems":[{"id":154127,"itemLevel":120,"icon":"inv_jewelcrafting_80_cutgem02_yellow.jpg"}]},{"id":160612,"itemLevel":375,"quality":4,"icon":"inv_glove_cloth_nazmirraid_d_01.jpg","bonusIDs":[4799,1497,4783]},{"id":160645,"itemLevel":370,"quality":4,"icon":"inv_ring_80_04d.jpg","bonusIDs":[4799,1492,4786]},{"id":159462,"itemLevel":340,"quality":3,"icon":"inv_ring_80_06e.jpg","permanentEnchant":5939,"bonusIDs":[4779,1512,4786]},{"id":159620,"itemLevel":340,"quality":3,"icon":"inv_misc_food_legion_seashellc1.jpg","bonusIDs":[4779,1512,4786]},{"id":160656,"itemLevel":355,"quality":4,"icon":"achievement_boss_yoggsaron_01.jpg","bonusIDs":[4798,42,1477,4786]},{"id":160643,"itemLevel":370,"quality":4,"icon":"inv_leather_nazmirraid_d_01cape.jpg","bonusIDs":[4799,1492,4786]},{"id":159133,"itemLevel":340,"quality":3,"icon":"inv_knife_1h_battledungeon_c_02.jpg","permanentEnchant":5949,"bonusIDs":[4779,1512,4786]},{"id":160695,"itemLevel":360,"quality":4,"icon":"inv_offhand_1h_nazmirraid_d_01.jpg","bonusIDs":[4798,1482,4783]},{"id":0,"itemLevel":0,"quality":1,"icon":"inv_axe_02.jpg"}],"auras":[{"source":2,"ability":6673,"icon":"ability_warrior_battleshout.jpg"},{"source":9,"ability":257410,"icon":"spell_misc_food.jpg"},{"source":9,"ability":251837,"icon":"inv_alchemy_80_flask01purple.jpg"},{"source":9,"ability":1459,"icon":"spell_holy_magicalsentry.jpg"},{"source":9,"ability":280573,"icon":"inv_trinket_80_titan02c.jpg"}]},{"timestamp":3030279,"type":"combatantinfo","pin":"0","sourceID":10,"specID":577,"strength":1215,"agility":6306,"stamina":6651,"intellect":1100,"dodge":0,"parry":0,"block":0,"armor":1572,"critMelee":416,"critRanged":416,"critSpell":416,"speed":0,"leech":74,"hasteMelee":1324,"hasteRanged":1324,"hasteSpell":1324,"avoidance":0,"mastery":377,"versatilityDamageDone":736,"versatilityHealingDone":736,"versatilityDamageReduction":736,"talents":[{"id":203550,"icon":"ability_bosskilrogg_deadeye.jpg"},{"id":258920,"icon":"ability_demonhunter_immolation.jpg"},{"id":258881,"icon":"ability_demonhunter_bladedance.jpg"},{"id":204909,"icon":"ability_demonhunter_soulcleave2.jpg"},{"id":206416,"icon":"ability_deathwing_bloodcorruption_death.jpg"},{"id":206477,"icon":"ability_demonhunter_chaosnova.jpg"},{"id":213410,"icon":"spell_shadow_demonform.jpg"}],"pvpTalents":[{"id":208683,"icon":"ability_pvp_gladiatormedallion.jpg"},{"id":235893,"icon":"artifactability_havocdemonhunter_anguishofthedeceiver.jpg"},{"id":227635,"icon":"ability_demonhunter_darkness.jpg"},{"id":205596,"icon":"inv_misc_steelweaponchain.jpg"}],"artifact":[{"traitID":485,"rank":370,"spellID":280559,"icon":"spell_nature_groundingtotem.jpg"},{"traitID":462,"rank":370,"spellID":266936,"icon":"ability_creature_amber_02.jpg"},{"traitID":126,"rank":340,"spellID":279581,"icon":"ability_demonhunter_bladedance.jpg"},{"traitID":462,"rank":340,"spellID":266936,"icon":"ability_creature_amber_02.jpg"},{"traitID":126,"rank":340,"spellID":279581,"icon":"ability_demonhunter_bladedance.jpg"},{"traitID":462,"rank":340,"spellID":266936,"icon":"ability_creature_amber_02.jpg"}],"gear":[{"id":163596,"itemLevel":370,"quality":4,"icon":"inv_leather_nazmirraid_d_01helm.jpg","bonusIDs":[4823,1492,4786]},{"id":158075,"itemLevel":365,"quality":6,"icon":"inv_heartofazeroth.jpg","bonusIDs":[4936,4929,4930]},{"id":159307,"itemLevel":340,"quality":3,"icon":"inv_shoulder_leather_kultirasdungeon_c_01.jpg","bonusIDs":[4819,1512,4786]},{"id":0,"itemLevel":0,"quality":1,"icon":"inv_axe_02.jpg"},{"id":155860,"itemLevel":340,"quality":3,"icon":"inv_chest_leather_zandalardungeon_c_01.jpg","bonusIDs":[4819,1512,4786]},{"id":160622,"itemLevel":370,"quality":4,"icon":"inv_leather_nazmirraid_d_01buckle.jpg","bonusIDs":[4799,41,1492,4786]},{"id":161354,"itemLevel":355,"quality":4,"icon":"inv_leather_nazmirraid_d_01pant.jpg","bonusIDs":[4798,1477,4786]},{"id":159320,"itemLevel":375,"quality":3,"icon":"inv_boot_leather_kultirasdungeon_c_01.jpg","bonusIDs":[5007,1547,4784]},{"id":158305,"itemLevel":370,"quality":3,"icon":"inv_bracer_leather_kultirasdungeon_c_01.jpg","bonusIDs":[5005,1542,4784]},{"id":159344,"itemLevel":345,"quality":3,"icon":"inv_glove_leather_zandalardungeon_c_01.jpg","permanentEnchant":5934,"bonusIDs":[4780,4802,1517,4786],"gems":[{"id":154127,"itemLevel":120,"icon":"inv_jewelcrafting_80_cutgem02_yellow.jpg"}]},{"id":159458,"itemLevel":355,"quality":3,"icon":"inv_ring_80_03a.jpg","permanentEnchant":5943,"bonusIDs":[5006,1527,4786]},{"id":159459,"itemLevel":355,"quality":3,"icon":"inv_ring_80_03e.jpg","permanentEnchant":5945,"bonusIDs":[5005,1527,4786]},{"id":159125,"itemLevel":355,"quality":4,"icon":"inv_inscription_80_deck_fathoms.jpg"},{"id":160648,"itemLevel":390,"quality":4,"icon":"inv_misc_food_114_orcablubber.jpg","bonusIDs":[4798,1512,4784]},{"id":160643,"itemLevel":370,"quality":4,"icon":"inv_leather_nazmirraid_d_01cape.jpg","bonusIDs":[4798,1492,4784]},{"id":159653,"itemLevel":355,"quality":3,"icon":"inv_hand_1h_battledungeon_c_01.jpg","permanentEnchant":5962,"bonusIDs":[5006,1527,4786]},{"id":159659,"itemLevel":350,"quality":3,"icon":"inv_hand_1h_battledungeon_c_01.jpg","permanentEnchant":5963,"bonusIDs":[4779,1522,4783]},{"id":0,"itemLevel":0,"quality":1,"icon":"inv_axe_02.jpg"}],"auras":[{"source":10,"ability":257415,"icon":"spell_misc_food.jpg"},{"source":2,"ability":6673,"icon":"ability_warrior_battleshout.jpg"},{"source":9,"ability":1459,"icon":"spell_holy_magicalsentry.jpg"},{"source":10,"ability":280573,"icon":"inv_trinket_80_titan02c.jpg"},{"source":10,"ability":251836,"icon":"inv_alchemy_80_flask01green.jpg"}]},{"timestamp":3030279,"type":"combatantinfo","pin":"0","sourceID":6,"specID":64,"strength":646,"agility":997,"stamina":7005,"intellect":7269,"dodge":0,"parry":0,"block":0,"armor":993,"critMelee":1322,"critRanged":1322,"critSpell":1322,"speed":0,"leech":0,"hasteMelee":346,"hasteRanged":346,"hasteSpell":346,"avoidance":0,"mastery":674,"versatilityDamageDone":520,"versatilityHealingDone":520,"versatilityDamageReduction":520,"talents":[{"id":205024,"icon":"achievement_dungeon_frozenthrone.jpg"},{"id":108839,"icon":"spell_mage_iceflows.jpg"},{"id":1463,"icon":"ability_mage_incantersabsorbtion.jpg"},{"id":257537,"icon":"artifactability_frostmage_ebonbolt.jpg"},{"id":235224,"icon":"ability_mage_deepfreeze.jpg"},{"id":56377,"icon":"spell_frost_ice-shards.jpg"},{"id":199786,"icon":"ability_mage_glacialspike.jpg"}],"pvpTalents":[{"id":208683,"icon":"ability_pvp_gladiatormedallion.jpg"},{"id":198111,"icon":"spell_mage_temporalshield.jpg"},{"id":198123,"icon":"inv_misc_frostemblem_01.jpg"},{"id":198120,"icon":"spell_frost_frostarmor.jpg"}],"artifact":[{"traitID":380,"rank":355,"spellID":278541,"icon":"spell_frost_frostblast.jpg"},{"traitID":30,"rank":355,"spellID":266180,"icon":"ability_vehicle_electrocharge.jpg"},{"traitID":87,"rank":355,"spellID":268600,"icon":"achievement_guildperk_quick-and-dead.jpg"},{"traitID":379,"rank":340,"spellID":277663,"icon":"spell_frost_frostbolt02.jpg"},{"traitID":30,"rank":340,"spellID":266180,"icon":"ability_vehicle_electrocharge.jpg"},{"traitID":86,"rank":340,"spellID":268435,"icon":"ability_creature_amber_01.jpg"},{"traitID":170,"rank":370,"spellID":273346,"icon":"ability_warlock_burningembersblue.jpg"},{"traitID":30,"rank":370,"spellID":266180,"icon":"ability_vehicle_electrocharge.jpg"}],"gear":[{"id":160616,"itemLevel":355,"quality":4,"icon":"inv_helm_cloth_nazmirraid_d_01.jpg","bonusIDs":[4822,1477,4786]},{"id":158075,"itemLevel":367,"quality":6,"icon":"inv_heartofazeroth.jpg","bonusIDs":[4936,4929,4930]},{"id":157875,"itemLevel":340,"quality":3,"icon":"inv_shoulder_cloth_zandalarquest_b_01.jpg","bonusIDs":[1532,5140]},{"id":0,"itemLevel":0,"quality":1,"icon":"inv_axe_02.jpg"},{"id":163280,"itemLevel":370,"quality":3,"icon":"ivn_chest_cloth_warfrontshorde_b_01.jpg","bonusIDs":[5126,1562,4786]},{"id":159255,"itemLevel":365,"quality":3,"icon":"inv_belt_cloth_zandalardungeon_c_01.jpg","bonusIDs":[5007,4802,1537,4783],"gems":[{"id":154126,"itemLevel":120,"icon":"inv_jewelcrafting_80_cutgem02_orange.jpg"}]},{"id":159234,"itemLevel":370,"quality":3,"icon":"inv_pant_cloth_zandalardungeon_c_01.jpg","bonusIDs":[5008,1542,4783]},{"id":159278,"itemLevel":370,"quality":3,"icon":"inv_boot_cloth_kultirasdungeon_c_01.jpg","bonusIDs":[5002,1542,4784]},{"id":159275,"itemLevel":365,"quality":3,"icon":"inv_bracer_cloth_zandalardungeon_c_01.jpg","bonusIDs":[5006,1537,4783]},{"id":162475,"itemLevel":370,"quality":4,"icon":"inv_glove_cloth_nazmirraid_d_01.jpg","permanentEnchant":5937,"bonusIDs":[1682]},{"id":158366,"itemLevel":360,"quality":3,"icon":"inv_ring_80_03d.jpg","permanentEnchant":5942,"bonusIDs":[5002,1532,4783]},{"id":158362,"itemLevel":355,"quality":3,"icon":"inv_ring_80_01e.jpg","permanentEnchant":5942,"bonusIDs":[5006,1527,4786]},{"id":160651,"itemLevel":370,"quality":4,"icon":"spell_deathknight_bloodtap.jpg","bonusIDs":[4799,1492,4786]},{"id":159620,"itemLevel":380,"quality":3,"icon":"inv_misc_food_legion_seashellc1.jpg","bonusIDs":[5007,1552,4784]},{"id":159289,"itemLevel":365,"quality":3,"icon":"inv_cape_cloth_kultirasdungeon_c_01.jpg","bonusIDs":[5008,1537,4786]},{"id":160691,"itemLevel":370,"quality":4,"icon":"inv_knife_1h_nazmirraid_d_01.jpg","permanentEnchant":5949,"bonusIDs":[4799,1492,4786]},{"id":160695,"itemLevel":380,"quality":4,"icon":"inv_offhand_1h_nazmirraid_d_01.jpg","bonusIDs":[4799,1502,4783]},{"id":157759,"itemLevel":1,"quality":3,"icon":"inv_tabard_a_98nightborne.jpg"}],"auras":[{"source":6,"ability":257410,"icon":"spell_misc_food.jpg"},{"source":2,"ability":6673,"icon":"ability_warrior_battleshout.jpg"},{"source":9,"ability":1459,"icon":"spell_holy_magicalsentry.jpg"},{"source":6,"ability":251837,"icon":"inv_alchemy_80_flask01purple.jpg"}]},{"timestamp":3030279,"type":"combatantinfo","pin":"0","sourceID":11,"specID":105,"strength":632,"agility":1469,"stamina":6266,"intellect":7492,"dodge":0,"parry":0,"block":0,"armor":1502,"critMelee":1081,"critRanged":1081,"critSpell":1081,"speed":0,"leech":0,"hasteMelee":1233,"hasteRanged":1233,"hasteSpell":1233,"avoidance":101,"mastery":438,"versatilityDamageDone":203,"versatilityHealingDone":203,"versatilityDamageReduction":203,"talents":[{"id":207383,"icon":"ability_druid_empoweredrejuvination.jpg"},{"id":102401,"icon":"spell_druid_wildcharge.jpg"},{"id":197490,"icon":"talentspec_druid_feral_cat.jpg"},{"id":132469,"icon":"ability_druid_typhoon.jpg"},{"id":33891,"icon":"ability_druid_improvedtreeform.jpg"},{"id":197073,"icon":"ability_druid_dreamstate.jpg"},{"id":197721,"icon":"spell_druid_wildburst.jpg"}],"pvpTalents":[{"id":214027,"icon":"sha_ability_rogue_sturdyrecuperate.jpg"},{"id":236696,"icon":"spell_nature_thorns.jpg"},{"id":203374,"icon":"ability_druid_nourish.jpg"},{"id":203624,"icon":"ability_druid_flourish.jpg"}],"artifact":[{"traitID":196,"rank":340,"spellID":280429,"icon":"spell_sandstorm.jpg"},{"traitID":30,"rank":340,"spellID":266180,"icon":"ability_vehicle_electrocharge.jpg"},{"traitID":157,"rank":340,"spellID":273790,"icon":"achievement_dungeon_rezan.jpg"},{"traitID":461,"rank":340,"spellID":279926,"icon":"inv_smallazeritefragment.jpg"},{"traitID":196,"rank":340,"spellID":280429,"icon":"spell_sandstorm.jpg"},{"traitID":20,"rank":340,"spellID":267665,"icon":"ability_druid_replenish.jpg"}],"gear":[{"id":159318,"itemLevel":340,"quality":3,"icon":"inv_helm_leather_zandalardungeon_c_01.jpg","bonusIDs":[4819,1512,4786]},{"id":158075,"itemLevel":346,"quality":6,"icon":"inv_heartofazeroth.jpg","bonusIDs":[4933,4936,4929]},{"id":158304,"itemLevel":340,"quality":3,"icon":"inv_shoulder_leather_zandalardungeon_c_01.jpg","bonusIDs":[4819,1512,4786]},{"id":0,"itemLevel":0,"quality":1,"icon":"inv_axe_02.jpg"},{"id":157942,"itemLevel":340,"quality":3,"icon":"inv_chest_leather_zandalarquest_b_01.jpg","bonusIDs":[1532,5138]},{"id":159317,"itemLevel":340,"quality":3,"icon":"inv_belt_leather_zandalardungeon_c_01.jpg","bonusIDs":[4779,4802,1512,4786],"gems":[{"id":154127,"itemLevel":120,"icon":"inv_jewelcrafting_80_cutgem02_yellow.jpg"}]},{"id":163298,"itemLevel":370,"quality":3,"icon":"inv_leather_warfrontshorde_d_01_pants.jpg","bonusIDs":[5126,1562,4786]},{"id":159336,"itemLevel":355,"quality":3,"icon":"inv_boot_leather_zandalardungeon_c_01.jpg","bonusIDs":[5005,40,1527,4786]},{"id":158353,"itemLevel":355,"quality":3,"icon":"inv_bracer_leather_zandalardungeon_c_01.jpg","bonusIDs":[5005,1527,4786]},{"id":160618,"itemLevel":355,"quality":4,"icon":"inv_leather_nazmirraid_d_01glove.jpg","bonusIDs":[4798,1477,4786]},{"id":159463,"itemLevel":345,"quality":3,"icon":"inv_ring_80_05a.jpg","permanentEnchant":5939,"bonusIDs":[4779,1517,4783]},{"id":160645,"itemLevel":355,"quality":4,"icon":"inv_ring_80_04d.jpg","permanentEnchant":5939,"bonusIDs":[4798,1477,4786]},{"id":158155,"itemLevel":340,"quality":3,"icon":"inv_misc_necklace_bone03.jpg","bonusIDs":[4803,1532,4784]},{"id":159127,"itemLevel":355,"quality":4,"icon":"inv_inscription_80_deck_tides.jpg"},{"id":160642,"itemLevel":370,"quality":4,"icon":"inv_cape_cloth_nazmirraid_d_01.jpg","bonusIDs":[4799,1492,4786]},{"id":160689,"itemLevel":370,"quality":4,"icon":"inv_staff_2h_nazmirraid_d_02.jpg","permanentEnchant":5963,"bonusIDs":[4799,1808,1492,4786],"gems":[{"id":154127,"itemLevel":120,"icon":"inv_jewelcrafting_80_cutgem02_yellow.jpg"}]},{"id":0,"itemLevel":0,"quality":1,"icon":"inv_axe_02.jpg"},{"id":118372,"itemLevel":100,"quality":3,"icon":"inv_misc_tabardpvp_04.jpg"}],"auras":[{"source":11,"ability":257410,"icon":"spell_misc_food.jpg"},{"source":1,"ability":203539,"icon":"spell_holy_greaterblessingofwisdom.jpg"},{"source":2,"ability":6673,"icon":"ability_warrior_battleshout.jpg"},{"source":9,"ability":1459,"icon":"spell_holy_magicalsentry.jpg"},{"source":11,"ability":251837,"icon":"inv_alchemy_80_flask01purple.jpg"}]},{"timestamp":3030279,"type":"combatantinfo","pin":"0","sourceID":12,"specID":268,"strength":634,"agility":4828,"stamina":10544,"intellect":1612,"dodge":0,"parry":0,"block":0,"armor":2044,"critMelee":1137,"critRanged":1137,"critSpell":1137,"speed":65,"leech":0,"hasteMelee":1096,"hasteRanged":1096,"hasteSpell":1096,"avoidance":0,"mastery":454,"versatilityDamageDone":364,"versatilityHealingDone":364,"versatilityDamageReduction":364,"talents":[{"id":123986,"icon":"spell_arcane_arcanetorrent.jpg"},{"id":115008,"icon":"ability_monk_quitornado.jpg"},{"id":196721,"icon":"spell_brew_wheat.jpg"},{"id":264348,"icon":"ability_monk_legsweep.jpg"},{"id":122281,"icon":"ability_monk_jasmineforcetea.jpg"},{"id":116847,"icon":"ability_monk_rushingjadewind.jpg"},{"id":196737,"icon":"monk_ability_avertharm.jpg"}],"pvpTalents":[{"id":208683,"icon":"ability_pvp_gladiatormedallion.jpg"},{"id":202272,"icon":"inv_misc_fireink.jpg"},{"id":202126,"icon":"spell_brew_dark.jpg"},{"id":201201,"icon":"ability_rogue_fleetfooted.jpg"}],"artifact":[{"traitID":383,"rank":355,"spellID":278569,"icon":"monk_stance_drunkenox.jpg"},{"traitID":100,"rank":355,"spellID":271546,"icon":"spell_nature_enchantarmor.jpg"},{"traitID":15,"rank":355,"spellID":263962,"icon":"ability_vehicle_shellshieldgenerator_green.jpg"},{"traitID":116,"rank":340,"spellID":272792,"icon":"ability_monk_breathoffire.jpg"},{"traitID":98,"rank":340,"spellID":271536,"icon":"inv_shield_33.jpg"},{"traitID":384,"rank":370,"spellID":278571,"icon":"ability_monk_shuffle.jpg"},{"traitID":89,"rank":370,"spellID":267683,"icon":"spell_yorsahj_bloodboil_orangeoil.jpg"}],"gear":[{"id":160623,"itemLevel":355,"quality":4,"icon":"inv_leather_nazmirraid_d_01helm.jpg","bonusIDs":[4822,1477,4786]},{"id":158075,"itemLevel":367,"quality":6,"icon":"inv_heartofazeroth.jpg","bonusIDs":[4936,4929,4930]},{"id":159307,"itemLevel":340,"quality":3,"icon":"inv_shoulder_leather_kultirasdungeon_c_01.jpg","bonusIDs":[4819,1512,4786]},{"id":41255,"itemLevel":1,"quality":2,"icon":"inv_shirt_green_01.jpg"},{"id":160619,"itemLevel":370,"quality":4,"icon":"inv_leather_nazmirraid_d_01chest.jpg","bonusIDs":[4823,1492,4786]},{"id":158306,"itemLevel":365,"quality":3,"icon":"inv_belt_leather_zandalardungeon_c_01.jpg","onUseEnchant":4223,"bonusIDs":[5007,1537,4783]},{"id":160625,"itemLevel":390,"quality":4,"icon":"inv_leather_nazmirraid_d_01pant.jpg","bonusIDs":[4799,1512,4784]},{"id":160624,"itemLevel":355,"quality":4,"icon":"inv_leather_nazmirraid_d_01boot.jpg","bonusIDs":[4798,1477,4786]},{"id":160720,"itemLevel":355,"quality":4,"icon":"inv_leather_nazmirraid_d_01bracer.jpg","bonusIDs":[4798,1477,4786]},{"id":159344,"itemLevel":365,"quality":3,"icon":"inv_glove_leather_zandalardungeon_c_01.jpg","permanentEnchant":5933,"bonusIDs":[5006,1537,4783]},{"id":160645,"itemLevel":355,"quality":4,"icon":"inv_ring_80_04d.jpg","permanentEnchant":5942,"bonusIDs":[4798,1477,4786]},{"id":159461,"itemLevel":355,"quality":3,"icon":"inv_ring_80_05b.jpg","permanentEnchant":5942,"bonusIDs":[5005,4802,42,1527,4786],"gems":[{"id":154126,"itemLevel":120,"icon":"inv_jewelcrafting_80_cutgem02_orange.jpg"}]},{"id":158155,"itemLevel":345,"quality":3,"icon":"inv_misc_necklace_bone03.jpg","bonusIDs":[4803,1537,4784]},{"id":160652,"itemLevel":370,"quality":4,"icon":"inv_misc_enggizmos_06.jpg","bonusIDs":[4799,1808,1492,4786],"gems":[{"id":154126,"itemLevel":120,"icon":"inv_jewelcrafting_80_cutgem02_orange.jpg"}]},{"id":163360,"itemLevel":370,"quality":3,"icon":"inv_leather_warfrontshorde_b_01_cloak.jpg","onUseEnchant":4897,"bonusIDs":[5126,1562,4786]},{"id":160688,"itemLevel":380,"quality":4,"icon":"inv_polearm_2h_nazmirraid_d_01.jpg","permanentEnchant":5962,"bonusIDs":[4799,1502,4783]},{"id":0,"itemLevel":0,"quality":1,"icon":"inv_axe_02.jpg"},{"id":0,"itemLevel":0,"quality":1,"icon":"inv_axe_02.jpg"}],"auras":[{"source":2,"ability":6673,"icon":"ability_warrior_battleshout.jpg"},{"source":12,"ability":251838,"icon":"inv_alchemy_80_flask01red.jpg"},{"source":12,"ability":270058,"icon":"creatureportrait_altarofearth_01.jpg"},{"source":12,"ability":257410,"icon":"spell_misc_food.jpg"},{"source":9,"ability":1459,"icon":"spell_holy_magicalsentry.jpg"},{"source":1,"ability":203538,"icon":"spell_magic_greaterblessingofkings.jpg"},{"source":3,"ability":53563,"icon":"ability_paladin_beaconoflight.jpg"},{"source":13,"ability":156910,"icon":"ability_paladin_beaconsoflight.jpg"}]},{"timestamp":3030279,"type":"combatantinfo","pin":"0","sourceID":13,"specID":65,"strength":1469,"agility":511,"stamina":6554,"intellect":6552,"dodge":0,"parry":0,"block":0,"armor":4848,"critMelee":1248,"critRanged":1248,"critSpell":1248,"speed":0,"leech":44,"hasteMelee":617,"hasteRanged":617,"hasteSpell":617,"avoidance":69,"mastery":556,"versatilityDamageDone":275,"versatilityHealingDone":275,"versatilityDamageReduction":275,"talents":[{"id":223306,"icon":"ability_paladin_blessedmending.jpg"},{"id":230332,"icon":"ability_paladin_divinesteed.jpg"},{"id":20066,"icon":"spell_holy_prayerofhealing.jpg"},{"id":183415,"icon":"spell_holy_blessedlife.jpg"},{"id":183778,"icon":"spell_holy_divineprovidence.jpg"},{"id":216331,"icon":"ability_paladin_veneration.jpg"},{"id":156910,"icon":"ability_paladin_beaconsoflight.jpg"}],"pvpTalents":[{"id":208683,"icon":"ability_pvp_gladiatormedallion.jpg"},{"id":199454,"icon":"ability_paladin_blessedhands.jpg"},{"id":199441,"icon":"ability_paladin_holyavenger.jpg"},{"id":216327,"icon":"spell_holy_lightsgrace.jpg"}],"artifact":[{"traitID":393,"rank":340,"spellID":278593,"icon":"spell_holy_healingaura.jpg"},{"traitID":103,"rank":340,"spellID":267882,"icon":"inv_offhand_1h_pvpdraenors1_d_02.jpg"},{"traitID":394,"rank":340,"spellID":278594,"icon":"spell_paladin_lightofdawn.jpg"},{"traitID":452,"rank":340,"spellID":277674,"icon":"spell_holy_searinglight.jpg"},{"traitID":105,"rank":340,"spellID":267886,"icon":"inv_gizmo_manasyphon.jpg"}],"gear":[{"id":159446,"itemLevel":340,"quality":3,"icon":"inv_helm_plate_zandalardungeon_c_01.jpg","bonusIDs":[4819,1512,4786]},{"id":158075,"itemLevel":344,"quality":6,"icon":"inv_heartofazeroth.jpg","bonusIDs":[4933,4936,4929]},{"id":159423,"itemLevel":340,"quality":3,"icon":"inv_shoulder_plate_zandalardungeon_c_01.jpg","bonusIDs":[4819,1512,4786]},{"id":0,"itemLevel":0,"quality":1,"icon":"inv_axe_02.jpg"},{"id":157926,"itemLevel":340,"quality":3,"icon":"inv_chest_plate_zandalarquest_b_01.jpg","bonusIDs":[1532,5138]},{"id":163461,"itemLevel":370,"quality":3,"icon":"inv_plate_belt_warfrontshorde_b_01.jpg","bonusIDs":[5126,1562,4786]},{"id":160639,"itemLevel":370,"quality":4,"icon":"inv_pant_plate_nazmirraid_d_01.jpg","bonusIDs":[4799,1492,4786]},{"id":159412,"itemLevel":350,"quality":3,"icon":"inv_boot_plate_zandalardungeon_c_01.jpg","bonusIDs":[5002,1522,4786]},{"id":159409,"itemLevel":350,"quality":3,"icon":"inv_bracer_plate_zandalardungeon_c_01.jpg","bonusIDs":[5002,1522,4786]},{"id":160635,"itemLevel":370,"quality":4,"icon":"inv_glove_plate_nazmirraid_d_01.jpg","bonusIDs":[4799,1492,4786]},{"id":160645,"itemLevel":355,"quality":4,"icon":"inv_ring_80_04d.jpg","permanentEnchant":5938,"bonusIDs":[4798,1477,4786]},{"id":160647,"itemLevel":360,"quality":4,"icon":"inv_ring_80_05e.jpg","permanentEnchant":5942,"bonusIDs":[4798,1482,4783]},{"id":159620,"itemLevel":355,"quality":3,"icon":"inv_misc_food_legion_seashellc1.jpg","bonusIDs":[5006,40,1527,4786]},{"id":159127,"itemLevel":355,"quality":4,"icon":"inv_inscription_80_deck_tides.jpg"},{"id":159292,"itemLevel":360,"quality":3,"icon":"inv_cape_leather_zandalardungeon_c_01.jpg","bonusIDs":[5007,1532,4786]},{"id":159652,"itemLevel":355,"quality":3,"icon":"inv_mace_1h_battledungeon_c_01.jpg","permanentEnchant":5965,"bonusIDs":[5006,1527,4786]},{"id":158713,"itemLevel":345,"quality":3,"icon":"inv_shield_1h_battledungeon_c_02.jpg","bonusIDs":[4946,41,1517,4786]},{"id":5976,"itemLevel":1,"quality":2,"icon":"inv_shirt_guildtabard_01.jpg"}],"auras":[{"source":2,"ability":6673,"icon":"ability_warrior_battleshout.jpg"},{"source":13,"ability":257410,"icon":"spell_misc_food.jpg"},{"source":13,"ability":251837,"icon":"inv_alchemy_80_flask01purple.jpg"},{"source":9,"ability":1459,"icon":"spell_holy_magicalsentry.jpg"}]},{"timestamp":3030279,"type":"combatantinfo","pin":"0","sourceID":14,"specID":265,"strength":558,"agility":1132,"stamina":6770,"intellect":7442,"dodge":0,"parry":0,"block":0,"armor":947,"critMelee":746,"critRanged":746,"critSpell":746,"speed":0,"leech":62,"hasteMelee":811,"hasteRanged":811,"hasteSpell":811,"avoidance":0,"mastery":1112,"versatilityDamageDone":323,"versatilityHealingDone":323,"versatilityDamageReduction":323,"talents":[{"id":264106,"icon":"spell_fire_twilightflamebolt.jpg"},{"id":63106,"icon":"spell_shadow_requiem.jpg"},{"id":108416,"icon":"warlock_sacrificial_pact.jpg"},{"id":278350,"icon":"sha_spell_shadow_shadesofdarkness_nightborne.jpg"},{"id":268358,"icon":"spell_shadow_demoniccirclesummon.jpg"},{"id":48181,"icon":"ability_warlock_haunt.jpg"},{"id":113860,"icon":"spell_warlock_soulburn.jpg"}],"pvpTalents":[{"id":208683,"icon":"ability_pvp_gladiatormedallion.jpg"},{"id":212295,"icon":"spell_fire_felfireward.jpg"},{"id":212371,"icon":"spell_warlock_soulburn_haunt.jpg"},{"id":199892,"icon":"warlock_curse_weakness.jpg"}],"artifact":[{"traitID":485,"rank":355,"spellID":280559,"icon":"spell_nature_groundingtotem.jpg"},{"traitID":21,"rank":355,"spellID":263984,"icon":"ability_skyreach_four_wind.jpg"},{"traitID":425,"rank":355,"spellID":278721,"icon":"spell_shadow_curseofsargeras.jpg"},{"traitID":230,"rank":340,"spellID":275372,"icon":"spell_shadow_unstableaffliction_3.jpg"},{"traitID":21,"rank":340,"spellID":263984,"icon":"ability_skyreach_four_wind.jpg"}],"gear":[{"id":160719,"itemLevel":355,"quality":4,"icon":"inv_helm_cloth_nazmirraid_d_01.jpg","bonusIDs":[4822,1477,4786]},{"id":158075,"itemLevel":346,"quality":6,"icon":"inv_heartofazeroth.jpg","bonusIDs":[4933,4936,4929]},{"id":160613,"itemLevel":355,"quality":4,"icon":"inv_shoulder_cloth_nazmirraid_d_01.jpg","bonusIDs":[4822,1477,4786]},{"id":0,"itemLevel":0,"quality":1,"icon":"inv_axe_02.jpg"},{"id":158301,"itemLevel":340,"quality":3,"icon":"inv_chest_cloth_kultirasdungeon_c_01.jpg","bonusIDs":[4819,1512,4786]},{"id":159255,"itemLevel":340,"quality":3,"icon":"inv_belt_cloth_zandalardungeon_c_01.jpg","bonusIDs":[4779,1512,4786]},{"id":158350,"itemLevel":370,"quality":3,"icon":"inv_pant_cloth_zandalardungeon_c_01.jpg","bonusIDs":[5007,1542,4783]},{"id":160714,"itemLevel":370,"quality":4,"icon":"inv_boot_cloth_nazmirraid_d_01.jpg","bonusIDs":[4799,1492,4786]},{"id":162959,"itemLevel":355,"quality":2,"icon":"ivn_bracer_cloth_warfrontshorde_b_01.jpg","bonusIDs":[1547,4784]},{"id":159247,"itemLevel":360,"quality":3,"icon":"inv_glove_cloth_zandalardungeon_c_01.jpg","bonusIDs":[5007,1532,4783]},{"id":161671,"itemLevel":345,"quality":4,"icon":"inv_ring_80_02e.jpg","permanentEnchant":5940,"bonusIDs":[4982,41,5128,1537,4783]},{"id":162544,"itemLevel":355,"quality":3,"icon":"inv_ring_80_04c.jpg","permanentEnchant":5940,"bonusIDs":[5006,4802,1527,4786],"gems":[{"id":154129,"itemLevel":120,"icon":"inv_jewelcrafting_80_cutgem02_purple.jpg"}]},{"id":159630,"itemLevel":340,"quality":3,"icon":"inv_staff_26.jpg","bonusIDs":[4779,1512,4786]},{"id":160651,"itemLevel":355,"quality":4,"icon":"spell_deathknight_bloodtap.jpg","bonusIDs":[4798,1477,4786]},{"id":159293,"itemLevel":355,"quality":3,"icon":"inv_cape_plate_kultirasdungeon_c_01.jpg","bonusIDs":[4779,1527,4784]},{"id":161707,"itemLevel":355,"quality":4,"icon":"inv_knife_1h_warfrontshorde_c_01.jpg","permanentEnchant":5964,"bonusIDs":[5067,5129,1547,4786]},{"id":160696,"itemLevel":355,"quality":4,"icon":"inv_offhand_1h_nazmirraid_d_01.jpg","bonusIDs":[4798,1477,4786]},{"id":0,"itemLevel":0,"quality":1,"icon":"inv_axe_02.jpg"}],"auras":[{"source":14,"ability":257420,"icon":"spell_misc_food.jpg"},{"source":2,"ability":6673,"icon":"ability_warrior_battleshout.jpg"},{"source":14,"ability":251837,"icon":"inv_alchemy_80_flask01purple.jpg"},{"source":9,"ability":1459,"icon":"spell_holy_magicalsentry.jpg"},{"source":14,"ability":280573,"icon":"inv_trinket_80_titan02c.jpg"}]},{"timestamp":3030279,"type":"combatantinfo","pin":"0","sourceID":15,"specID":104,"strength":633,"agility":4895,"stamina":10118,"intellect":1611,"dodge":742,"parry":0,"block":0,"armor":5627,"critMelee":742,"critRanged":742,"critSpell":742,"speed":0,"leech":0,"hasteMelee":619,"hasteRanged":619,"hasteSpell":619,"avoidance":34,"mastery":940,"versatilityDamageDone":458,"versatilityHealingDone":458,"versatilityDamageReduction":458,"talents":[{"id":155835,"icon":"spell_druid_bristlingfur.jpg"},{"id":102401,"icon":"spell_druid_wildcharge.jpg"},{"id":197492,"icon":"ability_druid_improvedtreeform.jpg"},{"id":132469,"icon":"ability_druid_typhoon.jpg"},{"id":102558,"icon":"spell_druid_incarnation.jpg"},{"id":203965,"icon":"ability_druid_enrage.jpg"},{"id":204053,"icon":"ability_druid_swipe.jpg"}],"pvpTalents":[{"id":208683,"icon":"ability_pvp_gladiatormedallion.jpg"},{"id":202110,"icon":"spell_druid_thrash.jpg"},{"id":236147,"icon":"inv_stagform.jpg"},{"id":207017,"icon":"ability_physical_taunt.jpg"}],"artifact":[{"traitID":359,"rank":340,"spellID":279527,"icon":"ability_warrior_bloodnova.jpg"},{"traitID":99,"rank":340,"spellID":271540,"icon":"inv_legendary_shield.jpg"},{"traitID":86,"rank":340,"spellID":268435,"icon":"ability_creature_amber_01.jpg"},{"traitID":360,"rank":340,"spellID":278510,"icon":"ability_bullrush.jpg"},{"traitID":19,"rank":340,"spellID":267880,"icon":"inv_misc_emberweavebandage.jpg"},{"traitID":491,"rank":355,"spellID":280581,"icon":"spell_misc_hellifrepvpthrallmarfavor.jpg"},{"traitID":20,"rank":355,"spellID":267665,"icon":"ability_druid_replenish.jpg"}],"gear":[{"id":157945,"itemLevel":340,"quality":3,"icon":"inv_helm_leather_zandalarquest_b_01.jpg","bonusIDs":[1532,5136]},{"id":158075,"itemLevel":365,"quality":6,"icon":"inv_heartofazeroth.jpg","bonusIDs":[4936,4929,4930]},{"id":159331,"itemLevel":340,"quality":3,"icon":"inv_shoulder_leather_kultirasdungeon_c_01.jpg","bonusIDs":[4819,1512,4786]},{"id":0,"itemLevel":0,"quality":1,"icon":"inv_axe_02.jpg"},{"id":161745,"itemLevel":355,"quality":4,"icon":"inv_leather_warfrontshorde_d_01_chest.jpg","bonusIDs":[5107,5129,1547,4786]},{"id":160622,"itemLevel":370,"quality":4,"icon":"inv_leather_nazmirraid_d_01buckle.jpg","bonusIDs":[4799,1492,4786]},{"id":158042,"itemLevel":355,"quality":3,"icon":"inv_pants_leather_kultirasquest_b_01.jpg","bonusIDs":[4803,4802,1547,4784],"gems":[{"id":153708,"itemLevel":120,"icon":"inv_jewelcrafting_80_specialgemcut01.jpg"}]},{"id":159347,"itemLevel":340,"quality":3,"icon":"inv_boot_leather_kultirasdungeon_c_01.jpg","bonusIDs":[4779,1512,4786]},{"id":163309,"itemLevel":380,"quality":3,"icon":"inv_leather_warfrontshorde_d_01_bracer.jpg","bonusIDs":[5126,1572,4783]},{"id":161509,"itemLevel":350,"quality":4,"icon":"inv_leather_warfrontshorde_b_01_gloves.jpg","permanentEnchant":5932},{"id":161898,"itemLevel":355,"quality":4,"icon":"inv_ring_80_02c.jpg","bonusIDs":[4982,5128,1547,4784]},{"id":160645,"itemLevel":370,"quality":4,"icon":"inv_ring_80_04d.jpg","bonusIDs":[4799,1492,4786]},{"id":159618,"itemLevel":345,"quality":3,"icon":"inv_misc_emberweavebandagelight.jpg","bonusIDs":[4779,1517,4783]},{"id":160648,"itemLevel":360,"quality":4,"icon":"inv_misc_food_114_orcablubber.jpg","bonusIDs":[4798,1482,4783]},{"id":160643,"itemLevel":370,"quality":4,"icon":"inv_leather_nazmirraid_d_01cape.jpg","bonusIDs":[4799,1492,4786]},{"id":163871,"itemLevel":335,"quality":3,"icon":"inv_polearm_2h_warfrontshorde_c_01red.jpg","permanentEnchant":5966,"bonusIDs":[5125,1527,4786]},{"id":0,"itemLevel":0,"quality":1,"icon":"inv_axe_02.jpg"},{"id":0,"itemLevel":0,"quality":1,"icon":"inv_axe_02.jpg"}],"auras":[{"source":7,"ability":155777,"icon":"spell_druid_germination.jpg"},{"source":3,"ability":156910,"icon":"ability_paladin_beaconsoflight.jpg"},{"source":7,"ability":774,"icon":"spell_nature_rejuvenation.jpg"},{"source":2,"ability":6673,"icon":"ability_warrior_battleshout.jpg"},{"source":7,"ability":33763,"icon":"inv_misc_herb_felblossom.jpg"},{"source":15,"ability":5487,"icon":"ability_racial_bearform.jpg"},{"source":15,"ability":257420,"icon":"spell_misc_food.jpg"},{"source":15,"ability":251836,"icon":"inv_alchemy_80_flask01green.jpg"},{"source":9,"ability":1459,"icon":"spell_holy_magicalsentry.jpg"},{"source":13,"ability":53563,"icon":"ability_paladin_beaconoflight.jpg"},{"source":8,"ability":34477,"icon":"ability_hunter_misdirection.jpg"}]},{"timestamp":3030279,"type":"combatantinfo","pin":"0","sourceID":16,"specID":71,"strength":6229,"agility":1009,"stamina":6643,"intellect":1096,"dodge":0,"parry":0,"block":0,"armor":3390,"critMelee":584,"critRanged":584,"critSpell":584,"speed":0,"leech":55,"hasteMelee":817,"hasteRanged":817,"hasteSpell":817,"avoidance":0,"mastery":750,"versatilityDamageDone":637,"versatilityHealingDone":637,"versatilityDamageReduction":637,"talents":[{"id":29725,"icon":"ability_warrior_improveddisciplines.jpg"},{"id":103827,"icon":"inv_misc_horn_04.jpg"},{"id":202316,"icon":"ability_rogue_waylay.jpg"},{"id":29838,"icon":"ability_hunter_harass.jpg"},{"id":262161,"icon":"inv_warbreaker.jpg"},{"id":107574,"icon":"warrior_talent_icon_avatar.jpg"},{"id":262150,"icon":"inv_sword_05.jpg"}],"pvpTalents":[{"id":208683,"icon":"ability_pvp_gladiatormedallion.jpg"},{"id":236308,"icon":"ability_warrior_bladestorm.jpg"},{"id":198817,"icon":"spell_warrior_sharpenblade.jpg"},{"id":198807,"icon":"ability_meleedamage.jpg"}],"artifact":[{"traitID":434,"rank":355,"spellID":278751,"icon":"ability_warrior_decisivestrike.jpg"},{"traitID":31,"rank":355,"spellID":266937,"icon":"ability_criticalstrike.jpg"},{"traitID":433,"rank":355,"spellID":277639,"icon":"ability_meleedamage.jpg"},{"traitID":193,"rank":340,"spellID":273823,"icon":"ability_argus_soulbombdebuffsmall.jpg"},{"traitID":31,"rank":340,"spellID":266937,"icon":"ability_criticalstrike.jpg"}],"gear":[{"id":160634,"itemLevel":355,"quality":4,"icon":"inv_helm_plate_nazmirraid_d_01.jpg","bonusIDs":[4822,1477,4786]},{"id":158075,"itemLevel":361,"quality":6,"icon":"inv_heartofazeroth.jpg","bonusIDs":[4936,4929,4930]},{"id":160641,"itemLevel":355,"quality":4,"icon":"inv_shoulder_plate_nazmirraid_d_01.jpg","bonusIDs":[4822,1477,4786]},{"id":0,"itemLevel":0,"quality":1,"icon":"inv_axe_02.jpg"},{"id":159448,"itemLevel":340,"quality":3,"icon":"inv_chest_plate_kultirasdungeon_c_01.jpg","bonusIDs":[4819,1512,4786]},{"id":160638,"itemLevel":375,"quality":4,"icon":"inv_belt_plate_nazmirraid_d_01.jpg","bonusIDs":[4799,1497,4783]},{"id":160639,"itemLevel":370,"quality":4,"icon":"inv_pant_plate_nazmirraid_d_01.jpg","bonusIDs":[4799,1492,4786]},{"id":159679,"itemLevel":375,"quality":3,"icon":"inv_boot_plate_zandalardungeon_c_01.jpg","bonusIDs":[5005,1547,4784]},{"id":160637,"itemLevel":370,"quality":4,"icon":"inv_bracer_plate_nazmirraid_d_01.jpg","bonusIDs":[4799,1492,4786]},{"id":161751,"itemLevel":340,"quality":4,"icon":"inv_plate_glove_warfrontshorde_b_01.jpg","bonusIDs":[4982,5129,1532,4786]},{"id":162544,"itemLevel":355,"quality":3,"icon":"inv_ring_80_04c.jpg","permanentEnchant":5943,"bonusIDs":[4779,1527,4784]},{"id":159458,"itemLevel":340,"quality":3,"icon":"inv_ring_80_03a.jpg","permanentEnchant":5943,"bonusIDs":[4779,4802,1512,4786],"gems":[{"id":154127,"itemLevel":120,"icon":"inv_jewelcrafting_80_cutgem02_yellow.jpg"}]},{"id":158712,"itemLevel":355,"quality":3,"icon":"ability_hunter_aspectoftheviper.jpg","bonusIDs":[4779,1527,4784]},{"id":159125,"itemLevel":355,"quality":4,"icon":"inv_inscription_80_deck_fathoms.jpg"},{"id":163368,"itemLevel":370,"quality":3,"icon":"inv_cape_plate_warfrontshorde_c_01.jpg","bonusIDs":[5126,41,1562,4786]},{"id":160686,"itemLevel":355,"quality":4,"icon":"inv_sword_2h_nazmirraid_d_01.jpg","permanentEnchant":5950,"bonusIDs":[4798,1477,4786]},{"id":0,"itemLevel":0,"quality":1,"icon":"inv_axe_02.jpg"},{"id":0,"itemLevel":0,"quality":1,"icon":"inv_axe_02.jpg"}],"auras":[{"source":16,"ability":257410,"icon":"spell_misc_food.jpg"},{"source":2,"ability":6673,"icon":"ability_warrior_battleshout.jpg"},{"source":9,"ability":1459,"icon":"spell_holy_magicalsentry.jpg"},{"source":16,"ability":251839,"icon":"inv_alchemy_80_flask01orange.jpg"}]}]