{"fights":[{"id":1,"start_time":0,"end_time":181043,"boss":2134,"name":"Vectis","size":16,"difficulty":4,"kill":false,"partial":3,"bossPercentage":5971,"fightPercentage":5971,"lastPhaseForPercentageDisplay":1},{"id":2,"start_time":312076,"end_time":538035,"boss":2134,"name":"Vectis","size":16,"difficulty":4,"kill":false,"partial":3,"bossPercentage":5083,"fightPercentage":5083,"lastPhaseForPercentageDisplay":1},{"id":3,"start_time":672476,"end_time":798827,"boss":2134,"name":"Vectis","size":16,"difficulty":4,"kill":false,"partial":3,"bossPercentage":6515,"fightPercentage":6515,"lastPhaseForPercentageDisplay":1},{"id":4,"start_time":933124,"end_time":1242780,"boss":2134,"name":"Vectis","size":16,"difficulty":4,"kill":false,"partial":3,"bossPercentage":2930,"fightPercentage":2930,"lastPhaseForPercentageDisplay":1},{"id":5,"start_time":1430646,"end_time":1833015,"boss":2134,"name":"Vectis","size":16,"difficulty":4,"kill":false,"partial":3,"bossPercentage":169,"fightPercentage":169,"lastPhaseForPercentageDisplay":1},{"id":6,"start_time":1989139,"end_time":2321814,"boss":2134,"name":"Vectis","size":16,"difficulty":4,"kill":false,"partial":3,"bossPercentage":2415,"fightPercentage":2415,"lastPhaseForPercentageDisplay":1},{"id":7,"start_time":2471502,"end_time":2830708,"boss":2134,"name":"Vectis","size":16,"difficulty":4,"kill":false,"partial":3,"bossPercentage":2692,"fightPercentage":2692,"lastPhaseForPercentageDisplay":1},{"id":8,"start_time":3030279,"end_time":3435060,"boss":2134,"name":"Vectis","size":16,"difficulty":4,"kill":true,"partial":3,"bossPercentage":0,"fightPercentage":0,"lastPhaseForPercentageDisplay":1},{"id":9,"start_time":4379216,"end_time":4526228,"boss":2136,"name":"Zek'voz","size":16,"difficulty":4,"kill":false,"partial":3,"bossPercentage":7021,"fightPercentage":7021,"lastPhaseForPercentageDisplay":2},{"id":10,"start_time":4655498,"end_time":4727982,"boss":2136,"name":"Zek'voz","size":16,"difficulty":4,"kill":false,"partial":3,"bossPercentage":8094,"fightPercentage":8094,"lastPhaseForPercentageDisplay":2},{"id":11,"start_time":4818389,"end_time":4896861,"boss":2136,"name":"Zek'voz","size":16,"difficulty":4,"kill":false,"partial":3,"bossPercentage":7945,"fightPercentage":7945,"lastPhaseForPercentageDisplay":2},{"id":12,"start_time":5001125,"end_time":5156060,"boss":2136,"name":"Zek'voz","size":16,"difficulty":4,"kill":false,"partial":3,"bossPercentage":6589,"fightPercentage":6589,"lastPhaseForPercentageDisplay":2},{"id":13,"start_time":5290483,"end_time":5379730,"boss":2136,"name":"Zek'voz","size":16,"difficulty":4,"kill":false,"partial":3,"bossPercentage":7680,"fightPercentage":7680,"lastPhaseForPercentageDisplay":2},{"id":14,"start_time":5707629,"end_time":6139573,"boss":2136,"name":"Zek'voz","size":17,"difficulty":4,"kill":false,"partial":3,"bossPercentage":3251,"fightPercentage":3251,"lastPhaseForPercentageDisplay":2},{"id":15,"start_time":6359896,"end_time":6509280,"boss":2136,"name":"Zek'voz","size":17,"difficulty":4,"kill":false,"partial":3,"bossPercentage":6836,"fightPercentage":6836,"lastPhaseForPercentageDisplay":2},{"id":16,"start_time":6618234,"end_time":7117325,"boss":2136,"name":"Zek'voz","size":17,"difficulty":4,"kill":false,"partial":3,"bossPercentage":788,"fightPercentage":788,"lastPhaseForPercentageDisplay":3},{"id":17,"start_time":7296285,"end_time":7422076,"boss":2136,"name":"Zek'voz","size":17,"difficulty":4,"kill":false,"partial":3,"bossPercentage":7566,"fightPercentage":7566,"lastPhaseForPercentageDisplay":2},{"id":18,"start_time":7523826,"end_time":7683132,"boss":2136,"name":"Zek'voz","size":17,"difficulty":4,"kill":false,"partial":3,"bossPercentage":6453,"fightPercentage":6453,"lastPhaseForPercentageDisplay":2},{"id":19,"start_time":7791735,"end_time":7954705,"boss":2136,"name":"Zek'voz","size":17,"difficulty":4,"kill":false,"partial":3,"bossPercentage":6526,"fightPercentage":6526,"lastPhaseForPercentageDisplay":2},{"id":20,"start_time":8059906,"end_time":8212320,"boss":2136,"name":"Zek'voz","size":17,"difficulty":4,"kill":false,"partial":3,"bossPercentage":6601,"fightPercentage":6601,"lastPhaseForPercentageDisplay":2},{"id":21,"start_time":8330701,"end_time":8527903,"boss":2136,"name":"Zek'voz","size":17,"difficulty":4,"kill":false,"partial":3,"bossPercentage":6097,"fightPercentage":6097,"lastPhaseForPercentageDisplay":2},{"id":22,"start_time":8613847,"end_time":8772613,"boss":2136,"name":"Zek'voz","size":17,"difficulty":4,"kill":false,"partial":3,"bossPercentage":6645,"fightPercentage":6645,"lastPhaseForPercentageDisplay":2},{"id":23,"start_time":9137052,"end_time":9619396,"boss":2136,"name":"Zek'voz","size":17,"difficulty":4,"kill":false,"partial":3,"bossPercentage":486,"fightPercentage":486,"lastPhaseForPercentageDisplay":3},{"id":24,"start_time":9772537,"end_time":10062369,"boss":2136,"name":"Zek'voz","size":17,"difficulty":4,"kill":false,"partial":3,"bossPercentage":4371,"fightPercentage":4371,"lastPhaseForPercentageDisplay":2},{"id":25,"start_time":10168846,"end_time":10663987,"boss":2136,"name":"Zek'voz","size":17,"difficulty":4,"kill":false,"partial":3,"bossPercentage":227,"fightPercentage":227,"lastPhaseForPercentageDisplay":3},{"id":26,"start_time":10794672,"end_time":10946278,"boss":2136,"name":"Zek'voz","size":17,"difficulty":4,"kill":false,"partial":3,"bossPercentage":6489,"fightPercentage":6489,"lastPhaseForPercentageDisplay":2},{"id":27,"start_time":11059951,"end_time":11208753,"boss":2136,"name":"Zek'voz","size":17,"difficulty":4,"kill":false,"partial":3,"bossPercentage":6567,"fightPercentage":6567,"lastPhaseForPercentageDisplay":2},{"id":28,"start_time":11315395,"end_time":11798660,"boss":2136,"name":"Zek'voz","size":17,"difficulty":4,"kill":false,"partial":3,"bossPercentage":168,"fightPercentage":168,"lastPhaseForPercentageDisplay":3},{"id":29,"start_time":11973178,"end_time":12051671,"boss":2136,"name":"Zek'voz","size":17,"difficulty":4,"kill":false,"partial":3,"bossPercentage":8216,"fightPercentage":8216,"lastPhaseForPercentageDisplay":2},{"id":30,"start_time":12140412,"end_time":12387959,"boss":2136,"name":"Zek'voz","size":17,"difficulty":4,"kill":false,"partial":3,"bossPercentage":5116,"fightPercentage":5116,"lastPhaseForPercentageDisplay":2}],"lang":"en","friendlies":[{"name":"Lopstar","id":42,"guid":182076830,"type":"Druid","fights":[{"id":14},{"id":15},{"id":16},{"id":17},{"id":18},{"id":19},{"id":20},{"id":21},{"id":22},{"id":23},{"id":24},{"id":25},{"id":26},{"id":27},{"id":28},{"id":29},{"id":30}]},{"name":"Uniiq","id":8,"guid":96923618,"type":"Hunter","fights":[{"id":1},{"id":2},{"id":3},{"id":4},{"id":5},{"id":6},{"id":7},{"id":8},{"id":9},{"id":10},{"id":11},{"id":12},{"id":13},{"id":14},{"id":15},{"id":16},{"id":17},{"id":18},{"id":19},{"id":20},{"id":21},{"id":22},{"id":23},{"id":24},{"id":25},{"id":26},{"id":27},{"id":28},{"id":29},{"id":30}]},{"name":"Villahseen","id":3,"guid":182156942,"type":"Paladin","fights":[{"id":1},{"id":2},{"id":3},{"id":4},{"id":5},{"id":6},{"id":7},{"id":8},{"id":9},{"id":10},{"id":11},{"id":12},{"id":13},{"id":14},{"id":15},{"id":16},{"id":17},{"id":18},{"id":19},{"id":20},{"id":21},{"id":22},{"id":23},{"id":24},{"id":25},{"id":26},{"id":27},{"id":28},{"id":29},{"id":30}]},{"name":"Nuffemis","id":9,"guid":180916390,"type":"Mage","fights":[{"id":1},{"id":2},{"id":3},{"id":4},{"id":5},{"id":6},{"id":7},{"id":8},{"id":9},{"id":10},{"id":11},{"id":12},{"id":13},{"id":14},{"id":15},{"id":16},{"id":17},{"id":18},{"id":19},{"id":20},{"id":21},{"id":22},{"id":23},{"id":24},{"id":25},{"id":26},{"id":27},{"id":28},{"id":29},{"id":30}]},{"name":"Dobbadon","id":12,"guid":180917354,"type":"Monk","fights":[{"id":1},{"id":2},{"id":3},{"id":4},{"id":5},{"id":6},{"id":7},{"id":8},{"id":9},{"id":10},{"id":11},{"id":12},{"id":13},{"id":14},{"id":15},{"id":16},{"id":17},{"id":18},{"id":19},{"id":20},{"id":21},{"id":22},{"id":23},{"id":24},{"id":25},{"id":26},{"id":27},{"id":28},{"id":29},{"id":30}]},{"name":"Prüttan","id":16,"guid":181031582,"type":"Warrior","fights":[{"id":1},{"id":2},{"id":3},{"id":4},{"id":5},{"id":6},{"id":7},{"id":8},{"id":9},{"id":10},{"id":11},{"id":12},{"id":13},{"id":14},{"id":15},{"id":16},{"id":17},{"id":18},{"id":19},{"id":20},{"id":21},{"id":22},{"id":23},{"id":24},{"id":25},{"id":26},{"id":27},{"id":28},{"id":29},{"id":30}]},{"name":"Smusk","id":7,"guid":181021098,"type":"Druid","fights":[{"id":1},{"id":2},{"id":3},{"id":4},{"id":5},{"id":6},{"id":7},{"id":8},{"id":9},{"id":10},{"id":11},{"id":12},{"id":13},{"id":14},{"id":15},{"id":16},{"id":17},{"id":18},{"id":19},{"id":20},{"id":21},{"id":22},{"id":23},{"id":24},{"id":25},{"id":26},{"id":27},{"id":28},{"id":29},{"id":30}]},{"name":"Miguro","id":5,"guid":180938000,"type":"Rogue","fights":[{"id":1},{"id":2},{"id":3},{"id":4},{"id":5},{"id":6},{"id":7},{"id":8},{"id":9},{"id":10},{"id":11},{"id":12},{"id":13},{"id":14},{"id":15},{"id":16},{"id":17},{"id":18},{"id":19},{"id":20},{"id":21},{"id":22},{"id":23},{"id":24},{"id":25},{"id":26},{"id":27},{"id":28},{"id":29},{"id":30}]},{"name":"Relicprince","id":2,"guid":181037980,"type":"Warrior","fights":[{"id":1},{"id":2},{"id":3},{"id":4},{"id":5},{"id":6},{"id":7},{"id":8},{"id":9},{"id":10},{"id":11},{"id":12},{"id":13},{"id":14},{"id":15},{"id":16},{"id":17},{"id":18},{"id":19},{"id":20},{"id":21},{"id":22},{"id":23},{"id":24},{"id":25},{"id":26},{"id":27},{"id":28},{"id":29},{"id":30}]},{"name":"Hildelyst","id":15,"guid":180916955,"type":"Druid","fights":[{"id":1},{"id":2},{"id":3},{"id":4},{"id":5},{"id":6},{"id":7},{"id":8},{"id":9},{"id":10},{"id":11},{"id":12},{"id":13},{"id":14},{"id":15},{"id":16},{"id":17},{"id":18},{"id":19},{"id":20},{"id":21},{"id":22},{"id":23},{"id":24},{"id":25},{"id":26},{"id":27},{"id":28},{"id":29},{"id":30}]},{"name":"Jodiefroster","id":6,"guid":180981282,"type":"Mage","fights":[{"id":1},{"id":2},{"id":3},{"id":4},{"id":5},{"id":6},{"id":7},{"id":8},{"id":9},{"id":10},{"id":11},{"id":12},{"id":13},{"id":14},{"id":15},{"id":16},{"id":17},{"id":18},{"id":19},{"id":20},{"id":21},{"id":22},{"id":23},{"id":24},{"id":25},{"id":26},{"id":27},{"id":28},{"id":29},{"id":30}]},{"name":"Orb of Corruption","id":51,"guid":135310,"type":"NPC","fights":[{"id":25,"instances":1}]},{"name":"Diagentez","id":14,"guid":182225822,"type":"Warlock","fights":[{"id":1},{"id":2},{"id":3},{"id":4},{"id":5},{"id":6},{"id":7},{"id":8},{"id":9},{"id":10},{"id":11},{"id":12},{"id":13},{"id":14},{"id":15},{"id":16},{"id":17},{"id":18},{"id":19},{"id":20},{"id":21},{"id":22},{"id":23},{"id":24},{"id":25},{"id":26},{"id":27},{"id":28},{"id":29},{"id":30}]},{"name":"Snusraketten","id":4,"guid":180948825,"type":"Mage","fights":[{"id":1},{"id":2},{"id":3},{"id":4},{"id":5},{"id":6},{"id":7},{"id":8},{"id":9},{"id":10},{"id":11},{"id":12},{"id":13},{"id":14},{"id":15},{"id":16},{"id":17},{"id":18},{"id":19},{"id":20},{"id":21},{"id":22},{"id":23},{"id":24},{"id":25},{"id":26},{"id":27},{"id":28},{"id":29},{"id":30}]},{"name":"Sanctues","id":1,"guid":181948120,"type":"Paladin","fights":[{"id":1},{"id":2},{"id":3},{"id":4},{"id":5},{"id":6},{"id":7},{"id":8},{"id":9},{"id":10},{"id":11},{"id":12},{"id":13},{"id":14},{"id":15},{"id":16},{"id":17},{"id":18},{"id":19},{"id":20},{"id":21},{"id":22},{"id":23},{"id":24},{"id":25},{"id":26},{"id":27},{"id":28},{"id":29},{"id":30}]},{"name":"Demolicious","id":10,"guid":180916692,"type":"DemonHunter","fights":[{"id":1},{"id":2},{"id":3},{"id":4},{"id":5},{"id":6},{"id":7},{"id":8},{"id":9},{"id":10},{"id":11},{"id":12},{"id":13},{"id":14},{"id":15},{"id":16},{"id":17},{"id":18},{"id":19},{"id":20},{"id":21},{"id":22},{"id":23},{"id":24},{"id":25},{"id":26},{"id":27},{"id":28},{"id":29},{"id":30}]},{"name":"Treant","id":43,"guid":103822,"type":"Pet","fights":[{"id":15,"instances":9},{"id":23,"instances":21}]},{"name":"Cónqs","id":11,"guid":128495723,"type":"Druid","fights":[{"id":1},{"id":2},{"id":3},{"id":4},{"id":5},{"id":6},{"id":7},{"id":8},{"id":9},{"id":10},{"id":11},{"id":12},{"id":13},{"id":14},{"id":15},{"id":16},{"id":17},{"id":18},{"id":19},{"id":20},{"id":21},{"id":22},{"id":23},{"id":24},{"id":25},{"id":26},{"id":27},{"id":28},{"id":29},{"id":30}]},{"name":"Mooladin","id":13,"guid":180925708,"type":"Paladin","fights":[{"id":1},{"id":2},{"id":3},{"id":4},{"id":5},{"id":6},{"id":7},{"id":8},{"id":9},{"id":10},{"id":11},{"id":12},{"id":13},{"id":14},{"id":15},{"id":16},{"id":17},{"id":18},{"id":19},{"id":20},{"id":21},{"id":22},{"id":23},{"id":24},{"id":25},{"id":26},{"id":27},{"id":28},{"id":29},{"id":30}]}],"enemies":[{"name":"Silithid Warrior","id":40,"guid":134503,"type":"NPC","fights":[{"id":9,"instances":12,"groups":2},{"id":10,"instances":6,"groups":1},{"id":11,"instances":6,"groups":1},{"id":12,"instances":12,"groups":2},{"id":13,"instances":6,"groups":1},{"id":14,"instances":12,"groups":2},{"id":15,"instances":12,"groups":2},{"id":16,"instances":12,"groups":2},{"id":17,"instances":9,"groups":2},{"id":18,"instances":12,"groups":2},{"id":19,"instances":12,"groups":2},{"id":20,"instances":12,"groups":2},{"id":21,"instances":12,"groups":2},{"id":22,"instances":12,"groups":2},{"id":23,"instances":12,"groups":2},{"id":24,"instances":12,"groups":2},{"id":25,"instances":12,"groups":2},{"id":26,"instances":12,"groups":2},{"id":27,"instances":12,"groups":2},{"id":28,"instances":12,"groups":2},{"id":29,"instances":6,"groups":1},{"id":30,"instances":12,"groups":2}]},{"name":"Orb of Corruption","id":51,"guid":135310,"type":"NPC","fights":[{"id":16,"instances":2},{"id":23,"instances":1},{"id":28,"instances":2}]},{"name":"Projection of C'thun","id":39,"guid":134726,"type":"NPC","fights":[{"id":9,"instances":1,"groups":3},{"id":10,"instances":1,"groups":1},{"id":11,"instances":1,"groups":1},{"id":12,"instances":1,"groups":3},{"id":13,"instances":1,"groups":1},{"id":14,"instances":1,"groups":3},{"id":15,"instances":1,"groups":3},{"id":16,"instances":1,"groups":3},{"id":17,"instances":1,"groups":2},{"id":18,"instances":1,"groups":3},{"id":19,"instances":1,"groups":3},{"id":20,"instances":1,"groups":3},{"id":21,"instances":1,"groups":3},{"id":22,"instances":1,"groups":3},{"id":23,"instances":1,"groups":3},{"id":24,"instances":1,"groups":3},{"id":25,"instances":1,"groups":3},{"id":26,"instances":1,"groups":3},{"id":27,"instances":1,"groups":3},{"id":28,"instances":1,"groups":3},{"id":29,"instances":1,"groups":1},{"id":30,"instances":1,"groups":3}]},{"name":"Warped Projection","id":49,"guid":135888,"type":"NPC","fights":[{"id":16,"instances":1},{"id":23,"instances":1},{"id":25,"instances":1},{"id":28,"instances":1}]},{"name":"Zek'voz","id":38,"guid":134445,"type":"Boss","fights":[{"id":9,"instances":1},{"id":10,"instances":1},{"id":11,"instances":1},{"id":12,"instances":1},{"id":13,"instances":1},{"id":14,"instances":1},{"id":15,"instances":1},{"id":16,"instances":1},{"id":17,"instances":1},{"id":18,"instances":1},{"id":19,"instances":1},{"id":20,"instances":1},{"id":21,"instances":1},{"id":22,"instances":1},{"id":23,"instances":1},{"id":24,"instances":1},{"id":25,"instances":1},{"id":26,"instances":1},{"id":27,"instances":1},{"id":28,"instances":1},{"id":29,"instances":1},{"id":30,"instances":1}]},{"name":"Guardian of Yogg-Saron","id":48,"guid":135083,"type":"NPC","fights":[{"id":14,"instances":1,"groups":1},{"id":23,"instances":1,"groups":1},{"id":24,"instances":4,"groups":1},{"id":28,"instances":1,"groups":1},{"id":30,"instances":1,"groups":1}]},{"name":"Blight Recluse","id":36,"guid":139630,"type":"NPC","fights":[{"id":5,"instances":1},{"id":8,"instances":1},{"id":14,"instances":1},{"id":15,"instances":1}]},{"name":"Plague Amalgam","id":22,"guid":135016,"type":"NPC","fights":[{"id":1,"instances":7,"groups":1},{"id":2,"instances":8,"groups":1},{"id":3,"instances":14,"groups":1},{"id":4,"instances":10,"groups":3},{"id":5,"instances":15,"groups":3},{"id":6,"instances":12,"groups":3},{"id":7,"instances":12,"groups":2},{"id":8,"instances":13,"groups":3}]},{"name":"Vectis","id":17,"guid":134442,"type":"Boss","fights":[{"id":1,"instances":1},{"id":2,"instances":1},{"id":3,"instances":1},{"id":4,"instances":1},{"id":5,"instances":1},{"id":6,"instances":1},{"id":7,"instances":1},{"id":8,"instances":1}]},{"name":"Projection of Yogg-Saron","id":46,"guid":135129,"type":"NPC","fights":[{"id":14,"instances":1,"groups":5},{"id":16,"instances":1,"groups":4},{"id":21,"instances":1,"groups":1},{"id":23,"instances":1,"groups":3},{"id":24,"instances":1,"groups":3},{"id":25,"instances":1,"groups":4},{"id":28,"instances":1,"groups":4},{"id":30,"instances":1,"groups":2}]},{"name":"Nerubian Voidweaver","id":45,"guid":135824,"type":"NPC","fights":[{"id":14,"instances":12,"groups":4},{"id":16,"instances":9,"groups":3},{"id":21,"instances":3,"groups":1},{"id":23,"instances":9,"groups":3},{"id":24,"instances":6,"groups":2},{"id":25,"instances":9,"groups":3},{"id":28,"instances":9,"groups":3},{"id":30,"instances":6,"groups":2}]},{"name":"Nazmani Weevil","id":30,"guid":130217,"type":"NPC","fights":[{"id":2,"instances":1},{"id":5,"instances":1},{"id":6,"instances":1},{"id":8,"instances":1}]}],"friendlyPets":[{"name":"Darkglare","id":21,"guid":103673,"type":"Pet","petOwner":14,"fights":[{"id":1,"instances":1},{"id":2,"instances":1},{"id":3,"instances":1},{"id":4,"instances":2},{"id":5,"instances":2},{"id":6,"instances":2},{"id":7,"instances":2},{"id":8,"instances":3},{"id":9,"instances":1},{"id":10,"instances":1},{"id":11,"instances":1},{"id":12,"instances":1},{"id":13,"instances":1},{"id":14,"instances":3},{"id":15,"instances":1},{"id":16,"instances":2},{"id":17,"instances":1},{"id":18,"instances":1},{"id":19,"instances":1},{"id":20,"instances":1},{"id":21,"instances":1},{"id":22,"instances":1},{"id":23,"instances":2},{"id":24,"instances":2},{"id":25,"instances":2},{"id":26,"instances":1},{"id":27,"instances":1},{"id":28,"instances":3},{"id":29,"instances":1},{"id":30,"instances":2}]},{"name":"Demonic Gateway","id":24,"guid":59262,"type":"Pet","petOwner":14,"fights":[{"id":1,"instances":1},{"id":4,"instances":1},{"id":5,"instances":1}]},{"name":"Demonic Gateway","id":25,"guid":59271,"type":"Pet","petOwner":14,"fights":[{"id":1,"instances":1},{"id":4,"instances":1},{"id":5,"instances":1}]},{"name":"Treant","id":44,"guid":103822,"type":"Pet","petOwner":42,"fights":[{"id":14,"instances":18},{"id":15,"instances":9},{"id":16,"instances":21},{"id":17,"instances":6},{"id":18,"instances":6},{"id":19,"instances":9},{"id":20,"instances":9},{"id":21,"instances":9},{"id":22,"instances":9},{"id":23,"instances":21},{"id":24,"instances":9},{"id":25,"instances":18},{"id":26,"instances":9},{"id":27,"instances":9},{"id":28,"instances":18},{"id":29,"instances":3},{"id":30,"instances":12}]},{"name":"Gobtip","id":19,"guid":40307599,"type":"Pet","petOwner":14,"fights":[{"id":1,"instances":1},{"id":2,"instances":1},{"id":3,"instances":1},{"id":4,"instances":1},{"id":5,"instances":1},{"id":6,"instances":1},{"id":7,"instances":1},{"id":8,"instances":1},{"id":9,"instances":1},{"id":10,"instances":1},{"id":11,"instances":1},{"id":12,"instances":1},{"id":13,"instances":1},{"id":14,"instances":1},{"id":15,"instances":1},{"id":16,"instances":1},{"id":17,"instances":1},{"id":18,"instances":1},{"id":19,"instances":1},{"id":20,"instances":1},{"id":21,"instances":1},{"id":22,"instances":1},{"id":23,"instances":1},{"id":24,"instances":1},{"id":25,"instances":1},{"id":26,"instances":1},{"id":27,"instances":1},{"id":28,"instances":1},{"id":29,"instances":1},{"id":30,"instances":1}]},{"name":"Efflorescence","id":20,"guid":47649,"type":"Pet","petOwner":11,"fights":[{"id":1,"instances":4},{"id":2,"instances":3},{"id":3,"instances":2},{"id":4,"instances":5},{"id":5,"instances":7},{"id":6,"instances":5},{"id":7,"instances":9},{"id":8,"instances":8},{"id":9,"instances":2},{"id":10,"instances":2},{"id":11,"instances":1},{"id":12,"instances":4},{"id":13,"instances":1},{"id":14,"instances":7},{"id":15,"instances":3},{"id":16,"instances":13},{"id":17,"instances":2},{"id":18,"instances":4},{"id":19,"instances":2},{"id":20,"instances":3},{"id":21,"instances":1},{"id":22,"instances":4},{"id":23,"instances":9},{"id":24,"instances":5},{"id":25,"instances":8},{"id":26,"instances":4},{"id":27,"instances":3},{"id":28,"instances":7},{"id":29,"instances":1},{"id":30,"instances":3}]},{"name":"HEALMACHINE","id":18,"guid":50465238,"type":"Pet","petOwner":8,"fights":[{"id":1,"instances":1},{"id":2,"instances":1},{"id":3,"instances":1},{"id":4,"instances":1},{"id":5,"instances":1},{"id":6,"instances":1},{"id":7,"instances":1},{"id":8,"instances":1},{"id":9,"instances":1},{"id":10,"instances":1},{"id":11,"instances":1},{"id":12,"instances":1},{"id":13,"instances":1},{"id":14,"instances":1},{"id":15,"instances":1},{"id":16,"instances":1},{"id":17,"instances":1},{"id":18,"instances":1},{"id":19,"instances":1},{"id":20,"instances":1},{"id":21,"instances":1},{"id":22,"instances":1},{"id":23,"instances":1},{"id":24,"instances":1},{"id":25,"instances":1},{"id":26,"instances":1},{"id":27,"instances":1},{"id":28,"instances":1},{"id":29,"instances":1},{"id":30,"instances":1}]},{"name":"Efflorescence","id":23,"guid":47649,"type":"Pet","petOwner":7,"fights":[{"id":1,"instances":3},{"id":2,"instances":3},{"id":3,"instances":1},{"id":4,"instances":3},{"id":5,"instances":4},{"id":6,"instances":3},{"id":7,"instances":3},{"id":8,"instances":1},{"id":9,"instances":2},{"id":10,"instances":2},{"id":11,"instances":1},{"id":12,"instances":2},{"id":13,"instances":3},{"id":14,"instances":7},{"id":15,"instances":4},{"id":16,"instances":11},{"id":17,"instances":3},{"id":18,"instances":3},{"id":19,"instances":4},{"id":20,"instances":6},{"id":21,"instances":5},{"id":22,"instances":6},{"id":23,"instances":10},{"id":24,"instances":6},{"id":25,"instances":11},{"id":26,"instances":4},{"id":27,"instances":4},{"id":28,"instances":11},{"id":29,"instances":2},{"id":30,"instances":4}]}],"enemyPets":[],"phases":[{"boss":2134,"phases":["Stage One: Probing Its Hosts","Stage Two: Spreading Pandemic"]},{"boss":2136,"phases":["Stage One: Chaos","Stage Two: Deception","Stage Three: Corruption"]}],"title":"Uldir","owner":"Fluffymis","start":1537118897330,"end":1537131285289,"zone":19,"exportedCharacters":[{"id":30843333,"name":"Cónqs","server":"Tarren Mill","region":"EU"},{"id":32463216,"name":"Demolicious","server":"Sunstrider","region":"EU"},{"id":35526333,"name":"Diagentez","server":"Sunstrider","region":"EU"},{"id":32463218,"name":"Dobbadon","server":"Sunstrider","region":"EU"},{"id":31168902,"name":"Hildelyst","server":"Sunstrider","region":"EU"},{"id":35526331,"name":"Jodiefroster","server":"Sunstrider","region":"EU"},{"id":32630717,"name":"Miguro","server":"Sunstrider","region":"EU"},{"id":35526327,"name":"Mooladin","server":"Sunstrider","region":"EU"},{"id":35491241,"name":"Nuffemis","server":"Sunstrider","region":"EU"},{"id":35526318,"name":"Prüttan","server":"Sunstrider","region":"EU"},{"id":35526315,"name":"Relicprince","server":"Sunstrider","region":"EU"},{"id":35526324,"name":"Sanctues","server":"Sunstrider","region":"EU"},{"id":32463225,"name":"Smusk","server":"Sunstrider","region":"EU"},{"id":30956820,"name":"Snusraketten","server":"Sunstrider","region":"EU"},{"id":11911783,"name":"Uniiq","server":"Tarren Mill","region":"EU"},{"id":35526326,"name":"Villahseen","server":"Sunstrider","region":"EU"}]}