{"fights":[{"id":1,"boss":0,"start_time":13300,"end_time":129333,"name":"Sindrel","zoneID":2296,"zoneName":"Castle Nathria","zoneDifficulty":4},{"id":2,"boss":2398,"start_time":580473,"end_time":650391,"name":"Shriekwing","zoneID":2296,"zoneName":"Castle Nathria","zoneDifficulty":4,"size":26,"difficulty":4,"kill":false,"partial":3,"bossPercentage":7150,"fightPercentage":7150,"lastPhaseForPercentageDisplay":1,"maps":[1735]},{"id":3,"boss":2398,"start_time":799523,"end_time":1148492,"name":"Shriekwing","zoneID":2296,"zoneName":"Castle Nathria","zoneDifficulty":4,"size":26,"difficulty":4,"kill":true,"partial":3,"bossPercentage":0,"fightPercentage":0,"lastPhaseForPercentageDisplay":1,"maps":[1735]},{"id":4,"boss":0,"start_time":1296263,"end_time":1388483,"name":"Kennel Overseer","zoneID":2296,"zoneName":"Castle Nathria","zoneDifficulty":4},{"id":5,"boss":0,"start_time":1414378,"end_time":1450400,"name":"Huntsman Altimor","zoneID":2296,"zoneName":"Castle Nathria","zoneDifficulty":4},{"id":6,"boss":2418,"start_time":1909320,"end_time":2047668,"name":"Huntsman Altimor","zoneID":2296,"zoneName":"Castle Nathria","zoneDifficulty":4,"size":26,"difficulty":4,"kill":false,"partial":3,"bossPercentage":5300,"fightPercentage":5300,"lastPhaseForPercentageDisplay":2,"maps":[1735]},{"id":7,"boss":2418,"start_time":2271692,"end_time":2458655,"name":"Huntsman Altimor","zoneID":2296,"zoneName":"Castle Nathria","zoneDifficulty":4,"size":26,"difficulty":4,"kill":false,"partial":3,"bossPercentage":3706,"fightPercentage":3706,"lastPhaseForPercentageDisplay":2,"maps":[1735]}],"lang":"de","friendlies":[{"name":"Tàbet","id":2,"guid":122175666,"type":"Druid","server":"Blackhand","icon":"Druid-Restoration","fights":[{"id":1},{"id":2},{"id":3},{"id":4},{"id":5},{"id":6},{"id":7}]},{"name":"Kethrisdk","id":16,"guid":115440858,"type":"DeathKnight","server":"Blackhand","icon":"DeathKnight-Blood","fights":[{"id":1},{"id":2},{"id":3},{"id":4},{"id":5},{"id":6},{"id":7}]},{"name":"Licosap","id":8,"guid":133265774,"type":"Rogue","server":"Blackhand","icon":"Rogue-Outlaw","fights":[{"id":1},{"id":2},{"id":3},{"id":4},{"id":5},{"id":6},{"id":7}]},{"name":"Jinxedlock","id":18,"guid":117484110,"type":"Warlock","server":"Blackhand","icon":"Warlock-Affliction","fights":[{"id":1},{"id":2},{"id":3},{"id":4},{"id":5},{"id":6},{"id":7}]},{"name":"Obsiris","id":7,"guid":116572649,"type":"Rogue","server":"Blackhand","icon":"Rogue","fights":[{"id":1},{"id":2},{"id":3},{"id":4},{"id":5},{"id":6},{"id":7}]},{"name":"Miriána","id":57,"guid":113395628,"type":"Warlock","server":"Blackhand","icon":"Warlock-Affliction","fights":[{"id":2},{"id":3},{"id":4},{"id":5},{"id":6},{"id":7}]},{"name":"Glazed","id":20,"guid":153419462,"type":"Paladin","server":"Blackhand","icon":"Paladin-Holy","fights":[{"id":1},{"id":2},{"id":3},{"id":4},{"id":5},{"id":6},{"id":7}]},{"name":"Tengâar","id":14,"guid":117977388,"type":"DemonHunter","server":"Blackhand","icon":"DemonHunter-Havoc","fights":[{"id":1},{"id":2},{"id":3},{"id":4},{"id":5},{"id":6},{"id":7}]},{"name":"Neih","id":6,"guid":118662188,"type":"Paladin","server":"Blackhand","icon":"Paladin-Holy","fights":[{"id":1},{"id":2},{"id":3},{"id":4},{"id":5},{"id":6},{"id":7}]},{"name":"Zubrix","id":23,"guid":86388570,"type":"Warlock","server":"Blackhand","icon":"Warlock-Affliction","fights":[{"id":1},{"id":2},{"id":3},{"id":4},{"id":5},{"id":6},{"id":7}]},{"name":"Tainted","id":3,"guid":117192721,"type":"DeathKnight","server":"Blackhand","icon":"DeathKnight-Unholy","fights":[{"id":1},{"id":2},{"id":3},{"id":4},{"id":5},{"id":6},{"id":7}]},{"name":"Cinni","id":17,"guid":114985496,"type":"Hunter","server":"Blackhand","icon":"Hunter-Marksmanship","fights":[{"id":1},{"id":2},{"id":3},{"id":4},{"id":5},{"id":6},{"id":7}]},{"name":"Fabiousjump","id":29,"guid":121961159,"type":"Priest","server":"Blackhand","icon":"Priest-Shadow","fights":[{"id":1},{"id":2},{"id":3},{"id":4},{"id":5},{"id":6},{"id":7}]},{"name":"Casic","id":11,"guid":153716738,"type":"Priest","server":"Blackhand","icon":"Priest-Discipline","fights":[{"id":1},{"id":2},{"id":3},{"id":4},{"id":5},{"id":6},{"id":7}]},{"name":"Byronn","id":13,"guid":153411818,"type":"Warrior","server":"Mal'Ganis","icon":"Warrior-Arms","fights":[{"id":1},{"id":2},{"id":3},{"id":6},{"id":7}]},{"name":"Certom","id":26,"guid":121670133,"type":"Shaman","server":"Blackhand","icon":"Shaman-Enhancement","fights":[{"id":1},{"id":2},{"id":3},{"id":4},{"id":5},{"id":6},{"id":7}]},{"name":"Randyxo","id":4,"guid":153486700,"type":"Druid","server":"Blackhand","icon":"Druid-Balance","fights":[{"id":1},{"id":2},{"id":3},{"id":4},{"id":5},{"id":6},{"id":7}]},{"name":"Hisôkâ","id":38,"guid":156116096,"type":"Hunter","server":"Blackhand","icon":"Hunter-Marksmanship","fights":[{"id":1},{"id":2},{"id":3},{"id":4},{"id":5},{"id":6},{"id":7}]},{"name":"Derbabu","id":15,"guid":114452182,"type":"DemonHunter","server":"Blackhand","icon":"DemonHunter-Havoc","fights":[{"id":1},{"id":2},{"id":3},{"id":4},{"id":5},{"id":6},{"id":7}]},{"name":"Dannypandari","id":5,"guid":115140630,"type":"Monk","server":"Blackhand","icon":"Monk-Brewmaster","fights":[{"id":1},{"id":2},{"id":3},{"id":4},{"id":5},{"id":6},{"id":7}]},{"name":"Feyv","id":9,"guid":117598348,"type":"DemonHunter","server":"Blackhand","icon":"DemonHunter-Havoc","fights":[{"id":1},{"id":2},{"id":3},{"id":4},{"id":5},{"id":6},{"id":7}]},{"name":"Woimundl","id":24,"guid":154527265,"type":"Mage","server":"Blackhand","icon":"Mage-Frost","fights":[{"id":1},{"id":2},{"id":3},{"id":4},{"id":5},{"id":6},{"id":7}]},{"name":"Dopeasfuq","id":25,"guid":155376762,"type":"Druid","server":"Blackhand","icon":"Druid-Balance","fights":[{"id":1},{"id":2},{"id":3},{"id":4},{"id":5},{"id":6},{"id":7}]},{"name":"Veriko","id":61,"guid":154436590,"type":"Hunter","server":"Blackhand","icon":"Hunter-Marksmanship","fights":[{"id":2},{"id":3},{"id":4},{"id":5},{"id":6},{"id":7}]},{"name":"Kevscham","id":1,"guid":107227459,"type":"Shaman","server":"Blackhand","icon":"Shaman-Restoration","fights":[{"id":1},{"id":2},{"id":3},{"id":4},{"id":5},{"id":6},{"id":7}]},{"name":"Luckyxd","id":10,"guid":116674019,"type":"Mage","server":"Blackhand","icon":"Mage-Frost","fights":[{"id":1},{"id":2},{"id":3},{"id":4},{"id":5},{"id":6},{"id":7}]}],"enemies":[{"name":"Nathrian Gargon","id":95,"guid":173641,"type":"NPC","icon":"custom-icon-ability_druid_maul","fights":[{"id":4,"instances":2,"groups":1}]},{"name":"Moldovaak","id":46,"guid":168337,"type":"NPC","icon":"custom-icon-spell_druid_bloodythrash","fights":[{"id":1,"instances":1}]},{"name":"Shriekwing","id":64,"guid":164406,"type":"Boss","icon":"custom-icon-ability_ironmaidens_whirlofblood","fights":[{"id":2,"instances":1},{"id":3,"instances":1}]},{"name":"Kennel Overseer","id":98,"guid":174070,"type":"NPC","icon":"custom-icon-ability_hunter_runningshot","fights":[{"id":5,"instances":1,"groups":2}]},{"name":"Nathrian Ranger","id":85,"guid":174093,"type":"NPC","icon":"custom-icon-inv_misc_ammo_arrow_05","fights":[{"id":4,"instances":2,"groups":1}]},{"name":"Shade of Bargast","id":103,"guid":171557,"type":"NPC","icon":"custom-icon-ability_creature_cursed_03","fights":[{"id":6,"instances":2,"groups":1},{"id":7,"instances":4,"groups":1}]},{"name":"Caramain","id":40,"guid":173444,"type":"NPC","icon":"custom-icon-inv_misc_volatileearth","fights":[{"id":1,"instances":1}]},{"name":"Nathrian Tracker","id":90,"guid":173973,"type":"NPC","icon":"custom-icon-ability_hunter_traplauncher","fights":[{"id":4,"instances":1}]},{"name":"Vicious Gargon","id":96,"guid":174071,"type":"NPC","icon":"custom-icon-trade_archaeology_shark-jaws","fights":[{"id":5,"instances":4,"groups":1}]},{"name":"Sindrel","id":45,"guid":173445,"type":"NPC","icon":"custom-icon-inv_misc_volatileearth","fights":[{"id":1,"instances":1}]},{"name":"Nathrian Hawkeye","id":92,"guid":173189,"type":"NPC","icon":"custom-icon-ability_hunter_traplauncher","fights":[{"id":4,"instances":2,"groups":1}]},{"name":"Hulking Gargon","id":97,"guid":174069,"type":"NPC","icon":"custom-icon-inv_misc_foot_kodo","fights":[{"id":5,"instances":2,"groups":1}]},{"name":"Huntsman Altimor","id":99,"guid":165066,"type":"Boss","icon":"custom-icon-ability_hunter_runningshot","fights":[{"id":5,"instances":1},{"id":6,"instances":1},{"id":7,"instances":1}]},{"name":"Nathrian Gargon Rider","id":86,"guid":174092,"type":"NPC","icon":"custom-icon-inv_misc_ammo_arrow_05","fights":[{"id":4,"instances":2}]},{"name":"Ripped Soul","id":102,"guid":171577,"type":"NPC","icon":"custom-icon-ability_argus_soulburst","fights":[{"id":6,"instances":2},{"id":7,"instances":3}]},{"name":"Bargast","id":101,"guid":169457,"type":"Boss","icon":"custom-icon-ability_druid_markofursol","fights":[{"id":6,"instances":1},{"id":7,"instances":1}]},{"name":"Hargitas","id":21,"guid":173446,"type":"NPC","icon":"custom-icon-spell_druid_bloodythrash","fights":[{"id":1,"instances":1}]},{"name":"Dusty Widow","id":88,"guid":174141,"type":"NPC","icon":"NPC","fights":[{"id":4,"instances":9,"groups":2},{"id":7,"instances":3,"groups":1}]},{"name":"Margore","id":100,"guid":165067,"type":"Boss","icon":"custom-icon-spell_druid_bloodythrash","fights":[{"id":6,"instances":1},{"id":7,"instances":1}]},{"name":"Stinky Feedhauler","id":87,"guid":174338,"type":"NPC","icon":"custom-icon-ability_rogue_reinforcedleather","fights":[{"id":4,"instances":12,"groups":1}]},{"name":"Nathrian Soldier","id":94,"guid":173949,"type":"NPC","icon":"custom-icon-ability_revendreth_rogue","fights":[{"id":4,"instances":2,"groups":1}]},{"name":"Kennel Overseer","id":89,"guid":174336,"type":"NPC","icon":"custom-icon-ability_hunter_runningshot","fights":[{"id":4,"instances":1}]}],"friendlyPets":[{"name":"Rune Weapon","id":22,"guid":27893,"type":"Pet","icon":"abilities/inv_sword_07","petOwner":16,"fights":[{"id":1,"instances":1},{"id":2,"instances":1},{"id":3,"instances":3},{"id":4,"instances":1},{"id":6,"instances":1},{"id":7,"instances":2}]},{"name":"Darkglare","id":39,"guid":103673,"type":"Pet","icon":"abilities/inv_beholderwarlock","petOwner":18,"fights":[{"id":1,"instances":1},{"id":2,"instances":1},{"id":3,"instances":2},{"id":5,"instances":1},{"id":6,"instances":1},{"id":7,"instances":1}]},{"name":"Niuzao","id":73,"guid":73967,"type":"Pet","icon":"abilities/spell_monk_brewmaster_spec","petOwner":5,"fights":[{"id":2,"instances":1},{"id":3,"instances":2},{"id":4,"instances":1},{"id":6,"instances":1},{"id":7,"instances":1}]},{"name":"Darkglare","id":37,"guid":103673,"type":"Pet","icon":"abilities/inv_beholderwarlock","petOwner":23,"fights":[{"id":1,"instances":1},{"id":2,"instances":1},{"id":3,"instances":2},{"id":6,"instances":1},{"id":7,"instances":1}]},{"name":"Mirror Image","id":70,"guid":31216,"type":"Pet","icon":"abilities/spell_magic_managain","petOwner":24,"fights":[{"id":2,"instances":3},{"id":3,"instances":6},{"id":6,"instances":6},{"id":7,"instances":6}]},{"name":"Efflorescence","id":32,"guid":47649,"type":"Pet","icon":"abilities/inv_misc_herb_talandrasrose","petOwner":2,"fights":[{"id":1,"instances":3},{"id":2,"instances":1},{"id":3,"instances":13},{"id":4,"instances":2},{"id":5,"instances":1},{"id":6,"instances":2},{"id":7,"instances":6}]},{"name":"Dirtkeeper","id":12,"guid":35712211,"type":"Pet","icon":"abilities/spell_shadow_animatedead","petOwner":3,"fights":[{"id":1,"instances":1},{"id":2,"instances":1},{"id":3,"instances":1},{"id":4,"instances":1},{"id":5,"instances":1},{"id":6,"instances":1},{"id":7,"instances":1}]},{"name":"Piple","id":27,"guid":27176297,"type":"Pet","icon":"abilities/spell_warlock_summonimpoutland","petOwner":23,"fights":[{"id":1,"instances":1},{"id":2,"instances":1},{"id":3,"instances":1},{"id":4,"instances":1},{"id":5,"instances":1},{"id":6,"instances":1},{"id":7,"instances":1}]},{"name":"Healing Tide Totem","id":77,"guid":59764,"type":"Pet","icon":"abilities/ability_shaman_healingtide","petOwner":1,"fights":[{"id":3,"instances":1},{"id":6,"instances":1}]},{"name":"Capacitor Totem","id":108,"guid":61245,"type":"Pet","icon":"abilities/spell_nature_brilliance","petOwner":26,"fights":[{"id":7,"instances":1}]},{"name":"Mindbender","id":33,"guid":62982,"type":"Pet","icon":"abilities/spell_shadow_soulleech_3","petOwner":11,"fights":[{"id":1,"instances":2},{"id":2,"instances":1},{"id":3,"instances":3},{"id":4,"instances":1},{"id":5,"instances":1},{"id":6,"instances":2},{"id":7,"instances":3}]},{"name":"Mirror Image","id":107,"guid":31216,"type":"Pet","icon":"abilities/spell_magic_managain","petOwner":10,"fights":[{"id":7,"instances":3}]},{"name":"Risen Ghoul","id":19,"guid":26125,"type":"Pet","icon":"abilities/inv_pet_ghoul","petOwner":16,"fights":[{"id":1,"instances":1},{"id":2,"instances":1},{"id":3,"instances":3},{"id":4,"instances":1},{"id":6,"instances":2},{"id":7,"instances":2}]},{"name":"Chopep","id":67,"guid":62904369,"type":"Pet","icon":"abilities/spell_shadow_summonimp","petOwner":57,"fights":[{"id":2,"instances":1},{"id":3,"instances":1},{"id":4,"instances":1},{"id":5,"instances":1},{"id":6,"instances":1},{"id":7,"instances":1}]},{"name":"Mana Tide Totem","id":79,"guid":10467,"type":"Pet","icon":"abilities/spell_frost_summonwaterelemental","petOwner":1,"fights":[{"id":3,"instances":1},{"id":7,"instances":1}]},{"name":"Spirit Link Totem","id":81,"guid":53006,"type":"Pet","icon":"abilities/spell_shaman_spiritlink","petOwner":1,"fights":[{"id":3,"instances":1}]},{"name":"Army of the Dead","id":43,"guid":24207,"type":"Pet","icon":"abilities/artifactability_unholydeathknight_deathsembrace","petOwner":3,"fights":[{"id":1,"instances":4},{"id":2,"instances":12},{"id":3,"instances":20},{"id":4,"instances":4},{"id":5,"instances":4},{"id":6,"instances":8},{"id":7,"instances":4}]},{"name":"Windfury Totem","id":28,"guid":6112,"type":"Pet","icon":"abilities/spell_nature_windfury","petOwner":26,"fights":[{"id":1,"instances":4},{"id":2,"instances":1},{"id":3,"instances":6},{"id":5,"instances":1},{"id":6,"instances":2},{"id":7,"instances":7}]},{"name":"Healing Stream Totem","id":80,"guid":3527,"type":"Pet","icon":"abilities/inv_spear_04","petOwner":26,"fights":[{"id":3,"instances":1},{"id":6,"instances":1},{"id":7,"instances":1}]},{"name":"Bloodworm","id":35,"guid":99773,"type":"Pet","icon":"abilities/spell_shadow_soulleech","petOwner":16,"fights":[{"id":1,"instances":9},{"id":2,"instances":5},{"id":3,"instances":14}]},{"name":"Shadowfiend","id":74,"guid":19668,"type":"Pet","icon":"abilities/spell_shadow_shadowfiend","petOwner":29,"fights":[{"id":2,"instances":1},{"id":3,"instances":2},{"id":6,"instances":1},{"id":7,"instances":1}]},{"name":"Magus of the Dead","id":42,"guid":163366,"type":"Pet","icon":"abilities/artifactability_unholydeathknight_deathsembrace","petOwner":3,"fights":[{"id":1,"instances":1},{"id":2,"instances":2},{"id":3,"instances":4},{"id":4,"instances":1},{"id":5,"instances":1},{"id":6,"instances":2},{"id":7,"instances":1}]},{"name":"Capacitor Totem","id":93,"guid":61245,"type":"Pet","icon":"abilities/spell_nature_brilliance","petOwner":1,"fights":[{"id":4,"instances":1}]},{"name":"Darkglare","id":72,"guid":103673,"type":"Pet","icon":"abilities/inv_beholderwarlock","petOwner":57,"fights":[{"id":2,"instances":1},{"id":3,"instances":2},{"id":6,"instances":1},{"id":7,"instances":1}]},{"name":"Geltik","id":34,"guid":35799130,"type":"Pet","icon":"abilities/spell_shadow_summonimp","petOwner":18,"fights":[{"id":1,"instances":1},{"id":2,"instances":1},{"id":3,"instances":1},{"id":4,"instances":1},{"id":5,"instances":1},{"id":6,"instances":1},{"id":7,"instances":1}]},{"name":"Spirit Wolf","id":41,"guid":29264,"type":"Pet","icon":"abilities/spell_shaman_feralspirit","petOwner":26,"fights":[{"id":1,"instances":2},{"id":2,"instances":2},{"id":3,"instances":6},{"id":4,"instances":2},{"id":6,"instances":2},{"id":7,"instances":4}]},{"name":"Earthen Wall Totem","id":48,"guid":100943,"type":"Pet","icon":"abilities/spell_nature_stoneskintotem","petOwner":1,"fights":[{"id":1,"instances":1},{"id":2,"instances":1},{"id":3,"instances":5},{"id":4,"instances":1},{"id":5,"instances":1},{"id":6,"instances":2},{"id":7,"instances":3}]}],"enemyPets":[{"name":"Loyal Gargon","id":91,"guid":173953,"type":"Pet","icon":"custom-icon-spell_shadow_lifedrain","petOwner":90,"fights":[{"id":4,"instances":1}]}],"phases":[{"boss":2418,"phases":["Margore","Bargast","Hecutis"]},{"boss":2398,"phases":["Thirst for Blood","Terror of Castle Nathria"]}],"logVersion":16,"gameVersion":1,"title":"Castle Nathria","owner":"Feyv","start":1607538311630,"end":1607540770285,"zone":26,"exportedCharacters":[{"id":871578,"name":"Byronn","server":"Mal'Ganis","region":"EU"},{"id":51697523,"name":"Casic","server":"Blackhand","region":"EU"},{"id":50528806,"name":"Certom","server":"Blackhand","region":"EU"},{"id":42231416,"name":"Cinni","server":"Blackhand","region":"EU"},{"id":42432560,"name":"Dannypandari","server":"Blackhand","region":"EU"},{"id":41306307,"name":"Derbabu","server":"Blackhand","region":"EU"},{"id":53187061,"name":"Dopeasfuq","server":"Blackhand","region":"EU"},{"id":50750201,"name":"Fabiousjump","server":"Blackhand","region":"EU"},{"id":46685564,"name":"Feyv","server":"Blackhand","region":"EU"},{"id":51488224,"name":"Glazed","server":"Blackhand","region":"EU"},{"id":53791342,"name":"Hisôkâ","server":"Blackhand","region":"EU"},{"id":46417651,"name":"Jinxedlock","server":"Blackhand","region":"EU"},{"id":42559941,"name":"Kethrisdk","server":"Blackhand","region":"EU"},{"id":53791323,"name":"Kevscham","server":"Blackhand","region":"EU"},{"id":51150441,"name":"Licosap","server":"Blackhand","region":"EU"},{"id":40667640,"name":"Luckyxd","server":"Blackhand","region":"EU"},{"id":51942535,"name":"Miriána","server":"Blackhand","region":"EU"},{"id":49028463,"name":"Neih","server":"Blackhand","region":"EU"},{"id":42437261,"name":"Obsiris","server":"Blackhand","region":"EU"},{"id":44411128,"name":"Randyxo","server":"Blackhand","region":"EU"},{"id":49041905,"name":"Tainted","server":"Blackhand","region":"EU"},{"id":47760516,"name":"Tengâar","server":"Blackhand","region":"EU"},{"id":50690489,"name":"Tàbet","server":"Blackhand","region":"EU"},{"id":52388825,"name":"Veriko","server":"Blackhand","region":"EU"},{"id":52592363,"name":"Woimundl","server":"Blackhand","region":"EU"},{"id":10806828,"name":"Zubrix","server":"Blackhand","region":"EU"}]}