{"fights":[{"id":1,"boss":0,"start_time":169837,"end_time":246037,"name":"Eternal Sentry","zoneID":2481,"zoneName":"Sepulcher of the First Ones","zoneDifficulty":3},{"id":2,"boss":0,"start_time":406596,"end_time":440668,"name":"Eternal Sentry","zoneID":2481,"zoneName":"Sepulcher of the First Ones","zoneDifficulty":3},{"id":3,"boss":0,"start_time":537799,"end_time":574048,"name":"Ancient Shaper","zoneID":2481,"zoneName":"Sepulcher of the First Ones","zoneDifficulty":3},{"id":4,"boss":0,"start_time":625973,"end_time":674659,"name":"Eternal Sentry","zoneID":2481,"zoneName":"Sepulcher of the First Ones","zoneDifficulty":3},{"id":5,"boss":0,"start_time":689179,"end_time":722479,"name":"Eternal Sentry","zoneID":2481,"zoneName":"Sepulcher of the First Ones","zoneDifficulty":3},{"id":6,"boss":2512,"start_time":998448,"end_time":1435026,"name":"Vigilant Guardian","zoneID":2481,"zoneName":"Sepulcher of the First Ones","zoneDifficulty":3,"size":28,"difficulty":3,"kill":true,"partial":3,"inProgress":false,"bossPercentage":1,"fightPercentage":1,"lastPhaseAsAbsoluteIndex":0,"lastPhaseForPercentageDisplay":3,"maps":[2047]},{"id":7,"boss":0,"start_time":1464459,"end_time":1508770,"name":"Subjugator Zeltoth","zoneID":2481,"zoneName":"Sepulcher of the First Ones","zoneDifficulty":3},{"id":8,"boss":0,"start_time":1893213,"end_time":2127299,"name":"Taskmaster Xy'pro","zoneID":2481,"zoneName":"Sepulcher of the First Ones","zoneDifficulty":3},{"id":9,"boss":2542,"start_time":2368557,"end_time":2667123,"name":"Skolex, the Insatiable Ravener","zoneID":2481,"zoneName":"Sepulcher of the First Ones","zoneDifficulty":3,"size":28,"difficulty":3,"kill":true,"partial":3,"inProgress":false,"bossPercentage":1,"fightPercentage":1,"lastPhaseAsAbsoluteIndex":0,"lastPhaseForPercentageDisplay":0,"maps":[2061]},{"id":10,"boss":0,"start_time":2910343,"end_time":3011762,"name":"Manifestor Krugan","zoneID":2481,"zoneName":"Sepulcher of the First Ones","zoneDifficulty":3},{"id":11,"boss":0,"start_time":3039958,"end_time":3182431,"name":"Bound Realmbreaker","zoneID":2481,"zoneName":"Sepulcher of the First Ones","zoneDifficulty":3},{"id":12,"boss":0,"start_time":3211214,"end_time":3349997,"name":"Mawsworn Annihilator","zoneID":2481,"zoneName":"Sepulcher of the First Ones","zoneDifficulty":3},{"id":13,"boss":2540,"start_time":3529065,"end_time":3791510,"name":"Dausegne, the Fallen Oracle","zoneID":2481,"zoneName":"Sepulcher of the First Ones","zoneDifficulty":3,"size":28,"difficulty":3,"kill":true,"partial":3,"inProgress":false,"bossPercentage":1,"fightPercentage":1,"lastPhaseAsAbsoluteIndex":0,"lastPhaseForPercentageDisplay":0,"maps":[2048]},{"id":14,"boss":0,"start_time":3791749,"end_time":3799703,"name":"Domination Core","zoneID":2481,"zoneName":"Sepulcher of the First Ones","zoneDifficulty":3},{"id":15,"boss":0,"start_time":3843002,"end_time":3887207,"name":"Eternal Assembler","zoneID":2481,"zoneName":"Sepulcher of the First Ones","zoneDifficulty":3},{"id":16,"boss":0,"start_time":3914601,"end_time":3941504,"name":"Ancient Sentinel","zoneID":2481,"zoneName":"Sepulcher of the First Ones","zoneDifficulty":3},{"id":17,"boss":0,"start_time":3959914,"end_time":4061111,"name":"Colossal Realmcrafter","zoneID":2481,"zoneName":"Sepulcher of the First Ones","zoneDifficulty":3},{"id":18,"boss":0,"start_time":4125556,"end_time":4193803,"name":"Unmade Steward","zoneID":2481,"zoneName":"Sepulcher of the First Ones","zoneDifficulty":3},{"id":19,"boss":2544,"start_time":4807918,"end_time":4942168,"name":"Prototype Pantheon","zoneID":2481,"zoneName":"Sepulcher of the First Ones","zoneDifficulty":3,"size":28,"difficulty":3,"kill":false,"partial":3,"inProgress":false,"bossPercentage":6135,"fightPercentage":7449,"lastPhaseAsAbsoluteIndex":0,"lastPhaseForPercentageDisplay":1,"maps":[2049]},{"id":20,"boss":0,"start_time":4946073,"end_time":4946073,"name":"Unknown","zoneID":2481,"zoneName":"Sepulcher of the First Ones","zoneDifficulty":3},{"id":21,"boss":2544,"start_time":5056406,"end_time":5420759,"name":"Prototype Pantheon","zoneID":2481,"zoneName":"Sepulcher of the First Ones","zoneDifficulty":3,"size":28,"difficulty":3,"kill":true,"partial":3,"inProgress":false,"bossPercentage":1,"fightPercentage":0,"lastPhaseAsAbsoluteIndex":0,"lastPhaseForPercentageDisplay":3,"maps":[2049]},{"id":22,"boss":0,"start_time":5834050,"end_time":5961882,"name":"Sacred Matrix Automa","zoneID":2481,"zoneName":"Sepulcher of the First Ones","zoneDifficulty":3},{"id":23,"boss":2539,"start_time":6428477,"end_time":6603027,"name":"Lihuvim, Principal Architect","zoneID":2481,"zoneName":"Sepulcher of the First Ones","zoneDifficulty":3,"size":28,"difficulty":3,"kill":false,"partial":3,"inProgress":false,"bossPercentage":5358,"fightPercentage":5358,"lastPhaseAsAbsoluteIndex":0,"lastPhaseForPercentageDisplay":0,"maps":[2049]},{"id":24,"boss":2539,"start_time":6909915,"end_time":7123140,"name":"Lihuvim, Principal Architect","zoneID":2481,"zoneName":"Sepulcher of the First Ones","zoneDifficulty":3,"size":28,"difficulty":3,"kill":false,"partial":3,"inProgress":false,"bossPercentage":5360,"fightPercentage":5360,"lastPhaseAsAbsoluteIndex":0,"lastPhaseForPercentageDisplay":0,"maps":[2049]},{"id":25,"boss":2539,"start_time":7401454,"end_time":7780477,"name":"Lihuvim, Principal Architect","zoneID":2481,"zoneName":"Sepulcher of the First Ones","zoneDifficulty":3,"size":28,"difficulty":3,"kill":true,"partial":3,"inProgress":false,"bossPercentage":1,"fightPercentage":1,"lastPhaseAsAbsoluteIndex":0,"lastPhaseForPercentageDisplay":0,"maps":[2049]},{"id":26,"boss":0,"start_time":7967003,"end_time":8119482,"name":"Taskmaster Xy'pro","zoneID":2481,"zoneName":"Sepulcher of the First Ones","zoneDifficulty":3},{"id":27,"boss":2553,"start_time":8402424,"end_time":8529347,"name":"Artificer Xy'mox","zoneID":2481,"zoneName":"Sepulcher of the First Ones","zoneDifficulty":3,"size":28,"difficulty":3,"kill":false,"partial":3,"inProgress":false,"bossPercentage":7536,"fightPercentage":7536,"lastPhaseAsAbsoluteIndex":0,"lastPhaseForPercentageDisplay":1,"maps":[2061]},{"id":28,"boss":2553,"start_time":8747948,"end_time":8964356,"name":"Artificer Xy'mox","zoneID":2481,"zoneName":"Sepulcher of the First Ones","zoneDifficulty":3,"size":28,"difficulty":3,"kill":false,"partial":3,"inProgress":false,"bossPercentage":6246,"fightPercentage":6246,"lastPhaseAsAbsoluteIndex":0,"lastPhaseForPercentageDisplay":1,"maps":[2061]},{"id":29,"boss":2553,"start_time":9086451,"end_time":9577151,"name":"Artificer Xy'mox","zoneID":2481,"zoneName":"Sepulcher of the First Ones","zoneDifficulty":3,"size":28,"difficulty":3,"kill":false,"partial":3,"inProgress":false,"bossPercentage":1976,"fightPercentage":1976,"lastPhaseAsAbsoluteIndex":0,"lastPhaseForPercentageDisplay":1,"maps":[2061]}],"lang":"en","friendlies":[{"name":"Bunnyhopp","id":1,"guid":175522229,"type":"Druid","server":"EchoIsles","icon":"Druid-Restoration","fights":[{"id":1},{"id":2},{"id":3},{"id":4},{"id":5},{"id":6},{"id":7},{"id":8},{"id":9},{"id":10},{"id":11},{"id":12},{"id":13},{"id":14},{"id":15},{"id":16},{"id":17},{"id":18},{"id":19},{"id":20},{"id":21},{"id":22},{"id":23},{"id":24},{"id":25},{"id":26},{"id":27},{"id":28},{"id":29}]},{"name":"Lihuvim","id":220,"guid":184901,"type":"NPC","icon":"custom-icon-spell_progenitor_buff.jpg","fights":[{"id":18,"instances":1,"groups":2}]},{"name":"Volannis","id":10,"guid":28466294,"type":"Druid","server":"Draenor","icon":"Druid-Restoration","fights":[{"id":1},{"id":2},{"id":3},{"id":4},{"id":5},{"id":6},{"id":7},{"id":8},{"id":9},{"id":10},{"id":11},{"id":12},{"id":13},{"id":14},{"id":15},{"id":16},{"id":17},{"id":18},{"id":19},{"id":20},{"id":21},{"id":22},{"id":23},{"id":24},{"id":25},{"id":26},{"id":27},{"id":28},{"id":29}]},{"name":"Syladen","id":22,"guid":90948542,"type":"Priest","server":"EchoIsles","icon":"Priest-Holy","fights":[{"id":1},{"id":2},{"id":3},{"id":4},{"id":5},{"id":6},{"id":7},{"id":8},{"id":9},{"id":10},{"id":11},{"id":12},{"id":13},{"id":14},{"id":15},{"id":16},{"id":17},{"id":18},{"id":19},{"id":20},{"id":21},{"id":22},{"id":23},{"id":24},{"id":25},{"id":26},{"id":27},{"id":28},{"id":29}]},{"name":"Kostazen","id":28,"guid":130555089,"type":"Monk","server":"Draenor","icon":"Monk-Windwalker","fights":[{"id":2},{"id":3},{"id":4},{"id":5},{"id":6},{"id":7},{"id":8},{"id":9},{"id":10},{"id":11},{"id":12},{"id":13},{"id":14},{"id":15},{"id":16},{"id":17},{"id":18},{"id":19},{"id":20},{"id":21},{"id":22},{"id":23},{"id":24},{"id":25},{"id":26},{"id":27},{"id":28},{"id":29}]},{"name":"Ramus","id":25,"guid":116158501,"type":"Hunter","server":"Draenor","icon":"Hunter-BeastMastery","fights":[{"id":1},{"id":2},{"id":3},{"id":4},{"id":5},{"id":6},{"id":7},{"id":8},{"id":9},{"id":10},{"id":11},{"id":12},{"id":13},{"id":14},{"id":15},{"id":16},{"id":17},{"id":18},{"id":19},{"id":20},{"id":21},{"id":22},{"id":23},{"id":24},{"id":25},{"id":26},{"id":27},{"id":28},{"id":29}]},{"name":"Sangoma","id":15,"guid":145697812,"type":"Shaman","server":"Draenor","icon":"Shaman-Enhancement","fights":[{"id":1},{"id":2},{"id":3},{"id":4},{"id":5},{"id":6},{"id":7},{"id":8},{"id":9},{"id":10},{"id":11},{"id":12},{"id":13},{"id":14},{"id":15},{"id":16},{"id":17},{"id":18},{"id":19},{"id":20},{"id":21},{"id":22},{"id":23},{"id":24},{"id":25},{"id":26},{"id":27},{"id":28},{"id":29}]},{"name":"Vahldr","id":67,"guid":175558262,"type":"Warrior","server":"Draenor","icon":"Warrior-Arms","fights":[{"id":2},{"id":3},{"id":4},{"id":5},{"id":6},{"id":7},{"id":8},{"id":9},{"id":10},{"id":11},{"id":12},{"id":13},{"id":14},{"id":15},{"id":16},{"id":17},{"id":18},{"id":19},{"id":20},{"id":21},{"id":22},{"id":23},{"id":24},{"id":25},{"id":26},{"id":27},{"id":28},{"id":29}]},{"name":"Zhia","id":56,"guid":90732397,"type":"Mage","server":"EchoIsles","icon":"Mage-Fire","fights":[{"id":2},{"id":3},{"id":4},{"id":6},{"id":7},{"id":8},{"id":9},{"id":10},{"id":11},{"id":12},{"id":13},{"id":14},{"id":15},{"id":16},{"id":17},{"id":18},{"id":19},{"id":21},{"id":22},{"id":23},{"id":24},{"id":25},{"id":26},{"id":27},{"id":28},{"id":29}]},{"name":"Thrall","id":139,"guid":184599,"type":"NPC","icon":"custom-icon-spell_nature_chainlightning.jpg","fights":[{"id":7,"instances":1}]},{"name":"Hymir","id":2,"guid":175757315,"type":"Rogue","server":"EchoIsles","icon":"Rogue","fights":[{"id":1},{"id":2},{"id":3},{"id":4},{"id":5},{"id":6},{"id":7},{"id":8},{"id":9},{"id":10},{"id":11},{"id":12},{"id":13},{"id":14},{"id":15},{"id":16},{"id":17},{"id":18},{"id":19},{"id":20},{"id":21},{"id":22},{"id":23},{"id":24},{"id":25},{"id":26},{"id":27},{"id":28},{"id":29}]},{"name":"Sunil","id":13,"guid":93600433,"type":"Priest","server":"EchoIsles","icon":"Priest","fights":[{"id":2},{"id":3},{"id":4},{"id":5},{"id":6},{"id":7},{"id":8},{"id":9},{"id":10},{"id":11},{"id":12},{"id":13},{"id":14},{"id":15},{"id":16},{"id":17},{"id":18},{"id":19},{"id":21},{"id":22},{"id":23},{"id":24},{"id":25},{"id":26},{"id":27},{"id":28},{"id":29}]},{"name":"Spectral Feline","id":168,"guid":180016,"type":"Pet","icon":"abilities/trade_engineering.jpg","fights":[{"id":9,"instances":1}]},{"name":"Fearblade","id":6,"guid":175521116,"type":"DemonHunter","server":"EchoIsles","icon":"DemonHunter-Havoc","fights":[{"id":1},{"id":2},{"id":3},{"id":4},{"id":5},{"id":6},{"id":7},{"id":8},{"id":9},{"id":10},{"id":11},{"id":12},{"id":13},{"id":14},{"id":15},{"id":16},{"id":17},{"id":18},{"id":19},{"id":20},{"id":21},{"id":22},{"id":23},{"id":24},{"id":25},{"id":26},{"id":27},{"id":28},{"id":29}]},{"name":"Sarrges","id":35,"guid":175522220,"type":"Hunter","server":"Draenor","icon":"Hunter-BeastMastery","fights":[{"id":1},{"id":2},{"id":3},{"id":4},{"id":5},{"id":6},{"id":7},{"id":8},{"id":9},{"id":10},{"id":11},{"id":12},{"id":13},{"id":14},{"id":15},{"id":16},{"id":17},{"id":18},{"id":19},{"id":21},{"id":22},{"id":23},{"id":24},{"id":25},{"id":26},{"id":27},{"id":28},{"id":29}]},{"name":"Withering Seed","id":240,"guid":182822,"type":"NPC","icon":"custom-icon-ability_ardenweald_mage.jpg","fights":[{"id":21,"instances":4,"groups":2}]},{"name":"Aelless","id":42,"guid":148870041,"type":"Warlock","server":"EchoIsles","icon":"Warlock-Demonology","fights":[{"id":1},{"id":2},{"id":3},{"id":4},{"id":5},{"id":6},{"id":7},{"id":8},{"id":9},{"id":11},{"id":12},{"id":13},{"id":14},{"id":15},{"id":16},{"id":17},{"id":18},{"id":19},{"id":20},{"id":21},{"id":22},{"id":23},{"id":24},{"id":25},{"id":26},{"id":27},{"id":28},{"id":29}]},{"name":"Indigo","id":63,"guid":93597154,"type":"Shaman","server":"EchoIsles","icon":"Shaman-Restoration","fights":[{"id":2},{"id":3},{"id":4},{"id":5},{"id":6},{"id":7},{"id":8},{"id":9},{"id":10},{"id":11},{"id":12},{"id":13},{"id":14},{"id":15},{"id":16},{"id":17},{"id":18},{"id":19},{"id":20},{"id":21},{"id":22},{"id":23},{"id":24},{"id":25},{"id":26},{"id":27},{"id":28},{"id":29}]},{"name":"Lazraar","id":21,"guid":143757880,"type":"Shaman","server":"Draenor","icon":"Shaman-Enhancement","fights":[{"id":2},{"id":3},{"id":4},{"id":5},{"id":6},{"id":7},{"id":8},{"id":9},{"id":10},{"id":11},{"id":12},{"id":13},{"id":14},{"id":15},{"id":16},{"id":17},{"id":18},{"id":19},{"id":20},{"id":21},{"id":22},{"id":23},{"id":24},{"id":25},{"id":26},{"id":27},{"id":28},{"id":29}]},{"name":"Natsuu","id":19,"guid":175521090,"type":"Hunter","server":"EchoIsles","icon":"Hunter-Survival","fights":[{"id":1},{"id":2},{"id":3},{"id":4},{"id":5},{"id":6},{"id":7},{"id":8},{"id":9},{"id":10},{"id":11},{"id":12},{"id":13},{"id":14},{"id":15},{"id":16},{"id":17},{"id":18},{"id":19},{"id":20},{"id":21},{"id":22},{"id":23},{"id":24},{"id":25},{"id":26},{"id":27},{"id":28},{"id":29}]},{"name":"Ezshaman","id":27,"guid":116449316,"type":"Shaman","server":"Draenor","icon":"Shaman-Restoration","fights":[{"id":1},{"id":2},{"id":3},{"id":4},{"id":5},{"id":6},{"id":7},{"id":8},{"id":9},{"id":10},{"id":11},{"id":12},{"id":13},{"id":14},{"id":15},{"id":16},{"id":17},{"id":18},{"id":19},{"id":20},{"id":21},{"id":22},{"id":23},{"id":24},{"id":25},{"id":26},{"id":27},{"id":28},{"id":29}]},{"name":"Kirajoy","id":4,"guid":97141402,"type":"Warlock","server":"EchoIsles","icon":"Warlock-Destruction","fights":[{"id":2},{"id":3},{"id":4},{"id":5},{"id":6},{"id":7},{"id":8},{"id":9},{"id":10},{"id":11},{"id":12},{"id":13},{"id":14},{"id":15},{"id":16},{"id":17},{"id":18},{"id":19},{"id":20},{"id":21},{"id":22},{"id":23},{"id":24},{"id":25},{"id":26},{"id":27},{"id":28},{"id":29}]},{"name":"Tzulari","id":14,"guid":90535104,"type":"Druid","server":"EchoIsles","icon":"Druid-Balance","fights":[{"id":2},{"id":3},{"id":4},{"id":5},{"id":6},{"id":7},{"id":8},{"id":9},{"id":10},{"id":11},{"id":12},{"id":13},{"id":14},{"id":15},{"id":16},{"id":17},{"id":18},{"id":19},{"id":20},{"id":21},{"id":22},{"id":23},{"id":24},{"id":25},{"id":26},{"id":27},{"id":28},{"id":29}]},{"name":"Beamis","id":3,"guid":150872644,"type":"Rogue","server":"Draenor","icon":"Rogue","fights":[{"id":1},{"id":2},{"id":6},{"id":8},{"id":9},{"id":10},{"id":11},{"id":12},{"id":13},{"id":14},{"id":15},{"id":16},{"id":17},{"id":18},{"id":19},{"id":20},{"id":21},{"id":22},{"id":23},{"id":24},{"id":25},{"id":26},{"id":27},{"id":28},{"id":29}]},{"name":"Wreckshop","id":11,"guid":93359856,"type":"DeathKnight","server":"EchoIsles","icon":"DeathKnight-Unholy","fights":[{"id":1},{"id":2},{"id":3},{"id":4},{"id":5},{"id":6},{"id":7},{"id":8},{"id":9},{"id":10},{"id":11},{"id":12},{"id":13},{"id":14},{"id":15},{"id":16},{"id":17},{"id":18},{"id":19},{"id":20},{"id":21},{"id":22},{"id":23},{"id":24},{"id":25},{"id":26},{"id":27},{"id":28},{"id":29}]},{"name":"Sylvanas Windrunner","id":138,"guid":184605,"type":"NPC","icon":"custom-icon-ui_darkshore_warfront_horde_banshee.jpg","fights":[{"id":7,"instances":1}]},{"name":"Gooberoopsy","id":36,"guid":176397226,"type":"Paladin","server":"EchoIsles","icon":"Paladin-Protection","fights":[{"id":1},{"id":2},{"id":3},{"id":4},{"id":5},{"id":6},{"id":7},{"id":8},{"id":9},{"id":10},{"id":11},{"id":12},{"id":13},{"id":14},{"id":15},{"id":16},{"id":17},{"id":18},{"id":19},{"id":21},{"id":22},{"id":23},{"id":24},{"id":25},{"id":26},{"id":27},{"id":28},{"id":29}]},{"name":"Severs","id":17,"guid":104470793,"type":"Warrior","server":"Draenor","icon":"Warrior-Arms","fights":[{"id":1},{"id":2},{"id":3},{"id":4},{"id":5},{"id":6},{"id":7},{"id":8},{"id":9},{"id":10},{"id":11},{"id":12},{"id":13},{"id":14},{"id":15},{"id":16},{"id":17},{"id":18},{"id":19},{"id":21},{"id":22},{"id":23},{"id":24},{"id":25},{"id":26},{"id":27},{"id":28},{"id":29}]},{"name":"Naturan","id":24,"guid":93597668,"type":"Druid","server":"EchoIsles","icon":"Druid-Guardian","fights":[{"id":3},{"id":4},{"id":5},{"id":6},{"id":7},{"id":8},{"id":9},{"id":10},{"id":11},{"id":12},{"id":13},{"id":14},{"id":15},{"id":16},{"id":17},{"id":18},{"id":19},{"id":20},{"id":21},{"id":22},{"id":23},{"id":24},{"id":25},{"id":26},{"id":27},{"id":28},{"id":29}]},{"name":"Lady Jaina Proudmoore","id":147,"guid":184597,"type":"NPC","icon":"custom-icon-ability_mage_freeze.jpg","fights":[{"id":7,"instances":1,"groups":2}]},{"name":"Arcanfrost","id":8,"guid":175521559,"type":"Mage","server":"Draenor","icon":"Mage-Frost","fights":[{"id":1},{"id":2},{"id":3},{"id":4},{"id":5},{"id":6},{"id":7},{"id":8},{"id":9},{"id":10},{"id":11},{"id":12},{"id":13},{"id":14},{"id":15},{"id":16},{"id":17},{"id":18},{"id":19},{"id":20},{"id":21},{"id":22},{"id":23},{"id":24},{"id":25},{"id":26},{"id":27},{"id":28},{"id":29}]},{"name":"Dahlsim","id":5,"guid":129771903,"type":"Shaman","server":"Draenor","icon":"Shaman","fights":[{"id":1},{"id":2},{"id":3},{"id":4},{"id":5},{"id":6},{"id":7},{"id":8},{"id":9},{"id":10},{"id":11},{"id":12},{"id":13},{"id":14},{"id":15},{"id":16},{"id":17},{"id":18},{"id":19},{"id":20},{"id":21},{"id":22},{"id":23},{"id":24},{"id":25},{"id":26},{"id":27},{"id":28},{"id":29}]},{"name":"Ellyassania","id":9,"guid":146245868,"type":"Hunter","server":"Draenor","icon":"Hunter-BeastMastery","fights":[{"id":1},{"id":2},{"id":3},{"id":4},{"id":5},{"id":6},{"id":7},{"id":8},{"id":9},{"id":10},{"id":11},{"id":12},{"id":13},{"id":14},{"id":15},{"id":16},{"id":17},{"id":18},{"id":19},{"id":21},{"id":22},{"id":23},{"id":24},{"id":25},{"id":26},{"id":27},{"id":28},{"id":29}]},{"name":"Uther the Lightbringer","id":146,"guid":185145,"type":"NPC","icon":"custom-icon-spell_holy_powerwordshield.jpg","fights":[{"id":7,"instances":1}]},{"name":"Caras","id":57,"guid":145215683,"type":"Warlock","server":"EchoIsles","icon":"Warlock-Demonology","fights":[{"id":2},{"id":3},{"id":4},{"id":5},{"id":6},{"id":7},{"id":8},{"id":9},{"id":10},{"id":11},{"id":12},{"id":13},{"id":14},{"id":15},{"id":16},{"id":17},{"id":18},{"id":19},{"id":20},{"id":21},{"id":22},{"id":23},{"id":24},{"id":25},{"id":26},{"id":27},{"id":28},{"id":29}]}],"enemies":[{"name":"Dominated Eradicator","id":172,"guid":185347,"type":"NPC","icon":"custom-icon-spell_animamaw_orb.jpg","fights":[{"id":10,"instances":40,"groups":1}]},{"name":"Automated Eliminator","id":70,"guid":184539,"type":"NPC","icon":"custom-icon-spell_progenitor_missile.jpg","fights":[{"id":2,"instances":4,"groups":1},{"id":3,"instances":4,"groups":1},{"id":5,"instances":4,"groups":1}]},{"name":"Subjugator Zeltoth","id":142,"guid":184651,"type":"NPC","icon":"custom-icon-spell_animamaw_groundstate.jpg","fights":[{"id":7,"instances":1}]},{"name":"Point Defense Drone","id":117,"guid":181856,"type":"NPC","icon":"custom-icon-inv_enchant_essencecosmicgreater.jpg","fights":[{"id":6,"instances":10,"groups":4}]},{"name":"Dominated Disrupter","id":189,"guid":184880,"type":"NPC","icon":"custom-icon-spell_animamaw_nova.jpg","fights":[{"id":11,"instances":2,"groups":4}]},{"name":"Sentry","id":260,"guid":184540,"type":"NPC","icon":"custom-icon-spell_progenitor_missile.jpg","fights":[{"id":22,"instances":1,"groups":0},{"id":23,"instances":3,"groups":1},{"id":24,"instances":5,"groups":1},{"id":25,"instances":3,"groups":2}]},{"name":"Eternal Forger","id":177,"guid":184878,"type":"NPC","icon":"custom-icon-spell_arcane_arcanetorrent.jpg","fights":[{"id":10,"instances":1,"groups":1},{"id":11,"instances":1,"groups":3},{"id":12,"instances":1,"groups":1}]},{"name":"Acquisitions Automa","id":247,"guid":184737,"type":"NPC","icon":"custom-icon-spell_progenitor_areadenial.jpg","fights":[{"id":22,"instances":2,"groups":1}]},{"name":"Unstable Core","id":123,"guid":182102,"type":"NPC","icon":"custom-icon-inv_gizmo_khoriumpowercore.jpg","fights":[{"id":6,"instances":3,"groups":2}]},{"name":"Foul Controller","id":162,"guid":185537,"type":"NPC","icon":"custom-icon-spell_shadow_devouringplague.jpg","fights":[{"id":8,"instances":3,"groups":2}]},{"name":"Dominated Eradicator","id":178,"guid":184879,"type":"NPC","icon":"custom-icon-spell_arcane_arcanetorrent.jpg","fights":[{"id":10,"instances":1,"groups":1},{"id":11,"instances":1,"groups":2},{"id":12,"instances":1,"groups":1}]},{"name":"Gnarled Skitter","id":150,"guid":184961,"type":"NPC","icon":"NPC","fights":[{"id":8,"instances":16,"groups":1}]},{"name":"Necrotic Ritualist","id":233,"guid":182045,"type":"NPC","icon":"custom-icon-ability_warlock_cremation.jpg","fights":[{"id":19,"instances":8,"groups":2},{"id":21,"instances":8,"groups":2}]},{"name":"Sentry","id":250,"guid":184540,"type":"NPC","icon":"custom-icon-spell_progenitor_missile.jpg","fights":[{"id":22,"instances":7,"groups":1},{"id":23,"instances":1,"groups":0},{"id":24,"instances":1,"groups":0},{"id":25,"instances":1,"groups":0}]},{"name":"Foul Gorger","id":151,"guid":183496,"type":"NPC","icon":"custom-icon-warlock_curse_shadow.jpg","fights":[{"id":8,"instances":5,"groups":4}]},{"name":"Dausegne","id":208,"guid":181224,"type":"Boss","icon":"custom-icon-spell_animamaw_groundstate.jpg","fights":[{"id":13,"instances":1},{"id":14,"instances":1}]},{"name":"Wild Stampede","id":241,"guid":183421,"type":"NPC","icon":"custom-icon-spell_druid_wildcharge.jpg","fights":[{"id":21,"instances":2,"groups":3}]},{"name":"Prototype of Absolution","id":239,"guid":181548,"type":"Boss","icon":"custom-icon-inv_artifact_powerofthedarkside.jpg","fights":[{"id":21,"instances":1}]},{"name":"Manifestor Krugan","id":173,"guid":185363,"type":"NPC","icon":"custom-icon-ability_demonhunter_shatteredsouls.jpg","fights":[{"id":10,"instances":1}]},{"name":"Ancient Shaper","id":91,"guid":184954,"type":"NPC","icon":"custom-icon-spell_progenitor_buff.jpg","fights":[{"id":3,"instances":1},{"id":4,"instances":1}]},{"name":"Gnarled Scavenger","id":152,"guid":184962,"type":"NPC","icon":"custom-icon-inv_devourerswarmer_dark.jpg","fights":[{"id":8,"instances":7,"groups":2}]},{"name":"Domination Core","id":213,"guid":181244,"type":"NPC","icon":"custom-icon-spell_broker_nova.jpg","fights":[{"id":13,"instances":3,"groups":6},{"id":14,"instances":3,"groups":1}]},{"name":"Dominated Shaper","id":143,"guid":184742,"type":"NPC","icon":"custom-icon-spell_progenitor_nova.jpg","fights":[{"id":7,"instances":2,"groups":1}]},{"name":"Thieveing Agent","id":160,"guid":183500,"type":"NPC","icon":"custom-icon-spell_broker_nova.jpg","fights":[{"id":26,"instances":5,"groups":2}]},{"name":"Volatile Materium","id":113,"guid":181859,"type":"NPC","icon":"NPC","fights":[{"id":6,"instances":20,"groups":5}]},{"name":"Unmade Steward","id":222,"guid":185610,"type":"NPC","icon":"NPC","fights":[{"id":18,"instances":18,"groups":1}]},{"name":"Prototype of Renewal","id":238,"guid":181546,"type":"Boss","icon":"custom-icon-spell_animaardenweald_missile.jpg","fights":[{"id":21,"instances":1}]},{"name":"Dominated Eradicator","id":182,"guid":185346,"type":"NPC","icon":"custom-icon-spell_animamaw_missile.jpg","fights":[{"id":10,"instances":3,"groups":3},{"id":11,"instances":5,"groups":4}]},{"name":"Pre-Fabricated Sentry","id":118,"guid":181850,"type":"NPC","icon":"custom-icon-spell_holy_harmundeadaura.jpg","fights":[{"id":6,"instances":3,"groups":4}]},{"name":"Mawsworn Annihilator","id":203,"guid":183439,"type":"NPC","icon":"NPC","fights":[{"id":12,"instances":1}]},{"name":"Xy Acolyte","id":281,"guid":184140,"type":"NPC","icon":"NPC","fights":[{"id":27,"instances":1,"groups":1},{"id":28,"instances":1,"groups":1},{"id":29,"instances":2,"groups":1}]},{"name":"Eternal Forger","id":193,"guid":183396,"type":"NPC","icon":"NPC","fights":[{"id":11,"instances":1}]},{"name":"Ancient Sentinel","id":219,"guid":183398,"type":"NPC","icon":"custom-icon-spell_progenitor_missile.jpg","fights":[{"id":15,"instances":2,"groups":1},{"id":16,"instances":2,"groups":1},{"id":17,"instances":4,"groups":1}]},{"name":"Acquisitions Automa","id":257,"guid":182074,"type":"NPC","icon":"custom-icon-spell_progenitor_areadenial.jpg","fights":[{"id":23,"instances":1},{"id":24,"instances":1}]},{"name":"Vigilant Guardian","id":112,"guid":180773,"type":"Boss","icon":"custom-icon-inv_achievement_raid_progenitorraid_progenitor_defensewall_boss.jpg","fights":[{"id":6,"instances":1}]},{"name":"Ebon Dominator","id":202,"guid":183432,"type":"NPC","icon":"NPC","fights":[{"id":12,"instances":2,"groups":1}]},{"name":"Chainbound Construct","id":198,"guid":183438,"type":"NPC","icon":"custom-icon-inv_shoulder_armor_maw_c_14.jpg","fights":[{"id":11,"instances":2,"groups":6},{"id":12,"instances":2,"groups":4}]},{"name":"Lihuvim","id":252,"guid":182169,"type":"Boss","icon":"custom-icon-spell_progenitor_nova.jpg","fights":[{"id":23,"instances":1},{"id":24,"instances":1},{"id":25,"instances":1}]},{"name":"Pinning Weapon","id":237,"guid":183409,"type":"NPC","icon":"custom-icon-inv_staff_2h_progenitorraid_d_03.jpg","fights":[{"id":19,"instances":4,"groups":1},{"id":21,"instances":8,"groups":2}]},{"name":"Sacred Matrix Automa","id":246,"guid":184734,"type":"NPC","icon":"custom-icon-spell_progenitor_debuff.jpg","fights":[{"id":22,"instances":1}]},{"name":"Colossal Realmcrafter","id":188,"guid":183406,"type":"NPC","icon":"custom-icon-spell_progenitor_debuff.jpg","fights":[{"id":11,"instances":3,"groups":5},{"id":17,"instances":1,"groups":1}]},{"name":"Dominated Saboteur","id":184,"guid":185574,"type":"NPC","icon":"custom-icon-spell_animamaw_orb.jpg","fights":[{"id":10,"instances":1},{"id":11,"instances":1}]},{"name":"Foul Controller","id":153,"guid":183497,"type":"NPC","icon":"custom-icon-spell_shadow_devouringplague.jpg","fights":[{"id":8,"instances":1}]},{"name":"Ossein Ritual","id":234,"guid":182144,"type":"NPC","icon":"custom-icon-inv_misc_bone_humanskull_01.jpg","fights":[{"id":19,"instances":2,"groups":2},{"id":21,"instances":2,"groups":3}]},{"name":"Eternal Forger","id":197,"guid":185398,"type":"NPC","icon":"custom-icon-spell_arcane_arcanetorrent.jpg","fights":[{"id":11,"instances":1},{"id":12,"instances":1},{"id":14,"instances":1}]},{"name":"Dominated Saboteur","id":175,"guid":183412,"type":"NPC","icon":"NPC","fights":[{"id":10,"instances":3,"groups":1}]},{"name":"Volatile Sentry","id":273,"guid":185008,"type":"NPC","icon":"NPC","fights":[{"id":26,"instances":4,"groups":2}]},{"name":"Prototype of Duty","id":221,"guid":181551,"type":"Boss","icon":"custom-icon-inv_icon_wing06b.jpg","fights":[{"id":19,"instances":1,"groups":1},{"id":21,"instances":1,"groups":2}]},{"name":"Protoform Schematic","id":256,"guid":183745,"type":"NPC","icon":"custom-icon-inv_progenitor_runevessel.jpg","fights":[{"id":23,"instances":1},{"id":24,"instances":1},{"id":25,"instances":2}]},{"name":"Vigilant Custodian","id":109,"guid":184522,"type":"NPC","icon":"custom-icon-sha_ability_mage_firestarter_nightmare.jpg","fights":[{"id":6,"instances":1}]},{"name":"Ebon Chainguard","id":199,"guid":183429,"type":"NPC","icon":"NPC","fights":[{"id":11,"instances":4}]},{"name":"Twisted Worldeater","id":161,"guid":183495,"type":"NPC","icon":"custom-icon-spell_shadow_demonicempathy.jpg","fights":[{"id":8,"instances":1}]},{"name":"Artificer Xy'mox","id":275,"guid":183501,"type":"Boss","icon":"custom-icon-spell_progenitor_nova.jpg","fights":[{"id":27,"instances":1},{"id":28,"instances":1},{"id":29,"instances":1}]},{"name":"Skolex","id":164,"guid":181395,"type":"Boss","icon":"custom-icon-ability_butcher_whirl.jpg","fights":[{"id":9,"instances":1}]},{"name":"Hired Muscle","id":158,"guid":183499,"type":"NPC","icon":"custom-icon-inv_knife_1h_broker_c_01.jpg","fights":[{"id":26,"instances":5,"groups":2}]},{"name":"Xy Acolyte","id":278,"guid":184140,"type":"NPC","icon":"custom-icon-spell_broker_beam.jpg","fights":[{"id":27,"instances":1,"groups":1},{"id":28,"instances":1,"groups":2},{"id":29,"instances":2,"groups":4}]},{"name":"Illicit Collector","id":157,"guid":183498,"type":"NPC","icon":"custom-icon-spell_broker_groundstate.jpg","fights":[{"id":26,"instances":8,"groups":1}]},{"name":"Hand of Destruction","id":243,"guid":183149,"type":"NPC","icon":"custom-icon-spell_shadow_unholystrength.jpg","fights":[{"id":21,"instances":1}]},{"name":"Guardian Automa","id":249,"guid":184738,"type":"NPC","icon":"custom-icon-spell_progenitor_orb2.jpg","fights":[{"id":22,"instances":2,"groups":1}]},{"name":"Xy Spellslinger","id":279,"guid":183707,"type":"NPC","icon":"custom-icon-spell_broker_beam.jpg","fights":[{"id":27,"instances":2,"groups":1},{"id":28,"instances":3,"groups":1},{"id":29,"instances":6,"groups":2}]},{"name":"Hyperlight Reinforcer","id":277,"guid":184119,"type":"NPC","icon":"custom-icon-spell_broker_missile.jpg","fights":[{"id":29,"instances":2}]},{"name":"Eternal Forger","id":190,"guid":185396,"type":"NPC","icon":"custom-icon-spell_arcane_arcanetorrent.jpg","fights":[{"id":11,"instances":1},{"id":12,"instances":1},{"id":14,"instances":1},{"id":15,"instances":1}]},{"name":"Dominated Eradicator","id":183,"guid":185395,"type":"NPC","icon":"custom-icon-spell_arcane_arcanetorrent.jpg","fights":[{"id":10,"instances":1},{"id":11,"instances":1},{"id":12,"instances":1}]},{"name":"Automated Defense Matrix","id":119,"guid":183992,"type":"NPC","icon":"custom-icon-ability_vehicle_shellshieldgenerator.jpg","fights":[{"id":6,"instances":3,"groups":5}]},{"name":"Hyperlight Reinforcer","id":276,"guid":184146,"type":"NPC","icon":"custom-icon-spell_broker_missile.jpg","fights":[{"id":29,"instances":7}]},{"name":"Dominated Eradicator","id":191,"guid":185399,"type":"NPC","icon":"custom-icon-spell_arcane_arcanetorrent.jpg","fights":[{"id":11,"instances":1},{"id":12,"instances":1},{"id":14,"instances":1}]},{"name":"Pre-Fabricated Sentry","id":120,"guid":182311,"type":"NPC","icon":"custom-icon-sha_ability_mage_firestarter_nightmare.jpg","fights":[{"id":6,"instances":3,"groups":4}]},{"name":"Wild Stampede","id":242,"guid":182664,"type":"NPC","icon":"custom-icon-spell_druid_wildcharge.jpg","fights":[{"id":21,"instances":2}]},{"name":"Guardian Automa","id":258,"guid":182071,"type":"NPC","icon":"custom-icon-spell_progenitor_orb2.jpg","fights":[{"id":23,"instances":1},{"id":24,"instances":1},{"id":25,"instances":2}]},{"name":"Prototype of War","id":231,"guid":181549,"type":"Boss","icon":"custom-icon-spell_necro_deathsdoor.jpg","fights":[{"id":19,"instances":1},{"id":21,"instances":1}]},{"name":"Bound Realmbreaker","id":186,"guid":183416,"type":"NPC","icon":"custom-icon-spell_progenitor_debuff.jpg","fights":[{"id":11,"instances":1}]},{"name":"Degeneration Automa","id":248,"guid":184735,"type":"NPC","icon":"custom-icon-spell_progenitor_beam.jpg","fights":[{"id":22,"instances":3,"groups":1}]},{"name":"Dominated Grunt","id":145,"guid":184733,"type":"NPC","icon":"custom-icon-spell_progenitor_nova.jpg","fights":[{"id":7,"instances":3,"groups":1}]},{"name":"Dominated Eradicator","id":194,"guid":185397,"type":"NPC","icon":"custom-icon-spell_arcane_arcanetorrent.jpg","fights":[{"id":11,"instances":1},{"id":12,"instances":1},{"id":14,"instances":1},{"id":15,"instances":1}]},{"name":"Eternal Artisan","id":195,"guid":183407,"type":"NPC","icon":"custom-icon-spell_holy_healingfocus.jpg","fights":[{"id":11,"instances":1,"groups":1},{"id":15,"instances":3,"groups":1}]},{"name":"Hyperlight Reinforcer","id":285,"guid":184147,"type":"NPC","icon":"custom-icon-spell_broker_missile.jpg","fights":[{"id":28,"instances":2,"groups":3},{"id":29,"instances":3,"groups":4}]},{"name":"Eternal Forger","id":181,"guid":185394,"type":"NPC","icon":"custom-icon-spell_arcane_arcanetorrent.jpg","fights":[{"id":10,"instances":1,"groups":1},{"id":11,"instances":1,"groups":2},{"id":12,"instances":1,"groups":1}]},{"name":"Eternal Sentry","id":34,"guid":184530,"type":"NPC","icon":"custom-icon-spell_progenitor_missile.jpg","fights":[{"id":1,"instances":1,"groups":1},{"id":2,"instances":1,"groups":1},{"id":4,"instances":2,"groups":1},{"id":5,"instances":1,"groups":1}]},{"name":"Taskmaster Xy'pro","id":156,"guid":185032,"type":"NPC","icon":"custom-icon-spell_broker_missile.jpg","fights":[{"id":8,"instances":1,"groups":4},{"id":26,"instances":1,"groups":2}]},{"name":"Degeneration Automa","id":259,"guid":182053,"type":"NPC","icon":"custom-icon-spell_progenitor_beam.jpg","fights":[{"id":23,"instances":6,"groups":1},{"id":24,"instances":6,"groups":1},{"id":25,"instances":12,"groups":2}]},{"name":"Dominated Eradicator","id":176,"guid":183413,"type":"NPC","icon":"custom-icon-spell_animamaw_wave.jpg","fights":[{"id":10,"instances":1}]},{"name":"Eternal Assembler","id":218,"guid":183404,"type":"NPC","icon":"custom-icon-spell_progenitor_areadenial.jpg","fights":[{"id":15,"instances":1}]}],"friendlyPets":[{"name":"Hologram","id":216,"guid":176474,"type":"Pet","icon":"custom-icon-inv_trinket_80_titan02a.jpg","petOwner":24,"fights":[{"id":13,"instances":1},{"id":29,"instances":1}]},{"name":"Frothing Pustule","id":38,"guid":175519,"type":"Pet","icon":"custom-icon-ability_creature_poison_02.jpg","petOwner":19,"fights":[{"id":1,"instances":4},{"id":2,"instances":5},{"id":3,"instances":4},{"id":4,"instances":6},{"id":5,"instances":7},{"id":6,"instances":123},{"id":8,"instances":51},{"id":9,"instances":92},{"id":10,"instances":15},{"id":11,"instances":17},{"id":12,"instances":4},{"id":13,"instances":81},{"id":15,"instances":11},{"id":16,"instances":7},{"id":17,"instances":30},{"id":18,"instances":17},{"id":19,"instances":25},{"id":21,"instances":92},{"id":22,"instances":29},{"id":23,"instances":37},{"id":24,"instances":33},{"id":25,"instances":117},{"id":26,"instances":34},{"id":27,"instances":28},{"id":28,"instances":58},{"id":29,"instances":91}]},{"name":"Wild Imp","id":73,"guid":55659,"type":"Pet","icon":"abilities/ability_warlock_impoweredimp.jpg","petOwner":57,"fights":[{"id":2,"instances":23},{"id":3,"instances":24},{"id":4,"instances":38},{"id":5,"instances":10},{"id":6,"instances":295},{"id":8,"instances":137},{"id":9,"instances":219},{"id":10,"instances":35},{"id":11,"instances":58},{"id":12,"instances":37},{"id":13,"instances":156},{"id":15,"instances":8},{"id":16,"instances":16},{"id":18,"instances":6},{"id":19,"instances":69},{"id":21,"instances":180},{"id":22,"instances":69},{"id":23,"instances":64},{"id":24,"instances":81},{"id":25,"instances":141},{"id":26,"instances":39},{"id":27,"instances":52},{"id":28,"instances":98},{"id":29,"instances":143}]},{"name":"Frothing Pustule","id":100,"guid":175519,"type":"Pet","icon":"custom-icon-ability_creature_poison_02.jpg","petOwner":35,"fights":[{"id":3,"instances":9},{"id":4,"instances":15},{"id":6,"instances":120},{"id":8,"instances":48},{"id":9,"instances":81},{"id":10,"instances":12},{"id":12,"instances":1},{"id":13,"instances":96},{"id":15,"instances":9},{"id":16,"instances":6},{"id":17,"instances":29},{"id":18,"instances":1},{"id":19,"instances":11},{"id":21,"instances":99},{"id":22,"instances":27},{"id":23,"instances":30},{"id":24,"instances":26},{"id":25,"instances":116},{"id":26,"instances":41},{"id":27,"instances":32},{"id":28,"instances":55},{"id":29,"instances":95}]},{"name":"Wild Imp","id":53,"guid":55659,"type":"Pet","icon":"abilities/ability_warlock_impoweredimp.jpg","petOwner":42,"fights":[{"id":1,"instances":11},{"id":2,"instances":6},{"id":3,"instances":19},{"id":4,"instances":22},{"id":5,"instances":16},{"id":6,"instances":207},{"id":7,"instances":2},{"id":8,"instances":63},{"id":9,"instances":189},{"id":12,"instances":21},{"id":13,"instances":149},{"id":15,"instances":15},{"id":16,"instances":6},{"id":17,"instances":9},{"id":18,"instances":23},{"id":19,"instances":56},{"id":21,"instances":155},{"id":22,"instances":39},{"id":23,"instances":75},{"id":24,"instances":72},{"id":25,"instances":181},{"id":26,"instances":38},{"id":27,"instances":55},{"id":28,"instances":113},{"id":29,"instances":167}]},{"name":"Regenerating Wildseed","id":128,"guid":164589,"type":"Pet","icon":"Pet","petOwner":1,"fights":[{"id":6,"instances":1},{"id":9,"instances":1},{"id":27,"instances":1},{"id":29,"instances":1}]},{"name":"Demonic Gateway","id":125,"guid":59271,"type":"Pet","icon":"custom-icon-trade_engineering.jpg","petOwner":57,"fights":[{"id":6,"instances":2},{"id":25,"instances":2}]},{"name":"Regenerating Wildseed","id":121,"guid":164589,"type":"Pet","icon":"Pet","petOwner":17,"fights":[{"id":6,"instances":1},{"id":9,"instances":1},{"id":13,"instances":1},{"id":23,"instances":1},{"id":27,"instances":1},{"id":29,"instances":2}]},{"name":"Frothing Pustule","id":96,"guid":175519,"type":"Pet","icon":"custom-icon-ability_creature_poison_02.jpg","petOwner":42,"fights":[{"id":3,"instances":10},{"id":4,"instances":9},{"id":5,"instances":6},{"id":6,"instances":119},{"id":7,"instances":4},{"id":8,"instances":46},{"id":9,"instances":98},{"id":12,"instances":2},{"id":13,"instances":95},{"id":15,"instances":8},{"id":17,"instances":7},{"id":18,"instances":10},{"id":19,"instances":24},{"id":21,"instances":97},{"id":22,"instances":20},{"id":23,"instances":39},{"id":24,"instances":29},{"id":25,"instances":119},{"id":26,"instances":20},{"id":27,"instances":33},{"id":28,"instances":60},{"id":29,"instances":86}]},{"name":"Greater Earth Elemental","id":270,"guid":95072,"type":"Pet","icon":"abilities/spell_nature_earthelemental_totem.jpg","petOwner":27,"fights":[{"id":25,"instances":1},{"id":27,"instances":1}]},{"name":"Xuen","id":75,"guid":63508,"type":"Pet","icon":"abilities/ability_monk_summontigerstatue.jpg","petOwner":28,"fights":[{"id":2,"instances":1},{"id":3,"instances":1},{"id":6,"instances":2},{"id":8,"instances":2},{"id":9,"instances":1},{"id":10,"instances":1},{"id":11,"instances":1},{"id":12,"instances":1},{"id":13,"instances":2},{"id":16,"instances":1},{"id":18,"instances":1},{"id":19,"instances":1},{"id":21,"instances":3},{"id":22,"instances":1},{"id":23,"instances":1},{"id":24,"instances":1},{"id":25,"instances":2},{"id":26,"instances":1},{"id":27,"instances":1},{"id":28,"instances":1},{"id":29,"instances":2}]},{"name":"Regenerating Wildseed","id":236,"guid":164589,"type":"Pet","icon":"Pet","petOwner":35,"fights":[{"id":19,"instances":1},{"id":23,"instances":1},{"id":29,"instances":3}]},{"name":"Earth Spirit","id":82,"guid":69792,"type":"Pet","icon":"abilities/inv_elemental_primal_earth.jpg","petOwner":28,"fights":[{"id":2,"instances":1},{"id":3,"instances":1},{"id":4,"instances":1},{"id":6,"instances":4},{"id":8,"instances":3},{"id":9,"instances":2},{"id":10,"instances":2},{"id":11,"instances":2},{"id":12,"instances":1},{"id":13,"instances":4},{"id":15,"instances":1},{"id":16,"instances":1},{"id":17,"instances":1},{"id":18,"instances":2},{"id":19,"instances":1},{"id":21,"instances":5},{"id":22,"instances":3},{"id":23,"instances":2},{"id":24,"instances":3},{"id":25,"instances":5},{"id":26,"instances":3},{"id":27,"instances":1},{"id":28,"instances":3},{"id":29,"instances":3}]},{"name":"Jubtog","id":59,"guid":22538578,"type":"Pet","icon":"abilities/spell_shadow_summonimp.jpg","petOwner":4,"fights":[{"id":2,"instances":1},{"id":3,"instances":1},{"id":4,"instances":1},{"id":5,"instances":1},{"id":6,"instances":1},{"id":7,"instances":1},{"id":8,"instances":1},{"id":9,"instances":1},{"id":10,"instances":1},{"id":11,"instances":1},{"id":12,"instances":1},{"id":13,"instances":1},{"id":14,"instances":1},{"id":15,"instances":1},{"id":16,"instances":1},{"id":17,"instances":1},{"id":18,"instances":1},{"id":19,"instances":1},{"id":20,"instances":1},{"id":21,"instances":1},{"id":22,"instances":1},{"id":23,"instances":1},{"id":24,"instances":1},{"id":25,"instances":1},{"id":26,"instances":1},{"id":27,"instances":1},{"id":28,"instances":1},{"id":29,"instances":1}]},{"name":"Ikzilvazin","id":45,"guid":61537053,"type":"Pet","icon":"abilities/spell_shadow_summonfelguard.jpg","petOwner":42,"fights":[{"id":1,"instances":1},{"id":2,"instances":1},{"id":3,"instances":1},{"id":4,"instances":1},{"id":5,"instances":1},{"id":6,"instances":1},{"id":7,"instances":1},{"id":8,"instances":1},{"id":9,"instances":1},{"id":11,"instances":1},{"id":12,"instances":1},{"id":13,"instances":1},{"id":14,"instances":1},{"id":15,"instances":1},{"id":16,"instances":1},{"id":17,"instances":1},{"id":18,"instances":1},{"id":19,"instances":1},{"id":20,"instances":1},{"id":21,"instances":1},{"id":22,"instances":1},{"id":23,"instances":1},{"id":24,"instances":1},{"id":25,"instances":1},{"id":26,"instances":1},{"id":27,"instances":1},{"id":28,"instances":1},{"id":29,"instances":1}]},{"name":"Felguard","id":47,"guid":17252,"type":"Pet","icon":"abilities/spell_shadow_summonfelguard.jpg","petOwner":42,"fights":[{"id":1,"instances":1},{"id":2,"instances":1},{"id":3,"instances":1},{"id":5,"instances":1},{"id":6,"instances":3},{"id":8,"instances":1},{"id":9,"instances":3},{"id":12,"instances":1},{"id":13,"instances":2},{"id":15,"instances":1},{"id":17,"instances":1},{"id":19,"instances":1},{"id":21,"instances":3},{"id":22,"instances":1},{"id":23,"instances":2},{"id":24,"instances":1},{"id":25,"instances":3},{"id":26,"instances":1},{"id":27,"instances":1},{"id":28,"instances":2},{"id":29,"instances":3}]},{"name":"Spirit Link Totem","id":141,"guid":53006,"type":"Pet","icon":"abilities/spell_shaman_spiritlink.jpg","petOwner":27,"fights":[{"id":6,"instances":1}]},{"name":"Frothing Pustule","id":74,"guid":175519,"type":"Pet","icon":"custom-icon-ability_creature_poison_02.jpg","petOwner":4,"fights":[{"id":2,"instances":6},{"id":3,"instances":1},{"id":4,"instances":11},{"id":5,"instances":8},{"id":6,"instances":112},{"id":7,"instances":3},{"id":8,"instances":44},{"id":9,"instances":99},{"id":10,"instances":18},{"id":11,"instances":16},{"id":12,"instances":5},{"id":13,"instances":88},{"id":15,"instances":5},{"id":16,"instances":8},{"id":17,"instances":28},{"id":18,"instances":16},{"id":19,"instances":22},{"id":21,"instances":102},{"id":22,"instances":26},{"id":23,"instances":21},{"id":24,"instances":37},{"id":25,"instances":114},{"id":26,"instances":38},{"id":27,"instances":17},{"id":28,"instances":57},{"id":29,"instances":9}]},{"name":"Windfury Totem","id":90,"guid":6112,"type":"Pet","icon":"abilities/spell_nature_windfury.jpg","petOwner":21,"fights":[{"id":5,"instances":1},{"id":6,"instances":5},{"id":8,"instances":4},{"id":9,"instances":3},{"id":11,"instances":1},{"id":12,"instances":1},{"id":13,"instances":4},{"id":15,"instances":1},{"id":18,"instances":1},{"id":19,"instances":1},{"id":21,"instances":2},{"id":23,"instances":3},{"id":24,"instances":1},{"id":25,"instances":1},{"id":26,"instances":1},{"id":27,"instances":2},{"id":28,"instances":1},{"id":29,"instances":1}]},{"name":"Mindbender","id":114,"guid":62982,"type":"Pet","icon":"abilities/spell_shadow_soulleech_3.jpg","petOwner":13,"fights":[{"id":6,"instances":4}]},{"name":"Spirit Link Totem","id":140,"guid":53006,"type":"Pet","icon":"abilities/spell_shaman_spiritlink.jpg","petOwner":5,"fights":[{"id":6,"instances":1}]},{"name":"Healing Stream Totem","id":131,"guid":3527,"type":"Pet","icon":"abilities/inv_spear_04.jpg","petOwner":21,"fights":[{"id":6,"instances":3},{"id":8,"instances":1},{"id":9,"instances":4},{"id":11,"instances":2},{"id":13,"instances":1},{"id":15,"instances":1},{"id":16,"instances":1},{"id":21,"instances":2},{"id":22,"instances":1},{"id":23,"instances":1},{"id":24,"instances":1},{"id":25,"instances":2},{"id":28,"instances":1},{"id":29,"instances":3}]},{"name":"Hati","id":30,"guid":44548935,"type":"Pet","icon":"custom-icon-ability_hunter_sickem.jpg","petOwner":25,"fights":[{"id":1,"instances":1},{"id":2,"instances":1},{"id":3,"instances":1},{"id":4,"instances":1},{"id":5,"instances":1},{"id":6,"instances":1},{"id":7,"instances":1},{"id":8,"instances":1},{"id":9,"instances":1},{"id":10,"instances":1},{"id":11,"instances":1},{"id":12,"instances":1},{"id":13,"instances":1},{"id":14,"instances":1},{"id":15,"instances":1},{"id":16,"instances":1},{"id":17,"instances":1},{"id":18,"instances":1},{"id":19,"instances":1},{"id":20,"instances":1},{"id":21,"instances":1},{"id":22,"instances":1},{"id":23,"instances":1},{"id":24,"instances":1},{"id":25,"instances":1},{"id":26,"instances":1},{"id":27,"instances":1},{"id":28,"instances":1},{"id":29,"instances":1}]},{"name":"Regenerating Wildseed","id":130,"guid":164589,"type":"Pet","icon":"Pet","petOwner":25,"fights":[{"id":6,"instances":2},{"id":29,"instances":1}]},{"name":"Windfury Totem","id":44,"guid":6112,"type":"Pet","icon":"abilities/spell_nature_windfury.jpg","petOwner":15,"fights":[{"id":1,"instances":1},{"id":2,"instances":1},{"id":3,"instances":1},{"id":4,"instances":1},{"id":5,"instances":1},{"id":6,"instances":7},{"id":7,"instances":1},{"id":8,"instances":3},{"id":9,"instances":5},{"id":10,"instances":2},{"id":11,"instances":1},{"id":12,"instances":1},{"id":13,"instances":6},{"id":15,"instances":1},{"id":16,"instances":1},{"id":17,"instances":1},{"id":18,"instances":1},{"id":19,"instances":4},{"id":21,"instances":7},{"id":22,"instances":3},{"id":23,"instances":3},{"id":24,"instances":3},{"id":25,"instances":7},{"id":26,"instances":2},{"id":27,"instances":2},{"id":28,"instances":3},{"id":29,"instances":7}]},{"name":"Mana Tide Totem","id":244,"guid":10467,"type":"Pet","icon":"abilities/spell_frost_summonwaterelemental.jpg","petOwner":63,"fights":[{"id":21,"instances":1}]},{"name":"Capacitor Totem","id":41,"guid":61245,"type":"Pet","icon":"abilities/spell_nature_brilliance.jpg","petOwner":27,"fights":[{"id":1,"instances":1},{"id":2,"instances":1},{"id":3,"instances":1},{"id":5,"instances":1},{"id":7,"instances":1},{"id":8,"instances":2},{"id":10,"instances":2},{"id":11,"instances":1},{"id":15,"instances":1},{"id":17,"instances":1},{"id":18,"instances":1},{"id":25,"instances":2},{"id":26,"instances":2}]},{"name":"Healing Tide Totem","id":133,"guid":59764,"type":"Pet","icon":"abilities/ability_shaman_healingtide.jpg","petOwner":27,"fights":[{"id":6,"instances":2},{"id":9,"instances":1},{"id":11,"instances":1},{"id":13,"instances":1},{"id":17,"instances":1},{"id":21,"instances":1},{"id":23,"instances":1},{"id":27,"instances":1},{"id":29,"instances":2}]},{"name":"Earthen Wall Totem","id":77,"guid":100943,"type":"Pet","icon":"abilities/spell_nature_stoneskintotem.jpg","petOwner":27,"fights":[{"id":2,"instances":1},{"id":3,"instances":1},{"id":6,"instances":2},{"id":8,"instances":1},{"id":9,"instances":1},{"id":11,"instances":1},{"id":13,"instances":2},{"id":17,"instances":1},{"id":23,"instances":1},{"id":24,"instances":1},{"id":26,"instances":1}]},{"name":"Glazi","id":40,"guid":62261410,"type":"Pet","icon":"custom-icon-ability_warstomp.jpg","petOwner":35,"fights":[{"id":2,"instances":1},{"id":3,"instances":1},{"id":4,"instances":1},{"id":5,"instances":1},{"id":6,"instances":1},{"id":7,"instances":1},{"id":8,"instances":1},{"id":9,"instances":1},{"id":10,"instances":1},{"id":11,"instances":1},{"id":12,"instances":1},{"id":13,"instances":1},{"id":14,"instances":1},{"id":15,"instances":1},{"id":16,"instances":1},{"id":17,"instances":1},{"id":18,"instances":1},{"id":19,"instances":1},{"id":21,"instances":1},{"id":22,"instances":1},{"id":23,"instances":1},{"id":24,"instances":1},{"id":25,"instances":1},{"id":26,"instances":1},{"id":27,"instances":1},{"id":28,"instances":1},{"id":29,"instances":1}]},{"name":"Frothing Pustule","id":50,"guid":175519,"type":"Pet","icon":"custom-icon-ability_creature_poison_02.jpg","petOwner":8,"fights":[{"id":1,"instances":7},{"id":3,"instances":6},{"id":4,"instances":14},{"id":5,"instances":9},{"id":6,"instances":124},{"id":8,"instances":49},{"id":9,"instances":91},{"id":10,"instances":10},{"id":11,"instances":12},{"id":12,"instances":6},{"id":13,"instances":94},{"id":17,"instances":19},{"id":18,"instances":15},{"id":19,"instances":26},{"id":21,"instances":101},{"id":22,"instances":14},{"id":23,"instances":10},{"id":24,"instances":39},{"id":25,"instances":113},{"id":26,"instances":40},{"id":27,"instances":22},{"id":28,"instances":50},{"id":29,"instances":102}]},{"name":"Army of the Dead","id":78,"guid":24207,"type":"Pet","icon":"abilities/artifactability_unholydeathknight_deathsembrace.jpg","petOwner":11,"fights":[{"id":2,"instances":4},{"id":3,"instances":4},{"id":4,"instances":4},{"id":5,"instances":4},{"id":6,"instances":44},{"id":7,"instances":4},{"id":8,"instances":16},{"id":9,"instances":40},{"id":10,"instances":8},{"id":11,"instances":4},{"id":12,"instances":3},{"id":13,"instances":36},{"id":15,"instances":4},{"id":16,"instances":4},{"id":17,"instances":4},{"id":19,"instances":16},{"id":21,"instances":44},{"id":22,"instances":4},{"id":23,"instances":20},{"id":24,"instances":20},{"id":25,"instances":44},{"id":26,"instances":8},{"id":27,"instances":16},{"id":28,"instances":12},{"id":29,"instances":39}]},{"name":"Spirit Wolf","id":104,"guid":100820,"type":"Pet","icon":"abilities/spell_shaman_feralspirit.jpg","petOwner":15,"fights":[{"id":4,"instances":2},{"id":6,"instances":10},{"id":7,"instances":2},{"id":8,"instances":2},{"id":9,"instances":8},{"id":10,"instances":2},{"id":11,"instances":2},{"id":12,"instances":3},{"id":13,"instances":6},{"id":15,"instances":2},{"id":17,"instances":2},{"id":19,"instances":4},{"id":21,"instances":8},{"id":22,"instances":4},{"id":23,"instances":4},{"id":24,"instances":4},{"id":25,"instances":10},{"id":27,"instances":2},{"id":28,"instances":4},{"id":29,"instances":10}]},{"name":"Capacitor Totem","id":92,"guid":61245,"type":"Pet","icon":"abilities/spell_nature_brilliance.jpg","petOwner":63,"fights":[{"id":3,"instances":1},{"id":5,"instances":1},{"id":8,"instances":2},{"id":9,"instances":1},{"id":11,"instances":1},{"id":12,"instances":1},{"id":15,"instances":1},{"id":23,"instances":1},{"id":24,"instances":1},{"id":25,"instances":2},{"id":28,"instances":1},{"id":29,"instances":2}]},{"name":"Regenerating Wildseed","id":261,"guid":164589,"type":"Pet","icon":"Pet","petOwner":42,"fights":[{"id":23,"instances":1},{"id":29,"instances":1}]},{"name":"Risen Skulker","id":12,"guid":99541,"type":"Pet","icon":"abilities/spell_shadow_animatedead.jpg","petOwner":11,"fights":[{"id":1,"instances":1},{"id":2,"instances":2},{"id":3,"instances":1},{"id":4,"instances":1},{"id":5,"instances":1},{"id":6,"instances":1},{"id":7,"instances":1},{"id":8,"instances":1},{"id":9,"instances":1},{"id":10,"instances":1},{"id":11,"instances":1},{"id":12,"instances":1},{"id":13,"instances":1},{"id":14,"instances":2},{"id":15,"instances":1},{"id":16,"instances":1},{"id":17,"instances":1}]},{"name":"Demonic Tyrant","id":85,"guid":135002,"type":"Pet","icon":"abilities/inv_summondemonictyrant.jpg","petOwner":57,"fights":[{"id":2,"instances":1},{"id":3,"instances":1},{"id":4,"instances":1},{"id":6,"instances":7},{"id":8,"instances":3},{"id":9,"instances":5},{"id":10,"instances":2},{"id":11,"instances":1},{"id":13,"instances":4},{"id":18,"instances":1},{"id":19,"instances":2},{"id":21,"instances":5},{"id":22,"instances":2},{"id":23,"instances":2},{"id":24,"instances":2},{"id":25,"instances":4},{"id":26,"instances":2},{"id":27,"instances":2},{"id":28,"instances":3},{"id":29,"instances":5}]},{"name":"Infernal","id":95,"guid":89,"type":"Pet","icon":"abilities/spell_shadow_summoninfernal.jpg","petOwner":4,"fights":[{"id":3,"instances":1},{"id":6,"instances":2},{"id":9,"instances":2},{"id":11,"instances":1},{"id":13,"instances":2},{"id":17,"instances":1},{"id":19,"instances":1},{"id":21,"instances":2},{"id":22,"instances":1},{"id":23,"instances":1},{"id":24,"instances":1},{"id":25,"instances":2},{"id":26,"instances":1},{"id":27,"instances":1},{"id":28,"instances":2},{"id":29,"instances":1}]},{"name":"Capacitor Totem","id":105,"guid":61245,"type":"Pet","icon":"abilities/spell_nature_brilliance.jpg","petOwner":21,"fights":[{"id":4,"instances":1},{"id":24,"instances":1},{"id":28,"instances":1}]},{"name":"Pufferfish","id":255,"guid":149954,"type":"Pet","icon":"custom-icon-inv_misc_bowl_01.jpg","petOwner":3,"fights":[{"id":23,"instances":1}]},{"name":"Vilefiend","id":179,"guid":135816,"type":"Pet","icon":"abilities/inv_argusfelstalkermount.jpg","petOwner":57,"fights":[{"id":10,"instances":2},{"id":11,"instances":2},{"id":13,"instances":4},{"id":15,"instances":1},{"id":16,"instances":1},{"id":18,"instances":1},{"id":19,"instances":2},{"id":21,"instances":5},{"id":22,"instances":2},{"id":23,"instances":2},{"id":24,"instances":2},{"id":25,"instances":5},{"id":26,"instances":2},{"id":27,"instances":2},{"id":28,"instances":3},{"id":29,"instances":5}]},{"name":"Frothing Pustule","id":49,"guid":175519,"type":"Pet","icon":"custom-icon-ability_creature_poison_02.jpg","petOwner":25,"fights":[{"id":1,"instances":3},{"id":2,"instances":7},{"id":4,"instances":5},{"id":5,"instances":3},{"id":6,"instances":113},{"id":7,"instances":2},{"id":8,"instances":39},{"id":9,"instances":95},{"id":10,"instances":16},{"id":11,"instances":9},{"id":13,"instances":89},{"id":15,"instances":12},{"id":16,"instances":3},{"id":17,"instances":24},{"id":18,"instances":18},{"id":19,"instances":28},{"id":21,"instances":96},{"id":22,"instances":23},{"id":23,"instances":42},{"id":24,"instances":38},{"id":25,"instances":118},{"id":26,"instances":44},{"id":27,"instances":34},{"id":28,"instances":48},{"id":29,"instances":90}]},{"name":"Dreadstalker","id":52,"guid":98035,"type":"Pet","icon":"abilities/spell_warlock_calldreadstalkers.jpg","petOwner":42,"fights":[{"id":1,"instances":2},{"id":2,"instances":4},{"id":3,"instances":8},{"id":4,"instances":8},{"id":5,"instances":2},{"id":6,"instances":78},{"id":7,"instances":2},{"id":8,"instances":32},{"id":9,"instances":56},{"id":12,"instances":8},{"id":13,"instances":46},{"id":15,"instances":8},{"id":16,"instances":4},{"id":17,"instances":2},{"id":18,"instances":4},{"id":19,"instances":20},{"id":21,"instances":54},{"id":22,"instances":18},{"id":23,"instances":24},{"id":24,"instances":24},{"id":25,"instances":60},{"id":26,"instances":18},{"id":27,"instances":22},{"id":28,"instances":34},{"id":29,"instances":56}]},{"name":"Demonic Gateway","id":124,"guid":59262,"type":"Pet","icon":"custom-icon-trade_engineering.jpg","petOwner":57,"fights":[{"id":6,"instances":2},{"id":25,"instances":3}]},{"name":"Capacitor Totem","id":99,"guid":61245,"type":"Pet","icon":"abilities/spell_nature_brilliance.jpg","petOwner":15,"fights":[{"id":3,"instances":1},{"id":4,"instances":1}]},{"name":"Arcturis","id":39,"guid":62491165,"type":"Pet","icon":"abilities/ability_hunter_beastcall.jpg","petOwner":35,"fights":[{"id":2,"instances":1},{"id":3,"instances":1},{"id":4,"instances":1},{"id":5,"instances":1},{"id":6,"instances":1},{"id":7,"instances":1},{"id":8,"instances":1},{"id":9,"instances":1},{"id":10,"instances":1},{"id":11,"instances":1},{"id":12,"instances":1},{"id":13,"instances":1},{"id":14,"instances":1},{"id":15,"instances":1},{"id":16,"instances":1},{"id":17,"instances":1},{"id":18,"instances":1},{"id":19,"instances":1},{"id":21,"instances":1},{"id":22,"instances":1},{"id":23,"instances":1},{"id":24,"instances":1},{"id":25,"instances":1},{"id":26,"instances":1},{"id":27,"instances":1},{"id":28,"instances":1},{"id":29,"instances":1}]},{"name":"Earthen Wall Totem","id":103,"guid":100943,"type":"Pet","icon":"abilities/spell_nature_stoneskintotem.jpg","petOwner":5,"fights":[{"id":3,"instances":1},{"id":6,"instances":2}]},{"name":"Kyrian Goliath","id":106,"guid":171396,"type":"Pet","icon":"abilities/ui_sigil_kyrian.jpg","petOwner":5,"fights":[{"id":5,"instances":1},{"id":6,"instances":2}]},{"name":"Healing Stream Totem","id":135,"guid":3527,"type":"Pet","icon":"abilities/inv_spear_04.jpg","petOwner":15,"fights":[{"id":6,"instances":2},{"id":9,"instances":4},{"id":13,"instances":2},{"id":16,"instances":1},{"id":20,"instances":1},{"id":23,"instances":2},{"id":24,"instances":1},{"id":25,"instances":2},{"id":27,"instances":1},{"id":28,"instances":2},{"id":29,"instances":2}]},{"name":"Greater Earth Elemental","id":111,"guid":95072,"type":"Pet","icon":"abilities/spell_nature_earthelemental_totem.jpg","petOwner":21,"fights":[{"id":6,"instances":2},{"id":9,"instances":1},{"id":13,"instances":1},{"id":19,"instances":1},{"id":21,"instances":1},{"id":23,"instances":1},{"id":24,"instances":1},{"id":27,"instances":1},{"id":28,"instances":1},{"id":29,"instances":2}]},{"name":"Healing Tide Totem","id":169,"guid":59764,"type":"Pet","icon":"abilities/ability_shaman_healingtide.jpg","petOwner":63,"fights":[{"id":9,"instances":1},{"id":13,"instances":1},{"id":21,"instances":1},{"id":23,"instances":1},{"id":24,"instances":1},{"id":25,"instances":1},{"id":28,"instances":1},{"id":29,"instances":2}]},{"name":"Hologram","id":217,"guid":176474,"type":"Pet","icon":"custom-icon-inv_trinket_80_titan02a.jpg","petOwner":35,"fights":[{"id":13,"instances":1}]},{"name":"Spectral Feline","id":29,"guid":180016,"type":"Pet","icon":"abilities/trade_engineering.jpg","petOwner":27,"fights":[{"id":1,"instances":2},{"id":2,"instances":2},{"id":6,"instances":6},{"id":9,"instances":2},{"id":13,"instances":4},{"id":15,"instances":1},{"id":17,"instances":3},{"id":21,"instances":5},{"id":23,"instances":4},{"id":24,"instances":3},{"id":25,"instances":8},{"id":27,"instances":1},{"id":29,"instances":5}]},{"name":"Regenerating Wildseed","id":129,"guid":164589,"type":"Pet","icon":"Pet","petOwner":9,"fights":[{"id":6,"instances":1},{"id":13,"instances":1},{"id":21,"instances":1},{"id":23,"instances":1},{"id":27,"instances":1},{"id":29,"instances":1}]},{"name":"Boar","id":31,"guid":61473129,"type":"Pet","icon":"custom-icon-ability_hunter_sickem.jpg","petOwner":9,"fights":[{"id":1,"instances":1},{"id":2,"instances":1},{"id":3,"instances":1},{"id":4,"instances":1},{"id":5,"instances":1},{"id":6,"instances":1},{"id":7,"instances":1},{"id":8,"instances":1},{"id":9,"instances":1},{"id":10,"instances":1},{"id":11,"instances":1},{"id":12,"instances":1},{"id":13,"instances":1},{"id":14,"instances":1},{"id":15,"instances":1},{"id":16,"instances":1},{"id":17,"instances":1},{"id":18,"instances":1},{"id":19,"instances":1},{"id":20,"instances":1},{"id":21,"instances":1},{"id":22,"instances":1},{"id":23,"instances":1},{"id":24,"instances":1},{"id":25,"instances":1},{"id":26,"instances":1},{"id":27,"instances":1},{"id":28,"instances":1},{"id":29,"instances":1}]},{"name":"Apetastic","id":32,"guid":44837386,"type":"Pet","icon":"abilities/ability_hunter_beastcall.jpg","petOwner":9,"fights":[{"id":1,"instances":1},{"id":2,"instances":1},{"id":3,"instances":1},{"id":4,"instances":1},{"id":5,"instances":1},{"id":6,"instances":1},{"id":7,"instances":1},{"id":8,"instances":1},{"id":9,"instances":1},{"id":10,"instances":1},{"id":11,"instances":1},{"id":12,"instances":1},{"id":13,"instances":1},{"id":14,"instances":1},{"id":15,"instances":1},{"id":16,"instances":1},{"id":17,"instances":1},{"id":18,"instances":1},{"id":19,"instances":1},{"id":20,"instances":1},{"id":21,"instances":1},{"id":22,"instances":1},{"id":23,"instances":1},{"id":24,"instances":1},{"id":25,"instances":1},{"id":26,"instances":1},{"id":27,"instances":1},{"id":28,"instances":1},{"id":29,"instances":1}]},{"name":"Hatii","id":26,"guid":45658363,"type":"Pet","icon":"abilities/ability_hunter_beastcall.jpg","petOwner":25,"fights":[{"id":1,"instances":1},{"id":2,"instances":1},{"id":3,"instances":1},{"id":4,"instances":1},{"id":5,"instances":1},{"id":6,"instances":1},{"id":7,"instances":1},{"id":8,"instances":1},{"id":9,"instances":1},{"id":10,"instances":1},{"id":11,"instances":1},{"id":12,"instances":1},{"id":13,"instances":1},{"id":14,"instances":1},{"id":15,"instances":1},{"id":16,"instances":1},{"id":17,"instances":1},{"id":18,"instances":1},{"id":19,"instances":1},{"id":20,"instances":1},{"id":21,"instances":1},{"id":22,"instances":1},{"id":23,"instances":1},{"id":24,"instances":1},{"id":25,"instances":1},{"id":26,"instances":1},{"id":27,"instances":1},{"id":28,"instances":1},{"id":29,"instances":1}]},{"name":"Regenerating Wildseed","id":170,"guid":164589,"type":"Pet","icon":"Pet","petOwner":19,"fights":[{"id":9,"instances":1},{"id":13,"instances":1},{"id":27,"instances":1},{"id":29,"instances":1}]},{"name":"Efflorescence","id":16,"guid":47649,"type":"Pet","icon":"abilities/inv_misc_herb_talandrasrose.jpg","petOwner":10,"fights":[{"id":2,"instances":1},{"id":4,"instances":2},{"id":5,"instances":2},{"id":6,"instances":10},{"id":7,"instances":1},{"id":8,"instances":7},{"id":9,"instances":15},{"id":10,"instances":3},{"id":11,"instances":3},{"id":13,"instances":5},{"id":15,"instances":2},{"id":16,"instances":1},{"id":17,"instances":2},{"id":18,"instances":2},{"id":19,"instances":5},{"id":21,"instances":9},{"id":22,"instances":1},{"id":23,"instances":3},{"id":24,"instances":10},{"id":25,"instances":6},{"id":26,"instances":2},{"id":27,"instances":1},{"id":28,"instances":2},{"id":29,"instances":2}]},{"name":"Mirror Image","id":245,"guid":31216,"type":"Pet","icon":"abilities/spell_magic_managain.jpg","petOwner":8,"fights":[{"id":21,"instances":3},{"id":22,"instances":3},{"id":24,"instances":3},{"id":29,"instances":3}]},{"name":"Demonic Gateway","id":116,"guid":59271,"type":"Pet","icon":"custom-icon-trade_engineering.jpg","petOwner":4,"fights":[{"id":6,"instances":1}]},{"name":"Demonic Gateway","id":229,"guid":59271,"type":"Pet","icon":"custom-icon-trade_engineering.jpg","petOwner":42,"fights":[{"id":25,"instances":1}]},{"name":"Spirit Wolf","id":86,"guid":100820,"type":"Pet","icon":"abilities/spell_shaman_feralspirit.jpg","petOwner":21,"fights":[{"id":2,"instances":2},{"id":3,"instances":4},{"id":4,"instances":2},{"id":5,"instances":2},{"id":6,"instances":22},{"id":8,"instances":12},{"id":9,"instances":18},{"id":10,"instances":4},{"id":11,"instances":6},{"id":12,"instances":4},{"id":13,"instances":16},{"id":15,"instances":2},{"id":16,"instances":2},{"id":17,"instances":8},{"id":18,"instances":6},{"id":19,"instances":8},{"id":21,"instances":20},{"id":22,"instances":6},{"id":23,"instances":8},{"id":24,"instances":10},{"id":25,"instances":6},{"id":26,"instances":10},{"id":27,"instances":4},{"id":28,"instances":8},{"id":29,"instances":26}]},{"name":"Mana Tide Totem","id":134,"guid":10467,"type":"Pet","icon":"abilities/spell_frost_summonwaterelemental.jpg","petOwner":27,"fights":[{"id":6,"instances":1},{"id":9,"instances":1},{"id":13,"instances":1},{"id":21,"instances":1},{"id":22,"instances":1},{"id":29,"instances":1}]},{"name":"Healing Tide Totem","id":122,"guid":59764,"type":"Pet","icon":"abilities/ability_shaman_healingtide.jpg","petOwner":5,"fights":[{"id":6,"instances":2}]},{"name":"Mirror Image","id":132,"guid":31216,"type":"Pet","icon":"abilities/spell_magic_managain.jpg","petOwner":56,"fights":[{"id":6,"instances":6},{"id":13,"instances":6},{"id":24,"instances":3},{"id":27,"instances":3},{"id":28,"instances":3},{"id":29,"instances":3}]},{"name":"Ratrumbler","id":18,"guid":61630583,"type":"Pet","icon":"abilities/spell_shadow_animatedead.jpg","petOwner":11,"fights":[{"id":1,"instances":1},{"id":2,"instances":1},{"id":3,"instances":1},{"id":4,"instances":1},{"id":5,"instances":1},{"id":6,"instances":1},{"id":7,"instances":1},{"id":8,"instances":1},{"id":9,"instances":1},{"id":10,"instances":1},{"id":11,"instances":1},{"id":12,"instances":1},{"id":13,"instances":1},{"id":14,"instances":1},{"id":15,"instances":1},{"id":16,"instances":1},{"id":17,"instances":1},{"id":18,"instances":1},{"id":19,"instances":1},{"id":20,"instances":1},{"id":21,"instances":1},{"id":22,"instances":1},{"id":23,"instances":1},{"id":24,"instances":1},{"id":25,"instances":1},{"id":26,"instances":1},{"id":27,"instances":1},{"id":28,"instances":1},{"id":29,"instances":1}]},{"name":"Magus of the Dead","id":76,"guid":163366,"type":"Pet","icon":"abilities/artifactability_unholydeathknight_deathsembrace.jpg","petOwner":11,"fights":[{"id":3,"instances":1},{"id":4,"instances":1},{"id":5,"instances":1},{"id":6,"instances":9},{"id":7,"instances":1},{"id":8,"instances":4},{"id":9,"instances":8},{"id":10,"instances":2},{"id":11,"instances":1},{"id":12,"instances":1},{"id":13,"instances":7},{"id":15,"instances":1},{"id":16,"instances":1},{"id":17,"instances":1},{"id":19,"instances":3},{"id":21,"instances":9},{"id":22,"instances":1},{"id":23,"instances":4},{"id":24,"instances":4},{"id":25,"instances":9},{"id":26,"instances":2},{"id":27,"instances":3},{"id":28,"instances":2},{"id":29,"instances":8}]},{"name":"Demonic Tyrant","id":55,"guid":135002,"type":"Pet","icon":"abilities/inv_summondemonictyrant.jpg","petOwner":42,"fights":[{"id":1,"instances":1},{"id":3,"instances":1},{"id":4,"instances":1},{"id":6,"instances":5},{"id":8,"instances":2},{"id":9,"instances":5},{"id":12,"instances":1},{"id":13,"instances":4},{"id":15,"instances":1},{"id":19,"instances":2},{"id":21,"instances":5},{"id":22,"instances":1},{"id":23,"instances":3},{"id":24,"instances":2},{"id":25,"instances":5},{"id":26,"instances":1},{"id":27,"instances":2},{"id":28,"instances":3},{"id":29,"instances":5}]},{"name":"Fire Spirit","id":84,"guid":69791,"type":"Pet","icon":"abilities/inv_summerfest_firespirit.jpg","petOwner":28,"fights":[{"id":2,"instances":1},{"id":3,"instances":1},{"id":4,"instances":1},{"id":6,"instances":4},{"id":8,"instances":3},{"id":9,"instances":2},{"id":10,"instances":2},{"id":11,"instances":2},{"id":12,"instances":1},{"id":13,"instances":4},{"id":15,"instances":1},{"id":16,"instances":1},{"id":17,"instances":1},{"id":18,"instances":2},{"id":19,"instances":1},{"id":21,"instances":5},{"id":22,"instances":3},{"id":23,"instances":2},{"id":24,"instances":3},{"id":25,"instances":5},{"id":26,"instances":3},{"id":27,"instances":1},{"id":28,"instances":3},{"id":29,"instances":3}]},{"name":"Vilefiend","id":46,"guid":135816,"type":"Pet","icon":"abilities/inv_argusfelstalkermount.jpg","petOwner":42,"fights":[{"id":1,"instances":1},{"id":2,"instances":1},{"id":3,"instances":1},{"id":4,"instances":1},{"id":5,"instances":1},{"id":6,"instances":5},{"id":8,"instances":2},{"id":9,"instances":5},{"id":12,"instances":1},{"id":13,"instances":4},{"id":15,"instances":1},{"id":17,"instances":1},{"id":19,"instances":2},{"id":21,"instances":6},{"id":22,"instances":2},{"id":23,"instances":3},{"id":24,"instances":2},{"id":25,"instances":5},{"id":26,"instances":1},{"id":27,"instances":2},{"id":28,"instances":4},{"id":29,"instances":5}]},{"name":"Frothing Pustule","id":88,"guid":175519,"type":"Pet","icon":"custom-icon-ability_creature_poison_02.jpg","petOwner":21,"fights":[{"id":2,"instances":3},{"id":3,"instances":7},{"id":4,"instances":16},{"id":5,"instances":1},{"id":6,"instances":127},{"id":8,"instances":45},{"id":9,"instances":97},{"id":10,"instances":13},{"id":11,"instances":14},{"id":12,"instances":1},{"id":13,"instances":93},{"id":15,"instances":7},{"id":16,"instances":4},{"id":17,"instances":27},{"id":18,"instances":14},{"id":19,"instances":16},{"id":21,"instances":85},{"id":22,"instances":25},{"id":23,"instances":29},{"id":24,"instances":30},{"id":25,"instances":36},{"id":26,"instances":39},{"id":27,"instances":9},{"id":28,"instances":37},{"id":29,"instances":99}]},{"name":"Felguard","id":180,"guid":17252,"type":"Pet","icon":"abilities/spell_shadow_summonfelguard.jpg","petOwner":57,"fights":[{"id":10,"instances":1},{"id":11,"instances":1},{"id":13,"instances":2},{"id":15,"instances":1},{"id":18,"instances":1},{"id":19,"instances":1},{"id":21,"instances":3},{"id":22,"instances":1},{"id":23,"instances":2},{"id":24,"instances":1},{"id":25,"instances":3},{"id":26,"instances":2},{"id":27,"instances":1},{"id":28,"instances":2},{"id":29,"instances":3}]},{"name":"Primal Fire Elemental","id":232,"guid":61029,"type":"Pet","icon":"abilities/spell_fire_elemental_totem.jpg","petOwner":5,"fights":[{"id":19,"instances":1},{"id":21,"instances":3}]},{"name":"Dreadstalker","id":71,"guid":98035,"type":"Pet","icon":"abilities/spell_warlock_calldreadstalkers.jpg","petOwner":57,"fights":[{"id":2,"instances":6},{"id":3,"instances":6},{"id":4,"instances":6},{"id":5,"instances":4},{"id":6,"instances":80},{"id":8,"instances":30},{"id":9,"instances":54},{"id":10,"instances":8},{"id":11,"instances":10},{"id":12,"instances":6},{"id":13,"instances":44},{"id":15,"instances":6},{"id":16,"instances":6},{"id":18,"instances":6},{"id":19,"instances":22},{"id":21,"instances":56},{"id":22,"instances":20},{"id":23,"instances":26},{"id":24,"instances":26},{"id":25,"instances":58},{"id":26,"instances":20},{"id":27,"instances":20},{"id":28,"instances":36},{"id":29,"instances":58}]},{"name":"Meklikad","id":58,"guid":44593627,"type":"Pet","icon":"abilities/spell_warlock_summonwrathguard.jpg","petOwner":57,"fights":[{"id":2,"instances":1},{"id":3,"instances":1},{"id":4,"instances":1},{"id":5,"instances":1},{"id":6,"instances":1},{"id":8,"instances":1},{"id":9,"instances":1},{"id":10,"instances":1},{"id":11,"instances":1},{"id":12,"instances":1},{"id":13,"instances":1},{"id":14,"instances":1},{"id":15,"instances":1},{"id":16,"instances":1},{"id":18,"instances":1},{"id":19,"instances":1},{"id":20,"instances":1},{"id":21,"instances":1},{"id":22,"instances":1},{"id":23,"instances":1},{"id":24,"instances":1},{"id":25,"instances":1},{"id":26,"instances":1},{"id":27,"instances":1},{"id":28,"instances":1},{"id":29,"instances":1}]},{"name":"Greater Fire Elemental","id":167,"guid":95061,"type":"Pet","icon":"abilities/spell_fire_elemental_totem.jpg","petOwner":5,"fights":[{"id":9,"instances":2},{"id":13,"instances":2},{"id":23,"instances":1},{"id":24,"instances":2},{"id":25,"instances":3},{"id":27,"instances":1},{"id":28,"instances":1},{"id":29,"instances":2}]},{"name":"Demonic Gateway","id":228,"guid":59262,"type":"Pet","icon":"custom-icon-trade_engineering.jpg","petOwner":42,"fights":[{"id":25,"instances":1}]},{"name":"Spirit Link Totem","id":126,"guid":53006,"type":"Pet","icon":"abilities/spell_shaman_spiritlink.jpg","petOwner":63,"fights":[{"id":6,"instances":1},{"id":9,"instances":1}]},{"name":"Earthen Wall Totem","id":97,"guid":100943,"type":"Pet","icon":"abilities/spell_nature_stoneskintotem.jpg","petOwner":63,"fights":[{"id":3,"instances":1},{"id":4,"instances":1},{"id":6,"instances":4},{"id":8,"instances":1},{"id":9,"instances":2},{"id":11,"instances":2},{"id":13,"instances":2},{"id":15,"instances":1},{"id":21,"instances":2},{"id":22,"instances":1},{"id":24,"instances":1},{"id":25,"instances":3},{"id":29,"instances":4}]},{"name":"Kevin's Oozeling","id":94,"guid":178601,"type":"Pet","icon":"abilities/inv_maldraxxusslime.jpg","petOwner":11,"fights":[{"id":3,"instances":1},{"id":5,"instances":1},{"id":6,"instances":4},{"id":7,"instances":1},{"id":8,"instances":2},{"id":9,"instances":3},{"id":10,"instances":1},{"id":11,"instances":1},{"id":12,"instances":1},{"id":13,"instances":2},{"id":15,"instances":1},{"id":17,"instances":1},{"id":19,"instances":1},{"id":21,"instances":3},{"id":23,"instances":1},{"id":24,"instances":1},{"id":25,"instances":3},{"id":26,"instances":1},{"id":27,"instances":1},{"id":29,"instances":3}]},{"name":"Efflorescence","id":48,"guid":47649,"type":"Pet","icon":"abilities/inv_misc_herb_talandrasrose.jpg","petOwner":1,"fights":[{"id":1,"instances":1},{"id":2,"instances":3},{"id":3,"instances":2},{"id":4,"instances":1},{"id":5,"instances":2},{"id":6,"instances":18},{"id":7,"instances":1},{"id":8,"instances":12},{"id":9,"instances":8},{"id":10,"instances":4},{"id":11,"instances":2},{"id":12,"instances":3},{"id":13,"instances":7},{"id":15,"instances":2},{"id":16,"instances":1},{"id":17,"instances":3},{"id":18,"instances":2},{"id":19,"instances":10},{"id":21,"instances":10},{"id":22,"instances":4},{"id":23,"instances":4},{"id":24,"instances":5},{"id":25,"instances":13},{"id":26,"instances":5},{"id":27,"instances":3},{"id":28,"instances":1},{"id":29,"instances":10}]},{"name":"Regenerating Wildseed","id":215,"guid":164589,"type":"Pet","icon":"Pet","petOwner":67,"fights":[{"id":13,"instances":1},{"id":19,"instances":1},{"id":23,"instances":1},{"id":29,"instances":1}]},{"name":"Bob","id":20,"guid":62260897,"type":"Pet","icon":"abilities/ability_hunter_beastcall.jpg","petOwner":19,"fights":[{"id":1,"instances":1},{"id":2,"instances":1},{"id":3,"instances":1},{"id":4,"instances":1},{"id":5,"instances":1},{"id":6,"instances":1},{"id":7,"instances":1},{"id":8,"instances":1},{"id":9,"instances":1},{"id":10,"instances":1},{"id":11,"instances":1},{"id":12,"instances":1},{"id":13,"instances":1},{"id":14,"instances":1},{"id":15,"instances":1},{"id":16,"instances":1},{"id":17,"instances":1},{"id":18,"instances":1},{"id":19,"instances":1},{"id":20,"instances":1},{"id":21,"instances":1},{"id":22,"instances":1},{"id":23,"instances":1},{"id":24,"instances":1},{"id":25,"instances":1},{"id":26,"instances":1},{"id":27,"instances":1},{"id":28,"instances":1},{"id":29,"instances":1}]},{"name":"Demonic Gateway","id":115,"guid":59262,"type":"Pet","icon":"custom-icon-trade_engineering.jpg","petOwner":4,"fights":[{"id":6,"instances":1}]}],"enemyPets":[{"name":"Stasis Trap","id":284,"guid":183688,"type":"Pet","icon":"Pet","petOwner":19,"fights":[{"id":28,"instances":2}]},{"name":"Stasis Trap","id":296,"guid":183688,"type":"Pet","icon":"Pet","petOwner":35,"fights":[{"id":29,"instances":13}]},{"name":"Stasis Trap","id":294,"guid":183688,"type":"Pet","icon":"Pet","petOwner":25,"fights":[{"id":29,"instances":10}]},{"name":"Stasis Trap","id":289,"guid":183688,"type":"Pet","icon":"Pet","petOwner":57,"fights":[{"id":29,"instances":2}]},{"name":"Stasis Trap","id":290,"guid":183688,"type":"Pet","icon":"Pet","petOwner":1,"fights":[{"id":29,"instances":3}]},{"name":"Stasis Trap","id":298,"guid":183688,"type":"Pet","icon":"Pet","petOwner":22,"fights":[{"id":29,"instances":16}]},{"name":"Stasis Trap","id":295,"guid":183688,"type":"Pet","icon":"Pet","petOwner":6,"fights":[{"id":29,"instances":11}]},{"name":"Stasis Trap","id":283,"guid":183688,"type":"Pet","icon":"Pet","petOwner":17,"fights":[{"id":28,"instances":1}]},{"name":"Stasis Trap","id":288,"guid":183688,"type":"Pet","icon":"Pet","petOwner":2,"fights":[{"id":29,"instances":7}]},{"name":"Stasis Trap","id":293,"guid":183688,"type":"Pet","icon":"Pet","petOwner":36,"fights":[{"id":29,"instances":6}]},{"name":"Stasis Trap","id":297,"guid":183688,"type":"Pet","icon":"Pet","petOwner":56,"fights":[{"id":29,"instances":15}]},{"name":"Stasis Trap","id":286,"guid":183688,"type":"Pet","icon":"Pet","petOwner":63,"fights":[{"id":28,"instances":3}]},{"name":"Stasis Trap","id":291,"guid":183688,"type":"Pet","icon":"Pet","petOwner":5,"fights":[{"id":29,"instances":5}]}],"phases":[{"boss":2512,"phases":["P1: Systems Online!","P2: Roll Out, then Transform","P3: Self-Destruct Sequence"]},{"boss":2544,"phases":["P1: War and Duty","P2: Sin and Seed","P3: Pantheon of Death"]},{"boss":2553,"phases":["Cartel Xy","Secrets of the Relic"]},{"boss":2539,"phases":["Lihuvim, Principal Architect","Synthesized Automa"]}],"logVersion":16,"gameVersion":1,"title":"Sepulcher of the First Ones","owner":"JansonLives","start":1646184264747,"end":1646193868626,"zone":29,"exportedCharacters":[{"id":42798262,"name":"Aelless","server":"Echo Isles","region":"US"},{"id":9570206,"name":"Arcanfrost","server":"Draenor","region":"US"},{"id":46775872,"name":"Beamis","server":"Draenor","region":"US"},{"id":2933632,"name":"Bunnyhopp","server":"Echo Isles","region":"US"},{"id":38625923,"name":"Caras","server":"Echo Isles","region":"US"},{"id":33885743,"name":"Dahlsim","server":"Draenor","region":"US"},{"id":39681765,"name":"Ellyassania","server":"Draenor","region":"US"},{"id":53464207,"name":"Ezshaman","server":"Draenor","region":"US"},{"id":2934026,"name":"Fearblade","server":"Echo Isles","region":"US"},{"id":64612269,"name":"Gooberoopsy","server":"Echo Isles","region":"US"},{"id":61433734,"name":"Hymir","server":"Echo Isles","region":"US"},{"id":2933880,"name":"Indigo","server":"Echo Isles","region":"US"},{"id":2933914,"name":"Kirajoy","server":"Echo Isles","region":"US"},{"id":49335561,"name":"Kostazen","server":"Draenor","region":"US"},{"id":37200382,"name":"Lazraar","server":"Draenor","region":"US"},{"id":60179673,"name":"Natsuu","server":"Echo Isles","region":"US"},{"id":36302634,"name":"Naturan","server":"Echo Isles","region":"US"},{"id":3219385,"name":"Ramus","server":"Draenor","region":"US"},{"id":41683791,"name":"Sangoma","server":"Draenor","region":"US"},{"id":61738198,"name":"Sarrges","server":"Draenor","region":"US"},{"id":1084040,"name":"Severs","server":"Draenor","region":"US"},{"id":10841498,"name":"Sunil","server":"Echo Isles","region":"US"},{"id":3413861,"name":"Syladen","server":"Echo Isles","region":"US"},{"id":2933586,"name":"Tzulari","server":"Echo Isles","region":"US"},{"id":8940773,"name":"Vahldr","server":"Draenor","region":"US"},{"id":36827243,"name":"Volannis","server":"Draenor","region":"US"},{"id":56582066,"name":"Wreckshop","server":"Echo Isles","region":"US"},{"id":2160406,"name":"Zhia","server":"Echo Isles","region":"US"}]}