{"fights":[{"id":1,"boss":0,"start_time":393609,"end_time":493588,"name":"Sindrel","zoneID":2296,"zoneName":"Castle Nathria","zoneDifficulty":4},{"id":2,"boss":2398,"start_time":553819,"end_time":746426,"name":"Shriekwing","zoneID":2296,"zoneName":"Castle Nathria","zoneDifficulty":4,"size":30,"difficulty":4,"kill":true,"partial":3,"bossPercentage":0,"fightPercentage":0,"lastPhaseForPercentageDisplay":1,"maps":[1735]},{"id":3,"boss":0,"start_time":757355,"end_time":869258,"name":"Kennel Overseer","zoneID":2296,"zoneName":"Castle Nathria","zoneDifficulty":4},{"id":4,"boss":0,"start_time":886106,"end_time":924850,"name":"Huntsman Altimor","zoneID":2296,"zoneName":"Castle Nathria","zoneDifficulty":4},{"id":5,"boss":0,"originalBoss":2418,"start_time":948869,"end_time":953297,"name":"Huntsman Altimor","zoneID":2296,"zoneName":"Castle Nathria","zoneDifficulty":4},{"id":6,"boss":2418,"start_time":1011258,"end_time":1136732,"name":"Huntsman Altimor","zoneID":2296,"zoneName":"Castle Nathria","zoneDifficulty":4,"size":30,"difficulty":4,"kill":false,"partial":3,"bossPercentage":3361,"fightPercentage":3361,"lastPhaseForPercentageDisplay":2,"maps":[1735]},{"id":7,"boss":2418,"start_time":1187926,"end_time":1410153,"name":"Huntsman Altimor","zoneID":2296,"zoneName":"Castle Nathria","zoneDifficulty":4,"size":30,"difficulty":4,"kill":true,"partial":3,"bossPercentage":0,"fightPercentage":0,"lastPhaseForPercentageDisplay":4,"maps":[1735]},{"id":8,"boss":0,"start_time":1451600,"end_time":1584731,"name":"Dread Feaster","zoneID":2296,"zoneName":"Castle Nathria","zoneDifficulty":4},{"id":9,"boss":0,"originalBoss":2383,"start_time":1594604,"end_time":1600125,"name":"Hungering Destroyer","zoneID":2296,"zoneName":"Castle Nathria","zoneDifficulty":4},{"id":10,"boss":2383,"start_time":1641569,"end_time":1860258,"name":"Hungering Destroyer","zoneID":2296,"zoneName":"Castle Nathria","zoneDifficulty":4,"size":30,"difficulty":4,"kill":true,"partial":3,"bossPercentage":0,"fightPercentage":0,"lastPhaseForPercentageDisplay":0,"maps":[1735]},{"id":11,"boss":0,"start_time":1889436,"end_time":2029998,"name":"Kullan","zoneID":2296,"zoneName":"Castle Nathria","zoneDifficulty":4},{"id":12,"boss":0,"originalBoss":2406,"start_time":2066821,"end_time":2078098,"name":"Lady Inerva Darkvein","zoneID":2296,"zoneName":"Castle Nathria","zoneDifficulty":4},{"id":13,"boss":0,"start_time":2078151,"end_time":2078785,"name":"Lady Inerva Darkvein","zoneID":2296,"zoneName":"Castle Nathria","zoneDifficulty":4},{"id":14,"boss":2406,"start_time":2204723,"end_time":2455921,"name":"Lady Inerva Darkvein","zoneID":2296,"zoneName":"Castle Nathria","zoneDifficulty":4,"size":30,"difficulty":4,"kill":true,"partial":3,"bossPercentage":0,"fightPercentage":0,"lastPhaseForPercentageDisplay":0,"maps":[1744]},{"id":15,"boss":0,"start_time":2455948,"end_time":2461216,"name":"Harnessed Specter","zoneID":2296,"zoneName":"Castle Nathria","zoneDifficulty":4},{"id":16,"boss":0,"start_time":2566024,"end_time":2654944,"name":"Court Hawkeye","zoneID":2296,"zoneName":"Castle Nathria","zoneDifficulty":4},{"id":17,"boss":0,"start_time":2666191,"end_time":2728135,"name":"Court Enforcer","zoneID":2296,"zoneName":"Castle Nathria","zoneDifficulty":4},{"id":18,"boss":0,"start_time":2744274,"end_time":2873707,"name":"Court Assassin","zoneID":2296,"zoneName":"Castle Nathria","zoneDifficulty":4},{"id":19,"boss":0,"start_time":2896810,"end_time":3012660,"name":"Court Enforcer","zoneID":2296,"zoneName":"Castle Nathria","zoneDifficulty":4},{"id":20,"boss":0,"originalBoss":2405,"start_time":3047651,"end_time":3056160,"name":"Artificer Xy'mox","zoneID":2296,"zoneName":"Castle Nathria","zoneDifficulty":4},{"id":21,"boss":0,"start_time":3060250,"end_time":3061553,"name":"Unknown","zoneID":2296,"zoneName":"Castle Nathria","zoneDifficulty":4},{"id":22,"boss":2405,"start_time":3180230,"end_time":3445404,"name":"Artificer Xy'mox","zoneID":2296,"zoneName":"Castle Nathria","zoneDifficulty":4,"size":29,"difficulty":4,"kill":true,"partial":3,"bossPercentage":0,"fightPercentage":0,"lastPhaseForPercentageDisplay":3,"maps":[1745]},{"id":23,"boss":0,"start_time":3527374,"end_time":3566205,"name":"Court Enforcer","zoneID":2296,"zoneName":"Castle Nathria","zoneDifficulty":4},{"id":24,"boss":0,"originalBoss":2402,"start_time":3596369,"end_time":3604192,"name":"Sun King's Salvation","zoneID":2296,"zoneName":"Castle Nathria","zoneDifficulty":4},{"id":25,"boss":2402,"start_time":3693073,"end_time":4027536,"name":"Sun King's Salvation","zoneID":2296,"zoneName":"Castle Nathria","zoneDifficulty":4,"size":29,"difficulty":4,"kill":true,"partial":3,"bossPercentage":9136,"fightPercentage":1080,"lastPhaseForPercentageDisplay":0,"maps":[1746]},{"id":26,"boss":0,"start_time":4041165,"end_time":4041165,"name":"Kael'thas Sunstrider","zoneID":2296,"zoneName":"Castle Nathria","zoneDifficulty":4},{"id":27,"boss":0,"start_time":4104908,"end_time":4107968,"name":"Court Enforcer","zoneID":2296,"zoneName":"Castle Nathria","zoneDifficulty":4},{"id":28,"boss":0,"start_time":4151895,"end_time":4270965,"name":"Stoneborn Maitre D'","zoneID":2296,"zoneName":"Castle Nathria","zoneDifficulty":4},{"id":29,"boss":2412,"start_time":4325004,"end_time":4751514,"name":"The Council of Blood","zoneID":2296,"zoneName":"Castle Nathria","zoneDifficulty":4,"size":29,"difficulty":4,"kill":true,"partial":3,"bossPercentage":0,"fightPercentage":0,"lastPhaseForPercentageDisplay":4,"maps":[1750]},{"id":30,"boss":2399,"start_time":5046434,"end_time":5325752,"name":"Sludgefist","zoneID":2296,"zoneName":"Castle Nathria","zoneDifficulty":4,"size":29,"difficulty":4,"kill":true,"partial":3,"bossPercentage":0,"fightPercentage":0,"lastPhaseForPercentageDisplay":0,"maps":[1735]}],"lang":"en","friendlies":[{"name":"Essence Font","id":199,"guid":165778,"type":"NPC","icon":"custom-icon-inv_mechagnome_powercell_broken","fights":[{"id":25,"instances":9,"groups":3}]},{"name":"Dassara","id":46,"guid":117594884,"type":"Hunter","server":"Ragnaros","icon":"Hunter-Marksmanship","fights":[{"id":1},{"id":2},{"id":3},{"id":4},{"id":5},{"id":6},{"id":7},{"id":8},{"id":9},{"id":10},{"id":11},{"id":12},{"id":14},{"id":15},{"id":16},{"id":17},{"id":18},{"id":19},{"id":20},{"id":21},{"id":22},{"id":23},{"id":24},{"id":25},{"id":26},{"id":27},{"id":28},{"id":29},{"id":30}]},{"name":"Cardrizz","id":1,"guid":137141073,"type":"Priest","server":"Ragnaros","icon":"Priest-Shadow","fights":[{"id":1},{"id":2},{"id":3},{"id":4},{"id":5},{"id":6},{"id":7},{"id":8},{"id":9},{"id":10},{"id":11},{"id":12},{"id":13},{"id":14},{"id":15},{"id":16},{"id":17},{"id":18},{"id":19},{"id":20},{"id":21},{"id":22},{"id":23},{"id":24},{"id":25},{"id":26},{"id":27},{"id":28},{"id":29},{"id":30}]},{"name":"Anima Orb","id":192,"guid":174017,"type":"NPC","icon":"custom-icon-spell_animarevendreth_orb","fights":[{"id":23,"instances":3,"groups":2}]},{"name":"Thyminde","id":24,"guid":144296772,"type":"Hunter","server":"Ragnaros","icon":"Hunter-Survival","fights":[{"id":1},{"id":2},{"id":3},{"id":4},{"id":5},{"id":6},{"id":7},{"id":8},{"id":9},{"id":10},{"id":11},{"id":12},{"id":13},{"id":14},{"id":15},{"id":22},{"id":23},{"id":24},{"id":25},{"id":26},{"id":28},{"id":29},{"id":30}]},{"name":"Snootgroot","id":7,"guid":151895184,"type":"Druid","server":"Ragnaros","icon":"Druid-Restoration","fights":[{"id":1},{"id":2},{"id":3},{"id":4},{"id":5},{"id":6},{"id":7},{"id":8},{"id":9},{"id":10},{"id":11},{"id":12},{"id":13},{"id":14},{"id":15},{"id":16},{"id":17},{"id":18},{"id":19},{"id":20},{"id":21},{"id":22},{"id":23},{"id":24},{"id":25},{"id":26},{"id":27},{"id":28},{"id":29},{"id":30}]},{"name":"Belligerent Waiter","id":222,"guid":175474,"type":"NPC","icon":"custom-icon-ui_sigil_venthyr","fights":[{"id":29,"instances":3,"groups":5}]},{"name":"Chickintark","id":26,"guid":175412646,"type":"Druid","server":"Ragnaros","icon":"Druid-Balance","fights":[{"id":1},{"id":2},{"id":3},{"id":4},{"id":5},{"id":6},{"id":7},{"id":8},{"id":9},{"id":10},{"id":11},{"id":12},{"id":13},{"id":14},{"id":15},{"id":16},{"id":17},{"id":18},{"id":19},{"id":20},{"id":22},{"id":23},{"id":24},{"id":25},{"id":26},{"id":27},{"id":28},{"id":29},{"id":30}]},{"name":"Thisisjon","id":65,"guid":144358684,"type":"Rogue","server":"Ragnaros","icon":"Rogue-Subtlety","fights":[{"id":2},{"id":3},{"id":4},{"id":5},{"id":6},{"id":7},{"id":8},{"id":9},{"id":10},{"id":11},{"id":12},{"id":13},{"id":14},{"id":15},{"id":16},{"id":17},{"id":18},{"id":19},{"id":20},{"id":21},{"id":22},{"id":23},{"id":24},{"id":25},{"id":26},{"id":27},{"id":28},{"id":29},{"id":30}]},{"name":"Fristy","id":15,"guid":144787861,"type":"DemonHunter","server":"Ragnaros","icon":"DemonHunter-Havoc","fights":[{"id":1},{"id":2},{"id":3},{"id":4},{"id":5},{"id":6},{"id":7},{"id":8},{"id":9},{"id":10},{"id":11},{"id":12},{"id":13},{"id":14},{"id":15},{"id":16},{"id":17},{"id":18},{"id":19},{"id":20},{"id":22},{"id":23},{"id":24},{"id":25},{"id":26},{"id":28},{"id":29},{"id":30}]},{"name":"Implicit","id":28,"guid":148364885,"type":"Rogue","server":"Ragnaros","icon":"Rogue-Subtlety","fights":[{"id":1},{"id":2},{"id":3},{"id":4},{"id":5},{"id":6},{"id":7},{"id":8},{"id":9},{"id":10},{"id":11},{"id":12},{"id":13},{"id":14},{"id":15},{"id":16},{"id":17},{"id":18},{"id":19},{"id":20},{"id":21},{"id":22},{"id":23},{"id":24},{"id":25},{"id":26},{"id":27},{"id":28},{"id":29},{"id":30}]},{"name":"Qualms","id":22,"guid":97569361,"type":"Shaman","server":"Ragnaros","icon":"Shaman-Enhancement","fights":[{"id":1},{"id":2},{"id":3},{"id":4},{"id":5},{"id":6},{"id":7},{"id":8},{"id":9},{"id":10},{"id":11},{"id":12},{"id":14},{"id":15},{"id":16},{"id":17},{"id":18},{"id":19},{"id":20},{"id":21},{"id":22},{"id":23},{"id":24},{"id":25},{"id":27},{"id":28},{"id":29},{"id":30}]},{"name":"Ragthor","id":2,"guid":97577403,"type":"Druid","server":"Ragnaros","icon":"Druid","fights":[{"id":1},{"id":2},{"id":3},{"id":4},{"id":5},{"id":6},{"id":7},{"id":8},{"id":9},{"id":10},{"id":11},{"id":12},{"id":13},{"id":14},{"id":15},{"id":16},{"id":17},{"id":18},{"id":19},{"id":20},{"id":22},{"id":23},{"id":24},{"id":25},{"id":26},{"id":27},{"id":28},{"id":29},{"id":30}]},{"name":"Radsrakija","id":9,"guid":175804216,"type":"Monk","server":"Ragnaros","icon":"Monk-Brewmaster","fights":[{"id":1},{"id":2},{"id":3},{"id":4},{"id":5},{"id":6},{"id":7},{"id":8},{"id":9},{"id":10},{"id":11},{"id":12},{"id":13},{"id":14},{"id":15},{"id":16},{"id":17},{"id":18},{"id":19},{"id":20},{"id":21},{"id":22},{"id":23},{"id":24},{"id":25},{"id":26},{"id":27},{"id":28},{"id":29},{"id":30}]},{"name":"Azortharíon","id":33,"guid":173737535,"type":"Hunter","server":"Ragnaros","icon":"Hunter-Marksmanship","fights":[{"id":1},{"id":2},{"id":3},{"id":4},{"id":5},{"id":6},{"id":7},{"id":8},{"id":9},{"id":10},{"id":11},{"id":12},{"id":14},{"id":15},{"id":16},{"id":17},{"id":18},{"id":19},{"id":20},{"id":21},{"id":22},{"id":23},{"id":24},{"id":25},{"id":26},{"id":28},{"id":29},{"id":30}]},{"name":"Pollypuff","id":4,"guid":109445613,"type":"Mage","server":"Ragnaros","icon":"Mage-Fire","fights":[{"id":1},{"id":2},{"id":3},{"id":4},{"id":5},{"id":6},{"id":7},{"id":8},{"id":9},{"id":10},{"id":11},{"id":12},{"id":13},{"id":14},{"id":17},{"id":18},{"id":19},{"id":20},{"id":22},{"id":23},{"id":24},{"id":25},{"id":26},{"id":28},{"id":29},{"id":30}]},{"name":"Juícebox","id":29,"guid":143889403,"type":"Shaman","server":"Ragnaros","icon":"Shaman-Restoration","fights":[{"id":1},{"id":2},{"id":3},{"id":4},{"id":5},{"id":6},{"id":7},{"id":8},{"id":9},{"id":10},{"id":11},{"id":12},{"id":13},{"id":14},{"id":15},{"id":16},{"id":17},{"id":18},{"id":19},{"id":20},{"id":22},{"id":23},{"id":24},{"id":25},{"id":26},{"id":28},{"id":29},{"id":30}]},{"name":"Yonhealen","id":18,"guid":162751294,"type":"DeathKnight","server":"Ragnaros","icon":"DeathKnight-Unholy","fights":[{"id":1},{"id":2},{"id":3},{"id":4},{"id":5},{"id":6},{"id":7},{"id":8},{"id":9},{"id":10},{"id":11},{"id":12},{"id":14},{"id":15},{"id":16},{"id":17},{"id":18},{"id":19},{"id":20},{"id":22},{"id":23},{"id":24},{"id":25},{"id":28},{"id":29},{"id":30}]},{"name":"Biní","id":10,"guid":152119225,"type":"Druid","server":"Ragnaros","icon":"Druid-Balance","fights":[{"id":1},{"id":2},{"id":3},{"id":4},{"id":5},{"id":6},{"id":7},{"id":8},{"id":9},{"id":10},{"id":11},{"id":12},{"id":13},{"id":14},{"id":15},{"id":16},{"id":17},{"id":18},{"id":19},{"id":20},{"id":21},{"id":22},{"id":23},{"id":24},{"id":25},{"id":26},{"id":28},{"id":29},{"id":30}]},{"name":"Sponkss","id":51,"guid":165796465,"type":"Warrior","server":"Ragnaros","icon":"Warrior-Arms","fights":[{"id":1},{"id":2},{"id":3},{"id":4},{"id":5},{"id":6},{"id":7},{"id":8},{"id":9},{"id":10},{"id":11},{"id":12},{"id":13},{"id":14},{"id":15},{"id":16},{"id":17},{"id":18},{"id":19},{"id":20},{"id":21},{"id":22},{"id":23},{"id":24},{"id":25},{"id":26},{"id":28},{"id":29},{"id":30}]},{"name":"Euls","id":59,"guid":137519684,"type":"Druid","server":"Ragnaros","icon":"Druid-Balance","fights":[{"id":1},{"id":2},{"id":3},{"id":4},{"id":5},{"id":6},{"id":7},{"id":8},{"id":9},{"id":10},{"id":11},{"id":12},{"id":13},{"id":14},{"id":15},{"id":16},{"id":17},{"id":18},{"id":19},{"id":20},{"id":21},{"id":22},{"id":23},{"id":24},{"id":25},{"id":26},{"id":27},{"id":28},{"id":29},{"id":30}]},{"name":"Merkath","id":52,"guid":123848668,"type":"Mage","server":"Ragnaros","icon":"Mage-Fire","fights":[{"id":1},{"id":2},{"id":3},{"id":4},{"id":5},{"id":6},{"id":7},{"id":8},{"id":9},{"id":10},{"id":11},{"id":12},{"id":13},{"id":14},{"id":15},{"id":16},{"id":17},{"id":18},{"id":19},{"id":20},{"id":21},{"id":22},{"id":23},{"id":24},{"id":25},{"id":26},{"id":27},{"id":28},{"id":29},{"id":30}]},{"name":"Emirose","id":25,"guid":137008276,"type":"Druid","server":"Ragnaros","icon":"Druid-Feral","fights":[{"id":1},{"id":2},{"id":3},{"id":4},{"id":5},{"id":6},{"id":7},{"id":8},{"id":9},{"id":10},{"id":11},{"id":12},{"id":14},{"id":15},{"id":16},{"id":17},{"id":18},{"id":19},{"id":20}]},{"name":"Cursdlife","id":30,"guid":151272036,"type":"Warlock","server":"Ragnaros","icon":"Warlock-Affliction","fights":[{"id":1},{"id":2},{"id":3},{"id":4},{"id":5},{"id":6},{"id":7},{"id":8},{"id":9},{"id":10},{"id":11},{"id":12},{"id":13},{"id":14},{"id":15},{"id":16},{"id":17},{"id":18},{"id":19},{"id":20},{"id":21},{"id":22},{"id":23},{"id":24},{"id":25},{"id":28},{"id":29},{"id":30}]},{"name":"Schakalen","id":50,"guid":128723673,"type":"Monk","server":"Ragnaros","icon":"Monk-Windwalker","fights":[{"id":1},{"id":2},{"id":3},{"id":4},{"id":5},{"id":6},{"id":7},{"id":8},{"id":9},{"id":10},{"id":11},{"id":12},{"id":13},{"id":14},{"id":15},{"id":16},{"id":17},{"id":18},{"id":19},{"id":20},{"id":21},{"id":22},{"id":23},{"id":24},{"id":25},{"id":26},{"id":27},{"id":28},{"id":29},{"id":30}]},{"name":"Jazeus","id":49,"guid":146024990,"type":"Priest","server":"Ragnaros","icon":"Priest","fights":[{"id":1},{"id":2},{"id":3},{"id":4},{"id":5},{"id":6},{"id":7},{"id":8},{"id":9},{"id":10},{"id":11},{"id":12},{"id":14},{"id":16},{"id":17},{"id":18},{"id":19},{"id":20},{"id":21},{"id":22},{"id":23},{"id":24},{"id":25},{"id":26},{"id":27},{"id":28},{"id":29},{"id":30}]},{"name":"Mcpusztulock","id":8,"guid":159986880,"type":"Warlock","server":"Ragnaros","icon":"Warlock-Affliction","fights":[{"id":1},{"id":2},{"id":3},{"id":4},{"id":5},{"id":6},{"id":7},{"id":8},{"id":9},{"id":10},{"id":11},{"id":12},{"id":13},{"id":14},{"id":16},{"id":17},{"id":18},{"id":19},{"id":20},{"id":21},{"id":22},{"id":23},{"id":24},{"id":25},{"id":28},{"id":29},{"id":30}]},{"name":"Seed of Extinction","id":187,"guid":169219,"type":"NPC","icon":"custom-icon-ability_ardenweald_mage","fights":[{"id":22,"instances":8,"groups":4}]},{"name":"Kroghnado","id":23,"guid":163475261,"type":"Paladin","server":"Ragnaros","icon":"Paladin","fights":[{"id":1},{"id":2},{"id":3},{"id":4},{"id":5},{"id":6},{"id":7},{"id":8},{"id":9},{"id":10},{"id":11},{"id":12},{"id":14},{"id":15},{"id":16},{"id":17},{"id":18},{"id":19},{"id":20},{"id":21},{"id":22},{"id":23},{"id":24},{"id":25},{"id":26},{"id":27},{"id":28},{"id":29},{"id":30}]},{"name":"Kael'thas Sunstrider","id":196,"guid":165759,"type":"Boss","icon":"custom-icon-ability_warlock_moltencore","lockBossFrame":true,"fights":[{"id":25,"instances":1,"groups":3}]},{"name":"Belligerent Waiter","id":223,"guid":174878,"type":"NPC","icon":"custom-icon-ui_sigil_venthyr","fights":[{"id":29,"instances":17,"groups":2}]},{"name":"Zeroten","id":3,"guid":156246858,"type":"Warrior","server":"Ragnaros","icon":"Warrior-Arms","fights":[{"id":1},{"id":2},{"id":3},{"id":4},{"id":5},{"id":6},{"id":7},{"id":8},{"id":9},{"id":10},{"id":11},{"id":12},{"id":13},{"id":14},{"id":15},{"id":16},{"id":17},{"id":18},{"id":19},{"id":20},{"id":21},{"id":22},{"id":23},{"id":24},{"id":25},{"id":27},{"id":28},{"id":29},{"id":30}]},{"name":"Kireth","id":6,"guid":145020432,"type":"Shaman","server":"Ragnaros","icon":"Shaman-Elemental","fights":[{"id":1},{"id":2},{"id":3},{"id":4},{"id":5},{"id":6},{"id":7},{"id":8},{"id":9},{"id":10},{"id":11},{"id":12},{"id":13},{"id":14},{"id":15},{"id":16},{"id":17},{"id":18},{"id":19},{"id":20},{"id":21},{"id":22},{"id":23},{"id":24},{"id":25},{"id":26},{"id":27},{"id":28},{"id":29},{"id":30}]},{"name":"The Accuser","id":189,"guid":165760,"type":"NPC","icon":"custom-icon-ability_venthyr_doorofshadows","fights":[{"id":23,"instances":1}]},{"name":"Oãk","id":21,"guid":144320537,"type":"Mage","server":"Ragnaros","icon":"Mage-Fire","fights":[{"id":1},{"id":2},{"id":3},{"id":4},{"id":5},{"id":6},{"id":7},{"id":8},{"id":9},{"id":10},{"id":11},{"id":12},{"id":13},{"id":14},{"id":16},{"id":17},{"id":18},{"id":19},{"id":20},{"id":21},{"id":22},{"id":23},{"id":24},{"id":25},{"id":26},{"id":27},{"id":28},{"id":29},{"id":30}]},{"name":"Munkuu","id":27,"guid":144179455,"type":"Monk","server":"Ragnaros","icon":"Monk-Mistweaver","fights":[{"id":1},{"id":2},{"id":3},{"id":4},{"id":5},{"id":6},{"id":7},{"id":8},{"id":9},{"id":10},{"id":11},{"id":12},{"id":13},{"id":14},{"id":15},{"id":16},{"id":17},{"id":18},{"id":19},{"id":20},{"id":22},{"id":23},{"id":24},{"id":25},{"id":26},{"id":28},{"id":29},{"id":30}]},{"name":"Ghosteld","id":11,"guid":143842928,"type":"Hunter","server":"Ragnaros","icon":"Hunter-Marksmanship","fights":[{"id":1},{"id":2},{"id":3},{"id":4},{"id":5},{"id":6},{"id":7},{"id":8},{"id":9},{"id":10},{"id":11},{"id":12},{"id":13},{"id":14},{"id":15},{"id":16},{"id":17},{"id":18},{"id":19},{"id":20},{"id":22},{"id":23},{"id":24},{"id":25},{"id":26},{"id":28},{"id":29},{"id":30}]}],"enemies":[{"name":"Nathrian Registrar","id":174,"guid":173613,"type":"NPC","icon":"custom-icon-ability_deathknight_sanguinfortitude","fights":[{"id":19,"instances":1}]},{"name":"Crystal of Phantasms","id":184,"guid":168512,"type":"NPC","icon":"custom-icon-spell_necro_deathrift","fights":[{"id":22,"instances":1}]},{"name":"Hargitas","id":37,"guid":173446,"type":"NPC","icon":"custom-icon-spell_druid_bloodythrash","fights":[{"id":1,"instances":1}]},{"name":"Nathrian Enforcer","id":159,"guid":165469,"type":"NPC","icon":"custom-icon-spell_animarevendreth_orb","fights":[{"id":16,"instances":4,"groups":1},{"id":18,"instances":3,"groups":2}]},{"name":"Pestering Fiend","id":201,"guid":168700,"type":"NPC","icon":"custom-icon-archaeology_5_0_crackedmogurunestone","fights":[{"id":25,"instances":30,"groups":5}]},{"name":"Dread Feaster","id":128,"guid":173142,"type":"NPC","icon":"NPC","fights":[{"id":8,"instances":2,"groups":1}]},{"name":"Nathrian Tracker","id":97,"guid":173973,"type":"NPC","icon":"custom-icon-inv_ammo_bullet_02","fights":[{"id":3,"instances":1,"groups":1},{"id":16,"instances":2,"groups":1},{"id":17,"instances":1,"groups":1},{"id":19,"instances":1,"groups":1}]},{"name":"Bargast","id":113,"guid":169457,"type":"Boss","icon":"custom-icon-ability_druid_markofursol","fights":[{"id":6,"instances":1},{"id":7,"instances":1}]},{"name":"Nathrian Hierarch","id":163,"guid":174090,"type":"NPC","icon":"custom-icon-spell_animarevendreth_wave","fights":[{"id":16,"instances":1}]},{"name":"Stasis Trap","id":182,"guid":167691,"type":"NPC","icon":"NPC","fights":[{"id":22,"instances":5,"groups":4}]},{"name":"Dutiful Attendant","id":216,"guid":175992,"type":"NPC","icon":"custom-icon-inv_shield_1h_revendrethquest_b_01","fights":[{"id":29,"instances":6,"groups":9}]},{"name":"Nathrian Archivist","id":176,"guid":173633,"type":"NPC","icon":"custom-icon-spell_animarevendreth_orb","fights":[{"id":19,"instances":4,"groups":1}]},{"name":"Sindrel","id":36,"guid":173445,"type":"NPC","icon":"custom-icon-inv_misc_volatileearth","fights":[{"id":1,"instances":1}]},{"name":"Shriekwing","id":66,"guid":164406,"type":"Boss","icon":"custom-icon-ability_ironmaidens_whirlofblood","fights":[{"id":2,"instances":1}]},{"name":"Edge of Annihilation","id":188,"guid":169062,"type":"NPC","icon":"custom-icon-spell_animamaw_orb","fights":[{"id":22,"instances":1}]},{"name":"Kullan","id":142,"guid":173469,"type":"NPC","icon":"custom-icon-inv_chaos_orb","fights":[{"id":11,"instances":1}]},{"name":"Reborn Phoenix","id":204,"guid":168962,"type":"NPC","icon":"custom-icon-ability_mount_fireravengodmount","fights":[{"id":25,"instances":4,"groups":2}]},{"name":"Ripped Soul","id":114,"guid":171577,"type":"NPC","icon":"custom-icon-ability_argus_soulburst","fights":[{"id":6,"instances":2},{"id":7,"instances":3}]},{"name":"Bleakwing Assassin","id":194,"guid":167566,"type":"NPC","icon":"custom-icon-ability_revendreth_rogue","fights":[{"id":24,"instances":2,"groups":1},{"id":25,"instances":14,"groups":8}]},{"name":"High Torturer Darithos","id":193,"guid":168973,"type":"Boss","icon":"custom-icon-spell_animarevendreth_wave","fights":[{"id":24,"instances":1},{"id":25,"instances":1}]},{"name":"Hulking Gargon","id":107,"guid":174069,"type":"NPC","icon":"custom-icon-inv_misc_foot_kodo","fights":[{"id":4,"instances":2,"groups":1}]},{"name":"Dragost","id":144,"guid":173448,"type":"NPC","icon":"custom-icon-ui_venthyranimaboss_heartsword","fights":[{"id":11,"instances":1}]},{"name":"Lady Inerva Darkvein","id":149,"guid":165521,"type":"Boss","icon":"custom-icon-spell_shaman_spectraltransformation","fights":[{"id":12,"instances":1},{"id":13,"instances":1},{"id":14,"instances":1},{"id":15,"instances":1}]},{"name":"Court Executor","id":31,"guid":174194,"type":"NPC","icon":"custom-icon-spell_animarevendreth_nova","fights":[{"id":16,"instances":1}]},{"name":"Dusty Widow","id":100,"guid":174141,"type":"NPC","icon":"NPC","fights":[{"id":3,"instances":4,"groups":3},{"id":4,"instances":5,"groups":1},{"id":6,"instances":1,"groups":1},{"id":8,"instances":13,"groups":2}]},{"name":"Court Executor","id":172,"guid":174208,"type":"NPC","icon":"NPC","fights":[{"id":19,"instances":1}]},{"name":"Dance Controller","id":217,"guid":168870,"type":"NPC","icon":"custom-icon-trade_engineering","fights":[{"id":29,"instances":1,"groups":6}]},{"name":"Vicious Gargon","id":106,"guid":174071,"type":"NPC","icon":"custom-icon-trade_archaeology_shark-jaws","fights":[{"id":4,"instances":4,"groups":1}]},{"name":"Deplina","id":145,"guid":173464,"type":"NPC","icon":"custom-icon-ui_venthyranimaboss_bottle","fights":[{"id":11,"instances":1}]},{"name":"Carved Assistant","id":191,"guid":173802,"type":"NPC","icon":"custom-icon-archaeology_5_0_crackedmogurunestone","fights":[{"id":23,"instances":5,"groups":1}]},{"name":"Vile Occultist","id":170,"guid":165763,"type":"NPC","icon":"custom-icon-sha_spell_fire_blueflamering_nightmare","fights":[{"id":24,"instances":4,"groups":1},{"id":25,"instances":9,"groups":3}]},{"name":"Executrix Ophelia","id":190,"guid":174012,"type":"NPC","icon":"custom-icon-spell_animarevendreth_orb","fights":[{"id":23,"instances":1}]},{"name":"Nathrian Hawkeye","id":99,"guid":173189,"type":"NPC","icon":"custom-icon-ability_hunter_traplauncher","fights":[{"id":3,"instances":2,"groups":1},{"id":16,"instances":1,"groups":1},{"id":18,"instances":2,"groups":1},{"id":28,"instances":3,"groups":1}]},{"name":"Rat of Unusual Size","id":121,"guid":173798,"type":"NPC","icon":"custom-icon-ability_xavius_tormentingswipe","fights":[{"id":8,"instances":4,"groups":1}]},{"name":"Nathrian Duelist","id":173,"guid":165471,"type":"NPC","icon":"custom-icon-ability_rogue_shadowstrike","fights":[{"id":19,"instances":1,"groups":1},{"id":28,"instances":3,"groups":1}]},{"name":"Veteran Stoneguard","id":221,"guid":169924,"type":"NPC","icon":"custom-icon-inv_sword_1h_revendreth_d_02","fights":[{"id":29,"instances":1,"groups":2}]},{"name":"Conjured Manifestation","id":148,"guid":173484,"type":"NPC","icon":"NPC","fights":[{"id":11,"instances":2,"groups":1}]},{"name":"Rockbound Vanquisher","id":200,"guid":165764,"type":"NPC","icon":"custom-icon-ability_earthen_pillar","fights":[{"id":25,"instances":5,"groups":3}]},{"name":"Harnessed Specter","id":152,"guid":170199,"type":"NPC","icon":"custom-icon-inv_sinstonegolempet","fights":[{"id":14,"instances":3,"groups":4},{"id":15,"instances":3,"groups":1}]},{"name":"Nathrian Conservator","id":175,"guid":173609,"type":"NPC","icon":"custom-icon-ability_backstab","fights":[{"id":19,"instances":4,"groups":1}]},{"name":"Sludgefist","id":225,"guid":164407,"type":"Boss","icon":"custom-icon-ability_garrosh_hellscreams_warsong","fights":[{"id":30,"instances":1}]},{"name":"Nathrian Assassin","id":168,"guid":165474,"type":"NPC","icon":"custom-icon-ability_rogue_shadowstrike","fights":[{"id":17,"instances":1,"groups":1},{"id":18,"instances":5,"groups":1}]},{"name":"Belligerent Waiter","id":208,"guid":174842,"type":"NPC","icon":"custom-icon-ability_mage_conjurefoodrank9","fights":[{"id":28,"instances":12,"groups":3}]},{"name":"Sewer Rat","id":120,"guid":173800,"type":"NPC","icon":"custom-icon-ability_hunter_pet_wolf","fights":[{"id":8,"instances":29,"groups":1}]},{"name":"Shade of Kael'thas","id":203,"guid":165805,"type":"Boss","icon":"custom-icon-spell_fire_selfdestruct","fights":[{"id":25,"instances":2}]},{"name":"Court Hawkeye","id":164,"guid":173190,"type":"NPC","icon":"custom-icon-ability_hunter_traplauncher","fights":[{"id":16,"instances":1},{"id":18,"instances":1},{"id":28,"instances":1}]},{"name":"Nathrian Siphoner","id":160,"guid":165472,"type":"NPC","icon":"custom-icon-spell_animarevendreth_missile","fights":[{"id":16,"instances":2,"groups":1},{"id":17,"instances":4,"groups":1},{"id":18,"instances":4,"groups":1},{"id":28,"instances":3,"groups":3}]},{"name":"Sinister Antiquarian","id":177,"guid":173604,"type":"NPC","icon":"custom-icon-ability_ironmaidens_whirlofblood","fights":[{"id":19,"instances":2,"groups":1}]},{"name":"Soul Infuser","id":205,"guid":165762,"type":"NPC","icon":"custom-icon-ability_deathwing_bloodcorruption_earth","fights":[{"id":25,"instances":6,"groups":2}]},{"name":"Gorging Mite","id":129,"guid":173145,"type":"NPC","icon":"custom-icon-ability_warlock_burningembersblue","fights":[{"id":8,"instances":9,"groups":2}]},{"name":"Hungering Destroyer","id":95,"guid":164261,"type":"Boss","icon":"custom-icon-ability_argus_deathfog","fights":[{"id":9,"instances":1},{"id":10,"instances":1}]},{"name":"Baron Duskhollow","id":166,"guid":174126,"type":"NPC","icon":"custom-icon-70_inscription_vantus_rune_odyn","fights":[{"id":17,"instances":1}]},{"name":"Shade of Bargast","id":115,"guid":171557,"type":"NPC","icon":"custom-icon-ability_creature_cursed_03","fights":[{"id":6,"instances":4,"groups":1},{"id":7,"instances":4,"groups":2}]},{"name":"Caramain","id":35,"guid":173444,"type":"NPC","icon":"custom-icon-inv_misc_volatileearth","fights":[{"id":1,"instances":1}]},{"name":"Stoneborn Maitre D'","id":209,"guid":174843,"type":"NPC","icon":"custom-icon-ability_warrior_shieldbreak","fights":[{"id":28,"instances":1}]},{"name":"Castellan Niklaus","id":215,"guid":166971,"type":"Boss","icon":"custom-icon-inv_knife_1h_revendreth_d_01","fights":[{"id":29,"instances":1}]},{"name":"Stinky Feedhauler","id":93,"guid":174338,"type":"NPC","icon":"custom-icon-ability_rogue_reinforcedleather","fights":[{"id":3,"instances":10,"groups":2}]},{"name":"Court Hierarch","id":169,"guid":165483,"type":"NPC","icon":"custom-icon-spell_animarevendreth_orb","fights":[{"id":18,"instances":2,"groups":1},{"id":28,"instances":1,"groups":1}]},{"name":"Winged Ravager","id":127,"guid":173146,"type":"NPC","icon":"custom-icon-spell_arcane_arcane02","fights":[{"id":8,"instances":7,"groups":2}]},{"name":"Hecutis","id":119,"guid":169458,"type":"Boss","icon":"custom-icon-ability_warstomp","fights":[{"id":7,"instances":1}]},{"name":"Sins of the Past","id":151,"guid":166766,"type":"NPC","icon":"custom-icon-spell_animarevendreth_orb","fights":[{"id":14,"instances":15,"groups":5},{"id":15,"instances":15,"groups":1}]},{"name":"Court Assassin","id":158,"guid":165481,"type":"NPC","icon":"custom-icon-inv_artifact_bloodoftheassassinated","fights":[{"id":17,"instances":1},{"id":18,"instances":1},{"id":28,"instances":1}]},{"name":"Lord Stavros","id":214,"guid":166970,"type":"Boss","icon":"custom-icon-ability_warlock_soullink","fights":[{"id":29,"instances":1,"groups":2}]},{"name":"Waltzing Venthyr","id":220,"guid":176016,"type":"NPC","icon":"custom-icon-ability_rogue_shadowdance","fights":[{"id":29,"instances":2}]},{"name":"Kennel Overseer","id":96,"guid":174336,"type":"NPC","icon":"custom-icon-ability_hunter_runningshot","fights":[{"id":3,"instances":1}]},{"name":"Nathrian Singuard","id":162,"guid":174100,"type":"NPC","icon":"custom-icon-ability_warrior_sunder","fights":[{"id":16,"instances":3,"groups":1}]},{"name":"Court Enforcer","id":167,"guid":165479,"type":"NPC","icon":"custom-icon-spell_animarevendreth_orb","fights":[{"id":17,"instances":1,"groups":1},{"id":19,"instances":2,"groups":1},{"id":23,"instances":4,"groups":1},{"id":27,"instances":2,"groups":1},{"id":28,"instances":1,"groups":1}]},{"name":"Nathrian Gargon","id":103,"guid":173641,"type":"NPC","icon":"custom-icon-ability_druid_maul","fights":[{"id":3,"instances":2,"groups":1}]},{"name":"Artificer Xy'mox","id":178,"guid":166644,"type":"Boss","icon":"custom-icon-ability_shootwand","fights":[{"id":20,"instances":1},{"id":22,"instances":1}]},{"name":"Margore","id":111,"guid":165067,"type":"Boss","icon":"custom-icon-spell_druid_bloodythrash","fights":[{"id":5,"instances":1},{"id":6,"instances":1},{"id":7,"instances":1}]},{"name":"Fara","id":143,"guid":173466,"type":"NPC","icon":"custom-icon-spell_shaman_spectraltransformation","fights":[{"id":11,"instances":1}]},{"name":"Nathrian Executor","id":161,"guid":165470,"type":"NPC","icon":"custom-icon-spell_animarevendreth_missile","fights":[{"id":16,"instances":1,"groups":1},{"id":18,"instances":1,"groups":1},{"id":19,"instances":2,"groups":1},{"id":28,"instances":3,"groups":2}]},{"name":"Huntsman Altimor","id":110,"guid":165066,"type":"Boss","icon":"custom-icon-ability_hunter_runningshot","fights":[{"id":4,"instances":1},{"id":5,"instances":1},{"id":6,"instances":1},{"id":7,"instances":1}]},{"name":"Nathrian Ranger","id":92,"guid":174093,"type":"NPC","icon":"custom-icon-inv_misc_ammo_arrow_05","fights":[{"id":3,"instances":2,"groups":1}]},{"name":"Kennel Overseer","id":108,"guid":174070,"type":"NPC","icon":"custom-icon-ability_hunter_runningshot","fights":[{"id":4,"instances":1,"groups":2}]},{"name":"Anima Crazed Worker","id":146,"guid":173568,"type":"NPC","icon":"custom-icon-6bf_explosive_shard","fights":[{"id":11,"instances":8,"groups":1}]},{"name":"Begrudging Waiter","id":219,"guid":169925,"type":"NPC","icon":"custom-icon-ability_mage_conjurefoodrank9","fights":[{"id":29,"instances":36,"groups":5}]},{"name":"Kael'thas Sunstrider","id":196,"guid":165759,"type":"Boss","icon":"custom-icon-ability_warlock_moltencore","lockBossFrame":true,"fights":[{"id":26,"instances":1}]},{"name":"Sins of the Past","id":147,"guid":173512,"type":"NPC","icon":"custom-icon-spell_animarevendreth_orb","fights":[{"id":11,"instances":6,"groups":3}]},{"name":"Nathrian Soldier","id":102,"guid":173949,"type":"NPC","icon":"custom-icon-ability_revendreth_rogue","fights":[{"id":3,"instances":2,"groups":1},{"id":16,"instances":4,"groups":1},{"id":17,"instances":2,"groups":1}]},{"name":"Nathrian Gargon Rider","id":94,"guid":174092,"type":"NPC","icon":"custom-icon-ability_hunter_traplauncher","fights":[{"id":3,"instances":2},{"id":17,"instances":2}]},{"name":"Moldovaak","id":34,"guid":168337,"type":"NPC","icon":"custom-icon-inv_ring_revendrethraid_01_silver","fights":[{"id":1,"instances":1}]},{"name":"Rift Blast Portal","id":183,"guid":169271,"type":"NPC","icon":"custom-icon-spell_animabastion_beam","fights":[{"id":22,"instances":25,"groups":5}]},{"name":"Root of Extinction","id":186,"guid":169267,"type":"NPC","icon":"custom-icon-ability_ardenweald_mage","fights":[{"id":22,"instances":1}]},{"name":"Baroness Frieda","id":213,"guid":166969,"type":"Boss","icon":"custom-icon-inv_enchanting_wod_essence3","fights":[{"id":29,"instances":1}]}],"friendlyPets":[{"name":"Frothing Pustule","id":48,"guid":175519,"type":"Pet","icon":"custom-icon-ability_creature_poison_02","petOwner":22,"fights":[{"id":1,"instances":12},{"id":2,"instances":22},{"id":3,"instances":13},{"id":4,"instances":3},{"id":6,"instances":30},{"id":7,"instances":59},{"id":8,"instances":21},{"id":9,"instances":1},{"id":10,"instances":51},{"id":11,"instances":7},{"id":14,"instances":55},{"id":16,"instances":17},{"id":17,"instances":8},{"id":18,"instances":16},{"id":19,"instances":22},{"id":22,"instances":56},{"id":23,"instances":11},{"id":25,"instances":55},{"id":28,"instances":23},{"id":29,"instances":77},{"id":30,"instances":60}]},{"name":"Army of the Dead","id":76,"guid":24207,"type":"Pet","icon":"abilities/artifactability_unholydeathknight_deathsembrace","petOwner":18,"fights":[{"id":2,"instances":20},{"id":6,"instances":16},{"id":7,"instances":23},{"id":8,"instances":4},{"id":10,"instances":24},{"id":11,"instances":16},{"id":14,"instances":32},{"id":17,"instances":4},{"id":18,"instances":4},{"id":19,"instances":8},{"id":22,"instances":36},{"id":23,"instances":4},{"id":25,"instances":36},{"id":29,"instances":20},{"id":30,"instances":36}]},{"name":"Xuen","id":77,"guid":63508,"type":"Pet","icon":"abilities/ability_monk_summontigerstatue","petOwner":50,"fights":[{"id":2,"instances":2},{"id":6,"instances":1},{"id":7,"instances":2},{"id":10,"instances":2},{"id":14,"instances":3},{"id":16,"instances":1},{"id":22,"instances":3},{"id":25,"instances":3},{"id":29,"instances":4},{"id":30,"instances":3}]},{"name":"Niuzao","id":80,"guid":73967,"type":"Pet","icon":"abilities/spell_monk_brewmaster_spec","petOwner":9,"fights":[{"id":2,"instances":2},{"id":3,"instances":1},{"id":6,"instances":1},{"id":7,"instances":2},{"id":8,"instances":1},{"id":10,"instances":2},{"id":11,"instances":1},{"id":14,"instances":2},{"id":17,"instances":1},{"id":18,"instances":1},{"id":22,"instances":2},{"id":25,"instances":2},{"id":28,"instances":1},{"id":29,"instances":3},{"id":30,"instances":2}]},{"name":"Capacitor Totem","id":207,"guid":61245,"type":"Pet","icon":"abilities/spell_nature_brilliance","petOwner":22,"fights":[{"id":25,"instances":1}]},{"name":"Darkglare","id":81,"guid":103673,"type":"Pet","icon":"abilities/inv_beholderwarlock","petOwner":30,"fights":[{"id":2,"instances":1},{"id":6,"instances":1},{"id":7,"instances":2},{"id":10,"instances":2},{"id":11,"instances":1},{"id":14,"instances":2},{"id":22,"instances":2},{"id":25,"instances":2},{"id":29,"instances":2},{"id":30,"instances":2}]},{"name":"Healing Stream Totem","id":124,"guid":3527,"type":"Pet","icon":"abilities/inv_spear_04","petOwner":22,"fights":[{"id":8,"instances":1}]},{"name":"Healing Tide Totem","id":56,"guid":59764,"type":"Pet","icon":"abilities/ability_shaman_healingtide","petOwner":29,"fights":[{"id":1,"instances":1},{"id":2,"instances":1},{"id":3,"instances":1},{"id":6,"instances":1},{"id":7,"instances":1},{"id":8,"instances":1},{"id":10,"instances":1},{"id":14,"instances":1},{"id":16,"instances":1},{"id":22,"instances":2},{"id":25,"instances":2},{"id":28,"instances":1},{"id":29,"instances":2},{"id":30,"instances":2}]},{"name":"Regenerating Wildseed","id":211,"guid":164589,"type":"Pet","icon":"Pet","petOwner":27,"fights":[{"id":28,"instances":1}]},{"name":"Darkglare","id":79,"guid":103673,"type":"Pet","icon":"abilities/inv_beholderwarlock","petOwner":8,"fights":[{"id":2,"instances":2},{"id":6,"instances":1},{"id":7,"instances":2},{"id":8,"instances":1},{"id":10,"instances":2},{"id":11,"instances":1},{"id":14,"instances":1},{"id":22,"instances":2},{"id":23,"instances":1},{"id":25,"instances":2},{"id":29,"instances":2},{"id":30,"instances":1}]},{"name":"Mirror Image","id":117,"guid":31216,"type":"Pet","icon":"abilities/spell_magic_managain","petOwner":21,"fights":[{"id":10,"instances":3},{"id":14,"instances":3},{"id":25,"instances":3},{"id":28,"instances":3}]},{"name":"Frothing Pustule","id":58,"guid":175519,"type":"Pet","icon":"custom-icon-ability_creature_poison_02","petOwner":6,"fights":[{"id":1,"instances":13},{"id":2,"instances":21},{"id":3,"instances":16},{"id":4,"instances":2},{"id":6,"instances":24},{"id":7,"instances":58},{"id":8,"instances":16},{"id":10,"instances":47},{"id":11,"instances":20},{"id":12,"instances":2},{"id":14,"instances":54},{"id":16,"instances":18},{"id":17,"instances":2},{"id":18,"instances":5},{"id":19,"instances":19},{"id":22,"instances":54},{"id":23,"instances":9},{"id":25,"instances":57},{"id":28,"instances":13},{"id":29,"instances":78},{"id":30,"instances":59}]},{"name":"Fire Spirit","id":70,"guid":69791,"type":"Pet","icon":"abilities/inv_summerfest_firespirit","petOwner":50,"fights":[{"id":2,"instances":4},{"id":3,"instances":2},{"id":4,"instances":1},{"id":6,"instances":2},{"id":7,"instances":4},{"id":8,"instances":1},{"id":10,"instances":4},{"id":11,"instances":1},{"id":14,"instances":4},{"id":16,"instances":2},{"id":17,"instances":1},{"id":19,"instances":1},{"id":22,"instances":4},{"id":23,"instances":1},{"id":25,"instances":4},{"id":28,"instances":1},{"id":29,"instances":6},{"id":30,"instances":5}]},{"name":"Kep'tok","id":32,"guid":39407796,"type":"Pet","icon":"abilities/spell_warlock_summonimpoutland","petOwner":30,"fights":[{"id":1,"instances":1},{"id":2,"instances":1},{"id":3,"instances":1},{"id":4,"instances":1},{"id":5,"instances":1},{"id":6,"instances":1},{"id":7,"instances":1},{"id":8,"instances":1},{"id":9,"instances":1},{"id":10,"instances":1},{"id":11,"instances":1},{"id":12,"instances":1},{"id":14,"instances":1},{"id":15,"instances":1},{"id":16,"instances":1},{"id":17,"instances":1},{"id":18,"instances":1},{"id":19,"instances":1},{"id":20,"instances":1},{"id":22,"instances":1},{"id":23,"instances":1},{"id":25,"instances":1},{"id":28,"instances":1},{"id":29,"instances":1},{"id":30,"instances":1}]},{"name":"Primal Earth Elemental","id":210,"guid":61056,"type":"Pet","icon":"abilities/spell_nature_earthelemental_totem","petOwner":6,"fights":[{"id":28,"instances":1}]},{"name":"Frothing Pustule","id":47,"guid":175519,"type":"Pet","icon":"custom-icon-ability_creature_poison_02","petOwner":28,"fights":[{"id":1,"instances":11},{"id":2,"instances":17},{"id":3,"instances":17},{"id":4,"instances":5},{"id":6,"instances":25},{"id":7,"instances":60},{"id":8,"instances":20},{"id":10,"instances":55},{"id":11,"instances":22},{"id":14,"instances":48},{"id":16,"instances":15},{"id":17,"instances":9},{"id":18,"instances":12},{"id":19,"instances":17},{"id":22,"instances":55},{"id":23,"instances":6},{"id":25,"instances":43},{"id":28,"instances":5},{"id":29,"instances":80},{"id":30,"instances":56}]},{"name":"Black Ox Statue","id":165,"guid":61146,"type":"Pet","icon":"abilities/monk_ability_summonoxstatue","petOwner":9,"fights":[{"id":16,"instances":1},{"id":17,"instances":1},{"id":18,"instances":4},{"id":19,"instances":3},{"id":25,"instances":8},{"id":28,"instances":2},{"id":29,"instances":6}]},{"name":"Frothing Pustule","id":112,"guid":175519,"type":"Pet","icon":"custom-icon-ability_creature_poison_02","petOwner":2,"fights":[{"id":6,"instances":28},{"id":7,"instances":55},{"id":8,"instances":19},{"id":10,"instances":43},{"id":11,"instances":17},{"id":14,"instances":52},{"id":16,"instances":11},{"id":17,"instances":10},{"id":18,"instances":14},{"id":19,"instances":23},{"id":22,"instances":53},{"id":23,"instances":12},{"id":25,"instances":50},{"id":28,"instances":16},{"id":29,"instances":79},{"id":30,"instances":57}]},{"name":"Greater Fire Elemental","id":137,"guid":95061,"type":"Pet","icon":"abilities/spell_fire_elemental_totem","petOwner":6,"fights":[{"id":10,"instances":2},{"id":14,"instances":2},{"id":16,"instances":1},{"id":19,"instances":1},{"id":22,"instances":2},{"id":23,"instances":1},{"id":25,"instances":3}]},{"name":"Risen Skulker","id":19,"guid":99541,"type":"Pet","icon":"abilities/spell_shadow_animatedead","petOwner":18,"fights":[{"id":1,"instances":1},{"id":2,"instances":1},{"id":3,"instances":1},{"id":4,"instances":1},{"id":6,"instances":1},{"id":7,"instances":1},{"id":8,"instances":1},{"id":9,"instances":1},{"id":10,"instances":1},{"id":11,"instances":1},{"id":12,"instances":1},{"id":14,"instances":1},{"id":16,"instances":1},{"id":17,"instances":1},{"id":18,"instances":2},{"id":19,"instances":1},{"id":20,"instances":1},{"id":21,"instances":1},{"id":22,"instances":1},{"id":23,"instances":1},{"id":24,"instances":1},{"id":25,"instances":1},{"id":28,"instances":1},{"id":29,"instances":2},{"id":30,"instances":1}]},{"name":"Void Lasher","id":109,"guid":175198,"type":"Pet","icon":"abilities/spell_shadow_skull","petOwner":1,"fights":[{"id":4,"instances":2},{"id":8,"instances":2},{"id":11,"instances":3}]},{"name":"Capacitor Totem","id":116,"guid":61245,"type":"Pet","icon":"abilities/spell_nature_brilliance","petOwner":6,"fights":[{"id":6,"instances":1},{"id":8,"instances":1},{"id":28,"instances":1}]},{"name":"Demonic Gateway","id":122,"guid":59262,"type":"Pet","icon":"custom-icon-trade_engineering","petOwner":30,"fights":[{"id":8,"instances":1},{"id":28,"instances":1}]},{"name":"Shadowfiend","id":78,"guid":19668,"type":"Pet","icon":"abilities/spell_shadow_shadowfiend","petOwner":1,"fights":[{"id":2,"instances":2},{"id":6,"instances":1},{"id":7,"instances":2},{"id":10,"instances":2},{"id":14,"instances":2},{"id":22,"instances":2},{"id":25,"instances":2},{"id":29,"instances":2},{"id":30,"instances":1}]},{"name":"Istatoc","id":53,"guid":38538967,"type":"Pet","icon":"abilities/spell_warlock_summonimpoutland","petOwner":8,"fights":[{"id":1,"instances":1},{"id":2,"instances":1},{"id":3,"instances":1},{"id":4,"instances":1},{"id":5,"instances":1},{"id":6,"instances":1},{"id":7,"instances":1},{"id":8,"instances":1},{"id":9,"instances":1},{"id":10,"instances":1},{"id":11,"instances":1},{"id":12,"instances":1},{"id":13,"instances":1},{"id":14,"instances":1},{"id":16,"instances":1},{"id":17,"instances":1},{"id":18,"instances":1},{"id":19,"instances":1},{"id":20,"instances":1},{"id":22,"instances":1},{"id":23,"instances":1},{"id":24,"instances":1},{"id":25,"instances":1},{"id":28,"instances":1},{"id":29,"instances":1},{"id":30,"instances":1}]},{"name":"Regenerating Wildseed","id":156,"guid":164589,"type":"Pet","icon":"Pet","petOwner":7,"fights":[{"id":14,"instances":1}]},{"name":"Earthbind Totem","id":132,"guid":2630,"type":"Pet","icon":"abilities/spell_nature_strengthofearthtotem02","petOwner":6,"fights":[{"id":8,"instances":1}]},{"name":"Regenerating Wildseed","id":105,"guid":164589,"type":"Pet","icon":"Pet","petOwner":15,"fights":[{"id":10,"instances":1},{"id":29,"instances":1}]},{"name":"Healing Stream Totem","id":55,"guid":3527,"type":"Pet","icon":"abilities/inv_spear_04","petOwner":6,"fights":[{"id":1,"instances":1},{"id":2,"instances":1},{"id":3,"instances":1},{"id":6,"instances":1},{"id":7,"instances":1},{"id":16,"instances":1},{"id":19,"instances":1},{"id":22,"instances":1},{"id":27,"instances":1},{"id":29,"instances":1}]},{"name":"Shadowgrasp Totem","id":86,"guid":170190,"type":"Pet","icon":"abilities/inv_alchemy_83_alchemiststone02","petOwner":24,"fights":[{"id":2,"instances":2},{"id":6,"instances":1},{"id":7,"instances":2},{"id":10,"instances":2},{"id":14,"instances":2},{"id":22,"instances":2},{"id":25,"instances":3},{"id":30,"instances":2}]},{"name":"Capacitor Totem","id":125,"guid":61245,"type":"Pet","icon":"abilities/spell_nature_brilliance","petOwner":29,"fights":[{"id":8,"instances":1},{"id":16,"instances":1},{"id":28,"instances":1}]},{"name":"Windfury Totem","id":40,"guid":6112,"type":"Pet","icon":"abilities/spell_nature_windfury","petOwner":22,"fights":[{"id":1,"instances":1},{"id":2,"instances":3},{"id":3,"instances":1},{"id":4,"instances":2},{"id":6,"instances":2},{"id":7,"instances":4},{"id":8,"instances":3},{"id":10,"instances":4},{"id":14,"instances":4},{"id":16,"instances":1},{"id":17,"instances":1},{"id":18,"instances":3},{"id":19,"instances":3},{"id":20,"instances":1},{"id":22,"instances":5},{"id":23,"instances":1},{"id":25,"instances":5},{"id":28,"instances":3},{"id":29,"instances":6},{"id":30,"instances":5}]},{"name":"Void Tendril","id":57,"guid":98167,"type":"Pet","icon":"abilities/spell_shadow_skull","petOwner":1,"fights":[{"id":1,"instances":1},{"id":2,"instances":4},{"id":7,"instances":4},{"id":8,"instances":1},{"id":10,"instances":6},{"id":14,"instances":3},{"id":16,"instances":1},{"id":22,"instances":3},{"id":25,"instances":3},{"id":29,"instances":7},{"id":30,"instances":3}]},{"name":"Yu'lon","id":87,"guid":165374,"type":"Pet","icon":"abilities/ability_monk_dragonkick","petOwner":27,"fights":[{"id":2,"instances":1},{"id":6,"instances":1},{"id":7,"instances":1},{"id":8,"instances":1},{"id":10,"instances":1},{"id":14,"instances":1},{"id":25,"instances":2},{"id":29,"instances":2},{"id":30,"instances":2}]},{"name":"Efflorescence","id":39,"guid":47649,"type":"Pet","icon":"abilities/inv_misc_herb_talandrasrose","petOwner":7,"fights":[{"id":1,"instances":3},{"id":2,"instances":10},{"id":3,"instances":3},{"id":4,"instances":2},{"id":6,"instances":3},{"id":7,"instances":7},{"id":8,"instances":3},{"id":10,"instances":8},{"id":11,"instances":3},{"id":14,"instances":8},{"id":16,"instances":3},{"id":17,"instances":2},{"id":18,"instances":4},{"id":19,"instances":3},{"id":21,"instances":1},{"id":22,"instances":10},{"id":23,"instances":2},{"id":25,"instances":13},{"id":27,"instances":1},{"id":28,"instances":6},{"id":29,"instances":13},{"id":30,"instances":11}]},{"name":"Mirror Image","id":101,"guid":31216,"type":"Pet","icon":"abilities/spell_magic_managain","petOwner":52,"fights":[{"id":3,"instances":3},{"id":23,"instances":3},{"id":25,"instances":3}]},{"name":"Demonic Gateway","id":123,"guid":59271,"type":"Pet","icon":"custom-icon-trade_engineering","petOwner":30,"fights":[{"id":8,"instances":1},{"id":28,"instances":1}]},{"name":"Mindbender","id":82,"guid":62982,"type":"Pet","icon":"abilities/spell_shadow_soulleech_3","petOwner":49,"fights":[{"id":2,"instances":3},{"id":3,"instances":1},{"id":6,"instances":2},{"id":7,"instances":3},{"id":10,"instances":4},{"id":11,"instances":1},{"id":14,"instances":3},{"id":16,"instances":1},{"id":19,"instances":2},{"id":22,"instances":4},{"id":23,"instances":1},{"id":28,"instances":1},{"id":29,"instances":6},{"id":30,"instances":4}]},{"name":"Spirit Link Totem","id":91,"guid":53006,"type":"Pet","icon":"abilities/spell_shaman_spiritlink","petOwner":29,"fights":[{"id":2,"instances":1},{"id":6,"instances":1},{"id":7,"instances":1},{"id":8,"instances":1},{"id":14,"instances":1},{"id":22,"instances":1},{"id":25,"instances":1},{"id":30,"instances":1}]},{"name":"Rockslobber","id":44,"guid":39019465,"type":"Pet","icon":"abilities/spell_shadow_animatedead","petOwner":18,"fights":[{"id":1,"instances":1},{"id":2,"instances":1},{"id":3,"instances":1},{"id":4,"instances":1},{"id":5,"instances":1},{"id":6,"instances":1},{"id":7,"instances":1},{"id":8,"instances":1},{"id":9,"instances":1},{"id":10,"instances":1},{"id":11,"instances":1},{"id":12,"instances":1},{"id":14,"instances":1},{"id":15,"instances":1},{"id":16,"instances":1},{"id":17,"instances":1},{"id":18,"instances":1},{"id":19,"instances":1},{"id":20,"instances":1},{"id":22,"instances":1},{"id":23,"instances":1},{"id":24,"instances":1},{"id":25,"instances":1},{"id":28,"instances":1},{"id":29,"instances":1},{"id":30,"instances":1}]},{"name":"Mirror Image","id":85,"guid":31216,"type":"Pet","icon":"abilities/spell_magic_managain","petOwner":4,"fights":[{"id":2,"instances":3},{"id":6,"instances":3},{"id":7,"instances":6},{"id":10,"instances":6},{"id":14,"instances":3},{"id":22,"instances":6},{"id":25,"instances":3},{"id":29,"instances":6},{"id":30,"instances":9}]},{"name":"Earth Spirit","id":68,"guid":69792,"type":"Pet","icon":"abilities/inv_elemental_primal_earth","petOwner":50,"fights":[{"id":2,"instances":4},{"id":3,"instances":2},{"id":4,"instances":1},{"id":6,"instances":2},{"id":7,"instances":4},{"id":8,"instances":1},{"id":10,"instances":4},{"id":11,"instances":1},{"id":14,"instances":4},{"id":16,"instances":2},{"id":17,"instances":1},{"id":19,"instances":1},{"id":22,"instances":4},{"id":23,"instances":1},{"id":25,"instances":4},{"id":28,"instances":1},{"id":29,"instances":6},{"id":30,"instances":5}]},{"name":"Spirit Wolf","id":73,"guid":29264,"type":"Pet","icon":"abilities/spell_shaman_feralspirit","petOwner":22,"fights":[{"id":2,"instances":4},{"id":4,"instances":2},{"id":6,"instances":2},{"id":7,"instances":4},{"id":10,"instances":4},{"id":14,"instances":6},{"id":16,"instances":2},{"id":22,"instances":6},{"id":25,"instances":4},{"id":29,"instances":8},{"id":30,"instances":6}]},{"name":"Frothing Pustule","id":60,"guid":175519,"type":"Pet","icon":"custom-icon-ability_creature_poison_02","petOwner":21,"fights":[{"id":1,"instances":10},{"id":2,"instances":20},{"id":3,"instances":15},{"id":6,"instances":20},{"id":7,"instances":51},{"id":8,"instances":18},{"id":10,"instances":53},{"id":11,"instances":23},{"id":12,"instances":1},{"id":14,"instances":36},{"id":16,"instances":12},{"id":17,"instances":4},{"id":18,"instances":9},{"id":19,"instances":20},{"id":22,"instances":47},{"id":23,"instances":3},{"id":25,"instances":58},{"id":28,"instances":19},{"id":29,"instances":76},{"id":30,"instances":52}]},{"name":"Akaari's Soul","id":198,"guid":144961,"type":"Pet","icon":"custom-icon-ability_rogue_sinistercalling","petOwner":65,"fights":[{"id":25,"instances":18},{"id":28,"instances":8},{"id":29,"instances":12},{"id":30,"instances":20}]},{"name":"Greater Earth Elemental","id":141,"guid":95072,"type":"Pet","icon":"abilities/spell_nature_earthelemental_totem","petOwner":6,"fights":[{"id":10,"instances":1},{"id":14,"instances":1},{"id":16,"instances":1},{"id":19,"instances":1},{"id":23,"instances":1},{"id":25,"instances":1}]},{"name":"Mana Tide Totem","id":90,"guid":10467,"type":"Pet","icon":"abilities/spell_frost_summonwaterelemental","petOwner":29,"fights":[{"id":2,"instances":1},{"id":6,"instances":1},{"id":7,"instances":1},{"id":10,"instances":1},{"id":14,"instances":1},{"id":22,"instances":1},{"id":25,"instances":1},{"id":29,"instances":2},{"id":30,"instances":2}]},{"name":"Earthen Wall Totem","id":138,"guid":100943,"type":"Pet","icon":"abilities/spell_nature_stoneskintotem","petOwner":29,"fights":[{"id":10,"instances":2},{"id":11,"instances":1},{"id":14,"instances":3},{"id":16,"instances":1},{"id":22,"instances":3},{"id":25,"instances":3},{"id":28,"instances":1},{"id":29,"instances":6},{"id":30,"instances":4}]},{"name":"Chickenwings","id":38,"guid":35199802,"type":"Pet","icon":"abilities/ability_hunter_beastcall","petOwner":24,"fights":[{"id":1,"instances":1},{"id":2,"instances":1},{"id":3,"instances":1},{"id":4,"instances":1},{"id":5,"instances":1},{"id":6,"instances":1},{"id":7,"instances":1},{"id":8,"instances":1},{"id":9,"instances":1},{"id":10,"instances":1},{"id":11,"instances":1},{"id":14,"instances":1},{"id":15,"instances":1},{"id":22,"instances":1},{"id":23,"instances":1},{"id":25,"instances":1},{"id":28,"instances":1},{"id":29,"instances":1},{"id":30,"instances":1}]},{"name":"Primal Fire Elemental","id":42,"guid":61029,"type":"Pet","icon":"abilities/spell_fire_elemental_totem","petOwner":6,"fights":[{"id":1,"instances":1},{"id":2,"instances":2},{"id":3,"instances":1},{"id":6,"instances":1},{"id":7,"instances":2},{"id":8,"instances":1},{"id":29,"instances":3},{"id":30,"instances":2}]},{"name":"Magus of the Dead","id":74,"guid":163366,"type":"Pet","icon":"abilities/artifactability_unholydeathknight_deathsembrace","petOwner":18,"fights":[{"id":2,"instances":4},{"id":6,"instances":3},{"id":7,"instances":5},{"id":8,"instances":1},{"id":10,"instances":5},{"id":11,"instances":3},{"id":14,"instances":6},{"id":17,"instances":1},{"id":18,"instances":1},{"id":19,"instances":2},{"id":22,"instances":7},{"id":23,"instances":1},{"id":25,"instances":7},{"id":29,"instances":4},{"id":30,"instances":7}]}],"enemyPets":[{"name":"Loyal Gargon","id":98,"guid":173953,"type":"Pet","icon":"custom-icon-spell_shadow_lifedrain","petOwner":97,"fights":[{"id":3,"instances":1}]},{"name":"Conjured Manifestation","id":153,"guid":170197,"type":"Pet","icon":"Pet","petOwner":149,"fights":[{"id":14,"instances":2}]},{"name":"Yu'lon","id":87,"guid":165374,"type":"Pet","icon":"abilities/ability_monk_dragonkick","petOwner":27,"fights":[{"id":22,"instances":2}]}],"phases":[{"boss":2418,"phases":["Margore","Bargast","Hecutis","Huntsman"]},{"boss":2405,"phases":["Crystal of Phantasms","Root of Extinction","Edge of Annihilation"]},{"boss":2412,"phases":["Phase One","Phase Two","Phase Three"]},{"boss":2398,"phases":["Thirst for Blood","Terror of Castle Nathria"]}],"logVersion":16,"gameVersion":1,"title":"Death in Heroic","owner":"Kireth","start":1608238618268,"end":1608244058176,"zone":26,"exportedCharacters":[{"id":52304444,"name":"Azortharíon","server":"Ragnaros","region":"EU"},{"id":38902218,"name":"Biní","server":"Ragnaros","region":"EU"},{"id":26719466,"name":"Cardrizz","server":"Ragnaros","region":"EU"},{"id":53244043,"name":"Chickintark","server":"Ragnaros","region":"EU"},{"id":38332251,"name":"Cursdlife","server":"Ragnaros","region":"EU"},{"id":12151448,"name":"Dassara","server":"Ragnaros","region":"EU"},{"id":14438117,"name":"Emirose","server":"Ragnaros","region":"EU"},{"id":26898595,"name":"Euls","server":"Ragnaros","region":"EU"},{"id":33962936,"name":"Fristy","server":"Ragnaros","region":"EU"},{"id":33233341,"name":"Ghosteld","server":"Ragnaros","region":"EU"},{"id":36208454,"name":"Implicit","server":"Ragnaros","region":"EU"},{"id":35100603,"name":"Jazeus","server":"Ragnaros","region":"EU"},{"id":33238076,"name":"Juícebox","server":"Ragnaros","region":"EU"},{"id":34072226,"name":"Kireth","server":"Ragnaros","region":"EU"},{"id":45387438,"name":"Kroghnado","server":"Ragnaros","region":"EU"},{"id":26055977,"name":"Mcpusztulock","server":"Ragnaros","region":"EU"},{"id":15115350,"name":"Merkath","server":"Ragnaros","region":"EU"},{"id":33465499,"name":"Munkuu","server":"Ragnaros","region":"EU"},{"id":33569973,"name":"Oãk","server":"Ragnaros","region":"EU"},{"id":48063,"name":"Pollypuff","server":"Ragnaros","region":"EU"},{"id":11450428,"name":"Qualms","server":"Ragnaros","region":"EU"},{"id":53433340,"name":"Radsrakija","server":"Ragnaros","region":"EU"},{"id":377507,"name":"Ragthor","server":"Ragnaros","region":"EU"},{"id":19573451,"name":"Schakalen","server":"Ragnaros","region":"EU"},{"id":51293307,"name":"Snootgroot","server":"Ragnaros","region":"EU"},{"id":48916850,"name":"Sponkss","server":"Ragnaros","region":"EU"},{"id":33590342,"name":"Thisisjon","server":"Ragnaros","region":"EU"},{"id":33558562,"name":"Thyminde","server":"Ragnaros","region":"EU"},{"id":44196176,"name":"Yonhealen","server":"Ragnaros","region":"EU"},{"id":40680171,"name":"Zeroten","server":"Ragnaros","region":"EU"}]}