{"fights":[{"id":1,"boss":0,"start_time":243170,"end_time":381940,"name":"Court Hawkeye","zoneID":2296,"zoneName":"Castle Nathria","zoneDifficulty":4},{"id":2,"boss":0,"start_time":395175,"end_time":443189,"name":"Court Enforcer","zoneID":2296,"zoneName":"Castle Nathria","zoneDifficulty":4},{"id":3,"boss":0,"start_time":459280,"end_time":554005,"name":"Countess Gloomveil","zoneID":2296,"zoneName":"Castle Nathria","zoneDifficulty":4},{"id":4,"boss":0,"start_time":568009,"end_time":672003,"name":"Court Assassin","zoneID":2296,"zoneName":"Castle Nathria","zoneDifficulty":4},{"id":5,"boss":0,"start_time":708835,"end_time":822682,"name":"Court Enforcer","zoneID":2296,"zoneName":"Castle Nathria","zoneDifficulty":4},{"id":6,"boss":0,"start_time":1901705,"end_time":1902070,"name":"Unknown","zoneID":2296,"zoneName":"Castle Nathria","zoneDifficulty":4},{"id":7,"boss":2405,"start_time":1937830,"end_time":2274886,"name":"Artificer Xy'mox","zoneID":2296,"zoneName":"Castle Nathria","zoneDifficulty":4,"size":30,"difficulty":4,"kill":true,"partial":3,"bossPercentage":0,"fightPercentage":0,"lastPhaseForPercentageDisplay":3,"maps":[1745]},{"id":8,"boss":0,"start_time":2355492,"end_time":2407363,"name":"Court Enforcer","zoneID":2296,"zoneName":"Castle Nathria","zoneDifficulty":4},{"id":9,"boss":2402,"start_time":2502071,"end_time":2749086,"name":"Sun King's Salvation","zoneID":2296,"zoneName":"Castle Nathria","zoneDifficulty":4,"size":30,"difficulty":4,"kill":true,"partial":3,"bossPercentage":9071,"fightPercentage":1161,"lastPhaseForPercentageDisplay":0,"maps":[1746]},{"id":10,"boss":0,"start_time":2762531,"end_time":2762555,"name":"Kael'thas Sunstrider","zoneID":2296,"zoneName":"Castle Nathria","zoneDifficulty":4},{"id":11,"boss":0,"start_time":2797166,"end_time":2839235,"name":"Court Enforcer","zoneID":2296,"zoneName":"Castle Nathria","zoneDifficulty":4},{"id":12,"boss":0,"start_time":2850743,"end_time":2949074,"name":"Stoneborn Maitre D'","zoneID":2296,"zoneName":"Castle Nathria","zoneDifficulty":4},{"id":13,"boss":2412,"start_time":3063910,"end_time":3469269,"name":"The Council of Blood","zoneID":2296,"zoneName":"Castle Nathria","zoneDifficulty":4,"size":30,"difficulty":4,"kill":true,"partial":3,"bossPercentage":0,"fightPercentage":0,"lastPhaseForPercentageDisplay":4,"maps":[1750]},{"id":14,"boss":2399,"start_time":3628288,"end_time":3918856,"name":"Sludgefist","zoneID":2296,"zoneName":"Castle Nathria","zoneDifficulty":4,"size":30,"difficulty":4,"kill":true,"partial":3,"bossPercentage":0,"fightPercentage":0,"lastPhaseForPercentageDisplay":0,"maps":[1735]},{"id":15,"boss":0,"start_time":3987932,"end_time":4120235,"name":"General Kaal","zoneID":2296,"zoneName":"Castle Nathria","zoneDifficulty":4},{"id":16,"boss":2417,"start_time":4224741,"end_time":4333314,"name":"Stone Legion Generals","zoneID":2296,"zoneName":"Castle Nathria","zoneDifficulty":4,"size":30,"difficulty":4,"kill":false,"partial":3,"bossPercentage":7434,"fightPercentage":7434,"lastPhaseForPercentageDisplay":1,"maps":[1747]},{"id":17,"boss":2417,"start_time":4403317,"end_time":4701275,"name":"Stone Legion Generals","zoneID":2296,"zoneName":"Castle Nathria","zoneDifficulty":4,"size":30,"difficulty":4,"kill":false,"partial":3,"bossPercentage":5063,"fightPercentage":5063,"lastPhaseForPercentageDisplay":2,"maps":[1747]},{"id":18,"boss":2417,"start_time":4800267,"end_time":5223361,"name":"Stone Legion Generals","zoneID":2296,"zoneName":"Castle Nathria","zoneDifficulty":4,"size":30,"difficulty":4,"kill":true,"partial":3,"bossPercentage":0,"fightPercentage":0,"lastPhaseForPercentageDisplay":3,"maps":[1747]},{"id":19,"boss":2407,"start_time":5672286,"end_time":6120296,"name":"Sire Denathrius","zoneID":2296,"zoneName":"Castle Nathria","zoneDifficulty":4,"size":29,"difficulty":4,"kill":true,"partial":3,"bossPercentage":0,"fightPercentage":0,"lastPhaseForPercentageDisplay":3,"maps":[1747,1748]},{"id":20,"boss":0,"start_time":6120348,"end_time":6120997,"name":"Remornia","zoneID":2296,"zoneName":"Castle Nathria","zoneDifficulty":4},{"id":21,"boss":0,"start_time":6142409,"end_time":6296635,"name":"Remornia","zoneID":2296,"zoneName":"Castle Nathria","zoneDifficulty":4},{"id":22,"boss":0,"start_time":6345830,"end_time":6354805,"name":"Remornia","zoneID":2296,"zoneName":"Castle Nathria","zoneDifficulty":4},{"id":23,"boss":0,"start_time":6665821,"end_time":6665821,"name":"Royal Arcanist","zoneID":2222,"zoneName":"Escape from the Maw","zoneDifficulty":0},{"id":24,"boss":0,"start_time":6736076,"end_time":6738110,"name":"Royal Groundskeeper","zoneID":2222,"zoneName":"Escape from the Maw","zoneDifficulty":0},{"id":25,"boss":0,"start_time":6756707,"end_time":6759180,"name":"Unknown","zoneID":2222,"zoneName":"Escape from the Maw","zoneDifficulty":0},{"id":26,"boss":0,"start_time":7466016,"end_time":7466016,"name":"Unknown","zoneID":2222,"zoneName":"Escape from the Maw","zoneDifficulty":0},{"id":27,"boss":0,"start_time":7561367,"end_time":7613554,"name":"Rat of Unusual Size","zoneID":2296,"zoneName":"Castle Nathria","zoneDifficulty":5},{"id":28,"boss":0,"start_time":7623865,"end_time":7720992,"name":"Rat of Unusual Size","zoneID":2296,"zoneName":"Castle Nathria","zoneDifficulty":5},{"id":29,"boss":0,"start_time":7787652,"end_time":7890838,"name":"Dread Feaster","zoneID":2296,"zoneName":"Castle Nathria","zoneDifficulty":5},{"id":30,"boss":0,"originalBoss":2383,"start_time":7899956,"end_time":7905783,"name":"Hungering Destroyer","zoneID":2296,"zoneName":"Castle Nathria","zoneDifficulty":5},{"id":31,"boss":2383,"start_time":8378602,"end_time":8513155,"name":"Hungering Destroyer","zoneID":2296,"zoneName":"Castle Nathria","zoneDifficulty":5,"size":20,"difficulty":5,"kill":false,"partial":3,"bossPercentage":7096,"fightPercentage":7096,"lastPhaseForPercentageDisplay":0,"maps":[1735]},{"id":32,"boss":2383,"start_time":8599959,"end_time":8705461,"name":"Hungering Destroyer","zoneID":2296,"zoneName":"Castle Nathria","zoneDifficulty":5,"size":20,"difficulty":5,"kill":false,"partial":3,"bossPercentage":7489,"fightPercentage":7489,"lastPhaseForPercentageDisplay":0,"maps":[1735]},{"id":33,"boss":2383,"start_time":8854534,"end_time":8982122,"name":"Hungering Destroyer","zoneID":2296,"zoneName":"Castle Nathria","zoneDifficulty":5,"size":20,"difficulty":5,"kill":false,"partial":3,"bossPercentage":7112,"fightPercentage":7112,"lastPhaseForPercentageDisplay":0,"maps":[1735]},{"id":34,"boss":2383,"start_time":9423565,"end_time":9572978,"name":"Hungering Destroyer","zoneID":2296,"zoneName":"Castle Nathria","zoneDifficulty":5,"size":20,"difficulty":5,"kill":false,"partial":3,"bossPercentage":6819,"fightPercentage":6819,"lastPhaseForPercentageDisplay":0,"maps":[1735]},{"id":35,"boss":2383,"start_time":9783614,"end_time":10002601,"name":"Hungering Destroyer","zoneID":2296,"zoneName":"Castle Nathria","zoneDifficulty":5,"size":20,"difficulty":5,"kill":false,"partial":3,"bossPercentage":5467,"fightPercentage":5467,"lastPhaseForPercentageDisplay":0,"maps":[1735]},{"id":36,"boss":2383,"start_time":10122050,"end_time":10321254,"name":"Hungering Destroyer","zoneID":2296,"zoneName":"Castle Nathria","zoneDifficulty":5,"size":20,"difficulty":5,"kill":false,"partial":3,"bossPercentage":5715,"fightPercentage":5715,"lastPhaseForPercentageDisplay":0,"maps":[1735]},{"id":37,"boss":2383,"start_time":10409136,"end_time":10567535,"name":"Hungering Destroyer","zoneID":2296,"zoneName":"Castle Nathria","zoneDifficulty":5,"size":20,"difficulty":5,"kill":false,"partial":3,"bossPercentage":6394,"fightPercentage":6394,"lastPhaseForPercentageDisplay":0,"maps":[1735]},{"id":38,"boss":2383,"start_time":10665954,"end_time":10826381,"name":"Hungering Destroyer","zoneID":2296,"zoneName":"Castle Nathria","zoneDifficulty":5,"size":20,"difficulty":5,"kill":false,"partial":3,"bossPercentage":6597,"fightPercentage":6597,"lastPhaseForPercentageDisplay":0,"maps":[1735]},{"id":39,"boss":2383,"start_time":11159876,"end_time":11296028,"name":"Hungering Destroyer","zoneID":2296,"zoneName":"Castle Nathria","zoneDifficulty":5,"size":20,"difficulty":5,"kill":false,"partial":3,"bossPercentage":6831,"fightPercentage":6831,"lastPhaseForPercentageDisplay":0,"maps":[1735]},{"id":40,"boss":2383,"start_time":11398691,"end_time":11602273,"name":"Hungering Destroyer","zoneID":2296,"zoneName":"Castle Nathria","zoneDifficulty":5,"size":20,"difficulty":5,"kill":false,"partial":3,"bossPercentage":5718,"fightPercentage":5718,"lastPhaseForPercentageDisplay":0,"maps":[1735]},{"id":41,"boss":2383,"start_time":11724223,"end_time":11939482,"name":"Hungering Destroyer","zoneID":2296,"zoneName":"Castle Nathria","zoneDifficulty":5,"size":20,"difficulty":5,"kill":false,"partial":3,"bossPercentage":5370,"fightPercentage":5370,"lastPhaseForPercentageDisplay":0,"maps":[1735]},{"id":42,"boss":2383,"start_time":12040708,"end_time":12205689,"name":"Hungering Destroyer","zoneID":2296,"zoneName":"Castle Nathria","zoneDifficulty":5,"size":20,"difficulty":5,"kill":false,"partial":3,"bossPercentage":6041,"fightPercentage":6041,"lastPhaseForPercentageDisplay":0,"maps":[1735]},{"id":43,"boss":2383,"start_time":12423035,"end_time":12597928,"name":"Hungering Destroyer","zoneID":2296,"zoneName":"Castle Nathria","zoneDifficulty":5,"size":20,"difficulty":5,"kill":false,"partial":3,"bossPercentage":5934,"fightPercentage":5934,"lastPhaseForPercentageDisplay":0,"maps":[1735]},{"id":44,"boss":2383,"start_time":12704943,"end_time":12956097,"name":"Hungering Destroyer","zoneID":2296,"zoneName":"Castle Nathria","zoneDifficulty":5,"size":20,"difficulty":5,"kill":false,"partial":3,"bossPercentage":4530,"fightPercentage":4530,"lastPhaseForPercentageDisplay":0,"maps":[1735]},{"id":45,"boss":2383,"start_time":13054940,"end_time":13287218,"name":"Hungering Destroyer","zoneID":2296,"zoneName":"Castle Nathria","zoneDifficulty":5,"size":20,"difficulty":5,"kill":false,"partial":3,"bossPercentage":4700,"fightPercentage":4700,"lastPhaseForPercentageDisplay":0,"maps":[1735]},{"id":46,"boss":2383,"start_time":13416392,"end_time":13614080,"name":"Hungering Destroyer","zoneID":2296,"zoneName":"Castle Nathria","zoneDifficulty":5,"size":20,"difficulty":5,"kill":false,"partial":3,"bossPercentage":5792,"fightPercentage":5792,"lastPhaseForPercentageDisplay":0,"maps":[1735]}],"lang":"en","friendlies":[{"name":"Mentaltsterk","id":170,"guid":174992202,"type":"Druid","server":"Kazzak","icon":"Druid","fights":[{"id":1},{"id":2},{"id":3},{"id":4},{"id":5},{"id":6},{"id":7},{"id":8},{"id":9},{"id":10},{"id":11},{"id":12},{"id":13},{"id":14},{"id":15},{"id":16},{"id":17},{"id":18},{"id":19},{"id":20},{"id":21}]},{"name":"Kael'thas Sunstrider","id":303,"guid":165759,"type":"Boss","icon":"custom-icon-ability_warlock_moltencore","lockBossFrame":true,"fights":[{"id":9,"instances":1,"groups":4}]},{"name":"Grandedead","id":167,"guid":161267859,"type":"DeathKnight","server":"Kazzak","icon":"DeathKnight-Unholy","fights":[{"id":1},{"id":2},{"id":3},{"id":4},{"id":5},{"id":7},{"id":8},{"id":9},{"id":11},{"id":12},{"id":13},{"id":14},{"id":15},{"id":16},{"id":17},{"id":18},{"id":19},{"id":20},{"id":21},{"id":27},{"id":28},{"id":29},{"id":30},{"id":31},{"id":32},{"id":33},{"id":34},{"id":35},{"id":36},{"id":37},{"id":38},{"id":39},{"id":40},{"id":41},{"id":42},{"id":43},{"id":44},{"id":45},{"id":46}]},{"name":"Kjottmeis","id":100,"guid":191852492,"type":"Mage","server":"Kazzak","icon":"Mage-Fire","fights":[{"id":1},{"id":2},{"id":3},{"id":4},{"id":5},{"id":7},{"id":8},{"id":9},{"id":10},{"id":11},{"id":12},{"id":13},{"id":14},{"id":15},{"id":16},{"id":17},{"id":18},{"id":19},{"id":20},{"id":21},{"id":22},{"id":26},{"id":27},{"id":28},{"id":29},{"id":30},{"id":31},{"id":32},{"id":33},{"id":34},{"id":35},{"id":36},{"id":37},{"id":38},{"id":39},{"id":40},{"id":41},{"id":42},{"id":43},{"id":44},{"id":45},{"id":46}]},{"name":"Amnella","id":174,"guid":176810656,"type":"Priest","server":"Kazzak","icon":"Priest-Shadow","fights":[{"id":1},{"id":2},{"id":3},{"id":4},{"id":5},{"id":7},{"id":8},{"id":9},{"id":11},{"id":12},{"id":13},{"id":14},{"id":15},{"id":16},{"id":17},{"id":18},{"id":19},{"id":20},{"id":21}]},{"name":"Jhones","id":168,"guid":171434562,"type":"Monk","server":"Kazzak","icon":"Monk-Mistweaver","fights":[{"id":1},{"id":2},{"id":3},{"id":4},{"id":5},{"id":7},{"id":8},{"id":9},{"id":10},{"id":11},{"id":12},{"id":13},{"id":14},{"id":15},{"id":16},{"id":17},{"id":18},{"id":19},{"id":20},{"id":21},{"id":27},{"id":28},{"id":29},{"id":30},{"id":31},{"id":32},{"id":33}]},{"name":"General Draven","id":354,"guid":170404,"type":"NPC","icon":"custom-icon-spell_frost_stun","fights":[{"id":17,"instances":1,"groups":2},{"id":18,"instances":1,"groups":4}]},{"name":"Clownedy","id":177,"guid":175121537,"type":"DemonHunter","server":"Kazzak","icon":"DemonHunter-Vengeance","fights":[{"id":1},{"id":2},{"id":3},{"id":4},{"id":5},{"id":7},{"id":8},{"id":9},{"id":10},{"id":12},{"id":13},{"id":14},{"id":15},{"id":16},{"id":17},{"id":18},{"id":19},{"id":20},{"id":21},{"id":27},{"id":28},{"id":29},{"id":30},{"id":31},{"id":32},{"id":33},{"id":34},{"id":35},{"id":36},{"id":37},{"id":38},{"id":39},{"id":40},{"id":41},{"id":42},{"id":43},{"id":44},{"id":45},{"id":46}]},{"name":"Anima Glimmer","id":242,"guid":173941,"type":"NPC","icon":"custom-icon-spell_animamaldraxxus_buff","fights":[{"id":5,"instances":1,"groups":2}]},{"name":"Julebae","id":181,"guid":177145580,"type":"Hunter","server":"Kazzak","icon":"Hunter-Marksmanship","fights":[{"id":1},{"id":2},{"id":3},{"id":4},{"id":5},{"id":6},{"id":7},{"id":8},{"id":9},{"id":10},{"id":11},{"id":12},{"id":13},{"id":14},{"id":15},{"id":16},{"id":17},{"id":18},{"id":19},{"id":20},{"id":21},{"id":28},{"id":29},{"id":30},{"id":31},{"id":32},{"id":33},{"id":34},{"id":35},{"id":36},{"id":37},{"id":38},{"id":39},{"id":40},{"id":41},{"id":42},{"id":43},{"id":44},{"id":45},{"id":46}]},{"name":"Belligerent Waiter","id":332,"guid":175474,"type":"NPC","icon":"custom-icon-ui_sigil_venthyr","fights":[{"id":13,"instances":2,"groups":4}]},{"name":"Anacondaa","id":439,"guid":172138621,"type":"Unknown","server":"Kazzak","icon":"Unknown","fights":[{"id":23}]},{"name":"Amnilla","id":260,"guid":183648838,"type":"Warlock","server":"Kazzak","icon":"Warlock-Affliction","fights":[{"id":6},{"id":7},{"id":8},{"id":9},{"id":10},{"id":11},{"id":12},{"id":13},{"id":14},{"id":15},{"id":16},{"id":17},{"id":18}]},{"name":"Anima Glimmer","id":244,"guid":173951,"type":"NPC","icon":"custom-icon-spell_animaardenweald_buff","fights":[{"id":5,"instances":1,"groups":2}]},{"name":"Illusionfew","id":478,"guid":185744898,"type":"Hunter","server":"Kazzak","icon":"Hunter-Marksmanship","fights":[{"id":24}]},{"name":"Demonlitle","id":402,"guid":180991560,"type":"Unknown","server":"Kazzak","icon":"Unknown","fights":[{"id":24},{"id":25}]},{"name":"Seanzero","id":178,"guid":188257568,"type":"Warlock","server":"Kazzak","icon":"Warlock-Affliction","fights":[{"id":1},{"id":2},{"id":3},{"id":4},{"id":5},{"id":6},{"id":7},{"id":8},{"id":9},{"id":11},{"id":12},{"id":13},{"id":14},{"id":15},{"id":16},{"id":17},{"id":18},{"id":19},{"id":20},{"id":21},{"id":22},{"id":27},{"id":28},{"id":29},{"id":30},{"id":31},{"id":32},{"id":33},{"id":34},{"id":35},{"id":36},{"id":37},{"id":38},{"id":39},{"id":40},{"id":41},{"id":42},{"id":43},{"id":44},{"id":45},{"id":46}]},{"name":"Piopriest","id":24,"guid":170133178,"type":"Priest","server":"Kazzak","icon":"Priest-Shadow","fights":[{"id":1},{"id":2},{"id":3},{"id":4},{"id":5},{"id":6},{"id":7},{"id":8},{"id":9},{"id":11},{"id":12},{"id":13},{"id":14},{"id":15},{"id":16},{"id":17},{"id":18},{"id":19},{"id":20},{"id":21}]},{"name":"Drdisconnect","id":602,"guid":171918564,"type":"Priest","server":"Kazzak","icon":"Priest-Discipline","fights":[{"id":34},{"id":35},{"id":36},{"id":37},{"id":38},{"id":39},{"id":40},{"id":41},{"id":42},{"id":43},{"id":44},{"id":45},{"id":46}]},{"name":"Ratterud","id":250,"guid":192436719,"type":"Paladin","server":"Kazzak","icon":"Paladin-Retribution","fights":[{"id":6},{"id":7},{"id":8},{"id":9},{"id":10},{"id":11},{"id":12},{"id":13},{"id":14},{"id":15},{"id":16},{"id":17},{"id":18},{"id":19}]},{"name":"Zylwa","id":53,"guid":175205580,"type":"Druid","server":"Kazzak","icon":"Druid","fights":[{"id":1},{"id":2},{"id":3},{"id":4},{"id":5},{"id":7},{"id":8},{"id":9},{"id":10},{"id":11},{"id":12},{"id":13},{"id":14},{"id":15},{"id":16},{"id":17},{"id":18},{"id":19},{"id":20},{"id":21},{"id":27},{"id":28},{"id":29},{"id":30},{"id":31},{"id":32},{"id":33},{"id":34},{"id":35},{"id":36},{"id":37},{"id":38},{"id":39},{"id":40},{"id":41},{"id":42},{"id":43},{"id":44},{"id":45},{"id":46}]},{"name":"Seed of Extinction","id":281,"guid":169219,"type":"NPC","icon":"custom-icon-ability_ardenweald_mage","fights":[{"id":7,"instances":12,"groups":6}]},{"name":"Pennsatucky","id":380,"guid":122882287,"type":"Priest","server":"Kazzak","icon":"Priest","fights":[{"id":23}]},{"name":"Kês","id":165,"guid":187973695,"type":"Hunter","server":"Kazzak","icon":"Hunter-Marksmanship","fights":[{"id":1},{"id":2},{"id":3},{"id":4},{"id":5},{"id":6},{"id":7},{"id":8},{"id":9},{"id":10},{"id":11},{"id":12},{"id":13},{"id":14},{"id":15},{"id":16},{"id":17},{"id":18},{"id":19},{"id":20},{"id":21},{"id":27},{"id":28},{"id":29},{"id":30},{"id":31},{"id":32},{"id":33},{"id":34},{"id":35},{"id":36},{"id":37},{"id":38},{"id":39},{"id":40},{"id":41},{"id":42},{"id":43},{"id":44},{"id":45},{"id":46}]},{"name":"Iceshell","id":580,"guid":196703980,"type":"Unknown","server":"Kazzak","icon":"Unknown","fights":[{"id":26}]},{"name":"Getflashed","id":253,"guid":184248183,"type":"Paladin","server":"Kazzak","icon":"Paladin","fights":[{"id":7},{"id":8},{"id":9},{"id":10},{"id":11},{"id":12},{"id":13},{"id":14},{"id":15},{"id":16},{"id":17},{"id":18},{"id":19},{"id":20},{"id":21},{"id":31},{"id":32},{"id":33},{"id":34},{"id":35},{"id":36},{"id":37},{"id":38},{"id":39},{"id":40},{"id":41},{"id":42},{"id":43},{"id":44},{"id":45},{"id":46}]},{"name":"Naeliá","id":17,"guid":173913560,"type":"Druid","server":"Kazzak","icon":"Druid-Balance","fights":[{"id":1},{"id":2},{"id":3},{"id":4},{"id":5},{"id":6},{"id":7},{"id":8},{"id":9},{"id":10},{"id":11},{"id":12},{"id":13},{"id":14},{"id":15},{"id":16},{"id":17},{"id":18},{"id":19},{"id":20},{"id":21},{"id":34},{"id":35},{"id":36},{"id":37},{"id":38},{"id":39},{"id":40},{"id":41},{"id":42},{"id":43},{"id":44},{"id":45},{"id":46}]},{"name":"Skyggegredne","id":171,"guid":156249270,"type":"Priest","server":"Kazzak","icon":"Priest-Shadow","fights":[{"id":1},{"id":2},{"id":3},{"id":4},{"id":5},{"id":6},{"id":7},{"id":8},{"id":9},{"id":10},{"id":11},{"id":12},{"id":13},{"id":14},{"id":15},{"id":16},{"id":17},{"id":18},{"id":19},{"id":20},{"id":21},{"id":34},{"id":35},{"id":36},{"id":37},{"id":38},{"id":39},{"id":40},{"id":41},{"id":42},{"id":43},{"id":44},{"id":45},{"id":46}]},{"name":"Kreshh","id":12,"guid":167744518,"type":"Mage","server":"Kazzak","icon":"Mage-Fire","fights":[{"id":1},{"id":2},{"id":3},{"id":4},{"id":5},{"id":7},{"id":8},{"id":9},{"id":10},{"id":11},{"id":12},{"id":13},{"id":14},{"id":15},{"id":16},{"id":17},{"id":18},{"id":19},{"id":20},{"id":21},{"id":26},{"id":27},{"id":28},{"id":29},{"id":30},{"id":31},{"id":32},{"id":33},{"id":34},{"id":35},{"id":36},{"id":37},{"id":38},{"id":39},{"id":40},{"id":41},{"id":42},{"id":43},{"id":44},{"id":45},{"id":46}]},{"name":"The Accuser","id":295,"guid":165760,"type":"NPC","icon":"custom-icon-ability_venthyr_doorofshadows","fights":[{"id":8,"instances":1}]},{"name":"Mirgan","id":113,"guid":173957464,"type":"Mage","server":"Kazzak","icon":"Mage-Fire","fights":[{"id":1},{"id":2},{"id":3},{"id":4},{"id":5},{"id":6},{"id":7},{"id":8},{"id":9},{"id":10},{"id":11},{"id":12},{"id":13},{"id":14},{"id":15},{"id":16},{"id":17},{"id":18},{"id":19},{"id":20},{"id":21},{"id":27},{"id":28},{"id":29},{"id":30},{"id":31},{"id":32},{"id":33},{"id":34},{"id":35},{"id":36},{"id":37},{"id":38},{"id":39},{"id":40},{"id":41},{"id":42},{"id":43},{"id":44},{"id":45},{"id":46}]},{"name":"Nalapriest","id":11,"guid":184076697,"type":"Priest","server":"Kazzak","icon":"Priest-Holy","fights":[{"id":1},{"id":2},{"id":3},{"id":4},{"id":5},{"id":6},{"id":7},{"id":8},{"id":9},{"id":10},{"id":11},{"id":12},{"id":13},{"id":14},{"id":15},{"id":16},{"id":17},{"id":18},{"id":19},{"id":20},{"id":21}]},{"name":"Belligerent Waiter","id":333,"guid":174878,"type":"NPC","icon":"custom-icon-ui_sigil_venthyr","fights":[{"id":13,"instances":16,"groups":2}]},{"name":"Bizzydk","id":169,"guid":178732911,"type":"DeathKnight","server":"Kazzak","icon":"DeathKnight-Unholy","fights":[{"id":1},{"id":2},{"id":3},{"id":4},{"id":5},{"id":7},{"id":8},{"id":9},{"id":10},{"id":11},{"id":12},{"id":13},{"id":14},{"id":15},{"id":16},{"id":17},{"id":18},{"id":19},{"id":20},{"id":21},{"id":27},{"id":28},{"id":29},{"id":30},{"id":31},{"id":32},{"id":33}]},{"name":"Xdgrill","id":110,"guid":152594357,"type":"Hunter","server":"Kazzak","icon":"Hunter-Marksmanship","fights":[{"id":1},{"id":2},{"id":3},{"id":4},{"id":5},{"id":7},{"id":8},{"id":9},{"id":10},{"id":11},{"id":12},{"id":13},{"id":14},{"id":15},{"id":16},{"id":17},{"id":18},{"id":19},{"id":20},{"id":21},{"id":31},{"id":32},{"id":33},{"id":34},{"id":35},{"id":36},{"id":37},{"id":38},{"id":39},{"id":40},{"id":41},{"id":42},{"id":43},{"id":44},{"id":45},{"id":46}]},{"name":"Moehunter","id":173,"guid":159566299,"type":"Hunter","server":"Kazzak","icon":"Hunter-Marksmanship","fights":[{"id":1},{"id":2},{"id":3},{"id":4},{"id":5},{"id":7},{"id":8},{"id":9},{"id":10},{"id":11},{"id":12},{"id":13},{"id":14},{"id":15},{"id":16},{"id":17},{"id":18},{"id":19},{"id":20},{"id":21},{"id":27},{"id":28},{"id":29},{"id":30},{"id":31},{"id":32},{"id":33},{"id":34},{"id":35},{"id":36},{"id":37},{"id":38},{"id":39},{"id":40},{"id":41},{"id":42},{"id":43},{"id":44},{"id":45},{"id":46}]},{"name":"Jeppepriest","id":164,"guid":193635374,"type":"Priest","server":"Kazzak","icon":"Priest","fights":[{"id":1},{"id":2},{"id":3},{"id":4},{"id":5},{"id":6},{"id":7},{"id":8},{"id":9},{"id":10},{"id":11},{"id":12},{"id":13},{"id":14},{"id":15},{"id":16},{"id":17},{"id":18},{"id":19},{"id":20},{"id":21},{"id":28},{"id":29},{"id":30},{"id":31},{"id":32},{"id":33},{"id":34},{"id":35},{"id":36},{"id":37},{"id":38},{"id":39},{"id":40},{"id":41},{"id":42},{"id":43},{"id":44},{"id":45},{"id":46}]},{"name":"Cyviiah","id":227,"guid":160071766,"type":"Warrior","server":"Kazzak","icon":"Warrior-Arms","fights":[{"id":3},{"id":4},{"id":5},{"id":6},{"id":7},{"id":8},{"id":9},{"id":11},{"id":12},{"id":13},{"id":14},{"id":15},{"id":16},{"id":17},{"id":18},{"id":19},{"id":20},{"id":21},{"id":27},{"id":28},{"id":29},{"id":30},{"id":31},{"id":32},{"id":33},{"id":34},{"id":35},{"id":36},{"id":37},{"id":38},{"id":39},{"id":40},{"id":41},{"id":42},{"id":43},{"id":44},{"id":45},{"id":46}]},{"name":"Hilderull","id":175,"guid":178669446,"type":"Monk","server":"Kazzak","icon":"Monk-Brewmaster","fights":[{"id":1},{"id":2},{"id":3},{"id":4},{"id":5},{"id":6},{"id":7},{"id":8},{"id":9},{"id":10},{"id":11},{"id":12},{"id":13},{"id":14},{"id":15},{"id":16},{"id":17},{"id":18},{"id":19},{"id":20},{"id":21},{"id":27},{"id":28},{"id":29},{"id":30},{"id":31},{"id":32},{"id":33},{"id":34},{"id":35},{"id":36},{"id":37},{"id":38},{"id":39},{"id":40},{"id":41},{"id":42},{"id":43},{"id":44},{"id":45},{"id":46}]},{"name":"Essence Font","id":306,"guid":165778,"type":"NPC","icon":"custom-icon-inv_mechagnome_powercell_broken","fights":[{"id":9,"instances":4,"groups":1}]},{"name":"Night Hunter","id":364,"guid":168474,"type":"NPC","icon":"custom-icon-sha_ability_rogue_bloodyeye_nightmare","fights":[{"id":19,"instances":10,"groups":5}]},{"name":"Runeski","id":128,"guid":173854896,"type":"Warlock","server":"Kazzak","icon":"Warlock-Affliction","fights":[{"id":1},{"id":4},{"id":5},{"id":6},{"id":7},{"id":8},{"id":9},{"id":10},{"id":11},{"id":12},{"id":13},{"id":14},{"id":15},{"id":16},{"id":17},{"id":18},{"id":19},{"id":20},{"id":21},{"id":22}]},{"name":"Nilshaman","id":179,"guid":183742564,"type":"Shaman","server":"Kazzak","icon":"Shaman","fights":[{"id":1},{"id":2},{"id":3},{"id":4},{"id":5},{"id":7},{"id":9},{"id":11},{"id":12},{"id":13},{"id":14},{"id":15},{"id":16},{"id":17},{"id":18},{"id":19},{"id":20},{"id":21},{"id":27},{"id":28},{"id":29},{"id":30},{"id":31},{"id":32},{"id":33},{"id":34},{"id":35},{"id":36},{"id":37},{"id":38},{"id":39},{"id":40},{"id":41},{"id":42},{"id":43},{"id":44},{"id":45},{"id":46}]},{"name":"Xdbaer","id":172,"guid":104428814,"type":"Rogue","server":"Kazzak","icon":"Rogue-Subtlety","fights":[{"id":1},{"id":2},{"id":3},{"id":4},{"id":5},{"id":6},{"id":7},{"id":8},{"id":9},{"id":10},{"id":11},{"id":12},{"id":13},{"id":14},{"id":15},{"id":16},{"id":17},{"id":18},{"id":19},{"id":20},{"id":21},{"id":22},{"id":27},{"id":28},{"id":29},{"id":30},{"id":31},{"id":32},{"id":33}]},{"name":"Anima Glimmer","id":240,"guid":173969,"type":"NPC","icon":"custom-icon-spell_animamaw_buff","fights":[{"id":5,"instances":1,"groups":2}]},{"name":"Larocsham","id":176,"guid":183856562,"type":"Shaman","server":"Kazzak","icon":"Shaman","fights":[{"id":1},{"id":2},{"id":3},{"id":4},{"id":5},{"id":6},{"id":7},{"id":8},{"id":9},{"id":10},{"id":11},{"id":12},{"id":13},{"id":14},{"id":15},{"id":16},{"id":17},{"id":18},{"id":19},{"id":20},{"id":21},{"id":27},{"id":28},{"id":29},{"id":30},{"id":31},{"id":32},{"id":33},{"id":34},{"id":35},{"id":36},{"id":37},{"id":38},{"id":39},{"id":40},{"id":41},{"id":42},{"id":43},{"id":44},{"id":45},{"id":46}]},{"name":"Saaíin","id":225,"guid":153442571,"type":"Priest","server":"Kazzak","icon":"Priest-Holy","fights":[{"id":3},{"id":4},{"id":5},{"id":7},{"id":8},{"id":9},{"id":10},{"id":11},{"id":12},{"id":13},{"id":14},{"id":15},{"id":16},{"id":17},{"id":18},{"id":19},{"id":20},{"id":21}]},{"name":"Anima Orb","id":293,"guid":174017,"type":"NPC","icon":"custom-icon-spell_animarevendreth_orb","fights":[{"id":8,"instances":3,"groups":2}]},{"name":"Prince Renathal","id":355,"guid":169835,"type":"NPC","icon":"custom-icon-6bf_explosive_shard","fights":[{"id":16,"instances":1,"groups":1},{"id":17,"instances":1,"groups":5},{"id":18,"instances":1,"groups":8}]}],"enemies":[{"name":"Veteran Stoneguard","id":331,"guid":169924,"type":"NPC","icon":"custom-icon-inv_sword_1h_revendreth_d_02","fights":[{"id":13,"instances":2}]},{"name":"Rat of Unusual Size","id":584,"guid":173798,"type":"NPC","icon":"custom-icon-ability_druid_ferociousbite","fights":[{"id":27,"instances":1,"groups":1},{"id":28,"instances":3,"groups":1}]},{"name":"Kael'thas Sunstrider","id":303,"guid":165759,"type":"Boss","icon":"custom-icon-ability_warlock_moltencore","lockBossFrame":true,"fights":[{"id":10,"instances":1}]},{"name":"General Kaal","id":345,"guid":173298,"type":"NPC","icon":"custom-icon-inv_misc_steelweaponchain","fights":[{"id":15,"instances":1}]},{"name":"Dutiful Attendant","id":326,"guid":175992,"type":"NPC","icon":"custom-icon-inv_shield_1h_revendrethquest_b_01","fights":[{"id":13,"instances":8}]},{"name":"Nathrian Hawkeye","id":197,"guid":173189,"type":"NPC","icon":"custom-icon-ability_hunter_traplauncher","fights":[{"id":1,"instances":1,"groups":1},{"id":4,"instances":2,"groups":2},{"id":12,"instances":3,"groups":1}]},{"name":"Vile Occultist","id":290,"guid":165763,"type":"NPC","icon":"custom-icon-sha_spell_fire_blueflamering_nightmare","fights":[{"id":9,"instances":4,"groups":1}]},{"name":"Court Assassin","id":180,"guid":165481,"type":"NPC","icon":"custom-icon-inv_artifact_bloodoftheassassinated","fights":[{"id":2,"instances":1,"groups":2},{"id":3,"instances":1,"groups":1},{"id":4,"instances":1,"groups":1},{"id":12,"instances":1,"groups":1}]},{"name":"Reverberating Eruption Stalker","id":358,"guid":175102,"type":"NPC","icon":"custom-icon-inv_elementalearth2","fights":[{"id":17,"instances":4,"groups":5},{"id":18,"instances":8,"groups":13}]},{"name":"Echo of Sin","id":363,"guid":167999,"type":"NPC","icon":"custom-icon-spell_misc_emotionsad","fights":[{"id":19,"instances":88,"groups":6}]},{"name":"Lord Stavros","id":323,"guid":166970,"type":"Boss","icon":"custom-icon-ability_warlock_soullink","fights":[{"id":13,"instances":1}]},{"name":"Dance Controller","id":327,"guid":168870,"type":"NPC","icon":"custom-icon-trade_engineering","fights":[{"id":13,"instances":1,"groups":6}]},{"name":"Aerial Bombardment Stalker","id":343,"guid":173175,"type":"NPC","icon":"custom-icon-spell_animarevendreth_missile","fights":[{"id":15,"instances":1}]},{"name":"Belligerent Waiter","id":317,"guid":174842,"type":"NPC","icon":"custom-icon-ability_mage_conjurefoodrank9","fights":[{"id":12,"instances":12,"groups":2}]},{"name":"General Kaal","id":350,"guid":168112,"type":"Boss","icon":"custom-icon-ability_revendreth_rogue","fights":[{"id":16,"instances":1},{"id":17,"instances":1},{"id":18,"instances":1}]},{"name":"Nathrian Singuard","id":204,"guid":174100,"type":"NPC","icon":"custom-icon-ability_warrior_sunder","fights":[{"id":1,"instances":3,"groups":1}]},{"name":"Gorging Mite","id":591,"guid":173145,"type":"NPC","icon":"custom-icon-ability_warlock_burningembersblue","fights":[{"id":29,"instances":9,"groups":2}]},{"name":"Waltzing Venthyr","id":329,"guid":176016,"type":"NPC","icon":"custom-icon-ability_rogue_shadowdance","fights":[{"id":13,"instances":1}]},{"name":"General Grashaal","id":352,"guid":168113,"type":"Boss","icon":"custom-icon-inv_elementalearth2","fights":[{"id":16,"instances":1},{"id":17,"instances":1},{"id":18,"instances":1}]},{"name":"Court Hierarch","id":230,"guid":165483,"type":"NPC","icon":"custom-icon-spell_animarevendreth_missile","fights":[{"id":4,"instances":2},{"id":12,"instances":1}]},{"name":"Stone Legion Goliath","id":351,"guid":172858,"type":"NPC","icon":"custom-icon-ability_druid_mangle2","fights":[{"id":16,"instances":3,"groups":2},{"id":17,"instances":5,"groups":2},{"id":18,"instances":6,"groups":3}]},{"name":"Root of Extinction","id":280,"guid":169267,"type":"NPC","icon":"custom-icon-ability_ardenweald_mage","fights":[{"id":7,"instances":1}]},{"name":"Stoneborn Maitre D'","id":320,"guid":174843,"type":"NPC","icon":"custom-icon-ability_warrior_shieldbreak","fights":[{"id":12,"instances":1}]},{"name":"Rift Blast Portal","id":276,"guid":169271,"type":"NPC","icon":"custom-icon-spell_animabastion_beam","fights":[{"id":7,"instances":40,"groups":8}]},{"name":"Sinister Antiquarian","id":241,"guid":173604,"type":"NPC","icon":"custom-icon-ability_ironmaidens_whirlofblood","fights":[{"id":5,"instances":2,"groups":1}]},{"name":"Remornia","id":362,"guid":168156,"type":"NPC","icon":"custom-icon-spell_shadow_lifedrain","fights":[{"id":19,"instances":1,"groups":2},{"id":20,"instances":1,"groups":1},{"id":21,"instances":1,"groups":1},{"id":22,"instances":1,"groups":1}]},{"name":"Sludgefist","id":335,"guid":164407,"type":"Boss","icon":"custom-icon-ability_garrosh_hellscreams_warsong","fights":[{"id":14,"instances":1}]},{"name":"Hand of Destruction","id":369,"guid":169813,"type":"NPC","icon":"custom-icon-spell_shadow_unholystrength","fights":[{"id":19,"instances":5}]},{"name":"Royal Groundskeeper","id":497,"guid":169048,"type":"NPC","icon":"NPC","fights":[{"id":24,"instances":1}]},{"name":"Baroness Frieda","id":322,"guid":166969,"type":"Boss","icon":"custom-icon-inv_enchanting_wod_essence3","fights":[{"id":13,"instances":1}]},{"name":"Nathrian Hierarch","id":198,"guid":174090,"type":"NPC","icon":"custom-icon-spell_animarevendreth_orb","fights":[{"id":1,"instances":1}]},{"name":"Sinister Reflection","id":370,"guid":170710,"type":"NPC","icon":"custom-icon-spell_shadow_corpseexplode","fights":[{"id":19,"instances":1,"groups":2}]},{"name":"Edge of Annihilation","id":286,"guid":169062,"type":"NPC","icon":"custom-icon-inv_archaeology_80_witch_guillotineaxe","fights":[{"id":7,"instances":1}]},{"name":"Nathrian Duelist","id":234,"guid":165471,"type":"NPC","icon":"custom-icon-ability_rogue_shadowstrike","fights":[{"id":5,"instances":1,"groups":1},{"id":12,"instances":3,"groups":2}]},{"name":"Court Executor","id":233,"guid":174208,"type":"NPC","icon":"NPC","fights":[{"id":5,"instances":1}]},{"name":"Nathrian Executor","id":202,"guid":165470,"type":"NPC","icon":"custom-icon-spell_animarevendreth_missile","fights":[{"id":1,"instances":1},{"id":4,"instances":1},{"id":5,"instances":2},{"id":12,"instances":3}]},{"name":"Rockbound Vanquisher","id":309,"guid":165764,"type":"NPC","icon":"custom-icon-ability_earthen_pillar","fights":[{"id":9,"instances":3,"groups":2}]},{"name":"Bleakwing Assassin","id":302,"guid":167566,"type":"NPC","icon":"custom-icon-ability_revendreth_rogue","fights":[{"id":9,"instances":9,"groups":5}]},{"name":"Crimson Cabalist","id":367,"guid":169196,"type":"NPC","icon":"custom-icon-spell_animarevendreth_missile","fights":[{"id":19,"instances":8,"groups":2}]},{"name":"Sire Denathrius","id":360,"guid":167406,"type":"Boss","icon":"custom-icon-inv_artifact_powerofthedarkside","fights":[{"id":19,"instances":1},{"id":20,"instances":1}]},{"name":"Stasis Trap","id":272,"guid":167691,"type":"NPC","icon":"NPC","fights":[{"id":7,"instances":13,"groups":5}]},{"name":"Nathrian Archivist","id":239,"guid":173633,"type":"NPC","icon":"custom-icon-spell_animarevendreth_orb","fights":[{"id":5,"instances":4,"groups":1}]},{"name":"Winged Ravager","id":592,"guid":173146,"type":"NPC","icon":"custom-icon-spell_arcane_arcane02","fights":[{"id":29,"instances":5,"groups":2}]},{"name":"High Torturer Darithos","id":300,"guid":168973,"type":"Boss","icon":"custom-icon-spell_animarevendreth_wave","fights":[{"id":9,"instances":1}]},{"name":"Stone Legion Commando","id":353,"guid":169601,"type":"NPC","icon":"custom-icon-spell_animarevendreth_missile","fights":[{"id":17,"instances":15,"groups":2},{"id":18,"instances":28,"groups":2}]},{"name":"Artificer Xy'mox","id":256,"guid":166644,"type":"Boss","icon":"custom-icon-ability_shootwand","fights":[{"id":7,"instances":1}]},{"name":"Dusty Widow","id":585,"guid":174141,"type":"NPC","icon":"NPC","fights":[{"id":27,"instances":4,"groups":1},{"id":28,"instances":12,"groups":5}]},{"name":"Countess Gloomveil","id":214,"guid":174162,"type":"NPC","icon":"custom-icon-70_inscription_vantus_rune_azure","fights":[{"id":2,"instances":1,"groups":1},{"id":3,"instances":1,"groups":2}]},{"name":"Begrudging Waiter","id":328,"guid":169925,"type":"NPC","icon":"custom-icon-ability_mage_conjurefoodrank9","fights":[{"id":13,"instances":24,"groups":3}]},{"name":"Stone Legion Goliath","id":347,"guid":173178,"type":"NPC","icon":"custom-icon-ability_druid_mangle2","fights":[{"id":15,"instances":4,"groups":1}]},{"name":"Carved Assistant","id":292,"guid":173802,"type":"NPC","icon":"custom-icon-archaeology_5_0_crackedmogurunestone","fights":[{"id":8,"instances":5,"groups":1}]},{"name":"Executrix Ophelia","id":291,"guid":174012,"type":"NPC","icon":"custom-icon-spell_animarevendreth_orb","fights":[{"id":8,"instances":1}]},{"name":"Nathrian Siphoner","id":203,"guid":165472,"type":"NPC","icon":"custom-icon-spell_animarevendreth_missile","fights":[{"id":1,"instances":2,"groups":1},{"id":2,"instances":4,"groups":1},{"id":4,"instances":4,"groups":1},{"id":12,"instances":3,"groups":2}]},{"name":"Nathrian Enforcer","id":188,"guid":165469,"type":"NPC","icon":"custom-icon-spell_animarevendreth_orb","fights":[{"id":1,"instances":4,"groups":2},{"id":4,"instances":3,"groups":1}]},{"name":"Nathrian Gargon Rider","id":215,"guid":174092,"type":"NPC","icon":"custom-icon-ability_hunter_traplauncher","fights":[{"id":2,"instances":2},{"id":3,"instances":2}]},{"name":"Nathrian Registrar","id":237,"guid":173613,"type":"NPC","icon":"custom-icon-ability_deathknight_sanguinfortitude","fights":[{"id":5,"instances":1}]},{"name":"Dread Feaster","id":590,"guid":173142,"type":"NPC","icon":"NPC","fights":[{"id":29,"instances":2,"groups":1}]},{"name":"Sewer Rat","id":583,"guid":173800,"type":"NPC","icon":"custom-icon-ability_hunter_pet_wolf","fights":[{"id":27,"instances":15,"groups":1},{"id":28,"instances":14,"groups":1}]},{"name":"Stone Legion Commando","id":348,"guid":173276,"type":"NPC","icon":"custom-icon-ability_warrior_punishingblow","fights":[{"id":15,"instances":7,"groups":2}]},{"name":"Royal Arcanist","id":485,"guid":165270,"type":"NPC","icon":"custom-icon-spell_animarevendreth_orb","fights":[{"id":23,"instances":1}]},{"name":"Crimson Cabalist","id":368,"guid":169470,"type":"NPC","icon":"custom-icon-spell_animarevendreth_buff","fights":[{"id":19,"instances":1,"groups":2}]},{"name":"Nathrian Soldier","id":208,"guid":173949,"type":"NPC","icon":"custom-icon-ability_revendreth_rogue","fights":[{"id":1,"instances":4,"groups":1},{"id":2,"instances":2,"groups":1}]},{"name":"Hungering Destroyer","id":582,"guid":164261,"type":"Boss","icon":"custom-icon-ability_argus_deathfog","fights":[{"id":30,"instances":1},{"id":31,"instances":1},{"id":32,"instances":1},{"id":33,"instances":1},{"id":34,"instances":1},{"id":35,"instances":1},{"id":36,"instances":1},{"id":37,"instances":1},{"id":38,"instances":1},{"id":39,"instances":1},{"id":40,"instances":1},{"id":41,"instances":1},{"id":42,"instances":1},{"id":43,"instances":1},{"id":44,"instances":1},{"id":45,"instances":1},{"id":46,"instances":1}]},{"name":"Crystal of Phantasms","id":274,"guid":168512,"type":"NPC","icon":"custom-icon-spell_necro_deathrift","fights":[{"id":7,"instances":1,"groups":2}]},{"name":"Reborn Phoenix","id":311,"guid":168962,"type":"NPC","icon":"custom-icon-ability_mount_fireravengodmount","fights":[{"id":9,"instances":6,"groups":2}]},{"name":"Remornia","id":365,"guid":168158,"type":"NPC","icon":"custom-icon-spell_shadow_corpseexplode","fights":[{"id":19,"instances":1,"groups":3}]},{"name":"Nathrian Tracker","id":205,"guid":173973,"type":"NPC","icon":"custom-icon-inv_ammo_bullet_02","fights":[{"id":1,"instances":2},{"id":2,"instances":1},{"id":3,"instances":1},{"id":5,"instances":1}]},{"name":"Court Hawkeye","id":209,"guid":173190,"type":"NPC","icon":"custom-icon-ability_hunter_traplauncher","fights":[{"id":1,"instances":1,"groups":1},{"id":4,"instances":1,"groups":2},{"id":12,"instances":1,"groups":1}]},{"name":"Nathrian Assassin","id":217,"guid":165474,"type":"NPC","icon":"custom-icon-ability_rogue_shadowstrike","fights":[{"id":2,"instances":1,"groups":2},{"id":3,"instances":1,"groups":1},{"id":4,"instances":4,"groups":2},{"id":8,"instances":1,"groups":1}]},{"name":"Pestering Fiend","id":314,"guid":168700,"type":"NPC","icon":"custom-icon-archaeology_5_0_crackedmogurunestone","fights":[{"id":9,"instances":20,"groups":2}]},{"name":"Soul Infuser","id":315,"guid":165762,"type":"NPC","icon":"custom-icon-ability_deathwing_bloodcorruption_earth","fights":[{"id":9,"instances":4,"groups":1}]},{"name":"Castellan Niklaus","id":324,"guid":166971,"type":"Boss","icon":"custom-icon-inv_knife_1h_revendreth_d_01","fights":[{"id":13,"instances":1}]},{"name":"Court Enforcer","id":216,"guid":165479,"type":"NPC","icon":"custom-icon-spell_animarevendreth_orb","fights":[{"id":2,"instances":1,"groups":2},{"id":3,"instances":2,"groups":2},{"id":5,"instances":2,"groups":1},{"id":8,"instances":4,"groups":1},{"id":11,"instances":2,"groups":1},{"id":12,"instances":2,"groups":2}]},{"name":"Court Executor","id":166,"guid":174194,"type":"NPC","icon":"custom-icon-spell_animarevendreth_nova","fights":[{"id":1,"instances":1}]},{"name":"Nathrian Conservator","id":238,"guid":173609,"type":"NPC","icon":"custom-icon-ability_backstab","fights":[{"id":5,"instances":4,"groups":1}]},{"name":"Stone Legion Skirmisher","id":346,"guid":173280,"type":"NPC","icon":"custom-icon-spell_animarevendreth_missile","fights":[{"id":15,"instances":7,"groups":2}]},{"name":"Shade of Kael'thas","id":310,"guid":165805,"type":"Boss","icon":"custom-icon-spell_fire_burnout","fights":[{"id":9,"instances":2}]}],"friendlyPets":[{"name":"Void Tendril","id":273,"guid":98167,"type":"Pet","icon":"abilities/spell_shadow_skull","petOwner":24,"fights":[{"id":7,"instances":6},{"id":9,"instances":2},{"id":11,"instances":1},{"id":13,"instances":5},{"id":14,"instances":12},{"id":15,"instances":1},{"id":17,"instances":8},{"id":18,"instances":11},{"id":19,"instances":11},{"id":21,"instances":1}]},{"name":"Regenerating Wildseed","id":220,"guid":164589,"type":"Pet","icon":"Pet","petOwner":12,"fights":[{"id":2,"instances":1}]},{"name":"Drooghon","id":261,"guid":46664612,"type":"Pet","icon":"abilities/spell_shadow_summonfelhunter","petOwner":260,"fights":[{"id":7,"instances":1},{"id":9,"instances":1},{"id":12,"instances":1},{"id":13,"instances":1},{"id":14,"instances":1}]},{"name":"Mirror Image","id":228,"guid":31216,"type":"Pet","icon":"abilities/spell_magic_managain","petOwner":113,"fights":[{"id":3,"instances":3},{"id":7,"instances":9},{"id":9,"instances":9},{"id":13,"instances":3},{"id":14,"instances":6},{"id":15,"instances":3},{"id":16,"instances":3},{"id":17,"instances":6},{"id":18,"instances":9},{"id":19,"instances":6},{"id":21,"instances":3},{"id":28,"instances":3},{"id":31,"instances":3},{"id":35,"instances":3},{"id":36,"instances":3},{"id":39,"instances":3},{"id":40,"instances":3},{"id":41,"instances":3},{"id":42,"instances":3},{"id":43,"instances":3},{"id":44,"instances":3},{"id":45,"instances":3},{"id":46,"instances":3}]},{"name":"Risen Skulker","id":193,"guid":99541,"type":"Pet","icon":"abilities/spell_shadow_animatedead","petOwner":167,"fights":[{"id":1,"instances":1},{"id":2,"instances":2},{"id":3,"instances":1},{"id":4,"instances":1},{"id":5,"instances":1},{"id":7,"instances":1},{"id":8,"instances":1},{"id":9,"instances":1},{"id":11,"instances":1},{"id":12,"instances":1},{"id":13,"instances":1},{"id":14,"instances":1},{"id":15,"instances":1},{"id":16,"instances":2},{"id":17,"instances":1},{"id":18,"instances":1},{"id":19,"instances":2},{"id":27,"instances":1},{"id":28,"instances":4},{"id":29,"instances":1},{"id":31,"instances":1},{"id":32,"instances":1},{"id":33,"instances":1},{"id":34,"instances":1},{"id":35,"instances":1},{"id":36,"instances":1},{"id":37,"instances":1},{"id":38,"instances":1},{"id":39,"instances":1},{"id":40,"instances":1},{"id":41,"instances":1},{"id":42,"instances":1},{"id":43,"instances":1},{"id":44,"instances":1},{"id":45,"instances":1},{"id":46,"instances":1}]},{"name":"Earthen Wall Totem","id":201,"guid":100943,"type":"Pet","icon":"abilities/spell_nature_stoneskintotem","petOwner":176,"fights":[{"id":1,"instances":1},{"id":5,"instances":2},{"id":7,"instances":4},{"id":9,"instances":3},{"id":12,"instances":1},{"id":13,"instances":4},{"id":14,"instances":4},{"id":15,"instances":1},{"id":16,"instances":2},{"id":17,"instances":4},{"id":18,"instances":7},{"id":19,"instances":6},{"id":27,"instances":1},{"id":28,"instances":1},{"id":31,"instances":2},{"id":32,"instances":1},{"id":33,"instances":2},{"id":34,"instances":2},{"id":35,"instances":3},{"id":36,"instances":2},{"id":37,"instances":1},{"id":38,"instances":2},{"id":39,"instances":1},{"id":40,"instances":3},{"id":41,"instances":3},{"id":42,"instances":2},{"id":43,"instances":2},{"id":44,"instances":3},{"id":45,"instances":3},{"id":46,"instances":2}]},{"name":"Spirit Link Totem","id":604,"guid":53006,"type":"Pet","icon":"abilities/spell_shaman_spiritlink","petOwner":179,"fights":[{"id":35,"instances":1},{"id":36,"instances":1},{"id":39,"instances":1},{"id":44,"instances":1},{"id":45,"instances":1}]},{"name":"Void Tendril","id":226,"guid":98167,"type":"Pet","icon":"abilities/spell_shadow_skull","petOwner":174,"fights":[{"id":3,"instances":1},{"id":4,"instances":1},{"id":7,"instances":1},{"id":9,"instances":2},{"id":12,"instances":1},{"id":13,"instances":1},{"id":14,"instances":2},{"id":15,"instances":1},{"id":17,"instances":2},{"id":18,"instances":2},{"id":19,"instances":1},{"id":21,"instances":1}]},{"name":"Regenerating Wildseed","id":586,"guid":164589,"type":"Pet","icon":"Pet","petOwner":113,"fights":[{"id":34,"instances":1},{"id":45,"instances":1}]},{"name":"Capacitor Totem","id":236,"guid":61245,"type":"Pet","icon":"abilities/spell_nature_brilliance","petOwner":176,"fights":[{"id":5,"instances":1},{"id":7,"instances":1},{"id":9,"instances":1},{"id":12,"instances":1},{"id":15,"instances":2}]},{"name":"Mana Tide Totem","id":285,"guid":10467,"type":"Pet","icon":"abilities/spell_frost_summonwaterelemental","petOwner":176,"fights":[{"id":7,"instances":1},{"id":9,"instances":1},{"id":14,"instances":1},{"id":17,"instances":1},{"id":18,"instances":1},{"id":19,"instances":1},{"id":44,"instances":1}]},{"name":"Jade Serpent Statue","id":301,"guid":60849,"type":"Pet","icon":"abilities/ability_monk_summonserpentstatue","petOwner":168,"fights":[{"id":9,"instances":2},{"id":12,"instances":2}]},{"name":"Greater Fire Elemental","id":269,"guid":95061,"type":"Pet","icon":"abilities/spell_fire_elemental_totem","petOwner":179,"fights":[{"id":7,"instances":3},{"id":14,"instances":2}]},{"name":"Thoozun","id":299,"guid":44959138,"type":"Pet","icon":"abilities/spell_shadow_summonfelhunter","petOwner":128,"fights":[{"id":9,"instances":1},{"id":11,"instances":1},{"id":12,"instances":1},{"id":13,"instances":1}]},{"name":"Void Lasher","id":221,"guid":175198,"type":"Pet","icon":"abilities/spell_shadow_skull","petOwner":171,"fights":[{"id":2,"instances":2},{"id":3,"instances":1},{"id":4,"instances":6},{"id":5,"instances":2},{"id":9,"instances":1},{"id":12,"instances":1}]},{"name":"Tarqua","id":137,"guid":44959136,"type":"Pet","icon":"abilities/spell_shadow_summonimp","petOwner":128,"fights":[{"id":5,"instances":1},{"id":7,"instances":1},{"id":14,"instances":1},{"id":15,"instances":1},{"id":16,"instances":1},{"id":17,"instances":1},{"id":18,"instances":1},{"id":19,"instances":1},{"id":20,"instances":1},{"id":21,"instances":1}]},{"name":"Mirror Image","id":284,"guid":31216,"type":"Pet","icon":"abilities/spell_magic_managain","petOwner":100,"fights":[{"id":7,"instances":6},{"id":19,"instances":6},{"id":36,"instances":3},{"id":37,"instances":3},{"id":38,"instances":3},{"id":39,"instances":3},{"id":40,"instances":6},{"id":41,"instances":3},{"id":42,"instances":3},{"id":43,"instances":3},{"id":44,"instances":3},{"id":45,"instances":3},{"id":46,"instances":3}]},{"name":"Army of the Dead","id":190,"guid":24207,"type":"Pet","icon":"abilities/artifactability_unholydeathknight_deathsembrace","petOwner":167,"fights":[{"id":1,"instances":16},{"id":3,"instances":4},{"id":4,"instances":4},{"id":7,"instances":16},{"id":8,"instances":4},{"id":9,"instances":20},{"id":13,"instances":40},{"id":14,"instances":20},{"id":15,"instances":8},{"id":16,"instances":16},{"id":17,"instances":16},{"id":18,"instances":44},{"id":19,"instances":40},{"id":21,"instances":16},{"id":29,"instances":4},{"id":31,"instances":16},{"id":32,"instances":16},{"id":33,"instances":16},{"id":34,"instances":16},{"id":35,"instances":16},{"id":36,"instances":16},{"id":37,"instances":20},{"id":38,"instances":20},{"id":39,"instances":16},{"id":40,"instances":20},{"id":41,"instances":16},{"id":42,"instances":19},{"id":43,"instances":20},{"id":44,"instances":24},{"id":45,"instances":20},{"id":46,"instances":20}]},{"name":"Void Tendril","id":195,"guid":98167,"type":"Pet","icon":"abilities/spell_shadow_skull","petOwner":171,"fights":[{"id":1,"instances":2},{"id":5,"instances":1},{"id":7,"instances":3},{"id":9,"instances":1},{"id":13,"instances":3},{"id":14,"instances":5},{"id":16,"instances":1},{"id":17,"instances":1},{"id":18,"instances":3},{"id":19,"instances":2},{"id":21,"instances":1},{"id":34,"instances":1},{"id":35,"instances":2},{"id":36,"instances":1},{"id":37,"instances":3},{"id":40,"instances":3},{"id":41,"instances":3},{"id":42,"instances":2},{"id":43,"instances":2},{"id":44,"instances":2},{"id":45,"instances":2},{"id":46,"instances":1}]},{"name":"Shadowfiend","id":210,"guid":19668,"type":"Pet","icon":"abilities/spell_shadow_shadowfiend","petOwner":174,"fights":[{"id":1,"instances":1},{"id":7,"instances":1},{"id":9,"instances":1},{"id":13,"instances":3},{"id":14,"instances":2},{"id":16,"instances":1},{"id":17,"instances":2},{"id":18,"instances":2},{"id":19,"instances":3},{"id":21,"instances":1}]},{"name":"Mindbender","id":305,"guid":62982,"type":"Pet","icon":"abilities/spell_shadow_soulleech_3","petOwner":24,"fights":[{"id":9,"instances":4},{"id":19,"instances":7},{"id":21,"instances":2}]},{"name":"Yu'lon","id":229,"guid":165374,"type":"Pet","icon":"abilities/ability_monk_dragonkick","petOwner":168,"fights":[{"id":3,"instances":1},{"id":5,"instances":1},{"id":7,"instances":2},{"id":9,"instances":2},{"id":13,"instances":1},{"id":14,"instances":2},{"id":16,"instances":1},{"id":17,"instances":1},{"id":18,"instances":2},{"id":19,"instances":2},{"id":28,"instances":1}]},{"name":"Shadowfiend","id":275,"guid":67235,"type":"Pet","icon":"abilities/spell_shadow_shadowfiend","petOwner":24,"fights":[{"id":7,"instances":1},{"id":13,"instances":3},{"id":14,"instances":2},{"id":16,"instances":1},{"id":17,"instances":2},{"id":18,"instances":3}]},{"name":"Healing Tide Totem","id":213,"guid":59764,"type":"Pet","icon":"abilities/ability_shaman_healingtide","petOwner":176,"fights":[{"id":1,"instances":1},{"id":7,"instances":2},{"id":9,"instances":2},{"id":13,"instances":1},{"id":14,"instances":2},{"id":16,"instances":1},{"id":17,"instances":1},{"id":18,"instances":2},{"id":19,"instances":2},{"id":28,"instances":1},{"id":31,"instances":1},{"id":32,"instances":1},{"id":33,"instances":1},{"id":34,"instances":1},{"id":35,"instances":1},{"id":36,"instances":1},{"id":37,"instances":1},{"id":38,"instances":1},{"id":39,"instances":1},{"id":40,"instances":1},{"id":41,"instances":1},{"id":42,"instances":1},{"id":43,"instances":1},{"id":44,"instances":2},{"id":45,"instances":1},{"id":46,"instances":1}]},{"name":"Shadowfiend","id":603,"guid":19668,"type":"Pet","icon":"abilities/spell_shadow_shadowfiend","petOwner":602,"fights":[{"id":35,"instances":1},{"id":36,"instances":1},{"id":37,"instances":1},{"id":38,"instances":1},{"id":39,"instances":1},{"id":40,"instances":1},{"id":41,"instances":1},{"id":42,"instances":1},{"id":43,"instances":1},{"id":44,"instances":1},{"id":45,"instances":1},{"id":46,"instances":1}]},{"name":"Demonic Gateway","id":266,"guid":59271,"type":"Pet","icon":"custom-icon-trade_engineering","petOwner":260,"fights":[{"id":6,"instances":1}]},{"name":"Mindbender","id":194,"guid":62982,"type":"Pet","icon":"abilities/spell_shadow_soulleech_3","petOwner":164,"fights":[{"id":1,"instances":2},{"id":3,"instances":1},{"id":4,"instances":1},{"id":29,"instances":1},{"id":31,"instances":2},{"id":33,"instances":2},{"id":34,"instances":1},{"id":35,"instances":3},{"id":36,"instances":3},{"id":37,"instances":1},{"id":38,"instances":1},{"id":40,"instances":2},{"id":41,"instances":3},{"id":42,"instances":2},{"id":43,"instances":2},{"id":44,"instances":2},{"id":45,"instances":2},{"id":46,"instances":2}]},{"name":"Darkglare","id":279,"guid":103673,"type":"Pet","icon":"abilities/inv_beholderwarlock","petOwner":260,"fights":[{"id":7,"instances":1},{"id":12,"instances":1}]},{"name":"Mirror Image","id":289,"guid":31216,"type":"Pet","icon":"abilities/spell_magic_managain","petOwner":12,"fights":[{"id":7,"instances":3},{"id":17,"instances":3},{"id":18,"instances":6},{"id":19,"instances":3},{"id":35,"instances":3},{"id":36,"instances":3},{"id":38,"instances":3},{"id":39,"instances":3},{"id":40,"instances":3},{"id":42,"instances":3},{"id":44,"instances":3},{"id":45,"instances":3},{"id":46,"instances":3}]},{"name":"Void Lasher","id":196,"guid":175198,"type":"Pet","icon":"abilities/spell_shadow_skull","petOwner":24,"fights":[{"id":1,"instances":2},{"id":9,"instances":3},{"id":11,"instances":1},{"id":15,"instances":1}]},{"name":"Niptoc","id":187,"guid":47863364,"type":"Pet","icon":"abilities/spell_warlock_summonimpoutland","petOwner":178,"fights":[{"id":1,"instances":1},{"id":2,"instances":1},{"id":3,"instances":1},{"id":4,"instances":1},{"id":5,"instances":1},{"id":7,"instances":1},{"id":8,"instances":1},{"id":9,"instances":1},{"id":11,"instances":1},{"id":12,"instances":1},{"id":13,"instances":1},{"id":14,"instances":1},{"id":15,"instances":1},{"id":16,"instances":1},{"id":17,"instances":1},{"id":18,"instances":1},{"id":19,"instances":1},{"id":20,"instances":1},{"id":21,"instances":1},{"id":28,"instances":1},{"id":29,"instances":1},{"id":30,"instances":1},{"id":31,"instances":1},{"id":32,"instances":1},{"id":33,"instances":1},{"id":34,"instances":1},{"id":35,"instances":1},{"id":36,"instances":1},{"id":37,"instances":1},{"id":38,"instances":1},{"id":39,"instances":1},{"id":40,"instances":1},{"id":41,"instances":1},{"id":42,"instances":1},{"id":43,"instances":1},{"id":44,"instances":1},{"id":45,"instances":1},{"id":46,"instances":1}]},{"name":"Demonic Gateway","id":263,"guid":59262,"type":"Pet","icon":"custom-icon-trade_engineering","petOwner":128,"fights":[{"id":6,"instances":1},{"id":19,"instances":1}]},{"name":"Primal Earth Elemental","id":319,"guid":61056,"type":"Pet","icon":"abilities/spell_nature_earthelemental_totem","petOwner":179,"fights":[{"id":12,"instances":1},{"id":19,"instances":1}]},{"name":"Earthen Wall Totem","id":598,"guid":100943,"type":"Pet","icon":"abilities/spell_nature_stoneskintotem","petOwner":179,"fights":[{"id":31,"instances":1},{"id":32,"instances":1},{"id":33,"instances":2},{"id":34,"instances":2},{"id":35,"instances":3},{"id":36,"instances":2},{"id":37,"instances":1},{"id":38,"instances":1},{"id":39,"instances":2},{"id":40,"instances":2},{"id":41,"instances":1},{"id":42,"instances":3},{"id":43,"instances":1},{"id":44,"instances":3},{"id":45,"instances":3},{"id":46,"instances":3}]},{"name":"Army of the Dead","id":219,"guid":24207,"type":"Pet","icon":"abilities/artifactability_unholydeathknight_deathsembrace","petOwner":169,"fights":[{"id":2,"instances":3},{"id":4,"instances":6},{"id":7,"instances":19},{"id":9,"instances":18},{"id":11,"instances":3},{"id":13,"instances":32},{"id":14,"instances":28},{"id":16,"instances":15},{"id":17,"instances":14},{"id":18,"instances":38},{"id":19,"instances":38},{"id":21,"instances":13},{"id":31,"instances":12},{"id":32,"instances":11},{"id":33,"instances":14}]},{"name":"Risen Skulker","id":182,"guid":99541,"type":"Pet","icon":"abilities/spell_shadow_animatedead","petOwner":169,"fights":[{"id":1,"instances":1},{"id":2,"instances":1},{"id":3,"instances":1},{"id":4,"instances":1},{"id":5,"instances":1},{"id":7,"instances":1},{"id":8,"instances":1},{"id":9,"instances":1},{"id":11,"instances":1},{"id":12,"instances":1},{"id":13,"instances":1},{"id":14,"instances":1},{"id":15,"instances":2},{"id":16,"instances":1},{"id":17,"instances":1},{"id":18,"instances":1},{"id":19,"instances":2},{"id":28,"instances":1},{"id":31,"instances":1},{"id":32,"instances":1},{"id":33,"instances":1}]},{"name":"Regenerating Wildseed","id":283,"guid":164589,"type":"Pet","icon":"Pet","petOwner":260,"fights":[{"id":7,"instances":1}]},{"name":"Demonic Gateway","id":265,"guid":59262,"type":"Pet","icon":"custom-icon-trade_engineering","petOwner":260,"fights":[{"id":6,"instances":1}]},{"name":"Healing Stream Totem","id":294,"guid":3527,"type":"Pet","icon":"abilities/inv_spear_04","petOwner":176,"fights":[{"id":8,"instances":1}]},{"name":"Bonemuncher","id":192,"guid":42800683,"type":"Pet","icon":"abilities/spell_shadow_animatedead","petOwner":167,"fights":[{"id":1,"instances":1},{"id":2,"instances":1},{"id":3,"instances":1},{"id":4,"instances":1},{"id":5,"instances":1},{"id":7,"instances":1},{"id":8,"instances":1},{"id":9,"instances":1},{"id":11,"instances":1},{"id":12,"instances":1},{"id":13,"instances":1},{"id":14,"instances":1},{"id":15,"instances":1},{"id":16,"instances":1},{"id":17,"instances":1},{"id":18,"instances":1},{"id":19,"instances":1},{"id":20,"instances":1},{"id":21,"instances":1},{"id":27,"instances":1},{"id":28,"instances":1},{"id":29,"instances":1},{"id":31,"instances":1},{"id":32,"instances":1},{"id":33,"instances":1},{"id":34,"instances":1},{"id":35,"instances":1},{"id":36,"instances":1},{"id":37,"instances":1},{"id":38,"instances":1},{"id":39,"instances":1},{"id":40,"instances":1},{"id":41,"instances":1},{"id":42,"instances":1},{"id":43,"instances":1},{"id":44,"instances":1},{"id":45,"instances":1},{"id":46,"instances":1}]},{"name":"Darkglare","id":211,"guid":103673,"type":"Pet","icon":"abilities/inv_beholderwarlock","petOwner":178,"fights":[{"id":1,"instances":1},{"id":3,"instances":1},{"id":5,"instances":1},{"id":7,"instances":2},{"id":8,"instances":1},{"id":9,"instances":1},{"id":12,"instances":1},{"id":13,"instances":2},{"id":14,"instances":1},{"id":15,"instances":1},{"id":16,"instances":1},{"id":17,"instances":1},{"id":18,"instances":2},{"id":19,"instances":3},{"id":21,"instances":1},{"id":31,"instances":1},{"id":32,"instances":1},{"id":33,"instances":1},{"id":34,"instances":1},{"id":35,"instances":1},{"id":36,"instances":1},{"id":37,"instances":1},{"id":38,"instances":1},{"id":39,"instances":1},{"id":40,"instances":1},{"id":41,"instances":1},{"id":42,"instances":1},{"id":43,"instances":1},{"id":44,"instances":1},{"id":45,"instances":1},{"id":46,"instances":1}]},{"name":"Healing Stream Totem","id":307,"guid":3527,"type":"Pet","icon":"abilities/inv_spear_04","petOwner":179,"fights":[{"id":9,"instances":3}]},{"name":"Doomguard","id":262,"guid":11859,"type":"Pet","icon":"custom-icon-spell_shadow_shadowbolt","petOwner":178,"fights":[{"id":7,"instances":1}]},{"name":"Shadowfiend","id":271,"guid":19668,"type":"Pet","icon":"abilities/spell_shadow_shadowfiend","petOwner":171,"fights":[{"id":7,"instances":2},{"id":9,"instances":1},{"id":13,"instances":2},{"id":14,"instances":1},{"id":16,"instances":1},{"id":17,"instances":2},{"id":18,"instances":3},{"id":19,"instances":2},{"id":34,"instances":1},{"id":35,"instances":2},{"id":36,"instances":1},{"id":37,"instances":1},{"id":38,"instances":1},{"id":39,"instances":1},{"id":40,"instances":1},{"id":41,"instances":1},{"id":42,"instances":1},{"id":43,"instances":1},{"id":44,"instances":2},{"id":45,"instances":2},{"id":46,"instances":1}]},{"name":"Treant","id":337,"guid":103822,"type":"Pet","icon":"abilities/ability_druid_forceofnature","petOwner":53,"fights":[{"id":14,"instances":7}]},{"name":"Spirit Link Totem","id":222,"guid":53006,"type":"Pet","icon":"abilities/spell_shaman_spiritlink","petOwner":176,"fights":[{"id":2,"instances":1},{"id":7,"instances":2},{"id":9,"instances":1},{"id":13,"instances":2},{"id":14,"instances":2},{"id":15,"instances":1},{"id":16,"instances":1},{"id":17,"instances":1},{"id":18,"instances":2},{"id":19,"instances":2},{"id":28,"instances":1},{"id":31,"instances":1},{"id":33,"instances":1},{"id":34,"instances":1},{"id":35,"instances":1},{"id":36,"instances":1},{"id":37,"instances":1},{"id":38,"instances":1},{"id":40,"instances":1},{"id":41,"instances":1},{"id":42,"instances":1},{"id":43,"instances":1},{"id":44,"instances":1},{"id":45,"instances":1},{"id":46,"instances":1}]},{"name":"Mudbreaker","id":183,"guid":45808029,"type":"Pet","icon":"abilities/spell_shadow_animatedead","petOwner":169,"fights":[{"id":1,"instances":1},{"id":2,"instances":1},{"id":3,"instances":1},{"id":4,"instances":1},{"id":5,"instances":1},{"id":7,"instances":1},{"id":8,"instances":1},{"id":9,"instances":1},{"id":11,"instances":1},{"id":12,"instances":1},{"id":13,"instances":1},{"id":14,"instances":1},{"id":15,"instances":1},{"id":16,"instances":1},{"id":17,"instances":1},{"id":18,"instances":1},{"id":19,"instances":1},{"id":20,"instances":1},{"id":21,"instances":1},{"id":28,"instances":1},{"id":31,"instances":1},{"id":32,"instances":1},{"id":33,"instances":1}]},{"name":"Healing Tide Totem","id":594,"guid":59764,"type":"Pet","icon":"abilities/ability_shaman_healingtide","petOwner":179,"fights":[{"id":29,"instances":1},{"id":31,"instances":1},{"id":32,"instances":1},{"id":33,"instances":1},{"id":34,"instances":1},{"id":35,"instances":1},{"id":36,"instances":1},{"id":38,"instances":1},{"id":39,"instances":1},{"id":40,"instances":1},{"id":41,"instances":1},{"id":42,"instances":1},{"id":43,"instances":1},{"id":44,"instances":1},{"id":45,"instances":1},{"id":46,"instances":1}]},{"name":"Hologram","id":606,"guid":176474,"type":"Pet","icon":"custom-icon-inv_trinket_80_titan02a","petOwner":602,"fights":[{"id":36,"instances":1}]},{"name":"Demonic Gateway","id":264,"guid":59271,"type":"Pet","icon":"custom-icon-trade_engineering","petOwner":128,"fights":[{"id":6,"instances":1},{"id":19,"instances":1}]},{"name":"Earthbind Totem","id":313,"guid":2630,"type":"Pet","icon":"abilities/spell_nature_strengthofearthtotem02","petOwner":179,"fights":[{"id":9,"instances":1}]},{"name":"Demonic Gateway","id":223,"guid":59262,"type":"Pet","icon":"custom-icon-trade_engineering","petOwner":178,"fights":[{"id":13,"instances":1},{"id":19,"instances":2},{"id":35,"instances":1}]},{"name":"Void Lasher","id":245,"guid":175198,"type":"Pet","icon":"abilities/spell_shadow_skull","petOwner":174,"fights":[{"id":5,"instances":1}]},{"name":"Niuzao","id":199,"guid":73967,"type":"Pet","icon":"abilities/spell_monk_brewmaster_spec","petOwner":175,"fights":[{"id":1,"instances":1},{"id":3,"instances":1},{"id":5,"instances":1},{"id":7,"instances":2},{"id":8,"instances":1},{"id":9,"instances":2},{"id":11,"instances":1},{"id":13,"instances":2},{"id":14,"instances":2},{"id":15,"instances":1},{"id":16,"instances":1},{"id":17,"instances":2},{"id":18,"instances":3},{"id":19,"instances":2},{"id":21,"instances":1},{"id":27,"instances":1},{"id":29,"instances":1},{"id":31,"instances":1},{"id":32,"instances":1},{"id":33,"instances":1},{"id":34,"instances":1},{"id":35,"instances":1},{"id":36,"instances":1},{"id":37,"instances":1},{"id":38,"instances":1},{"id":39,"instances":1},{"id":40,"instances":1},{"id":41,"instances":1},{"id":42,"instances":1},{"id":43,"instances":1},{"id":44,"instances":2},{"id":45,"instances":1},{"id":46,"instances":1}]},{"name":"Magus of the Dead","id":218,"guid":163366,"type":"Pet","icon":"abilities/artifactability_unholydeathknight_deathsembrace","petOwner":169,"fights":[{"id":2,"instances":1},{"id":4,"instances":2},{"id":7,"instances":4},{"id":9,"instances":4},{"id":11,"instances":1},{"id":13,"instances":8},{"id":14,"instances":6},{"id":16,"instances":3},{"id":17,"instances":3},{"id":18,"instances":9},{"id":19,"instances":8},{"id":21,"instances":3},{"id":31,"instances":2},{"id":32,"instances":2},{"id":33,"instances":3}]},{"name":"Hologram","id":334,"guid":176474,"type":"Pet","icon":"custom-icon-inv_trinket_80_titan02a","petOwner":24,"fights":[{"id":13,"instances":1}]},{"name":"Mindbender","id":207,"guid":62982,"type":"Pet","icon":"abilities/spell_shadow_soulleech_3","petOwner":171,"fights":[{"id":1,"instances":1},{"id":2,"instances":1}]},{"name":"Magus of the Dead","id":189,"guid":163366,"type":"Pet","icon":"abilities/artifactability_unholydeathknight_deathsembrace","petOwner":167,"fights":[{"id":1,"instances":3},{"id":3,"instances":1},{"id":4,"instances":1},{"id":7,"instances":3},{"id":8,"instances":1},{"id":9,"instances":4},{"id":13,"instances":8},{"id":14,"instances":4},{"id":15,"instances":2},{"id":16,"instances":3},{"id":17,"instances":3},{"id":18,"instances":9},{"id":19,"instances":8},{"id":21,"instances":3},{"id":29,"instances":1},{"id":31,"instances":3},{"id":32,"instances":3},{"id":33,"instances":3},{"id":34,"instances":3},{"id":35,"instances":3},{"id":36,"instances":3},{"id":37,"instances":4},{"id":38,"instances":4},{"id":39,"instances":3},{"id":40,"instances":4},{"id":41,"instances":3},{"id":42,"instances":4},{"id":43,"instances":4},{"id":44,"instances":5},{"id":45,"instances":4},{"id":46,"instances":4}]},{"name":"Primal Fire Elemental","id":312,"guid":61029,"type":"Pet","icon":"abilities/spell_fire_elemental_totem","petOwner":179,"fights":[{"id":9,"instances":2},{"id":13,"instances":3},{"id":15,"instances":1},{"id":16,"instances":1},{"id":17,"instances":2},{"id":18,"instances":3},{"id":19,"instances":2},{"id":21,"instances":1}]},{"name":"Demonic Gateway","id":224,"guid":59271,"type":"Pet","icon":"custom-icon-trade_engineering","petOwner":178,"fights":[{"id":13,"instances":1},{"id":19,"instances":2},{"id":35,"instances":1}]},{"name":"Darkglare","id":243,"guid":103673,"type":"Pet","icon":"abilities/inv_beholderwarlock","petOwner":128,"fights":[{"id":5,"instances":1},{"id":7,"instances":1},{"id":9,"instances":1},{"id":13,"instances":2},{"id":14,"instances":2},{"id":15,"instances":1},{"id":16,"instances":1},{"id":17,"instances":1},{"id":18,"instances":2},{"id":19,"instances":3},{"id":21,"instances":1}]}],"enemyPets":[{"name":"Doomguard","id":262,"guid":11859,"type":"Pet","icon":"custom-icon-spell_shadow_shadowbolt","petOwner":178,"fights":[{"id":6,"instances":1}]}],"phases":[{"boss":2417,"phases":["General Kaal","Intermission One","General Grashaal","Intermission Two","Generals United"],"intermissions":[2,4]},{"boss":2405,"phases":["Crystal of Phantasms","Root of Extinction","Edge of Annihilation"]},{"boss":2407,"phases":["Stage One: Sinners Be Cleansed","Intermission: March of the Penitent","Stage Two: The Crimson Chorus","Stage Three: Indignation"],"intermissions":[2]},{"boss":2412,"phases":["Phase One","Phase Two","Phase Three"]}],"logVersion":16,"gameVersion":1,"title":"Castle 17.12.2020","owner":"Kreshhh","start":1608229031892,"end":1608242685124,"zone":26,"exportedCharacters":[{"id":46347656,"name":"Amnella","server":"Kazzak","region":"EU"},{"id":42846477,"name":"Amnilla","server":"Kazzak","region":"EU"},{"id":46701754,"name":"Bizzydk","server":"Kazzak","region":"EU"},{"id":39933073,"name":"Clownedy","server":"Kazzak","region":"EU"},{"id":31731805,"name":"Cyviiah","server":"Kazzak","region":"EU"},{"id":54805816,"name":"Drdisconnect","server":"Kazzak","region":"EU"},{"id":45278821,"name":"Getflashed","server":"Kazzak","region":"EU"},{"id":54929709,"name":"Grandedead","server":"Kazzak","region":"EU"},{"id":36523863,"name":"Hilderull","server":"Kazzak","region":"EU"},{"id":52501351,"name":"Jeppepriest","server":"Kazzak","region":"EU"},{"id":38080052,"name":"Jhones","server":"Kazzak","region":"EU"},{"id":25648990,"name":"Julebae","server":"Kazzak","region":"EU"},{"id":51262336,"name":"Kjottmeis","server":"Kazzak","region":"EU"},{"id":35469234,"name":"Kreshh","server":"Kazzak","region":"EU"},{"id":49458043,"name":"Kês","server":"Kazzak","region":"EU"},{"id":45059077,"name":"Larocsham","server":"Kazzak","region":"EU"},{"id":39927614,"name":"Mentaltsterk","server":"Kazzak","region":"EU"},{"id":39648739,"name":"Mirgan","server":"Kazzak","region":"EU"},{"id":31381007,"name":"Moehunter","server":"Kazzak","region":"EU"},{"id":39630584,"name":"Naeliá","server":"Kazzak","region":"EU"},{"id":45056352,"name":"Nalapriest","server":"Kazzak","region":"EU"},{"id":44762259,"name":"Nilshaman","server":"Kazzak","region":"EU"},{"id":40570246,"name":"Piopriest","server":"Kazzak","region":"EU"},{"id":41106020,"name":"Ratterud","server":"Kazzak","region":"EU"},{"id":39919468,"name":"Runeski","server":"Kazzak","region":"EU"},{"id":34508642,"name":"Saaíin","server":"Kazzak","region":"EU"},{"id":49940291,"name":"Seanzero","server":"Kazzak","region":"EU"},{"id":24574586,"name":"Skyggegredne","server":"Kazzak","region":"EU"},{"id":46112645,"name":"Xdbaer","server":"Kazzak","region":"EU"},{"id":40293039,"name":"Xdgrill","server":"Kazzak","region":"EU"},{"id":39948418,"name":"Zylwa","server":"Kazzak","region":"EU"}]}