{"fights":[{"id":1,"start_time":62347,"end_time":405995,"boss":0,"name":"Jesh'ra"},{"id":2,"start_time":441936,"end_time":447330,"boss":0,"originalBoss":2328,"name":"Dunkle Inquisitorin Xanesh"},{"id":3,"start_time":503042,"end_time":693701,"boss":2328,"name":"Dark Inquisitor Xanesh","size":22,"difficulty":4,"kill":true,"partial":3,"bossPercentage":0,"fightPercentage":0,"lastPhaseForPercentageDisplay":0,"maps":[1592]},{"id":4,"start_time":837937,"end_time":915842,"boss":0,"name":"Vexiona"},{"id":5,"start_time":951780,"end_time":966341,"boss":0,"originalBoss":2336,"name":"Vexiona"},{"id":6,"start_time":1268136,"end_time":1470065,"boss":2336,"name":"Vexiona","size":24,"difficulty":4,"kill":true,"partial":3,"bossPercentage":0,"fightPercentage":0,"lastPhaseForPercentageDisplay":1,"maps":[1593]},{"id":7,"start_time":1504478,"end_time":1669266,"boss":0,"name":"Deresh of the Nothingness"},{"id":8,"start_time":1702031,"end_time":1707546,"boss":0,"originalBoss":2333,"name":"Das Schwarmbewusstsein"},{"id":9,"start_time":1827866,"end_time":1986944,"boss":2333,"name":"The Hivemind","size":24,"difficulty":4,"kill":true,"partial":3,"bossPercentage":0,"fightPercentage":0,"lastPhaseForPercentageDisplay":0,"maps":[1590]},{"id":10,"start_time":2007971,"end_time":2007986,"boss":0,"name":"Engorged Maggot"},{"id":11,"start_time":2026570,"end_time":2063634,"boss":0,"name":"Abyssal Watcher"},{"id":12,"start_time":2073972,"end_time":2178483,"boss":0,"name":"Abyssal Watcher"},{"id":13,"start_time":2228280,"end_time":2257902,"boss":0,"name":"Abyssal Watcher"},{"id":14,"start_time":2588137,"end_time":2804650,"boss":2331,"name":"Ra-den the Despoiled","size":25,"difficulty":4,"kill":true,"partial":3,"bossPercentage":0,"fightPercentage":0,"lastPhaseForPercentageDisplay":2,"maps":[1591]},{"id":15,"start_time":3052791,"end_time":3356674,"boss":0,"name":"Eye of the Depths"},{"id":16,"start_time":3431381,"end_time":3436282,"boss":0,"originalBoss":2335,"name":"Shad'har der Unersättliche"},{"id":17,"start_time":3468905,"end_time":3639617,"boss":2335,"name":"Shad'har the Insatiable","size":24,"difficulty":4,"kill":true,"partial":3,"bossPercentage":0,"fightPercentage":0,"lastPhaseForPercentageDisplay":3,"maps":[1594]},{"id":18,"start_time":4474875,"end_time":4717661,"boss":2343,"name":"Drest'agath","size":24,"difficulty":4,"kill":true,"partial":3,"bossPercentage":0,"fightPercentage":0,"lastPhaseForPercentageDisplay":0,"maps":[1595]},{"id":19,"start_time":4746560,"end_time":4789371,"boss":0,"name":"Corrosive Digester"},{"id":20,"start_time":4838878,"end_time":5110240,"boss":2345,"name":"Il'gynoth, Corruption Reborn","size":24,"difficulty":4,"kill":true,"partial":3,"bossPercentage":73,"fightPercentage":73,"lastPhaseForPercentageDisplay":0,"maps":[1596]},{"id":21,"start_time":5130803,"end_time":5184326,"boss":0,"name":"Monstrous Behemoth"},{"id":22,"start_time":5204827,"end_time":5225115,"boss":0,"name":"Umbral Seer"},{"id":23,"start_time":5270597,"end_time":5371295,"boss":0,"name":"Monstrous Behemoth"},{"id":24,"start_time":5407109,"end_time":5463034,"boss":0,"name":"Amalgamation of Flesh"},{"id":25,"start_time":5474614,"end_time":5513513,"boss":0,"name":"Amalgamation of Flesh"},{"id":26,"start_time":5719616,"end_time":6080666,"boss":2337,"name":"Carapace of N'Zoth","size":23,"difficulty":4,"kill":true,"partial":3,"bossPercentage":0,"fightPercentage":0,"lastPhaseForPercentageDisplay":3,"maps":[1597]},{"id":27,"start_time":6635417,"end_time":7185806,"boss":2344,"name":"N'Zoth the Corruptor","size":23,"difficulty":4,"kill":true,"partial":3,"bossPercentage":207,"fightPercentage":207,"lastPhaseForPercentageDisplay":2,"maps":[1597]},{"id":28,"start_time":7189122,"end_time":7191193,"boss":0,"name":"N'Zoth the Corruptor"}],"completeRaids":[],"lang":"de","friendlies":[{"name":"Gòrdón","id":210,"guid":135762652,"type":"Warrior","server":"Thrall","icon":"Warrior-Protection","fights":[{"id":27},{"id":28}]},{"name":"Börny","id":22,"guid":128480370,"type":"DeathKnight","server":"Thrall","icon":"DeathKnight-Unholy","fights":[{"id":1},{"id":2},{"id":3},{"id":4},{"id":5},{"id":6},{"id":7},{"id":8},{"id":9},{"id":11},{"id":12},{"id":13},{"id":14},{"id":15},{"id":16},{"id":17},{"id":18},{"id":19},{"id":20},{"id":21},{"id":22},{"id":23},{"id":24},{"id":25},{"id":26},{"id":27}]},{"name":"Rashani","id":2,"guid":133318162,"type":"Priest","server":"Thrall","icon":"Priest-Holy","fights":[{"id":1},{"id":2},{"id":3},{"id":4},{"id":5},{"id":6},{"id":7},{"id":8},{"id":9},{"id":10},{"id":11},{"id":12},{"id":13},{"id":14},{"id":15},{"id":16},{"id":17},{"id":18},{"id":19},{"id":20},{"id":21},{"id":22},{"id":23},{"id":24},{"id":25},{"id":26},{"id":27},{"id":28}]},{"name":"Wrathion","id":200,"guid":160177,"type":"NPC","icon":"custom-icon-spell_fire_sealoffire","fights":[{"id":26,"instances":1,"groups":5}]},{"name":"Weskâyn","id":10,"guid":136859921,"type":"Monk","server":"Thrall","icon":"Monk-Brewmaster","fights":[{"id":1},{"id":2},{"id":3},{"id":4},{"id":5},{"id":6},{"id":7},{"id":8},{"id":9},{"id":10},{"id":11},{"id":12},{"id":13},{"id":14},{"id":15},{"id":16},{"id":17},{"id":18},{"id":19},{"id":20},{"id":21},{"id":22},{"id":23},{"id":24},{"id":25},{"id":26},{"id":27},{"id":28}]},{"name":"Miraculina","id":3,"guid":148555075,"type":"Warlock","server":"Thrall","icon":"Warlock-Destruction","fights":[{"id":1},{"id":2},{"id":3},{"id":4},{"id":5},{"id":6},{"id":7},{"id":8},{"id":9},{"id":11},{"id":12},{"id":13},{"id":14},{"id":15},{"id":16},{"id":17},{"id":18},{"id":19},{"id":20},{"id":21},{"id":22},{"id":23},{"id":24},{"id":25},{"id":26},{"id":27},{"id":28}]},{"name":"Baelòr","id":15,"guid":147198484,"type":"Hunter","server":"Thrall","icon":"Hunter-BeastMastery","fights":[{"id":1},{"id":2},{"id":3},{"id":4},{"id":5},{"id":6},{"id":7},{"id":8},{"id":9},{"id":10},{"id":11},{"id":12},{"id":13},{"id":14},{"id":15},{"id":16},{"id":17},{"id":18},{"id":19},{"id":20},{"id":21},{"id":22},{"id":23},{"id":24},{"id":25},{"id":26}]},{"name":"Jibei","id":118,"guid":79817178,"type":"Hunter","server":"Thrall","icon":"Hunter-Survival","fights":[{"id":6},{"id":7},{"id":8},{"id":9},{"id":11},{"id":15},{"id":16},{"id":17},{"id":18},{"id":19},{"id":20},{"id":21},{"id":22},{"id":23},{"id":24},{"id":25},{"id":26},{"id":27},{"id":28}]},{"name":"Prowladin","id":18,"guid":139807428,"type":"Druid","server":"Thrall","icon":"Druid-Balance","fights":[{"id":1},{"id":2},{"id":3},{"id":4},{"id":5},{"id":6},{"id":7},{"id":8},{"id":9},{"id":11},{"id":12},{"id":13},{"id":14},{"id":15},{"id":16},{"id":17},{"id":18},{"id":19},{"id":20},{"id":21},{"id":22},{"id":23},{"id":24},{"id":25},{"id":26},{"id":27},{"id":28}]},{"name":"Wintergarten","id":6,"guid":139593773,"type":"DeathKnight","server":"Thrall","icon":"DeathKnight-Unholy","fights":[{"id":2},{"id":3},{"id":4},{"id":5},{"id":6},{"id":7},{"id":8},{"id":9},{"id":11},{"id":12},{"id":13},{"id":14},{"id":15},{"id":16},{"id":17},{"id":18},{"id":20},{"id":26},{"id":27},{"id":28}]},{"name":"Ørganik","id":158,"guid":134276984,"type":"DemonHunter","server":"Thrall","icon":"DemonHunter-Havoc","fights":[{"id":14}]},{"name":"Ekiya","id":1,"guid":145558010,"type":"Shaman","server":"Thrall","icon":"Shaman-Restoration","fights":[{"id":1},{"id":2},{"id":3},{"id":4},{"id":5},{"id":6},{"id":7},{"id":8},{"id":9},{"id":11},{"id":12},{"id":13},{"id":14},{"id":15},{"id":16},{"id":17},{"id":18},{"id":19},{"id":20},{"id":21},{"id":22},{"id":23},{"id":24},{"id":25},{"id":26},{"id":27},{"id":28}]},{"name":"Vulpera","id":119,"guid":147780960,"type":"Hunter","server":"Thrall","icon":"Hunter-Marksmanship","fights":[{"id":6},{"id":7},{"id":8},{"id":9},{"id":11},{"id":12},{"id":13},{"id":14},{"id":15},{"id":16},{"id":17},{"id":18},{"id":19},{"id":20},{"id":21},{"id":22},{"id":23},{"id":24},{"id":25},{"id":26},{"id":27}]},{"name":"Faanis","id":8,"guid":135366288,"type":"Warlock","server":"Thrall","icon":"Warlock-Demonology","fights":[{"id":1},{"id":2},{"id":3},{"id":4},{"id":5},{"id":6},{"id":7},{"id":8},{"id":9},{"id":10},{"id":11},{"id":12},{"id":13},{"id":15},{"id":16},{"id":17},{"id":18},{"id":19},{"id":20},{"id":21},{"id":22},{"id":23},{"id":24},{"id":25},{"id":26},{"id":27},{"id":28}]},{"name":"Kyalar","id":152,"guid":144625372,"type":"Rogue","server":"Thrall","icon":"Rogue-Assassination","fights":[{"id":13},{"id":14}]},{"name":"Nudozzy","id":7,"guid":144390216,"type":"Druid","server":"Thrall","icon":"Druid-Balance","fights":[{"id":1},{"id":2},{"id":3},{"id":4},{"id":5},{"id":6},{"id":7},{"id":8},{"id":9},{"id":10},{"id":11},{"id":12},{"id":13},{"id":14},{"id":15},{"id":16},{"id":17},{"id":18},{"id":19},{"id":20},{"id":21},{"id":22},{"id":23},{"id":24},{"id":25},{"id":26},{"id":27},{"id":28}]},{"name":"Iqônic","id":24,"guid":146110979,"type":"Hunter","server":"Thrall","icon":"Hunter-BeastMastery","fights":[{"id":1},{"id":2},{"id":3},{"id":4},{"id":5},{"id":6},{"id":8},{"id":9},{"id":10},{"id":11},{"id":12},{"id":13},{"id":14},{"id":15},{"id":16},{"id":17},{"id":18},{"id":19},{"id":20},{"id":21},{"id":22},{"id":23},{"id":24},{"id":25},{"id":26},{"id":27}]},{"name":"Zavannah","id":11,"guid":146033079,"type":"Hunter","server":"Thrall","icon":"Hunter-BeastMastery","fights":[{"id":1},{"id":2},{"id":3},{"id":4},{"id":5},{"id":6},{"id":7},{"id":8},{"id":9},{"id":11},{"id":12},{"id":13},{"id":14},{"id":15},{"id":16},{"id":17},{"id":18},{"id":19},{"id":20},{"id":21},{"id":22},{"id":23},{"id":24},{"id":25},{"id":26},{"id":27},{"id":28}]},{"name":"Nykala","id":154,"guid":133052660,"type":"Rogue","server":"Thrall","icon":"Rogue-Outlaw","fights":[{"id":14}]},{"name":"Flokkz","id":12,"guid":148402223,"type":"Shaman","server":"Thrall","icon":"Shaman-Enhancement","fights":[{"id":1},{"id":2},{"id":3},{"id":4},{"id":5},{"id":6},{"id":7},{"id":8},{"id":9},{"id":11},{"id":12},{"id":13},{"id":14},{"id":15},{"id":16},{"id":17},{"id":18},{"id":19},{"id":20},{"id":21},{"id":22},{"id":23},{"id":24},{"id":25},{"id":26},{"id":27},{"id":28}]},{"name":"Steinschleud","id":155,"guid":147574088,"type":"Hunter","server":"Thrall","icon":"Hunter-BeastMastery","fights":[{"id":14},{"id":15}]},{"name":"Gørdon","id":9,"guid":135465092,"type":"DeathKnight","server":"Thrall","icon":"DeathKnight-Blood","fights":[{"id":1},{"id":2},{"id":3},{"id":4},{"id":5},{"id":6},{"id":7},{"id":8},{"id":9},{"id":10},{"id":11},{"id":12},{"id":13},{"id":15},{"id":16},{"id":17},{"id":18},{"id":19},{"id":20},{"id":21},{"id":22},{"id":23},{"id":24},{"id":25},{"id":26}]},{"name":"Sundaybacon","id":16,"guid":140350645,"type":"Shaman","server":"Thrall","icon":"Shaman-Elemental","fights":[{"id":1},{"id":2},{"id":3},{"id":4},{"id":5},{"id":6},{"id":7},{"id":11},{"id":12},{"id":13},{"id":14},{"id":15},{"id":16},{"id":17},{"id":18},{"id":19},{"id":20},{"id":21},{"id":22},{"id":23},{"id":24},{"id":25},{"id":26},{"id":27},{"id":28}]},{"name":"Itsmagiic","id":19,"guid":86810369,"type":"Mage","server":"Thrall","icon":"Mage-Frost","fights":[{"id":1},{"id":2},{"id":3},{"id":4},{"id":5},{"id":6},{"id":7},{"id":8},{"id":9},{"id":11},{"id":12},{"id":13},{"id":14},{"id":15},{"id":16},{"id":17},{"id":18},{"id":19},{"id":20},{"id":21},{"id":22},{"id":23},{"id":24},{"id":25},{"id":26},{"id":27}]},{"name":"Nórné","id":17,"guid":123498171,"type":"DemonHunter","server":"Thrall","icon":"DemonHunter-Havoc","fights":[{"id":1},{"id":2},{"id":3},{"id":4},{"id":5},{"id":6},{"id":7},{"id":8},{"id":9},{"id":11},{"id":12},{"id":13},{"id":14},{"id":15},{"id":16},{"id":17},{"id":18},{"id":19},{"id":20},{"id":21},{"id":22},{"id":23},{"id":24},{"id":25},{"id":26},{"id":27},{"id":28}]},{"name":"Shiína","id":14,"guid":148610666,"type":"DemonHunter","server":"Thrall","icon":"DemonHunter-Havoc","fights":[{"id":1},{"id":2},{"id":3},{"id":4},{"id":5},{"id":6},{"id":7},{"id":8},{"id":9},{"id":10},{"id":11},{"id":12},{"id":13},{"id":14},{"id":15},{"id":16},{"id":17},{"id":18},{"id":19},{"id":20},{"id":21},{"id":22},{"id":23},{"id":24},{"id":25},{"id":26},{"id":27}]},{"name":"Nirâga","id":156,"guid":123452618,"type":"DemonHunter","server":"Thrall","icon":"DemonHunter-Vengeance","fights":[{"id":14}]},{"name":"Brewtruck","id":23,"guid":146564639,"type":"Monk","server":"Thrall","icon":"Monk-Windwalker","fights":[{"id":1},{"id":2},{"id":3},{"id":4},{"id":5},{"id":6},{"id":7},{"id":8},{"id":9},{"id":10},{"id":11},{"id":15},{"id":16},{"id":17},{"id":18},{"id":20}]},{"name":"Vîdár","id":21,"guid":127159842,"type":"DeathKnight","server":"Thrall","icon":"DeathKnight-Frost","fights":[{"id":1},{"id":2},{"id":3},{"id":4},{"id":5},{"id":6},{"id":7},{"id":8},{"id":9},{"id":11},{"id":12},{"id":13},{"id":14},{"id":15},{"id":16},{"id":17},{"id":18},{"id":19},{"id":20},{"id":21},{"id":22},{"id":23},{"id":24},{"id":25},{"id":26},{"id":27},{"id":28}]},{"name":"Xeonidas","id":5,"guid":147374263,"type":"Priest","server":"Thrall","icon":"Priest-Shadow","fights":[{"id":1},{"id":2},{"id":3},{"id":4},{"id":5},{"id":6},{"id":7},{"id":8},{"id":9},{"id":10},{"id":11},{"id":12},{"id":13},{"id":14},{"id":15},{"id":16},{"id":17},{"id":18},{"id":19},{"id":20},{"id":21},{"id":22},{"id":23},{"id":24},{"id":25},{"id":26},{"id":27},{"id":28}]},{"name":"Néthery","id":138,"guid":140732203,"type":"Warlock","server":"Thrall","icon":"Warlock-Destruction","fights":[{"id":9},{"id":10}]},{"name":"Logray","id":209,"guid":142832164,"type":"Mage","server":"Thrall","icon":"Mage-Fire","fights":[{"id":27},{"id":28}]},{"name":"Frozenhéart","id":4,"guid":147747987,"type":"Mage","server":"Thrall","icon":"Mage-Frost","fights":[{"id":1},{"id":2},{"id":3},{"id":4},{"id":5},{"id":6},{"id":7},{"id":8},{"id":9},{"id":10},{"id":11},{"id":12},{"id":13},{"id":14},{"id":15},{"id":16},{"id":17},{"id":18},{"id":19},{"id":20},{"id":21},{"id":22},{"id":23},{"id":24},{"id":25},{"id":26},{"id":27},{"id":28}]}],"enemies":[{"name":"Basher Tentacle","id":223,"guid":158367,"type":"NPC","icon":"custom-icon-spell_priest_voidtendrils","fights":[{"id":27,"instances":8,"groups":6}]},{"name":"Tek'ris","id":135,"guid":157254,"type":"Boss","icon":"custom-icon-ability_priest_voidentropy","fights":[{"id":8,"instances":1},{"id":9,"instances":1}]},{"name":"Aqir Darter","id":146,"guid":157256,"type":"NPC","icon":"custom-icon-ability_vehicle_sonicshockwave","fights":[{"id":9,"instances":3,"groups":1}]},{"name":"Aqir Drone","id":143,"guid":157255,"type":"NPC","icon":"custom-icon-ability_fixated_state_red","fights":[{"id":9,"instances":20,"groups":2}]},{"name":"Occult Shadowmender","id":33,"guid":159425,"type":"NPC","icon":"custom-icon-spell_shadow_painspike","fights":[{"id":1,"instances":5,"groups":4},{"id":23,"instances":2,"groups":2}]},{"name":"Jesh'ra","id":69,"guid":159764,"type":"NPC","icon":"custom-icon-ability_rogue_envelopingshadows","fights":[{"id":1,"instances":1}]},{"name":"Ka'zir","id":136,"guid":157253,"type":"Boss","icon":"custom-icon-ability_pet_baneling","fights":[{"id":8,"instances":1},{"id":9,"instances":1}]},{"name":"Spellbound Ritualist","id":127,"guid":157450,"type":"NPC","icon":"custom-icon-spell_shadow_shadowbolt","fights":[{"id":6,"instances":2}]},{"name":"Abyssal Watcher","id":150,"guid":161173,"type":"NPC","icon":"custom-icon-spell_fire_twilightflamestrike","fights":[{"id":11,"instances":1,"groups":1},{"id":12,"instances":4,"groups":1},{"id":13,"instances":1,"groups":1}]},{"name":"Amalgamation of Flesh","id":197,"guid":163841,"type":"NPC","icon":"custom-icon-inv_enchant_voidsphere","fights":[{"id":24,"instances":23,"groups":1},{"id":25,"instances":24,"groups":1}]},{"name":"Eye of Drest'agath","id":185,"guid":157612,"type":"NPC","icon":"custom-icon-spell_shadow_siphonmana","fights":[{"id":18,"instances":6,"groups":3}]},{"name":"Dark Ritualist","id":84,"guid":161286,"type":"NPC","icon":"custom-icon-spell_priest_divinestar_shadow2","fights":[{"id":1,"instances":2,"groups":1}]},{"name":"Crackling Stalker","id":168,"guid":157365,"type":"NPC","icon":"custom-icon-spell_lightning_lightningbolt01","fights":[{"id":14,"instances":2}]},{"name":"Vexiona","id":104,"guid":157354,"type":"Boss","icon":"custom-icon-ability_priest_voidentropy","fights":[{"id":4,"instances":1,"groups":2},{"id":5,"instances":1,"groups":1},{"id":6,"instances":1,"groups":1}]},{"name":"Engorged Maggot","id":148,"guid":161833,"type":"NPC","icon":"NPC","fights":[{"id":10,"instances":2,"groups":1},{"id":11,"instances":5,"groups":1},{"id":15,"instances":24,"groups":3},{"id":21,"instances":1,"groups":1}]},{"name":"Void Initiate","id":36,"guid":160182,"type":"NPC","icon":"custom-icon-ability_ironmaidens_convulsiveshadows","fights":[{"id":1,"instances":12,"groups":3},{"id":22,"instances":2,"groups":1},{"id":23,"instances":2,"groups":2}]},{"name":"Thought Harvester","id":229,"guid":162933,"type":"NPC","icon":"custom-icon-spell_shadow_brainwash","fights":[{"id":27,"instances":2}]},{"name":"Tentacle of Drest'agath","id":187,"guid":157614,"type":"NPC","icon":"custom-icon-ability_earthen_pillar","fights":[{"id":18,"instances":4}]},{"name":"Monstrous Behemoth","id":41,"guid":159303,"type":"NPC","icon":"custom-icon-ability_warlock_everlastingaffliction","fights":[{"id":1,"instances":4},{"id":21,"instances":1},{"id":23,"instances":1}]},{"name":"Mind's Eye","id":216,"guid":158122,"type":"NPC","icon":"custom-icon-inv_eyeofnzothpet","fights":[{"id":27,"instances":1,"groups":2}]},{"name":"N'Zoth the Corruptor","id":219,"guid":162480,"type":"NPC","icon":"custom-icon-spell_priest_void-blast","fights":[{"id":27,"instances":1,"groups":6}]},{"name":"Drest'agath","id":183,"guid":157602,"type":"Boss","icon":"custom-icon-spell_shaman_earthquake","fights":[{"id":18,"instances":1}]},{"name":"Fanatical Cultist","id":101,"guid":162715,"type":"NPC","icon":"NPC","fights":[{"id":4,"instances":21,"groups":2}]},{"name":"Void Portal","id":162,"guid":161945,"type":"NPC","icon":"custom-icon-trade_engineering","fights":[{"id":14,"instances":1}]},{"name":"Queen Azshara","id":90,"guid":156579,"type":"NPC","icon":"custom-icon-ability_warlock_eradication","fights":[{"id":2,"instances":1},{"id":3,"instances":1}]},{"name":"Sylvanas Windrunner","id":228,"guid":160671,"type":"NPC","icon":"custom-icon-ability_theblackarrow","fights":[{"id":27,"instances":1,"groups":3}]},{"name":"Coagulated Monstrosity","id":177,"guid":161836,"type":"NPC","icon":"NPC","fights":[{"id":15,"instances":6,"groups":2}]},{"name":"Flayed Soul","id":98,"guid":157005,"type":"NPC","icon":"custom-icon-ability_demonhunter_soulcleave2","fights":[{"id":3,"instances":39,"groups":3}]},{"name":"Chittering Waspling","id":149,"guid":161837,"type":"NPC","icon":"NPC","fights":[{"id":11,"instances":6,"groups":1}]},{"name":"Umbral Gatekeeper","id":35,"guid":163708,"type":"NPC","icon":"custom-icon-spell_priest_void-blast","fights":[{"id":1,"instances":2,"groups":1}]},{"name":"Cursed Blood","id":193,"guid":159720,"type":"NPC","icon":"custom-icon-spell_deathknight_bloodtap","fights":[{"id":20,"instances":3}]},{"name":"Deathwing","id":227,"guid":160665,"type":"NPC","icon":"custom-icon-spell_fire_felflamering_red","fights":[{"id":27,"instances":1,"groups":4}]},{"name":"Crushing Tendril","id":174,"guid":161312,"type":"NPC","icon":"custom-icon-achievement_boss_yoggsaron_01","fights":[{"id":15,"instances":6,"groups":3}]},{"name":"Leeching Parasite","id":172,"guid":159309,"type":"NPC","icon":"custom-icon-trade_engineering","fights":[{"id":15,"instances":6,"groups":3},{"id":21,"instances":3,"groups":1}]},{"name":"Essence of Void","id":167,"guid":156980,"type":"NPC","icon":"custom-icon-inv_enchant_voidsphere","fights":[{"id":14,"instances":3,"groups":6}]},{"name":"Organ of Corruption","id":192,"guid":158343,"type":"Boss","icon":"custom-icon-inv_misc_organ_06","fights":[{"id":20,"instances":6,"groups":2}]},{"name":"Blood of Ny'alotha","id":194,"guid":159514,"type":"NPC","icon":"custom-icon-ability_warrior_bloodnova","fights":[{"id":20,"instances":20,"groups":1}]},{"name":"N'Zoth the Corruptor","id":213,"guid":158041,"type":"Boss","icon":"custom-icon-spell_shadow_painandsuffering","fights":[{"id":27,"instances":1,"groups":2},{"id":28,"instances":1,"groups":1}]},{"name":"Dark Inquisitor Xanesh","id":64,"guid":156575,"type":"Boss","icon":"custom-icon-inv_gauntlets_09","fights":[{"id":2,"instances":1},{"id":3,"instances":1}]},{"name":"Void Hunter","id":169,"guid":157366,"type":"NPC","icon":"custom-icon-ability_warlock_shadowfurytga","fights":[{"id":14,"instances":1}]},{"name":"Void Ascendant","id":106,"guid":157467,"type":"NPC","icon":"custom-icon-spell_priest_voidsear","fights":[{"id":4,"instances":1},{"id":5,"instances":1},{"id":6,"instances":2}]},{"name":"Void Horror","id":175,"guid":161335,"type":"NPC","icon":"custom-icon-spell_shadow_siphonmana","fights":[{"id":15,"instances":7,"groups":3}]},{"name":"Spellbound Ritualist","id":66,"guid":162716,"type":"NPC","icon":"custom-icon-spell_shadow_shadowbolt","fights":[{"id":4,"instances":5,"groups":2}]},{"name":"Spiked Tentacle","id":32,"guid":159416,"type":"NPC","icon":"custom-icon-achievement_boss_yoggsaron_01","fights":[{"id":21,"instances":3,"groups":1}]},{"name":"Umbral Seer","id":81,"guid":159219,"type":"NPC","icon":"custom-icon-spell_shadow_painspike","fights":[{"id":1,"instances":2,"groups":1},{"id":21,"instances":1,"groups":1},{"id":22,"instances":1,"groups":1},{"id":23,"instances":3,"groups":1}]},{"name":"Corrupted Neuron","id":221,"guid":162331,"type":"NPC","icon":"NPC","fights":[{"id":27,"instances":34,"groups":2}]},{"name":"Mycelial Cyst","id":206,"guid":157461,"type":"NPC","icon":"custom-icon-ability_druid_ironfur","fights":[{"id":26,"instances":32,"groups":1}]},{"name":"Corrosive Digester","id":67,"guid":162828,"type":"NPC","icon":"custom-icon-inv_misc_food_legion_gooslime_multi","fights":[{"id":15,"instances":9,"groups":3},{"id":19,"instances":4,"groups":1}]},{"name":"Aqir Swarmkeeper","id":79,"guid":162303,"type":"NPC","icon":"custom-icon-inv_inscription_pigment_bug07","fights":[{"id":1,"instances":1},{"id":7,"instances":1}]},{"name":"Deresh of the Nothingness","id":132,"guid":159768,"type":"NPC","icon":"custom-icon-spell_priest_voidtendrils","fights":[{"id":7,"instances":1}]},{"name":"Exposed Synapse","id":214,"guid":159578,"type":"NPC","icon":"custom-icon-spell_nature_focusedmind","fights":[{"id":27,"instances":60,"groups":5}]},{"name":"Shad'har the Insatiable","id":178,"guid":157231,"type":"Boss","icon":"custom-icon-ability_warlock_everlastingaffliction","fights":[{"id":16,"instances":1},{"id":17,"instances":1}]},{"name":"Zealous Adherent","id":76,"guid":159308,"type":"NPC","icon":"custom-icon-ability_ironmaidens_convulsiveshadows","fights":[{"id":1,"instances":6,"groups":3},{"id":12,"instances":9,"groups":2},{"id":13,"instances":4,"groups":1},{"id":23,"instances":3,"groups":2}]},{"name":"Il'gynoth","id":191,"guid":158328,"type":"Boss","icon":"custom-icon-inv_eyeofnzothpet","fights":[{"id":20,"instances":1}]},{"name":"Horrific Hemorrhage","id":202,"guid":157486,"type":"NPC","icon":"custom-icon-ability_druid_ironfur","fights":[{"id":26,"instances":12,"groups":2}]},{"name":"Gnashing Terror","id":176,"guid":161334,"type":"NPC","icon":"custom-icon-ability_creature_poison_02","fights":[{"id":15,"instances":5,"groups":3}]},{"name":"Acidic Aqir","id":145,"guid":159173,"type":"NPC","icon":"custom-icon-ability_creature_poison_06","fights":[{"id":9,"instances":2}]},{"name":"Gibbering Ooze","id":173,"guid":161835,"type":"NPC","icon":"NPC","fights":[{"id":15,"instances":16,"groups":6}]},{"name":"Corruptor Tentacle","id":224,"guid":158375,"type":"NPC","icon":"custom-icon-spell_shadow_skull","fights":[{"id":27,"instances":11,"groups":5}]},{"name":"Sinister Soulcarver","id":103,"guid":162717,"type":"NPC","icon":"custom-icon-ability_theblackarrow","fights":[{"id":4,"instances":4,"groups":2}]},{"name":"Mindgate","id":226,"guid":158374,"type":"NPC","icon":"custom-icon-ability_kaztik_dominatemind","fights":[{"id":27,"instances":2}]},{"name":"Aqir Crusher","id":133,"guid":161218,"type":"NPC","icon":"custom-icon-inv_misc_volatileearth","fights":[{"id":7,"instances":2,"groups":1},{"id":11,"instances":1,"groups":1}]},{"name":"Acidic Aqir","id":144,"guid":161019,"type":"NPC","icon":"custom-icon-ability_creature_poison_06","fights":[{"id":9,"instances":8,"groups":2}]},{"name":"Ra-den","id":153,"guid":156866,"type":"Boss","icon":"custom-icon-ability_deathwing_bloodcorruption_death","fights":[{"id":14,"instances":1}]},{"name":"Dying Voidspawn","id":50,"guid":163712,"type":"NPC","icon":"custom-icon-ability_fixated_state_red","fights":[{"id":1,"instances":13,"groups":1}]},{"name":"Essence of Vita","id":165,"guid":156884,"type":"NPC","icon":"custom-icon-ability_thunderking_lightningwhip","fights":[{"id":14,"instances":3,"groups":4}]},{"name":"Spike Tentacle","id":225,"guid":160249,"type":"NPC","icon":"custom-icon-spell_shadow_painspike","fights":[{"id":27,"instances":18,"groups":5}]},{"name":"Aqir Venomweaver","id":134,"guid":161229,"type":"NPC","icon":"custom-icon-ability_creature_poison_06","fights":[{"id":7,"instances":2,"groups":1}]},{"name":"Demented Knife-Twister","id":70,"guid":159417,"type":"NPC","icon":"custom-icon-ability_rogue_shadowyduel","fights":[{"id":1,"instances":6,"groups":3},{"id":23,"instances":2,"groups":2}]},{"name":"Thrashing Tentacle","id":208,"guid":162159,"type":"NPC","icon":"custom-icon-ability_golemthunderclap","fights":[{"id":26,"instances":3,"groups":2}]},{"name":"Synthesis Growth","id":205,"guid":157475,"type":"NPC","icon":"custom-icon-spell_necro_necroticsmash","fights":[{"id":26,"instances":16,"groups":2}]},{"name":"Vita Portal","id":161,"guid":161943,"type":"NPC","icon":"custom-icon-trade_engineering","fights":[{"id":14,"instances":1}]},{"name":"Maddened Conscript","id":34,"guid":159305,"type":"NPC","icon":"custom-icon-ability_racial_bloodrage","fights":[{"id":1,"instances":8,"groups":4},{"id":23,"instances":2,"groups":2}]},{"name":"Aqir Heartpiercer","id":130,"guid":162305,"type":"NPC","icon":"custom-icon-inv_misc_organ_01","fights":[{"id":7,"instances":4,"groups":1}]},{"name":"Aqir Drone","id":131,"guid":162306,"type":"NPC","icon":"NPC","fights":[{"id":7,"instances":10,"groups":2}]},{"name":"Living Blood","id":171,"guid":159312,"type":"NPC","icon":"custom-icon-ability_deathwing_bloodcorruption_earth","fights":[{"id":15,"instances":29,"groups":4},{"id":21,"instances":3,"groups":1}]},{"name":"Fury of N'Zoth","id":199,"guid":157439,"type":"Boss","icon":"custom-icon-spell_priest_void-blast","fights":[{"id":26,"instances":1}]},{"name":"Maw of Drest'agath","id":188,"guid":157613,"type":"NPC","icon":"custom-icon-ability_creature_poison_02","fights":[{"id":18,"instances":4,"groups":3}]},{"name":"Nightmare Antigen","id":204,"guid":157452,"type":"NPC","icon":"custom-icon-sha_spell_fire_ragnaros_supernova_nightmare","fights":[{"id":26,"instances":52,"groups":3}]},{"name":"Gaze of Madness","id":201,"guid":157442,"type":"NPC","icon":"custom-icon-spell_priest_shadow-mend","fights":[{"id":26,"instances":2}]},{"name":"Cultist Sycophant","id":85,"guid":161251,"type":"NPC","icon":"custom-icon-ability_ironmaidens_sanguinestrikes","fights":[{"id":1,"instances":8,"groups":1}]},{"name":"Living Miasma","id":180,"guid":157229,"type":"NPC","icon":"custom-icon-ability_priest_voidentropy","fights":[{"id":17,"instances":5}]},{"name":"Sinister Soulcarver","id":125,"guid":157449,"type":"NPC","icon":"custom-icon-ability_theblackarrow","fights":[{"id":6,"instances":3,"groups":2}]},{"name":"Aqir Skitterer","id":80,"guid":161217,"type":"NPC","icon":"custom-icon-ability_fixated_state_red","fights":[{"id":1,"instances":7,"groups":1},{"id":7,"instances":32,"groups":2},{"id":11,"instances":21,"groups":1}]},{"name":"Eye of the Depths","id":72,"guid":159510,"type":"NPC","icon":"custom-icon-spell_shadow_shadowfury","fights":[{"id":1,"instances":1},{"id":7,"instances":1},{"id":15,"instances":2},{"id":23,"instances":1}]},{"name":"Iron-Willed Enforcer","id":102,"guid":162718,"type":"NPC","icon":"custom-icon-ability_smash","fights":[{"id":4,"instances":4,"groups":2}]},{"name":"Void Fanatic","id":68,"guid":160183,"type":"NPC","icon":"NPC","fights":[{"id":1,"instances":14,"groups":2},{"id":23,"instances":2,"groups":2}]},{"name":"Psychus","id":215,"guid":158376,"type":"NPC","icon":"custom-icon-spell_shadow_shadetruesight","fights":[{"id":27,"instances":3}]},{"name":"Aqir Swarmer","id":82,"guid":162664,"type":"NPC","icon":"custom-icon-ability_fixated_state_red","fights":[{"id":1,"instances":3,"groups":1},{"id":7,"instances":10,"groups":1}]},{"name":"Fanatical Cultist","id":124,"guid":157447,"type":"NPC","icon":"NPC","fights":[{"id":6,"instances":6,"groups":3}]},{"name":"Void Ascendant","id":105,"guid":162719,"type":"NPC","icon":"custom-icon-spell_priest_voidsear","fights":[{"id":4,"instances":2,"groups":1}]}],"friendlyPets":[{"name":"Petrie","id":13,"guid":46590426,"type":"Pet","icon":"abilities/ability_hunter_beastcall","petOwner":11,"fights":[{"id":1,"instances":1},{"id":2,"instances":1},{"id":3,"instances":1},{"id":4,"instances":1},{"id":5,"instances":1},{"id":6,"instances":1},{"id":7,"instances":1},{"id":8,"instances":1},{"id":9,"instances":1},{"id":11,"instances":1},{"id":12,"instances":1},{"id":13,"instances":1},{"id":14,"instances":1},{"id":15,"instances":1},{"id":17,"instances":1},{"id":18,"instances":1},{"id":19,"instances":1},{"id":20,"instances":1},{"id":21,"instances":1},{"id":22,"instances":1},{"id":23,"instances":1},{"id":24,"instances":1},{"id":25,"instances":1},{"id":26,"instances":1},{"id":27,"instances":1},{"id":28,"instances":1}]},{"name":"Capacitor Totem","id":78,"guid":61245,"type":"Pet","icon":"abilities/spell_nature_brilliance","petOwner":12,"fights":[{"id":1,"instances":1},{"id":4,"instances":1},{"id":9,"instances":1},{"id":15,"instances":1},{"id":27,"instances":1}]},{"name":"Capacitor Totem","id":77,"guid":61245,"type":"Pet","icon":"abilities/spell_nature_brilliance","petOwner":1,"fights":[{"id":1,"instances":1},{"id":15,"instances":1}]},{"name":"Demonic Tyrant","id":97,"guid":135002,"type":"Pet","icon":"abilities/inv_summondemonictyrant","petOwner":8,"fights":[{"id":3,"instances":3},{"id":4,"instances":1},{"id":6,"instances":3},{"id":7,"instances":1},{"id":9,"instances":3},{"id":12,"instances":1},{"id":15,"instances":1},{"id":17,"instances":2},{"id":18,"instances":3},{"id":20,"instances":4},{"id":21,"instances":1},{"id":23,"instances":1},{"id":26,"instances":4},{"id":27,"instances":6}]},{"name":"Wasserelementar","id":42,"guid":47015722,"type":"Pet","icon":"abilities/spell_frost_summonwaterelemental_2","petOwner":19,"fights":[{"id":1,"instances":1},{"id":2,"instances":1},{"id":3,"instances":1},{"id":4,"instances":1},{"id":5,"instances":1},{"id":6,"instances":1},{"id":7,"instances":1},{"id":8,"instances":1},{"id":9,"instances":1},{"id":11,"instances":1},{"id":12,"instances":1},{"id":13,"instances":1},{"id":14,"instances":1},{"id":15,"instances":1},{"id":17,"instances":1},{"id":18,"instances":1},{"id":19,"instances":1},{"id":20,"instances":1},{"id":21,"instances":1},{"id":22,"instances":1},{"id":23,"instances":1},{"id":24,"instances":1},{"id":25,"instances":1},{"id":26,"instances":1},{"id":27,"instances":1},{"id":28,"instances":1}]},{"name":"Dreadstalker","id":88,"guid":98035,"type":"Pet","icon":"abilities/spell_warlock_calldreadstalkers","petOwner":8,"fights":[{"id":1,"instances":4},{"id":3,"instances":18},{"id":4,"instances":6},{"id":6,"instances":18},{"id":7,"instances":8},{"id":9,"instances":16},{"id":11,"instances":4},{"id":12,"instances":6},{"id":13,"instances":2},{"id":15,"instances":26},{"id":17,"instances":16},{"id":18,"instances":22},{"id":19,"instances":4},{"id":20,"instances":26},{"id":21,"instances":6},{"id":22,"instances":2},{"id":23,"instances":10},{"id":24,"instances":2},{"id":25,"instances":4},{"id":26,"instances":32},{"id":27,"instances":50}]},{"name":"Demonic Gateway","id":107,"guid":59262,"type":"Pet","icon":"custom-icon-trade_engineering","petOwner":8,"fights":[{"id":6,"instances":2}]},{"name":"Ghozt","id":25,"guid":46785727,"type":"Pet","icon":"abilities/ability_hunter_beastsoothe","petOwner":24,"fights":[{"id":1,"instances":1},{"id":2,"instances":1},{"id":3,"instances":1},{"id":4,"instances":1},{"id":5,"instances":1},{"id":6,"instances":1},{"id":8,"instances":1},{"id":9,"instances":1},{"id":11,"instances":1},{"id":12,"instances":1},{"id":13,"instances":1},{"id":14,"instances":1},{"id":15,"instances":1},{"id":17,"instances":1},{"id":18,"instances":1},{"id":19,"instances":1},{"id":20,"instances":1},{"id":21,"instances":1},{"id":22,"instances":1},{"id":23,"instances":1},{"id":24,"instances":1},{"id":25,"instances":1},{"id":26,"instances":1},{"id":27,"instances":1}]},{"name":"Cloudburst Totem","id":100,"guid":78001,"type":"Pet","icon":"abilities/ability_shaman_condensationtotem","petOwner":1,"fights":[{"id":3,"instances":1},{"id":6,"instances":4},{"id":9,"instances":1},{"id":14,"instances":1},{"id":17,"instances":2},{"id":18,"instances":1},{"id":26,"instances":2},{"id":27,"instances":2}]},{"name":"Jerry","id":31,"guid":46716445,"type":"Pet","icon":"abilities/ability_hunter_beastcall","petOwner":15,"fights":[{"id":1,"instances":1},{"id":2,"instances":1},{"id":3,"instances":1},{"id":4,"instances":1},{"id":5,"instances":1},{"id":6,"instances":1},{"id":7,"instances":1},{"id":8,"instances":1},{"id":9,"instances":1},{"id":11,"instances":1},{"id":12,"instances":1},{"id":14,"instances":1},{"id":15,"instances":1},{"id":17,"instances":1},{"id":18,"instances":1},{"id":19,"instances":1},{"id":20,"instances":1},{"id":21,"instances":1},{"id":22,"instances":1},{"id":23,"instances":1},{"id":24,"instances":1},{"id":25,"instances":1},{"id":26,"instances":1}]},{"name":"Twisted Appendage","id":75,"guid":162764,"type":"Pet","icon":"abilities/achievement_boss_yoggsaron_01","petOwner":16,"fights":[{"id":1,"instances":3},{"id":3,"instances":1},{"id":4,"instances":2},{"id":6,"instances":5},{"id":7,"instances":1},{"id":14,"instances":4},{"id":15,"instances":3},{"id":17,"instances":3},{"id":18,"instances":5},{"id":19,"instances":1},{"id":20,"instances":4},{"id":21,"instances":2},{"id":22,"instances":1},{"id":24,"instances":1},{"id":26,"instances":5},{"id":27,"instances":4}]},{"name":"Twisted Appendage","id":170,"guid":162764,"type":"Pet","icon":"abilities/achievement_boss_yoggsaron_01","petOwner":154,"fights":[{"id":14,"instances":1}]},{"name":"Gibtoc","id":20,"guid":47034129,"type":"Pet","icon":"abilities/spell_warlock_summonimpoutland","petOwner":3,"fights":[{"id":1,"instances":1},{"id":2,"instances":1},{"id":3,"instances":1},{"id":4,"instances":1},{"id":5,"instances":1},{"id":6,"instances":1},{"id":7,"instances":1},{"id":8,"instances":1},{"id":9,"instances":1},{"id":11,"instances":1},{"id":12,"instances":1},{"id":13,"instances":1},{"id":14,"instances":1},{"id":15,"instances":1},{"id":17,"instances":1},{"id":18,"instances":1},{"id":19,"instances":1},{"id":20,"instances":1},{"id":21,"instances":1},{"id":22,"instances":1},{"id":23,"instances":1},{"id":24,"instances":1},{"id":25,"instances":1},{"id":26,"instances":1}]},{"name":"Magus of the Dead","id":94,"guid":148797,"type":"Pet","icon":"abilities/achievement_ladydeathwhisper","petOwner":6,"fights":[{"id":3,"instances":6},{"id":4,"instances":2},{"id":5,"instances":1},{"id":6,"instances":11},{"id":7,"instances":4},{"id":9,"instances":5},{"id":12,"instances":1},{"id":14,"instances":7},{"id":15,"instances":7},{"id":17,"instances":6},{"id":26,"instances":11},{"id":27,"instances":14}]},{"name":"Friedrich","id":48,"guid":46716447,"type":"Pet","icon":"custom-icon-ability_hunter_sickem","petOwner":15,"fights":[{"id":1,"instances":1},{"id":2,"instances":1},{"id":3,"instances":1},{"id":4,"instances":1},{"id":5,"instances":1},{"id":6,"instances":1},{"id":7,"instances":1},{"id":8,"instances":1},{"id":9,"instances":1},{"id":11,"instances":1},{"id":12,"instances":1},{"id":13,"instances":1},{"id":14,"instances":1},{"id":15,"instances":1},{"id":17,"instances":1},{"id":18,"instances":1},{"id":19,"instances":1},{"id":20,"instances":1},{"id":21,"instances":1},{"id":22,"instances":1},{"id":23,"instances":1},{"id":24,"instances":1},{"id":25,"instances":1},{"id":26,"instances":1}]},{"name":"Guardian of Azeroth","id":47,"guid":152396,"type":"Pet","icon":"abilities/inv_glowing-azerite-geode","petOwner":4,"fights":[{"id":1,"instances":1},{"id":3,"instances":1},{"id":6,"instances":2},{"id":9,"instances":1},{"id":14,"instances":2},{"id":15,"instances":1},{"id":17,"instances":1},{"id":18,"instances":1},{"id":20,"instances":2},{"id":26,"instances":1},{"id":27,"instances":2}]},{"name":"Risen Skulker","id":57,"guid":99541,"type":"Pet","icon":"abilities/spell_shadow_animatedead","petOwner":22,"fights":[{"id":1,"instances":1},{"id":2,"instances":1},{"id":3,"instances":1},{"id":4,"instances":1},{"id":5,"instances":1},{"id":6,"instances":1},{"id":7,"instances":1},{"id":8,"instances":1},{"id":9,"instances":2},{"id":11,"instances":1},{"id":12,"instances":3},{"id":13,"instances":1},{"id":14,"instances":1},{"id":15,"instances":1},{"id":17,"instances":1},{"id":18,"instances":1},{"id":19,"instances":1},{"id":20,"instances":1},{"id":21,"instances":1},{"id":22,"instances":1},{"id":23,"instances":1},{"id":24,"instances":1},{"id":25,"instances":2}]},{"name":"Twisted Appendage","id":61,"guid":162764,"type":"Pet","icon":"abilities/achievement_boss_yoggsaron_01","petOwner":3,"fights":[{"id":1,"instances":4},{"id":3,"instances":5},{"id":6,"instances":1},{"id":9,"instances":2},{"id":14,"instances":2},{"id":15,"instances":4},{"id":17,"instances":1},{"id":18,"instances":3},{"id":20,"instances":4},{"id":21,"instances":1},{"id":26,"instances":4},{"id":27,"instances":3}]},{"name":"Bruukun","id":212,"guid":47034113,"type":"Pet","icon":"abilities/spell_shadow_summonfelhunter","petOwner":3,"fights":[{"id":27,"instances":1}]},{"name":"Army of the Dead","id":95,"guid":24207,"type":"Pet","icon":"abilities/artifactability_unholydeathknight_deathsembrace","petOwner":6,"fights":[{"id":3,"instances":24},{"id":4,"instances":6},{"id":5,"instances":2},{"id":6,"instances":34},{"id":7,"instances":10},{"id":9,"instances":20},{"id":12,"instances":2},{"id":14,"instances":26},{"id":15,"instances":18},{"id":17,"instances":24},{"id":26,"instances":38},{"id":27,"instances":43}]},{"name":"Demonic Gateway","id":108,"guid":59271,"type":"Pet","icon":"custom-icon-trade_engineering","petOwner":8,"fights":[{"id":6,"instances":2}]},{"name":"Spirit Wolf","id":43,"guid":100820,"type":"Pet","icon":"abilities/spell_shaman_feralspirit","petOwner":12,"fights":[{"id":1,"instances":2},{"id":3,"instances":4},{"id":4,"instances":2},{"id":6,"instances":4},{"id":7,"instances":2},{"id":9,"instances":4},{"id":12,"instances":2},{"id":14,"instances":6},{"id":15,"instances":4},{"id":17,"instances":4},{"id":18,"instances":6},{"id":19,"instances":2},{"id":20,"instances":6},{"id":21,"instances":2},{"id":23,"instances":2},{"id":26,"instances":8},{"id":27,"instances":10}]},{"name":"Bloodworm","id":56,"guid":99773,"type":"Pet","icon":"abilities/spell_shadow_soulleech","petOwner":9,"fights":[{"id":1,"instances":19},{"id":3,"instances":15},{"id":4,"instances":7},{"id":6,"instances":10},{"id":7,"instances":8},{"id":9,"instances":14},{"id":12,"instances":8},{"id":13,"instances":2},{"id":15,"instances":16},{"id":17,"instances":15},{"id":18,"instances":10},{"id":19,"instances":3},{"id":20,"instances":19},{"id":21,"instances":3},{"id":22,"instances":2},{"id":23,"instances":8},{"id":24,"instances":1},{"id":26,"instances":29}]},{"name":"Fire Spirit","id":40,"guid":69791,"type":"Pet","icon":"abilities/inv_summerfest_firespirit","petOwner":23,"fights":[{"id":1,"instances":6},{"id":3,"instances":4},{"id":4,"instances":2},{"id":6,"instances":3},{"id":7,"instances":3},{"id":9,"instances":4},{"id":15,"instances":4},{"id":17,"instances":4}]},{"name":"Healing Tide Totem","id":74,"guid":59764,"type":"Pet","icon":"abilities/ability_shaman_healingtide","petOwner":1,"fights":[{"id":1,"instances":8},{"id":2,"instances":1},{"id":3,"instances":1},{"id":4,"instances":1},{"id":6,"instances":4},{"id":7,"instances":2},{"id":9,"instances":3},{"id":12,"instances":3},{"id":14,"instances":5},{"id":15,"instances":8},{"id":17,"instances":3},{"id":18,"instances":5},{"id":20,"instances":4},{"id":21,"instances":1},{"id":22,"instances":1},{"id":23,"instances":1},{"id":26,"instances":5},{"id":27,"instances":10}]},{"name":"Herzsäufer","id":93,"guid":44920983,"type":"Pet","icon":"abilities/spell_shadow_animatedead","petOwner":6,"fights":[{"id":3,"instances":1},{"id":4,"instances":1},{"id":5,"instances":1},{"id":6,"instances":1},{"id":7,"instances":1},{"id":9,"instances":1},{"id":11,"instances":1},{"id":12,"instances":1},{"id":14,"instances":1},{"id":15,"instances":1},{"id":17,"instances":1},{"id":18,"instances":1},{"id":26,"instances":1},{"id":27,"instances":1},{"id":28,"instances":1}]},{"name":"Araxlikad","id":60,"guid":46530030,"type":"Pet","icon":"abilities/spell_warlock_summonwrathguard","petOwner":8,"fights":[{"id":1,"instances":1},{"id":2,"instances":1},{"id":3,"instances":1},{"id":4,"instances":1},{"id":5,"instances":1},{"id":6,"instances":1},{"id":7,"instances":1},{"id":8,"instances":1},{"id":9,"instances":1},{"id":11,"instances":1},{"id":12,"instances":1},{"id":13,"instances":1},{"id":15,"instances":1},{"id":17,"instances":1},{"id":18,"instances":1},{"id":19,"instances":1},{"id":20,"instances":1},{"id":21,"instances":1},{"id":22,"instances":1},{"id":23,"instances":1},{"id":24,"instances":1},{"id":25,"instances":1},{"id":26,"instances":1},{"id":27,"instances":1}]},{"name":"Guardian of Azeroth","id":96,"guid":152396,"type":"Pet","icon":"abilities/inv_glowing-azerite-geode","petOwner":14,"fights":[{"id":3,"instances":1},{"id":6,"instances":1},{"id":18,"instances":2},{"id":20,"instances":2},{"id":26,"instances":2},{"id":27,"instances":1}]},{"name":"Wild Imp","id":83,"guid":55659,"type":"Pet","icon":"abilities/ability_warlock_impoweredimp","petOwner":8,"fights":[{"id":1,"instances":13},{"id":3,"instances":189},{"id":4,"instances":57},{"id":6,"instances":176},{"id":7,"instances":41},{"id":9,"instances":159},{"id":11,"instances":15},{"id":12,"instances":39},{"id":13,"instances":9},{"id":15,"instances":211},{"id":17,"instances":152},{"id":18,"instances":193},{"id":19,"instances":29},{"id":20,"instances":254},{"id":21,"instances":42},{"id":22,"instances":14},{"id":23,"instances":69},{"id":24,"instances":16},{"id":26,"instances":263},{"id":27,"instances":374}]},{"name":"Infernal","id":140,"guid":89,"type":"Pet","icon":"abilities/spell_shadow_summoninfernal","petOwner":138,"fights":[{"id":9,"instances":2}]},{"name":"Earth Spirit","id":38,"guid":69792,"type":"Pet","icon":"abilities/inv_elemental_primal_earth","petOwner":23,"fights":[{"id":1,"instances":6},{"id":3,"instances":4},{"id":4,"instances":2},{"id":6,"instances":3},{"id":7,"instances":3},{"id":9,"instances":4},{"id":15,"instances":4},{"id":17,"instances":4}]},{"name":"Steinfänger","id":157,"guid":46891490,"type":"Pet","icon":"abilities/ability_hunter_beastcall","petOwner":155,"fights":[{"id":14,"instances":1}]},{"name":"Batstealer","id":54,"guid":41503342,"type":"Pet","icon":"abilities/spell_shadow_animatedead","petOwner":22,"fights":[{"id":1,"instances":1},{"id":2,"instances":1},{"id":3,"instances":1},{"id":4,"instances":1},{"id":5,"instances":1},{"id":6,"instances":1},{"id":7,"instances":1},{"id":8,"instances":1},{"id":9,"instances":1},{"id":11,"instances":1},{"id":12,"instances":1},{"id":13,"instances":1},{"id":14,"instances":1},{"id":15,"instances":1},{"id":17,"instances":1},{"id":18,"instances":1},{"id":19,"instances":1},{"id":20,"instances":1},{"id":21,"instances":1},{"id":22,"instances":1},{"id":23,"instances":1},{"id":24,"instances":1},{"id":25,"instances":1},{"id":26,"instances":1},{"id":27,"instances":1}]},{"name":"Twisted Appendage","id":71,"guid":162764,"type":"Pet","icon":"abilities/achievement_boss_yoggsaron_01","petOwner":4,"fights":[{"id":1,"instances":5},{"id":3,"instances":4},{"id":4,"instances":1},{"id":6,"instances":7},{"id":7,"instances":6},{"id":9,"instances":2},{"id":13,"instances":1},{"id":14,"instances":2},{"id":15,"instances":3},{"id":17,"instances":4},{"id":18,"instances":2},{"id":19,"instances":2},{"id":20,"instances":4},{"id":21,"instances":1},{"id":22,"instances":1},{"id":23,"instances":2},{"id":24,"instances":1},{"id":25,"instances":2},{"id":26,"instances":6},{"id":27,"instances":8}]},{"name":"Army of the Dead","id":46,"guid":24207,"type":"Pet","icon":"abilities/artifactability_unholydeathknight_deathsembrace","petOwner":22,"fights":[{"id":1,"instances":18},{"id":3,"instances":28},{"id":4,"instances":12},{"id":6,"instances":20},{"id":7,"instances":4},{"id":9,"instances":16},{"id":12,"instances":4},{"id":14,"instances":19},{"id":15,"instances":6},{"id":17,"instances":23},{"id":18,"instances":29},{"id":20,"instances":38},{"id":21,"instances":4},{"id":26,"instances":24},{"id":27,"instances":31}]},{"name":"Greater Earth Elemental","id":86,"guid":95072,"type":"Pet","icon":"abilities/spell_nature_earthelemental_totem","petOwner":12,"fights":[{"id":1,"instances":1},{"id":26,"instances":1}]},{"name":"Arqade","id":51,"guid":46828867,"type":"Pet","icon":"custom-icon-ability_hunter_sickem","petOwner":24,"fights":[{"id":1,"instances":1},{"id":2,"instances":1},{"id":3,"instances":1},{"id":4,"instances":1},{"id":5,"instances":1},{"id":6,"instances":1},{"id":8,"instances":1},{"id":9,"instances":1},{"id":12,"instances":1},{"id":13,"instances":1},{"id":14,"instances":1},{"id":15,"instances":1},{"id":17,"instances":1},{"id":18,"instances":1},{"id":19,"instances":1},{"id":20,"instances":1},{"id":21,"instances":1},{"id":22,"instances":1},{"id":23,"instances":1},{"id":24,"instances":1},{"id":25,"instances":1},{"id":26,"instances":1},{"id":27,"instances":1}]},{"name":"Abarin","id":139,"guid":45260086,"type":"Pet","icon":"abilities/spell_shadow_summonimp","petOwner":138,"fights":[{"id":9,"instances":1},{"id":10,"instances":1}]},{"name":"Magus of the Dead","id":45,"guid":148797,"type":"Pet","icon":"abilities/achievement_ladydeathwhisper","petOwner":22,"fights":[{"id":1,"instances":5},{"id":3,"instances":8},{"id":4,"instances":2},{"id":6,"instances":4},{"id":7,"instances":1},{"id":9,"instances":3},{"id":12,"instances":1},{"id":14,"instances":4},{"id":15,"instances":2},{"id":17,"instances":6},{"id":18,"instances":8},{"id":20,"instances":12},{"id":21,"instances":1},{"id":26,"instances":5},{"id":27,"instances":7}]},{"name":"Guardian of Azeroth","id":217,"guid":152396,"type":"Pet","icon":"abilities/inv_glowing-azerite-geode","petOwner":5,"fights":[{"id":27,"instances":3}]},{"name":"Wasserelementar","id":211,"guid":46801190,"type":"Pet","icon":"abilities/spell_frost_summonwaterelemental_2","petOwner":4,"fights":[{"id":27,"instances":1},{"id":28,"instances":1}]},{"name":"Spirit Link Totem","id":89,"guid":53006,"type":"Pet","icon":"abilities/spell_shaman_spiritlink","petOwner":1,"fights":[{"id":1,"instances":1},{"id":4,"instances":1},{"id":6,"instances":1},{"id":9,"instances":1},{"id":12,"instances":1},{"id":14,"instances":1},{"id":17,"instances":1},{"id":27,"instances":1}]},{"name":"Guardian of Azeroth","id":163,"guid":152396,"type":"Pet","icon":"abilities/inv_glowing-azerite-geode","petOwner":158,"fights":[{"id":14,"instances":1}]},{"name":"Earthbind Totem","id":195,"guid":2630,"type":"Pet","icon":"abilities/spell_nature_strengthofearthtotem02","petOwner":1,"fights":[{"id":20,"instances":1}]},{"name":"Steinbringer","id":160,"guid":46891373,"type":"Pet","icon":"custom-icon-ability_warstomp","petOwner":155,"fights":[{"id":14,"instances":1}]},{"name":"Infernal","id":62,"guid":89,"type":"Pet","icon":"abilities/spell_shadow_summoninfernal","petOwner":3,"fights":[{"id":1,"instances":2},{"id":3,"instances":5},{"id":6,"instances":3},{"id":7,"instances":1},{"id":9,"instances":3},{"id":13,"instances":1},{"id":14,"instances":4},{"id":15,"instances":2},{"id":17,"instances":3},{"id":18,"instances":4},{"id":20,"instances":3},{"id":23,"instances":1},{"id":26,"instances":6},{"id":27,"instances":6}]},{"name":"Fenryr","id":120,"guid":43470854,"type":"Pet","icon":"abilities/ability_hunter_beastcall","petOwner":118,"fights":[{"id":6,"instances":1},{"id":7,"instances":1},{"id":8,"instances":1},{"id":9,"instances":1},{"id":15,"instances":1},{"id":17,"instances":1},{"id":18,"instances":1},{"id":19,"instances":1},{"id":20,"instances":1},{"id":21,"instances":1},{"id":22,"instances":1},{"id":23,"instances":1},{"id":24,"instances":1},{"id":26,"instances":1},{"id":27,"instances":1},{"id":28,"instances":1}]},{"name":"Risen Skulker","id":92,"guid":99541,"type":"Pet","icon":"abilities/spell_shadow_animatedead","petOwner":6,"fights":[{"id":3,"instances":1},{"id":4,"instances":1},{"id":5,"instances":1},{"id":6,"instances":1},{"id":7,"instances":1},{"id":8,"instances":1},{"id":9,"instances":1},{"id":11,"instances":1},{"id":12,"instances":1},{"id":13,"instances":1},{"id":14,"instances":1},{"id":15,"instances":1},{"id":17,"instances":1},{"id":18,"instances":1},{"id":26,"instances":2},{"id":27,"instances":1},{"id":28,"instances":1}]},{"name":"Scharfzahn","id":59,"guid":46459064,"type":"Pet","icon":"custom-icon-ability_hunter_sickem","petOwner":11,"fights":[{"id":1,"instances":1},{"id":2,"instances":1},{"id":3,"instances":1},{"id":4,"instances":1},{"id":5,"instances":1},{"id":6,"instances":1},{"id":7,"instances":1},{"id":8,"instances":1},{"id":9,"instances":1},{"id":11,"instances":1},{"id":12,"instances":1},{"id":13,"instances":1},{"id":14,"instances":1},{"id":15,"instances":1},{"id":17,"instances":1},{"id":18,"instances":1},{"id":19,"instances":1},{"id":20,"instances":1},{"id":21,"instances":1},{"id":22,"instances":1},{"id":23,"instances":1},{"id":24,"instances":1},{"id":25,"instances":1},{"id":26,"instances":1},{"id":27,"instances":1},{"id":28,"instances":1}]},{"name":"Shadowfiend","id":99,"guid":19668,"type":"Pet","icon":"abilities/spell_shadow_shadowfiend","petOwner":5,"fights":[{"id":3,"instances":1},{"id":6,"instances":1},{"id":9,"instances":1},{"id":14,"instances":1},{"id":17,"instances":1},{"id":18,"instances":2},{"id":20,"instances":2},{"id":26,"instances":2},{"id":27,"instances":3}]},{"name":"Rune Weapon","id":44,"guid":27893,"type":"Pet","icon":"abilities/inv_sword_07","petOwner":9,"fights":[{"id":1,"instances":3},{"id":3,"instances":1},{"id":4,"instances":1},{"id":6,"instances":1},{"id":7,"instances":1},{"id":9,"instances":1},{"id":12,"instances":1},{"id":15,"instances":1},{"id":17,"instances":1},{"id":18,"instances":2},{"id":20,"instances":2},{"id":23,"instances":1},{"id":26,"instances":2}]},{"name":"Primal Storm Elemental","id":65,"guid":77942,"type":"Pet","icon":"abilities/spell_shaman_stormtotem","petOwner":16,"fights":[{"id":1,"instances":4},{"id":2,"instances":1},{"id":3,"instances":4},{"id":4,"instances":1},{"id":6,"instances":3},{"id":7,"instances":1},{"id":12,"instances":1},{"id":13,"instances":1},{"id":14,"instances":3},{"id":15,"instances":5},{"id":17,"instances":4},{"id":18,"instances":4},{"id":20,"instances":4},{"id":21,"instances":1},{"id":23,"instances":1},{"id":26,"instances":5},{"id":27,"instances":9}]},{"name":"Earthen Wall Totem","id":87,"guid":100943,"type":"Pet","icon":"abilities/spell_nature_stoneskintotem","petOwner":1,"fights":[{"id":1,"instances":1},{"id":3,"instances":2},{"id":4,"instances":1},{"id":6,"instances":1},{"id":9,"instances":1},{"id":12,"instances":1},{"id":13,"instances":1},{"id":17,"instances":1},{"id":27,"instances":1}]}],"enemyPets":[],"phases":[{"boss":2336,"phases":["Stage One: Cult of the Void","Stage Two: Death from Above","Stage Three: The Void Unleashed"]},{"boss":2337,"phases":["Stage One: Exterior Carapace","Stage Two: Subcutaneous Tunnel","Stage Three: Locus of Infinite Truths"]},{"boss":2344,"phases":["Stage One: Writhing Onslaught","Stage Two: Convergence"]},{"boss":2331,"phases":["Gathering Power","Unleashed Wrath"]},{"boss":2335,"phases":["Shadowy Carapace","Void-Tinged Carapace","Noxious Carapace"]}],"logVersion":16,"gameVersion":1,"title":"Ny'alotha","owner":"ShockWawe","start":1590870325145,"end":1590877538472,"zone":24,"exportedCharacters":[{"id":45867530,"name":"Baelòr","server":"Thrall","region":"EU"},{"id":44058758,"name":"Brewtruck","server":"Thrall","region":"EU"},{"id":30317552,"name":"Börny","server":"Thrall","region":"EU"},{"id":43220647,"name":"Ekiya","server":"Thrall","region":"EU"},{"id":33883538,"name":"Faanis","server":"Thrall","region":"EU"},{"id":48235022,"name":"Flokkz","server":"Thrall","region":"EU"},{"id":47251811,"name":"Frozenhéart","server":"Thrall","region":"EU"},{"id":903895,"name":"Gòrdón","server":"Thrall","region":"EU"},{"id":34034903,"name":"Gørdon","server":"Thrall","region":"EU"},{"id":46478594,"name":"Iqônic","server":"Thrall","region":"EU"},{"id":48500166,"name":"Itsmagiic","server":"Thrall","region":"EU"},{"id":39439487,"name":"Jibei","server":"Thrall","region":"EU"},{"id":42277364,"name":"Kyalar","server":"Thrall","region":"EU"},{"id":40698377,"name":"Logray","server":"Thrall","region":"EU"},{"id":48363890,"name":"Miraculina","server":"Thrall","region":"EU"},{"id":35541188,"name":"Nirâga","server":"Thrall","region":"EU"},{"id":43004790,"name":"Nudozzy","server":"Thrall","region":"EU"},{"id":32736764,"name":"Nykala","server":"Thrall","region":"EU"},{"id":39188378,"name":"Néthery","server":"Thrall","region":"EU"},{"id":20902255,"name":"Nórné","server":"Thrall","region":"EU"},{"id":38880104,"name":"Prowladin","server":"Thrall","region":"EU"},{"id":32245250,"name":"Rashani","server":"Thrall","region":"EU"},{"id":48538362,"name":"Shiína","server":"Thrall","region":"EU"},{"id":46152495,"name":"Steinschleud","server":"Thrall","region":"EU"},{"id":39188372,"name":"Sundaybacon","server":"Thrall","region":"EU"},{"id":47149256,"name":"Vulpera","server":"Thrall","region":"EU"},{"id":33470036,"name":"Vîdár","server":"Thrall","region":"EU"},{"id":37012237,"name":"Weskâyn","server":"Thrall","region":"EU"},{"id":41165504,"name":"Wintergarten","server":"Thrall","region":"EU"},{"id":45594234,"name":"Xeonidas","server":"Thrall","region":"EU"},{"id":43381654,"name":"Zavannah","server":"Thrall","region":"EU"},{"id":33964466,"name":"Ørganik","server":"Thrall","region":"EU"}]}