{"fights":[{"id":1,"start_time":0,"end_time":14752,"boss":0,"originalBoss":2336,"name":"Vexiona"},{"id":2,"start_time":45954,"end_time":61845,"boss":0,"originalBoss":2336,"name":"Vexiona"},{"id":3,"start_time":115164,"end_time":327709,"boss":2336,"name":"Vexiona","size":30,"difficulty":4,"kill":true,"partial":3,"bossPercentage":0,"fightPercentage":0,"lastPhaseForPercentageDisplay":1,"maps":[1593]},{"id":4,"start_time":556689,"end_time":561677,"boss":0,"originalBoss":2333,"name":"The Hivemind"},{"id":5,"start_time":639632,"end_time":806498,"boss":2333,"name":"The Hivemind","size":30,"difficulty":4,"kill":true,"partial":3,"bossPercentage":0,"fightPercentage":0,"lastPhaseForPercentageDisplay":0,"maps":[1590]},{"id":6,"start_time":998306,"end_time":1005289,"boss":0,"originalBoss":2331,"name":"Ra-den the Despoiled"},{"id":7,"start_time":1084257,"end_time":1325038,"boss":2331,"name":"Ra-den the Despoiled","size":30,"difficulty":4,"kill":true,"partial":3,"bossPercentage":0,"fightPercentage":0,"lastPhaseForPercentageDisplay":2,"maps":[1591]},{"id":8,"start_time":1686845,"end_time":1870877,"boss":2335,"name":"Shad'har the Insatiable","size":30,"difficulty":4,"kill":true,"partial":3,"bossPercentage":0,"fightPercentage":0,"lastPhaseForPercentageDisplay":3,"maps":[1594]}],"lang":"en","friendlies":[{"name":"Oãk","id":32,"guid":144320537,"type":"Mage","server":"Ragnaros","icon":"Mage-Fire","fights":[{"id":1},{"id":2},{"id":3},{"id":4},{"id":5},{"id":6},{"id":7},{"id":8}]},{"name":"Thisisjon","id":11,"guid":144358684,"type":"Rogue","server":"Ragnaros","icon":"Rogue","fights":[{"id":1},{"id":2},{"id":3},{"id":4},{"id":5},{"id":6},{"id":7},{"id":8}]},{"name":"Mkày","id":9,"guid":142326148,"type":"Rogue","server":"TarrenMill","icon":"Rogue-Assassination","fights":[{"id":1},{"id":2},{"id":3},{"id":4},{"id":5},{"id":6},{"id":7},{"id":8}]},{"name":"Kroghnado","id":7,"guid":163475261,"type":"Paladin","server":"Ragnaros","icon":"Paladin-Holy","fights":[{"id":1},{"id":2},{"id":3},{"id":4},{"id":5},{"id":6},{"id":7},{"id":8}]},{"name":"Loüra","id":1,"guid":167169427,"type":"Paladin","server":"Kazzak","icon":"Paladin-Holy","fights":[{"id":1},{"id":2},{"id":3},{"id":4},{"id":5},{"id":6},{"id":7},{"id":8}]},{"name":"Zeroten","id":6,"guid":156246858,"type":"Warrior","server":"Ragnaros","icon":"Warrior-Arms","fights":[{"id":2},{"id":3},{"id":4},{"id":5},{"id":6},{"id":7},{"id":8}]},{"name":"Kletchis","id":29,"guid":152211631,"type":"Warrior","server":"Ragnaros","icon":"Warrior-Fury","fights":[{"id":1},{"id":2},{"id":3},{"id":4},{"id":5},{"id":6},{"id":7},{"id":8}]},{"name":"Mederes","id":20,"guid":139160627,"type":"Mage","server":"TarrenMill","icon":"Mage-Fire","fights":[{"id":1},{"id":2},{"id":3},{"id":4},{"id":5},{"id":6},{"id":7},{"id":8}]},{"name":"Tokaku","id":30,"guid":123504138,"type":"DemonHunter","server":"Thrall","icon":"DemonHunter-Havoc","fights":[{"id":2},{"id":3},{"id":4},{"id":5},{"id":6},{"id":7},{"id":8}]},{"name":"Wiedesmonk","id":8,"guid":118355435,"type":"Monk","server":"Blackhand","icon":"Monk-Brewmaster","fights":[{"id":2},{"id":3},{"id":4},{"id":5},{"id":6},{"id":7},{"id":8}]},{"name":"Kindragosa","id":18,"guid":157963716,"type":"DeathKnight","server":"Ragnaros","icon":"DeathKnight-Blood","fights":[{"id":1},{"id":2},{"id":3},{"id":4},{"id":5},{"id":6},{"id":7},{"id":8}]},{"name":"Copyring","id":13,"guid":122115952,"type":"Paladin","server":"Hyjal","icon":"Paladin-Retribution","fights":[{"id":1},{"id":2},{"id":3},{"id":4},{"id":5},{"id":6},{"id":7},{"id":8}]},{"name":"Fristy","id":10,"guid":144787861,"type":"DemonHunter","server":"Ragnaros","icon":"DemonHunter","fights":[{"id":2},{"id":3},{"id":4},{"id":5},{"id":6},{"id":7},{"id":8}]},{"name":"Ayyfrickie","id":14,"guid":158200707,"type":"Warrior","server":"Kazzak","icon":"Warrior-Arms","fights":[{"id":2},{"id":3},{"id":4},{"id":5},{"id":6},{"id":7},{"id":8}]},{"name":"Bergheera","id":12,"guid":159721033,"type":"Mage","server":"Aszune","icon":"Mage-Fire","fights":[{"id":2},{"id":3},{"id":4},{"id":5},{"id":6},{"id":7},{"id":8}]},{"name":"Implicit","id":28,"guid":148364885,"type":"Rogue","server":"Ragnaros","icon":"Rogue-Assassination","fights":[{"id":1},{"id":2},{"id":3},{"id":4},{"id":5},{"id":6},{"id":7},{"id":8}]},{"name":"Hannx","id":16,"guid":165367938,"type":"Rogue","server":"TwistingNether","icon":"Rogue-Outlaw","fights":[{"id":1},{"id":2},{"id":3},{"id":4},{"id":5},{"id":6},{"id":7},{"id":8}]},{"name":"Bloodworm","id":102,"guid":99773,"type":"Pet","icon":"abilities/spell_shadow_soulleech","fights":[{"id":4,"instances":2}]},{"name":"Cursdlife","id":2,"guid":151272036,"type":"Warlock","server":"Ragnaros","icon":"Warlock-Destruction","fights":[{"id":1},{"id":2},{"id":3},{"id":4},{"id":5},{"id":6},{"id":7},{"id":8}]},{"name":"Epicholy","id":15,"guid":187214113,"type":"Paladin","server":"Kazzak","icon":"Paladin-Holy","fights":[{"id":2},{"id":3},{"id":4},{"id":5},{"id":6},{"id":7},{"id":8}]},{"name":"Ragthór","id":4,"guid":124623474,"type":"DemonHunter","server":"Ragnaros","icon":"DemonHunter-Vengeance","fights":[{"id":1},{"id":2},{"id":3},{"id":4},{"id":5},{"id":6},{"id":7},{"id":8}]},{"name":"Vøøne","id":40,"guid":94840389,"type":"DemonHunter","server":"Stormscale","icon":"DemonHunter-Havoc","fights":[{"id":2},{"id":3},{"id":4},{"id":5},{"id":6},{"id":7},{"id":8}]},{"name":"Lichsknight","id":39,"guid":156186784,"type":"DeathKnight","server":"TarrenMill","icon":"DeathKnight-Unholy","fights":[{"id":2},{"id":3},{"id":4},{"id":5},{"id":6},{"id":7},{"id":8}]},{"name":"Merkath","id":3,"guid":123848668,"type":"Mage","server":"Ragnaros","icon":"Mage-Fire","fights":[{"id":1},{"id":2},{"id":3},{"id":4},{"id":5},{"id":6},{"id":7},{"id":8}]},{"name":"Thing From Beyond","id":73,"guid":161895,"type":"Pet","icon":"custom-icon-ability_deathwing_assualtaspects","fights":[{"id":7,"instances":20}]},{"name":"Ssauro","id":17,"guid":149109142,"type":"Warlock","server":"TarrenMill","icon":"Warlock-Destruction","fights":[{"id":1},{"id":2},{"id":3},{"id":4},{"id":5},{"id":6},{"id":7},{"id":8}]},{"name":"Putro","id":24,"guid":139221709,"type":"Hunter","server":"Ragnaros","icon":"Hunter-BeastMastery","fights":[{"id":1},{"id":2},{"id":3},{"id":4},{"id":5},{"id":6},{"id":7},{"id":8}]},{"name":"Munkuu","id":5,"guid":144179455,"type":"Monk","server":"Ragnaros","icon":"Monk-Mistweaver","fights":[{"id":1},{"id":2},{"id":3},{"id":4},{"id":5},{"id":6},{"id":7},{"id":8}]},{"name":"Juícebox","id":19,"guid":143889403,"type":"Shaman","server":"Ragnaros","icon":"Shaman-Restoration","fights":[{"id":1},{"id":2},{"id":3},{"id":4},{"id":5},{"id":6},{"id":7},{"id":8}]},{"name":"Kireth","id":21,"guid":145020432,"type":"Shaman","server":"Ragnaros","icon":"Shaman-Elemental","fights":[{"id":1},{"id":2},{"id":3},{"id":4},{"id":5},{"id":6},{"id":7},{"id":8}]},{"name":"Ghosteld","id":22,"guid":143842928,"type":"Hunter","server":"Ragnaros","icon":"Hunter-Marksmanship","fights":[{"id":2},{"id":3},{"id":4},{"id":5},{"id":6},{"id":7},{"id":8}]},{"name":"Qualums","id":26,"guid":96941034,"type":"DeathKnight","server":"Ragnaros","icon":"DeathKnight-Frost","fights":[{"id":1},{"id":2},{"id":3},{"id":4},{"id":5},{"id":6},{"id":7},{"id":8}]}],"enemies":[{"name":"Acidic Aqir","id":108,"guid":161019,"type":"NPC","icon":"custom-icon-ability_creature_poison_06","fights":[{"id":5,"instances":8,"groups":2}]},{"name":"Spellbound Ritualist","id":81,"guid":157450,"type":"NPC","icon":"custom-icon-spell_shadow_shadowbolt","fights":[{"id":3,"instances":2}]},{"name":"Tek'ris","id":99,"guid":157254,"type":"Boss","icon":"custom-icon-ability_priest_voidentropy","fights":[{"id":4,"instances":1},{"id":5,"instances":1}]},{"name":"Acidic Aqir","id":109,"guid":159173,"type":"NPC","icon":"custom-icon-ability_creature_poison_06","fights":[{"id":5,"instances":2}]},{"name":"Crackling Stalker","id":123,"guid":157365,"type":"NPC","icon":"custom-icon-spell_lightning_lightningbolt01","fights":[{"id":7,"instances":2}]},{"name":"Living Miasma","id":130,"guid":157229,"type":"NPC","icon":"custom-icon-ability_priest_voidentropy","fights":[{"id":8,"instances":5,"groups":6}]},{"name":"Shad'har the Insatiable","id":127,"guid":157231,"type":"Boss","icon":"custom-icon-ability_warlock_everlastingaffliction","fights":[{"id":8,"instances":1}]},{"name":"Sinister Soulcarver","id":76,"guid":157449,"type":"NPC","icon":"custom-icon-ability_theblackarrow","fights":[{"id":3,"instances":2}]},{"name":"Essence of Vita","id":120,"guid":156884,"type":"NPC","icon":"custom-icon-ability_thunderking_lightningwhip","fights":[{"id":7,"instances":3,"groups":5}]},{"name":"Vita Portal","id":114,"guid":161943,"type":"NPC","icon":"custom-icon-trade_engineering","fights":[{"id":6,"instances":1},{"id":7,"instances":1}]},{"name":"Ka'zir","id":98,"guid":157253,"type":"Boss","icon":"custom-icon-ability_pet_baneling","fights":[{"id":4,"instances":1},{"id":5,"instances":1}]},{"name":"Aqir Darter","id":110,"guid":157256,"type":"NPC","icon":"custom-icon-ability_vehicle_sonicshockwave","fights":[{"id":5,"instances":6,"groups":2}]},{"name":"Essence of Void","id":122,"guid":156980,"type":"NPC","icon":"custom-icon-inv_enchant_voidsphere","fights":[{"id":7,"instances":3,"groups":6}]},{"name":"Aqir Drone","id":107,"guid":157255,"type":"NPC","icon":"custom-icon-ability_fixated_state_red","fights":[{"id":5,"instances":20,"groups":2}]},{"name":"Ra-den","id":113,"guid":156866,"type":"Boss","icon":"custom-icon-ability_deathwing_bloodcorruption_death","fights":[{"id":6,"instances":1},{"id":7,"instances":1}]},{"name":"Void Portal","id":115,"guid":161945,"type":"NPC","icon":"custom-icon-trade_engineering","fights":[{"id":6,"instances":1},{"id":7,"instances":1}]},{"name":"Void Hunter","id":125,"guid":157366,"type":"NPC","icon":"custom-icon-ability_warlock_shadowfurytga","fights":[{"id":7,"instances":1}]},{"name":"Vexiona","id":33,"guid":157354,"type":"Boss","icon":"custom-icon-ability_priest_voidentropy","fights":[{"id":1,"instances":1},{"id":2,"instances":1},{"id":3,"instances":1}]},{"name":"Void Ascendant","id":34,"guid":157467,"type":"NPC","icon":"custom-icon-spell_priest_voidsear","fights":[{"id":1,"instances":1},{"id":2,"instances":1},{"id":3,"instances":2}]},{"name":"Fanatical Cultist","id":75,"guid":157447,"type":"NPC","icon":"NPC","fights":[{"id":3,"instances":7,"groups":3}]}],"friendlyPets":[{"name":"Healing Tide Totem","id":72,"guid":59764,"type":"Pet","icon":"abilities/ability_shaman_healingtide","petOwner":19,"fights":[{"id":3,"instances":4},{"id":4,"instances":1},{"id":5,"instances":4},{"id":7,"instances":6},{"id":8,"instances":4}]},{"name":"Primal Fire Elemental","id":57,"guid":61029,"type":"Pet","icon":"abilities/spell_fire_elemental_totem","petOwner":21,"fights":[{"id":3,"instances":2},{"id":4,"instances":1},{"id":5,"instances":1},{"id":7,"instances":2},{"id":8,"instances":2}]},{"name":"Demonic Gateway","id":71,"guid":59271,"type":"Pet","icon":"custom-icon-trade_engineering","petOwner":17,"fights":[{"id":3,"instances":1}]},{"name":"Bloodworm","id":69,"guid":99773,"type":"Pet","icon":"abilities/spell_shadow_soulleech","petOwner":18,"fights":[{"id":3,"instances":16},{"id":4,"instances":2},{"id":5,"instances":19},{"id":6,"instances":1},{"id":7,"instances":26},{"id":8,"instances":15}]},{"name":"Capacitor Totem","id":79,"guid":61245,"type":"Pet","icon":"abilities/spell_nature_brilliance","petOwner":19,"fights":[{"id":3,"instances":1}]},{"name":"Magus of the Dead","id":45,"guid":148797,"type":"Pet","icon":"abilities/achievement_ladydeathwhisper","petOwner":39,"fights":[{"id":3,"instances":2},{"id":5,"instances":1},{"id":7,"instances":1}]},{"name":"Rune Weapon","id":82,"guid":27893,"type":"Pet","icon":"abilities/inv_sword_07","petOwner":18,"fights":[{"id":3,"instances":2},{"id":5,"instances":1},{"id":7,"instances":2},{"id":8,"instances":1}]},{"name":"Eyebasher","id":42,"guid":53023716,"type":"Pet","icon":"abilities/spell_shadow_animatedead","petOwner":39,"fights":[{"id":2,"instances":1},{"id":3,"instances":1},{"id":4,"instances":1},{"id":5,"instances":1}]},{"name":"Demonic Gateway","id":85,"guid":59262,"type":"Pet","icon":"custom-icon-trade_engineering","petOwner":2,"fights":[{"id":3,"instances":1}]},{"name":"Army of the Dead","id":48,"guid":24207,"type":"Pet","icon":"abilities/spell_shadow_coneofsilence","petOwner":39,"fights":[{"id":3,"instances":12},{"id":5,"instances":11},{"id":7,"instances":8}]},{"name":"Twisted Appendage","id":37,"guid":162764,"type":"Pet","icon":"abilities/achievement_boss_yoggsaron_01","petOwner":9,"fights":[{"id":1,"instances":1},{"id":3,"instances":4},{"id":5,"instances":2},{"id":7,"instances":2},{"id":8,"instances":2}]},{"name":"Pupper","id":23,"guid":38923268,"type":"Pet","icon":"custom-icon-ability_hunter_sickem","petOwner":24,"fights":[{"id":1,"instances":1},{"id":3,"instances":1},{"id":4,"instances":1},{"id":5,"instances":1},{"id":6,"instances":1},{"id":7,"instances":1},{"id":8,"instances":1}]},{"name":"Kep'tok","id":35,"guid":39407796,"type":"Pet","icon":"custom-icon-spell_fire_firebolt","petOwner":2,"fights":[{"id":1,"instances":1},{"id":2,"instances":1},{"id":3,"instances":1},{"id":4,"instances":1},{"id":5,"instances":1},{"id":6,"instances":1},{"id":7,"instances":1}]},{"name":"Guardian of Azeroth","id":49,"guid":152396,"type":"Pet","icon":"abilities/inv_glowing-azerite-geode","petOwner":21,"fights":[{"id":3,"instances":2},{"id":7,"instances":2},{"id":8,"instances":2}]},{"name":"Infernal","id":68,"guid":89,"type":"Pet","icon":"abilities/spell_shadow_summoninfernal","petOwner":17,"fights":[{"id":3,"instances":3},{"id":4,"instances":1},{"id":5,"instances":7},{"id":7,"instances":2},{"id":8,"instances":7}]},{"name":"Earthen Wall Totem","id":63,"guid":100943,"type":"Pet","icon":"abilities/spell_nature_stoneskintotem","petOwner":19,"fights":[{"id":3,"instances":4},{"id":5,"instances":3},{"id":7,"instances":4},{"id":8,"instances":2}]},{"name":"Demonic Gateway","id":86,"guid":59271,"type":"Pet","icon":"custom-icon-trade_engineering","petOwner":2,"fights":[{"id":3,"instances":1}]},{"name":"Spirit Link Totem","id":97,"guid":53006,"type":"Pet","icon":"abilities/spell_shaman_spiritlink","petOwner":19,"fights":[{"id":3,"instances":1},{"id":5,"instances":1},{"id":7,"instances":1},{"id":8,"instances":1}]},{"name":"Primal Earth Elemental","id":112,"guid":61056,"type":"Pet","icon":"abilities/spell_nature_earthelemental_totem","petOwner":21,"fights":[{"id":5,"instances":1},{"id":8,"instances":1}]},{"name":"Twisted Appendage","id":132,"guid":162764,"type":"Pet","icon":"abilities/achievement_boss_yoggsaron_01","petOwner":10,"fights":[{"id":8,"instances":1}]},{"name":"Guardian of Azeroth","id":53,"guid":152396,"type":"Pet","icon":"abilities/inv_glowing-azerite-geode","petOwner":11,"fights":[{"id":3,"instances":2},{"id":7,"instances":2},{"id":8,"instances":2}]},{"name":"Twisted Appendage","id":129,"guid":162764,"type":"Pet","icon":"abilities/achievement_boss_yoggsaron_01","petOwner":19,"fights":[{"id":8,"instances":3}]},{"name":"Earthbind Totem","id":126,"guid":2630,"type":"Pet","icon":"abilities/spell_nature_strengthofearthtotem02","petOwner":21,"fights":[{"id":7,"instances":1}]},{"name":"Shireth","id":128,"guid":39406259,"type":"Pet","icon":"custom-icon-spell_shadow_soulleech_3","petOwner":2,"fights":[{"id":8,"instances":1}]},{"name":"Twisted Appendage","id":64,"guid":162764,"type":"Pet","icon":"abilities/achievement_boss_yoggsaron_01","petOwner":32,"fights":[{"id":3,"instances":2},{"id":5,"instances":1},{"id":7,"instances":1},{"id":8,"instances":4}]},{"name":"Demonic Gateway","id":70,"guid":59262,"type":"Pet","icon":"custom-icon-trade_engineering","petOwner":17,"fights":[{"id":3,"instances":1}]},{"name":"Guardian of Azeroth","id":52,"guid":152396,"type":"Pet","icon":"abilities/inv_glowing-azerite-geode","petOwner":29,"fights":[{"id":3,"instances":1},{"id":5,"instances":1},{"id":7,"instances":1},{"id":8,"instances":1}]},{"name":"Infernal","id":54,"guid":89,"type":"Pet","icon":"abilities/spell_shadow_summoninfernal","petOwner":2,"fights":[{"id":3,"instances":2},{"id":4,"instances":1},{"id":5,"instances":3},{"id":7,"instances":11},{"id":8,"instances":2}]},{"name":"Capacitor Totem","id":111,"guid":61245,"type":"Pet","icon":"abilities/spell_nature_brilliance","petOwner":21,"fights":[{"id":5,"instances":1},{"id":7,"instances":2}]},{"name":"Istanuk","id":38,"guid":51575173,"type":"Pet","icon":"custom-icon-spell_fire_firebolt","petOwner":17,"fights":[{"id":1,"instances":1},{"id":2,"instances":1},{"id":3,"instances":1},{"id":4,"instances":1},{"id":5,"instances":1},{"id":7,"instances":1}]},{"name":"Guardian of Azeroth","id":51,"guid":152396,"type":"Pet","icon":"abilities/inv_glowing-azerite-geode","petOwner":22,"fights":[{"id":3,"instances":2},{"id":5,"instances":1},{"id":7,"instances":2},{"id":8,"instances":1}]},{"name":"Twisted Appendage","id":78,"guid":162764,"type":"Pet","icon":"abilities/achievement_boss_yoggsaron_01","petOwner":28,"fights":[{"id":3,"instances":5},{"id":4,"instances":1},{"id":5,"instances":4},{"id":7,"instances":4},{"id":8,"instances":6}]},{"name":"Guardian of Azeroth","id":62,"guid":152396,"type":"Pet","icon":"abilities/inv_glowing-azerite-geode","petOwner":10,"fights":[{"id":3,"instances":2},{"id":5,"instances":1},{"id":7,"instances":2},{"id":8,"instances":1}]},{"name":"Thot","id":31,"guid":34096294,"type":"Pet","icon":"custom-icon-ability_hunter_sickem","petOwner":24,"fights":[{"id":1,"instances":1},{"id":3,"instances":1},{"id":4,"instances":1},{"id":5,"instances":1},{"id":6,"instances":1},{"id":7,"instances":1},{"id":8,"instances":1}]}],"enemyPets":[],"phases":[{"boss":2336,"phases":["Stage One: Cult of the Void","Stage Two: Death from Above","Stage Three: The Void Unleashed"]},{"boss":2331,"phases":["Gathering Power","Unleashed Wrath"]},{"boss":2335,"phases":["Shadowy Carapace","Void-Tinged Carapace","Noxious Carapace"]}],"logVersion":16,"gameVersion":1,"title":"Boost pt2","owner":"Kireth","start":1590694852463,"end":1590696723340,"zone":24,"exportedCharacters":[{"id":34051178,"name":"Ayyfrickie","server":"Kazzak","region":"EU"},{"id":48495866,"name":"Bergheera","server":"Aszune","region":"EU"},{"id":8430434,"name":"Copyring","server":"Hyjal","region":"EU"},{"id":38332251,"name":"Cursdlife","server":"Ragnaros","region":"EU"},{"id":48495870,"name":"Epicholy","server":"Kazzak","region":"EU"},{"id":33962936,"name":"Fristy","server":"Ragnaros","region":"EU"},{"id":33233341,"name":"Ghosteld","server":"Ragnaros","region":"EU"},{"id":48345436,"name":"Hannx","server":"Twisting Nether","region":"EU"},{"id":36208454,"name":"Implicit","server":"Ragnaros","region":"EU"},{"id":33238076,"name":"Juícebox","server":"Ragnaros","region":"EU"},{"id":41297969,"name":"Kindragosa","server":"Ragnaros","region":"EU"},{"id":34072226,"name":"Kireth","server":"Ragnaros","region":"EU"},{"id":40209628,"name":"Kletchis","server":"Ragnaros","region":"EU"},{"id":45387438,"name":"Kroghnado","server":"Ragnaros","region":"EU"},{"id":42794257,"name":"Lichsknight","server":"Tarren Mill","region":"EU"},{"id":35579813,"name":"Loüra","server":"Kazzak","region":"EU"},{"id":30213624,"name":"Mederes","server":"Tarren Mill","region":"EU"},{"id":15115350,"name":"Merkath","server":"Ragnaros","region":"EU"},{"id":35362074,"name":"Mkày","server":"Tarren Mill","region":"EU"},{"id":33465499,"name":"Munkuu","server":"Ragnaros","region":"EU"},{"id":33569973,"name":"Oãk","server":"Ragnaros","region":"EU"},{"id":27851785,"name":"Putro","server":"Ragnaros","region":"EU"},{"id":40954446,"name":"Qualums","server":"Ragnaros","region":"EU"},{"id":15351867,"name":"Ragthór","server":"Ragnaros","region":"EU"},{"id":38384614,"name":"Ssauro","server":"Tarren Mill","region":"EU"},{"id":33590342,"name":"Thisisjon","server":"Ragnaros","region":"EU"},{"id":23323929,"name":"Tokaku","server":"Thrall","region":"EU"},{"id":15406590,"name":"Vøøne","server":"Stormscale","region":"EU"},{"id":48265104,"name":"Wiedesmonk","server":"Blackhand","region":"EU"},{"id":40680171,"name":"Zeroten","server":"Ragnaros","region":"EU"}]}