{"fights":[{"id":1,"start_time":324223,"end_time":548671,"boss":2329,"name":"Wrathion","size":15,"difficulty":4,"kill":true,"partial":3,"bossPercentage":0,"fightPercentage":0,"lastPhaseForPercentageDisplay":1,"maps":[1580]},{"id":2,"start_time":569266,"end_time":687396,"boss":0,"name":"Monstrous Behemoth"},{"id":3,"start_time":744752,"end_time":800409,"boss":0,"name":"Anubisath Sentinel"},{"id":4,"start_time":841058,"end_time":1016138,"boss":2334,"name":"Prophet Skitra","size":15,"difficulty":4,"kill":true,"partial":3,"bossPercentage":0,"fightPercentage":0,"lastPhaseForPercentageDisplay":0,"maps":[1581]},{"id":5,"start_time":1067174,"end_time":1272744,"boss":0,"name":"Anubisath Sentinel"},{"id":6,"start_time":1312195,"end_time":1353431,"boss":0,"name":"Ossirat"},{"id":7,"start_time":1378637,"end_time":1467390,"boss":0,"name":"Aqir Shadowcrafter"},{"id":8,"start_time":1481669,"end_time":1491584,"boss":0,"originalBoss":2327,"name":"Maut"},{"id":9,"start_time":1707989,"end_time":1858944,"boss":2327,"name":"Maut","size":17,"difficulty":4,"kill":true,"partial":3,"bossPercentage":0,"fightPercentage":0,"lastPhaseForPercentageDisplay":1,"maps":[1581]},{"id":10,"start_time":1954198,"end_time":1983750,"boss":0,"name":"Gryth'ax the Executioner"},{"id":11,"start_time":2037335,"end_time":2099471,"boss":0,"name":"Umbral Gatekeeper"},{"id":12,"start_time":2114853,"end_time":2475396,"boss":0,"name":"Jesh'ra"},{"id":13,"start_time":2496550,"end_time":2503477,"boss":0,"originalBoss":2328,"name":"Dark Inquisitor Xanesh"},{"id":14,"start_time":2582031,"end_time":2823610,"boss":2328,"name":"Dark Inquisitor Xanesh","size":17,"difficulty":4,"kill":true,"partial":3,"bossPercentage":0,"fightPercentage":0,"lastPhaseForPercentageDisplay":0,"maps":[1592]},{"id":15,"start_time":2879559,"end_time":3014554,"boss":0,"name":"Vexiona"},{"id":16,"start_time":3034292,"end_time":3066285,"boss":0,"name":"Vexiona"},{"id":17,"start_time":3099488,"end_time":3337429,"boss":2336,"name":"Vexiona","size":17,"difficulty":4,"kill":true,"partial":3,"bossPercentage":0,"fightPercentage":0,"lastPhaseForPercentageDisplay":1,"maps":[1593]},{"id":18,"start_time":3370811,"end_time":3439030,"boss":0,"name":"Aqir Swarmkeeper"},{"id":19,"start_time":3449832,"end_time":3516733,"boss":0,"name":"Aqir Swarmkeeper"},{"id":20,"start_time":3527939,"end_time":3587417,"boss":0,"name":"Deresh of the Nothingness"},{"id":21,"start_time":3604754,"end_time":3642621,"boss":0,"name":"Aqir Crusher"},{"id":22,"start_time":3681691,"end_time":3892842,"boss":2333,"name":"The Hivemind","size":17,"difficulty":4,"kill":true,"partial":3,"bossPercentage":0,"fightPercentage":0,"lastPhaseForPercentageDisplay":0,"maps":[1590]},{"id":23,"start_time":4422320,"end_time":4646728,"boss":2331,"name":"Ra-den the Despoiled","size":18,"difficulty":4,"kill":true,"partial":3,"bossPercentage":0,"fightPercentage":0,"lastPhaseForPercentageDisplay":2,"maps":[1591]},{"id":24,"start_time":4751839,"end_time":5022350,"boss":0,"name":"Shad'har the Insatiable"},{"id":25,"start_time":5030317,"end_time":5041468,"boss":0,"originalBoss":2335,"name":"Shad'har the Insatiable"},{"id":26,"start_time":5150411,"end_time":5358421,"boss":2335,"name":"Shad'har the Insatiable","size":17,"difficulty":4,"kill":true,"partial":3,"bossPercentage":0,"fightPercentage":0,"lastPhaseForPercentageDisplay":3,"maps":[1594]},{"id":27,"start_time":5429081,"end_time":5664344,"boss":0,"name":"Drest'agath"},{"id":28,"start_time":5763677,"end_time":6045104,"boss":2343,"name":"Drest'agath","size":17,"difficulty":4,"kill":true,"partial":3,"bossPercentage":0,"fightPercentage":0,"lastPhaseForPercentageDisplay":0,"maps":[1595]},{"id":29,"start_time":6081765,"end_time":6142224,"boss":0,"name":"Corrosive Digester"},{"id":30,"start_time":6259222,"end_time":6603059,"boss":2345,"name":"Il'gynoth, Corruption Reborn","size":17,"difficulty":4,"kill":true,"partial":3,"bossPercentage":149,"fightPercentage":149,"lastPhaseForPercentageDisplay":0,"maps":[1596]},{"id":31,"start_time":6685756,"end_time":6854004,"boss":0,"name":"Monstrous Behemoth"},{"id":32,"start_time":6884989,"end_time":6951138,"boss":0,"name":"Amalgamation of Flesh"},{"id":33,"start_time":6965016,"end_time":7084578,"boss":0,"name":"Amalgamation of Flesh"},{"id":34,"start_time":7095833,"end_time":7097113,"boss":0,"name":"Amalgamation of Flesh"},{"id":35,"start_time":7127632,"end_time":7594153,"boss":2337,"name":"Carapace of N'Zoth","size":18,"difficulty":4,"kill":true,"partial":3,"bossPercentage":0,"fightPercentage":0,"lastPhaseForPercentageDisplay":0,"maps":[1597]},{"id":36,"start_time":7903546,"end_time":8229617,"boss":2344,"name":"N'Zoth the Corruptor","size":18,"difficulty":4,"kill":false,"partial":3,"bossPercentage":6674,"fightPercentage":6674,"lastPhaseForPercentageDisplay":0,"maps":[1597]},{"id":37,"start_time":8343816,"end_time":8938646,"boss":2344,"name":"N'Zoth the Corruptor","size":18,"difficulty":4,"kill":true,"partial":3,"bossPercentage":214,"fightPercentage":214,"lastPhaseForPercentageDisplay":0,"maps":[1597]},{"id":38,"start_time":8941821,"end_time":8944639,"boss":0,"name":"N'Zoth the Corruptor"}],"completeRaids":[{"id":10000,"start_time":324223,"end_time":8938646,"boss":2346,"name":"Ny'alotha","size":18,"difficulty":4,"kill":true,"partial":3,"speedClear":true}],"lang":"en","friendlies":[{"name":"Killerolav","id":88,"guid":87526700,"type":"Warrior","server":"Stormreaver","fights":[{"id":9},{"id":10},{"id":11},{"id":12},{"id":13},{"id":14},{"id":15},{"id":16},{"id":17},{"id":18},{"id":19},{"id":20},{"id":21},{"id":22},{"id":23},{"id":24},{"id":25},{"id":26},{"id":27},{"id":28},{"id":29},{"id":30},{"id":31},{"id":32},{"id":33},{"id":35},{"id":36},{"id":37},{"id":38}]},{"name":"Roshi","id":10,"guid":80453597,"type":"Mage","server":"Haomarush","fights":[{"id":1},{"id":2},{"id":3},{"id":4},{"id":5},{"id":6},{"id":7},{"id":8},{"id":9},{"id":10},{"id":11},{"id":12},{"id":13},{"id":14},{"id":15},{"id":16},{"id":17},{"id":18},{"id":19},{"id":20},{"id":21},{"id":22},{"id":23},{"id":24},{"id":25},{"id":26},{"id":27},{"id":28},{"id":29},{"id":30},{"id":31},{"id":32},{"id":33},{"id":35},{"id":36},{"id":37},{"id":38}]},{"name":"Akuchi","id":145,"guid":85044699,"type":"Rogue","server":"Stormreaver","fights":[{"id":23},{"id":24},{"id":25},{"id":26},{"id":27},{"id":28},{"id":29},{"id":30},{"id":31},{"id":32},{"id":33},{"id":35},{"id":36},{"id":37},{"id":38}]},{"name":"Artêmis","id":87,"guid":142314475,"type":"Hunter","server":"Stormreaver","fights":[{"id":9},{"id":10},{"id":11},{"id":12},{"id":13},{"id":14},{"id":15},{"id":16},{"id":17},{"id":18},{"id":19},{"id":20},{"id":21},{"id":22},{"id":23},{"id":31},{"id":32},{"id":33},{"id":34},{"id":35},{"id":36},{"id":37}]},{"name":"Siome","id":4,"guid":87750683,"type":"Mage","server":"Stormreaver","fights":[{"id":1},{"id":2},{"id":3},{"id":4},{"id":5},{"id":6},{"id":7},{"id":8},{"id":9},{"id":10},{"id":11},{"id":12},{"id":13},{"id":14},{"id":15},{"id":16},{"id":17},{"id":18},{"id":19},{"id":20},{"id":21},{"id":22},{"id":23},{"id":24},{"id":25},{"id":26},{"id":27},{"id":28},{"id":29},{"id":30},{"id":31},{"id":32},{"id":33},{"id":34},{"id":35},{"id":36},{"id":37},{"id":38}]},{"name":"Darlene","id":14,"guid":87371869,"type":"Paladin","server":"Stormreaver","fights":[{"id":1},{"id":2},{"id":3},{"id":4},{"id":5},{"id":6},{"id":7},{"id":8},{"id":9},{"id":10},{"id":11},{"id":12},{"id":13},{"id":14},{"id":15},{"id":16},{"id":17},{"id":18},{"id":19},{"id":20},{"id":21},{"id":22},{"id":23},{"id":24},{"id":25},{"id":26},{"id":27},{"id":28},{"id":29},{"id":30},{"id":31},{"id":32},{"id":33},{"id":35},{"id":36},{"id":37}]},{"name":"Lorenmilo","id":18,"guid":81196482,"type":"Hunter","server":"Haomarush","fights":[{"id":1},{"id":2},{"id":3},{"id":4},{"id":5},{"id":6},{"id":7},{"id":8},{"id":9},{"id":10},{"id":11},{"id":12},{"id":13},{"id":14},{"id":15},{"id":16},{"id":17},{"id":18},{"id":19},{"id":21},{"id":22},{"id":23},{"id":24},{"id":25},{"id":26},{"id":27},{"id":28},{"id":29},{"id":30},{"id":31},{"id":32},{"id":33},{"id":34},{"id":35},{"id":36},{"id":37}]},{"name":"Enikma","id":5,"guid":144690752,"type":"Paladin","server":"Stormreaver","fights":[{"id":1},{"id":2},{"id":3},{"id":4},{"id":5},{"id":6},{"id":7},{"id":8},{"id":9},{"id":10},{"id":11},{"id":12},{"id":13},{"id":14},{"id":15},{"id":16},{"id":17},{"id":18},{"id":19},{"id":20},{"id":21},{"id":22},{"id":23},{"id":24},{"id":25},{"id":26},{"id":27},{"id":28},{"id":29},{"id":30},{"id":31},{"id":32},{"id":33},{"id":35},{"id":36},{"id":37},{"id":38}]},{"name":"Alune","id":7,"guid":117727038,"type":"Mage","server":"Dragonmaw","fights":[{"id":1},{"id":2},{"id":3},{"id":4},{"id":5},{"id":6},{"id":7},{"id":8},{"id":9},{"id":10},{"id":11},{"id":12},{"id":13},{"id":14},{"id":15},{"id":16},{"id":17},{"id":18},{"id":19},{"id":20},{"id":21},{"id":22},{"id":23},{"id":24},{"id":25},{"id":26},{"id":27},{"id":28},{"id":29},{"id":30},{"id":31},{"id":32},{"id":33},{"id":35},{"id":36},{"id":37},{"id":38}]},{"name":"Tiria","id":13,"guid":86010293,"type":"DeathKnight","server":"Stormreaver","fights":[{"id":1},{"id":2},{"id":3},{"id":4},{"id":5},{"id":6},{"id":7},{"id":8},{"id":9},{"id":10},{"id":11},{"id":12},{"id":13},{"id":14},{"id":15},{"id":16},{"id":17},{"id":18},{"id":19},{"id":20},{"id":21},{"id":22},{"id":23},{"id":24},{"id":25},{"id":26},{"id":27},{"id":28},{"id":29},{"id":30},{"id":31},{"id":32},{"id":33},{"id":35},{"id":36},{"id":37},{"id":38}]},{"name":"Morgengry","id":20,"guid":150484258,"type":"Paladin","server":"Stormreaver","fights":[{"id":1},{"id":2},{"id":3},{"id":4},{"id":5},{"id":6},{"id":7},{"id":8},{"id":9},{"id":10},{"id":11},{"id":12},{"id":13},{"id":14},{"id":15},{"id":16},{"id":17},{"id":18},{"id":19},{"id":20},{"id":21},{"id":22},{"id":23},{"id":24},{"id":25},{"id":26},{"id":27},{"id":28},{"id":29},{"id":30},{"id":31},{"id":32},{"id":33},{"id":34},{"id":35},{"id":36},{"id":37},{"id":38}]},{"name":"Wrathion","id":183,"guid":160177,"type":"NPC","abilityIcon":"spell_fire_sealoffire","fights":[{"id":35,"instances":1,"groups":5}]},{"name":"Akia","id":22,"guid":151867949,"type":"Druid","server":"Stormreaver","fights":[{"id":1},{"id":2},{"id":3},{"id":4},{"id":5},{"id":6},{"id":7},{"id":8},{"id":9},{"id":10},{"id":11},{"id":12},{"id":13},{"id":14},{"id":15},{"id":16},{"id":17},{"id":18},{"id":19},{"id":20},{"id":21},{"id":22},{"id":23},{"id":24},{"id":25},{"id":26},{"id":27},{"id":28},{"id":30},{"id":31},{"id":32},{"id":33},{"id":34},{"id":35},{"id":36},{"id":37},{"id":38}]},{"name":"Aranatha","id":11,"guid":142361975,"type":"Paladin","server":"Stormreaver","fights":[{"id":1},{"id":2},{"id":3},{"id":4},{"id":5},{"id":6},{"id":7},{"id":8},{"id":9},{"id":10},{"id":11},{"id":12},{"id":13},{"id":14},{"id":15},{"id":16},{"id":17},{"id":18},{"id":19},{"id":20},{"id":21},{"id":22},{"id":23},{"id":24},{"id":25},{"id":26},{"id":27},{"id":28},{"id":29},{"id":30},{"id":31},{"id":32},{"id":33},{"id":34},{"id":35},{"id":36},{"id":37},{"id":38}]},{"name":"Souw","id":12,"guid":117033739,"type":"Warrior","server":"Vashj","fights":[{"id":1},{"id":2},{"id":3},{"id":4},{"id":5},{"id":6},{"id":7},{"id":8},{"id":9},{"id":10},{"id":11},{"id":12},{"id":13},{"id":14},{"id":15},{"id":16},{"id":17},{"id":19},{"id":20},{"id":21},{"id":22},{"id":23},{"id":24},{"id":25},{"id":26},{"id":27},{"id":28},{"id":29},{"id":30},{"id":31},{"id":32},{"id":33},{"id":34},{"id":35},{"id":36},{"id":37}]},{"name":"Thing From Beyond","id":50,"guid":161895,"type":"NPC","abilityIcon":"ability_deathwing_assualtaspects","fights":[{"id":17,"instances":8},{"id":37,"instances":20}]},{"name":"Cassplug","id":3,"guid":85765608,"type":"DeathKnight","server":"Stormreaver","fights":[{"id":1},{"id":2},{"id":3},{"id":4},{"id":5},{"id":6},{"id":7},{"id":8},{"id":9},{"id":10},{"id":11},{"id":12},{"id":13},{"id":14},{"id":15},{"id":16},{"id":17},{"id":18},{"id":19},{"id":20},{"id":21},{"id":22},{"id":23},{"id":24},{"id":25},{"id":26},{"id":27},{"id":28},{"id":29},{"id":30},{"id":31},{"id":32},{"id":33},{"id":34},{"id":35},{"id":36},{"id":37}]},{"name":"Afterglow","id":1,"guid":87770936,"type":"Paladin","server":"Stormreaver","fights":[{"id":1},{"id":2},{"id":3},{"id":4},{"id":5},{"id":6},{"id":7},{"id":8},{"id":9},{"id":10},{"id":11},{"id":12},{"id":13},{"id":14},{"id":15},{"id":16},{"id":17},{"id":18},{"id":19},{"id":20},{"id":21},{"id":22},{"id":23},{"id":24},{"id":25},{"id":26},{"id":27},{"id":28},{"id":29},{"id":30},{"id":31},{"id":32},{"id":33},{"id":34},{"id":35},{"id":36},{"id":37},{"id":38}]},{"name":"Babavuna","id":2,"guid":85320397,"type":"Shaman","server":"Stormreaver","fights":[{"id":1},{"id":2},{"id":3},{"id":4},{"id":5},{"id":6},{"id":7},{"id":8},{"id":9},{"id":11},{"id":12},{"id":13},{"id":14},{"id":15},{"id":16},{"id":17},{"id":18},{"id":19},{"id":20},{"id":21},{"id":22},{"id":23},{"id":24},{"id":25},{"id":26},{"id":27},{"id":28},{"id":29},{"id":30},{"id":31},{"id":32},{"id":33},{"id":35},{"id":36},{"id":37},{"id":38}]},{"name":"Shindori","id":15,"guid":87081885,"type":"Hunter","server":"Stormreaver","fights":[{"id":1},{"id":2},{"id":3},{"id":4},{"id":5},{"id":6},{"id":7},{"id":8},{"id":9},{"id":10},{"id":11},{"id":12},{"id":13},{"id":14},{"id":15},{"id":16},{"id":17},{"id":18},{"id":19},{"id":20},{"id":21},{"id":22},{"id":23},{"id":24},{"id":25},{"id":26},{"id":27},{"id":28},{"id":29},{"id":30},{"id":31},{"id":32},{"id":33},{"id":35},{"id":36},{"id":37},{"id":38}]}],"enemies":[{"name":"Thrashing Tentacle","id":191,"guid":162159,"type":"NPC","abilityIcon":"ability_golemthunderclap","fights":[{"id":35,"instances":2,"groups":1}]},{"name":"Tentacle of Drest'agath","id":171,"guid":157614,"type":"NPC","abilityIcon":"ability_xavius_crushingshadows","fights":[{"id":28,"instances":4,"groups":2}]},{"name":"N'Zoth the Corruptor","id":197,"guid":162480,"type":"NPC","abilityIcon":"spell_priest_void-blast","fights":[{"id":36,"instances":1,"groups":4},{"id":37,"instances":1,"groups":6}]},{"name":"Crackling Shard","id":52,"guid":158327,"type":"NPC","abilityIcon":"ability_rhyolith_volcano","fights":[{"id":1,"instances":32,"groups":1}]},{"name":"Void Ascendant","id":117,"guid":162719,"type":"NPC","abilityIcon":"spell_priest_voidsear","fights":[{"id":15,"instances":2,"groups":1}]},{"name":"Aqir Heartpiercer","id":132,"guid":162305,"type":"NPC","abilityIcon":"inv_misc_organ_01","fights":[{"id":18,"instances":2,"groups":1},{"id":19,"instances":2,"groups":1}]},{"name":"Ka'zir","id":137,"guid":157253,"type":"Boss","abilityIcon":"ability_pet_baneling","fights":[{"id":22,"instances":1}]},{"name":"Void Portal","id":148,"guid":161945,"type":"NPC","abilityIcon":"trade_engineering","fights":[{"id":23,"instances":1}]},{"name":"Vita Portal","id":147,"guid":161943,"type":"NPC","abilityIcon":"trade_engineering","fights":[{"id":23,"instances":1}]},{"name":"Void Fanatic","id":65,"guid":160183,"type":"NPC","fights":[{"id":2,"instances":1,"groups":1},{"id":5,"instances":8,"groups":2},{"id":12,"instances":14,"groups":2},{"id":31,"instances":2,"groups":2}]},{"name":"Acidic Aqir","id":143,"guid":159173,"type":"NPC","abilityIcon":"ability_creature_poison_06","fights":[{"id":22,"instances":3}]},{"name":"Deresh of the Nothingness","id":134,"guid":159768,"type":"NPC","abilityIcon":"spell_priest_voidtendrils","fights":[{"id":20,"instances":1,"groups":2}]},{"name":"Eye of Drest'agath","id":170,"guid":157612,"type":"NPC","abilityIcon":"spell_shadow_siphonmana","fights":[{"id":28,"instances":6,"groups":2}]},{"name":"Aqir Swarmkeeper","id":129,"guid":162303,"type":"NPC","abilityIcon":"inv_inscription_pigment_bug07","fights":[{"id":18,"instances":1},{"id":19,"instances":1}]},{"name":"Aqir Drone","id":141,"guid":157255,"type":"NPC","abilityIcon":"ability_fixated_state_red","fights":[{"id":22,"instances":30,"groups":3}]},{"name":"Coagulated Monstrosity","id":164,"guid":161836,"type":"NPC","fights":[{"id":24,"instances":3,"groups":1},{"id":27,"instances":9,"groups":3}]},{"name":"Dark Ritualist","id":110,"guid":161286,"type":"NPC","abilityIcon":"spell_priest_divinestar_shadow2","fights":[{"id":12,"instances":2,"groups":1}]},{"name":"Exposed Synapse","id":194,"guid":159578,"type":"NPC","abilityIcon":"spell_nature_focusedmind","fights":[{"id":36,"instances":40,"groups":3},{"id":37,"instances":60,"groups":5}]},{"name":"Gaze of Madness","id":184,"guid":157442,"type":"NPC","abilityIcon":"spell_priest_shadow-mend","fights":[{"id":35,"instances":3}]},{"name":"Mycelial Cyst","id":188,"guid":157461,"type":"NPC","fights":[{"id":35,"instances":32,"groups":1}]},{"name":"Aqir Skitterer","id":130,"guid":161217,"type":"NPC","abilityIcon":"ability_fixated_state_red","fights":[{"id":18,"instances":7,"groups":1},{"id":19,"instances":10,"groups":1},{"id":20,"instances":20,"groups":1},{"id":21,"instances":20,"groups":1}]},{"name":"Basher Tentacle","id":201,"guid":158367,"type":"NPC","abilityIcon":"spell_priest_voidtendrils","fights":[{"id":36,"instances":8,"groups":3},{"id":37,"instances":8,"groups":5}]},{"name":"Anubisath Sentinel","id":69,"guid":161571,"type":"NPC","abilityIcon":"ability_warrior_savageblow","fights":[{"id":3,"instances":1}]},{"name":"Spiked Tentacle","id":99,"guid":159416,"type":"NPC","abilityIcon":"achievement_boss_yoggsaron_01","fights":[{"id":24,"instances":3,"groups":1}]},{"name":"Horrific Hemorrhage","id":185,"guid":157486,"type":"NPC","abilityIcon":"ability_druid_ironfur","fights":[{"id":35,"instances":12,"groups":2}]},{"name":"Organ of Corruption","id":175,"guid":158343,"type":"NPC","abilityIcon":"inv_misc_organ_06","fights":[{"id":30,"instances":6,"groups":2}]},{"name":"Amalgamation of Flesh","id":181,"guid":163841,"type":"NPC","abilityIcon":"inv_enchant_voidsphere","fights":[{"id":32,"instances":10,"groups":1},{"id":33,"instances":14,"groups":1},{"id":34,"instances":1,"groups":1}]},{"name":"Corruptor Tentacle","id":202,"guid":158375,"type":"NPC","abilityIcon":"spell_shadow_skull","fights":[{"id":36,"instances":9,"groups":4},{"id":37,"instances":11,"groups":6}]},{"name":"Image of Absolution","id":78,"guid":160904,"type":"NPC","abilityIcon":"inv_enchant_dustillusion","fights":[{"id":4,"instances":21,"groups":1}]},{"name":"Living Miasma","id":166,"guid":157229,"type":"NPC","abilityIcon":"ability_priest_voidentropy","fights":[{"id":26,"instances":6,"groups":7}]},{"name":"Eye of the Depths","id":107,"guid":159510,"type":"NPC","fights":[{"id":12,"instances":1},{"id":19,"instances":1},{"id":24,"instances":1},{"id":27,"instances":1},{"id":31,"instances":1}]},{"name":"Prophet Skitra","id":74,"guid":157238,"type":"Boss","abilityIcon":"inv_misc_shadowegg","fights":[{"id":4,"instances":1}]},{"name":"Aqir Venomweaver","id":135,"guid":161229,"type":"NPC","abilityIcon":"ability_creature_poison_06","fights":[{"id":21,"instances":2,"groups":1}]},{"name":"Crushing Tendril","id":162,"guid":161312,"type":"NPC","abilityIcon":"achievement_boss_yoggsaron_01","fights":[{"id":24,"instances":2,"groups":1},{"id":27,"instances":5,"groups":2}]},{"name":"Umbral Gatekeeper","id":97,"guid":163708,"type":"NPC","abilityIcon":"spell_priest_void-blast","fights":[{"id":11,"instances":2,"groups":1}]},{"name":"Aqir Scarab","id":84,"guid":159405,"type":"NPC","fights":[{"id":7,"instances":32,"groups":1}]},{"name":"Cursed Blood","id":176,"guid":159720,"type":"NPC","abilityIcon":"spell_deathknight_bloodtap","fights":[{"id":30,"instances":3,"groups":6}]},{"name":"Ashwalker Assassin","id":54,"guid":160291,"type":"NPC","abilityIcon":"ability_stealth","fights":[{"id":1,"instances":4,"groups":1}]},{"name":"Thought Harvester","id":209,"guid":162933,"type":"NPC","abilityIcon":"spell_shadow_brainwash","fights":[{"id":37,"instances":3,"groups":2}]},{"name":"Iron-Willed Enforcer","id":115,"guid":162718,"type":"NPC","abilityIcon":"ability_smash","fights":[{"id":15,"instances":3,"groups":2},{"id":16,"instances":1,"groups":1}]},{"name":"Essence of Vita","id":150,"guid":156884,"type":"NPC","abilityIcon":"ability_thunderking_lightningwhip","fights":[{"id":23,"instances":3,"groups":5}]},{"name":"Nightmare Antigen","id":186,"guid":157452,"type":"NPC","abilityIcon":"sha_spell_fire_ragnaros_supernova_nightmare","fights":[{"id":35,"instances":77,"groups":4}]},{"name":"Demented Knife-Twister","id":105,"guid":159417,"type":"NPC","abilityIcon":"ability_rogue_shadowyduel","fights":[{"id":12,"instances":6,"groups":3},{"id":31,"instances":2,"groups":2}]},{"name":"Void Hunter","id":153,"guid":157366,"type":"NPC","abilityIcon":"ability_warlock_shadowfurytga","fights":[{"id":23,"instances":2}]},{"name":"Psychus","id":195,"guid":158376,"type":"NPC","abilityIcon":"ability_creature_disease_05","fights":[{"id":36,"instances":2},{"id":37,"instances":3}]},{"name":"Anubisath Sentinel","id":72,"guid":162534,"type":"NPC","abilityIcon":"ability_warrior_trauma","fights":[{"id":3,"instances":1},{"id":5,"instances":1}]},{"name":"Ra-den","id":146,"guid":156866,"type":"Boss","abilityIcon":"ability_deathwing_bloodcorruption_death","fights":[{"id":23,"instances":1}]},{"name":"Gibbering Ooze","id":158,"guid":161835,"type":"NPC","fights":[{"id":24,"instances":5,"groups":2},{"id":27,"instances":10,"groups":4},{"id":29,"instances":1,"groups":1}]},{"name":"Deathwing","id":205,"guid":160665,"type":"NPC","abilityIcon":"spell_fire_felflamering_red","fights":[{"id":36,"instances":1,"groups":5},{"id":37,"instances":1,"groups":4}]},{"name":"Gryth'ax the Executioner","id":96,"guid":159224,"type":"NPC","abilityIcon":"spell_shadow_painspike","fights":[{"id":10,"instances":1}]},{"name":"Il'gynoth","id":174,"guid":158328,"type":"Boss","abilityIcon":"inv_eyeofnzothpet","fights":[{"id":30,"instances":1,"groups":3}]},{"name":"Living Blood","id":157,"guid":159312,"type":"NPC","abilityIcon":"ability_deathwing_bloodcorruption_earth","fights":[{"id":24,"instances":24,"groups":4},{"id":27,"instances":6,"groups":2}]},{"name":"Wrathion","id":31,"guid":156818,"type":"Boss","abilityIcon":"ability_deathwing_cataclysm","fights":[{"id":1,"instances":1,"groups":2}]},{"name":"Blood of Ny'alotha","id":178,"guid":159514,"type":"NPC","abilityIcon":"ability_warrior_bloodnova","fights":[{"id":30,"instances":28,"groups":2}]},{"name":"Sylvanas Windrunner","id":208,"guid":160671,"type":"NPC","abilityIcon":"ability_theblackarrow","fights":[{"id":37,"instances":1,"groups":3}]},{"name":"Fanatical Cultist","id":114,"guid":162715,"type":"NPC","fights":[{"id":15,"instances":17,"groups":1},{"id":16,"instances":4,"groups":1}]},{"name":"Aqir Crusher","id":136,"guid":161218,"type":"NPC","abilityIcon":"inv_misc_volatileearth","fights":[{"id":21,"instances":2,"groups":1}]},{"name":"Anubisath Sentinel","id":70,"guid":162417,"type":"NPC","abilityIcon":"spell_nature_thunderclap","fights":[{"id":3,"instances":1,"groups":1},{"id":5,"instances":1,"groups":2}]},{"name":"Chittering Waspling","id":79,"guid":161837,"type":"NPC","fights":[{"id":5,"instances":2,"groups":1}]},{"name":"Sinister Soulcarver","id":118,"guid":162717,"type":"NPC","abilityIcon":"ability_theblackarrow","fights":[{"id":15,"instances":2,"groups":1},{"id":16,"instances":2,"groups":1}]},{"name":"Shath'Yar Scribe","id":64,"guid":163690,"type":"NPC","abilityIcon":"inv_enchant_voidsphere","fights":[{"id":2,"instances":3,"groups":1},{"id":5,"instances":2,"groups":2},{"id":10,"instances":2,"groups":1}]},{"name":"Dark Manifestation","id":93,"guid":156650,"type":"NPC","fights":[{"id":9,"instances":3}]},{"name":"Zealous Adherent","id":106,"guid":159308,"type":"NPC","abilityIcon":"ability_ironmaidens_convulsiveshadows","fights":[{"id":12,"instances":6,"groups":3},{"id":31,"instances":3,"groups":2}]},{"name":"Void Ascendant","id":119,"guid":157467,"type":"NPC","abilityIcon":"spell_priest_voidsear","fights":[{"id":16,"instances":1},{"id":17,"instances":2}]},{"name":"Cultist Sycophant","id":109,"guid":161251,"type":"NPC","abilityIcon":"ability_ironmaidens_sanguinestrikes","fights":[{"id":12,"instances":8,"groups":1}]},{"name":"Crackling Stalker","id":154,"guid":157365,"type":"NPC","abilityIcon":"spell_lightning_lightningbolt01","fights":[{"id":23,"instances":1}]},{"name":"Void Initiate","id":67,"guid":160182,"type":"NPC","abilityIcon":"ability_ironmaidens_convulsiveshadows","fights":[{"id":2,"instances":3,"groups":1},{"id":5,"instances":35,"groups":3},{"id":11,"instances":4,"groups":1},{"id":12,"instances":13,"groups":2},{"id":24,"instances":2,"groups":1},{"id":31,"instances":2,"groups":2}]},{"name":"Synthesis Growth","id":187,"guid":157475,"type":"NPC","abilityIcon":"spell_necro_necroticsmash","fights":[{"id":35,"instances":16,"groups":2}]},{"name":"Essence of Void","id":152,"guid":156980,"type":"NPC","abilityIcon":"inv_enchant_voidsphere","fights":[{"id":23,"instances":3,"groups":6}]},{"name":"Aqir Darter","id":144,"guid":157256,"type":"NPC","abilityIcon":"ability_vehicle_sonicshockwave","fights":[{"id":22,"instances":6,"groups":2}]},{"name":"Ossirat","id":60,"guid":161746,"type":"NPC","abilityIcon":"inv_weapon_hand_08","fights":[{"id":6,"instances":1}]},{"name":"Jesh'ra","id":104,"guid":159764,"type":"NPC","abilityIcon":"ability_rogue_envelopingshadows","fights":[{"id":12,"instances":1}]},{"name":"Spellbound Ritualist","id":102,"guid":162716,"type":"NPC","abilityIcon":"spell_shadow_shadowbolt","fights":[{"id":15,"instances":4,"groups":1},{"id":16,"instances":1,"groups":1}]},{"name":"Dying Voidspawn","id":101,"guid":163712,"type":"NPC","abilityIcon":"ability_fixated_state_red","fights":[{"id":11,"instances":13,"groups":1}]},{"name":"Sanguimar","id":159,"guid":159767,"type":"NPC","abilityIcon":"inv_misc_boilingblood","fights":[{"id":24,"instances":1}]},{"name":"Engorged Maggot","id":163,"guid":161833,"type":"NPC","fights":[{"id":24,"instances":8,"groups":1},{"id":27,"instances":16,"groups":2}]},{"name":"N'Zoth the Corruptor","id":193,"guid":158041,"type":"Boss","abilityIcon":"spell_shadow_painandsuffering","fights":[{"id":36,"instances":1,"groups":2},{"id":37,"instances":1,"groups":2},{"id":38,"instances":1,"groups":1}]},{"name":"Spellbound Ritualist","id":126,"guid":157450,"type":"NPC","fights":[{"id":17,"instances":3,"groups":2}]},{"name":"Prophet Skitra","id":76,"guid":157620,"type":"NPC","fights":[{"id":4,"instances":2}]},{"name":"Corrupted Neuron","id":199,"guid":162331,"type":"NPC","fights":[{"id":36,"instances":23,"groups":2},{"id":37,"instances":24,"groups":2}]},{"name":"Mindgate","id":204,"guid":158374,"type":"NPC","abilityIcon":"ability_kaztik_dominatemind","fights":[{"id":36,"instances":1},{"id":37,"instances":2}]},{"name":"Void Horror","id":160,"guid":161335,"type":"NPC","abilityIcon":"spell_shadow_siphonmana","fights":[{"id":24,"instances":2,"groups":1},{"id":27,"instances":4,"groups":2}]},{"name":"Maw of Drest'agath","id":172,"guid":157613,"type":"NPC","abilityIcon":"ability_creature_poison_02","fights":[{"id":28,"instances":4,"groups":3}]},{"name":"Onyx Scarab","id":83,"guid":161834,"type":"NPC","fights":[{"id":6,"instances":3,"groups":1}]},{"name":"Gnashing Terror","id":161,"guid":161334,"type":"NPC","abilityIcon":"ability_creature_poison_02","fights":[{"id":24,"instances":1,"groups":1},{"id":27,"instances":3,"groups":2}]},{"name":"Sinister Soulcarver","id":124,"guid":157449,"type":"NPC","abilityIcon":"ability_theblackarrow","fights":[{"id":17,"instances":3,"groups":2}]},{"name":"Leeching Parasite","id":156,"guid":159309,"type":"NPC","abilityIcon":"ability_creature_poison_01","fights":[{"id":24,"instances":9,"groups":3}]},{"name":"Corrosive Digester","id":103,"guid":162828,"type":"NPC","abilityIcon":"inv_misc_food_legion_gooslime_multi","fights":[{"id":24,"instances":1,"groups":1},{"id":27,"instances":7,"groups":2},{"id":29,"instances":4,"groups":1}]},{"name":"Queen Azshara","id":112,"guid":156579,"type":"NPC","abilityIcon":"ability_warlock_eradication","fights":[{"id":13,"instances":1},{"id":14,"instances":1}]},{"name":"Acidic Aqir","id":142,"guid":161019,"type":"NPC","abilityIcon":"ability_creature_poison_06","fights":[{"id":22,"instances":12,"groups":3}]},{"name":"Aqir Shadowcrafter","id":85,"guid":161416,"type":"NPC","abilityIcon":"inv_icon_shadowcouncilorb_purple","fights":[{"id":7,"instances":4,"groups":1}]},{"name":"Anubisath Sentinel","id":71,"guid":162508,"type":"NPC","abilityIcon":"spell_shadow_shadowbolt","fights":[{"id":3,"instances":1}]},{"name":"Flayed Soul","id":113,"guid":157005,"type":"NPC","abilityIcon":"ability_demonhunter_soulcleave2","fights":[{"id":14,"instances":36,"groups":4}]},{"name":"Drest'agath","id":169,"guid":157602,"type":"Boss","abilityIcon":"spell_shaman_earthquake","fights":[{"id":27,"instances":1},{"id":28,"instances":1}]},{"name":"Spike Tentacle","id":203,"guid":160249,"type":"NPC","abilityIcon":"spell_shadow_painspike","fights":[{"id":36,"instances":9,"groups":3},{"id":37,"instances":18,"groups":4}]},{"name":"Fanatical Cultist","id":121,"guid":157447,"type":"NPC","fights":[{"id":17,"instances":9,"groups":2}]},{"name":"Image of Absolution","id":77,"guid":160990,"type":"NPC","abilityIcon":"inv_enchant_dustillusion","fights":[{"id":4,"instances":21,"groups":2}]},{"name":"Umbral Seer","id":81,"guid":159219,"type":"NPC","abilityIcon":"spell_shadow_painspike","fights":[{"id":5,"instances":1},{"id":12,"instances":2},{"id":24,"instances":2},{"id":31,"instances":3}]},{"name":"Fury of N'Zoth","id":182,"guid":157439,"type":"Boss","abilityIcon":"spell_priest_void-blast","fights":[{"id":35,"instances":1}]},{"name":"Willing Sacrifice","id":80,"guid":162647,"type":"NPC","abilityIcon":"ability_warlock_everlastingaffliction","fights":[{"id":5,"instances":1}]},{"name":"Monstrous Behemoth","id":62,"guid":159303,"type":"NPC","abilityIcon":"ability_warlock_everlastingaffliction","fights":[{"id":2,"instances":1,"groups":1},{"id":5,"instances":2,"groups":1},{"id":11,"instances":1,"groups":2},{"id":12,"instances":4,"groups":3},{"id":31,"instances":1,"groups":1}]},{"name":"Aqir Drone","id":131,"guid":162306,"type":"NPC","fights":[{"id":18,"instances":5,"groups":1},{"id":19,"instances":5,"groups":1}]},{"name":"Mind's Eye","id":196,"guid":158122,"type":"NPC","abilityIcon":"inv_eyeofnzothpet","fights":[{"id":36,"instances":1,"groups":3},{"id":37,"instances":1,"groups":2}]},{"name":"Maut","id":86,"guid":156523,"type":"Boss","abilityIcon":"inv_misc_archstone_01","fights":[{"id":8,"instances":1},{"id":9,"instances":1}]},{"name":"Vexiona","id":116,"guid":157354,"type":"Boss","abilityIcon":"ability_priest_voidentropy","fights":[{"id":15,"instances":1,"groups":2},{"id":16,"instances":1,"groups":1},{"id":17,"instances":1,"groups":1}]},{"name":"Maddened Conscript","id":63,"guid":159305,"type":"NPC","abilityIcon":"ability_racial_bloodrage","fights":[{"id":2,"instances":3,"groups":1},{"id":5,"instances":3,"groups":2},{"id":11,"instances":2,"groups":1},{"id":12,"instances":6,"groups":4},{"id":31,"instances":2,"groups":2}]},{"name":"Occult Shadowmender","id":61,"guid":159425,"type":"NPC","abilityIcon":"spell_shadow_painspike","fights":[{"id":2,"instances":3,"groups":3},{"id":5,"instances":1,"groups":1},{"id":11,"instances":1,"groups":1},{"id":12,"instances":4,"groups":3},{"id":31,"instances":2,"groups":2}]},{"name":"Shad'har the Insatiable","id":165,"guid":157231,"type":"Boss","abilityIcon":"ability_warlock_everlastingaffliction","fights":[{"id":24,"instances":1},{"id":25,"instances":1},{"id":26,"instances":1}]},{"name":"Shredded Psyche","id":75,"guid":158781,"type":"NPC","abilityIcon":"spell_shadow_painandsuffering","fights":[{"id":4,"instances":3}]},{"name":"Tek'ris","id":138,"guid":157254,"type":"Boss","abilityIcon":"ability_priest_voidentropy","fights":[{"id":22,"instances":1}]},{"name":"Hepthys","id":57,"guid":161745,"type":"NPC","abilityIcon":"inv_weapon_hand_08","fights":[{"id":6,"instances":1,"groups":2}]},{"name":"Dark Inquisitor Xanesh","id":98,"guid":156575,"type":"Boss","abilityIcon":"inv_gauntlets_09","fights":[{"id":13,"instances":1},{"id":14,"instances":1}]}],"friendlyPets":[{"name":"Katy Stampwhistle","id":155,"guid":132969,"type":"Pet","petOwner":7,"fights":[{"id":24,"instances":1}]},{"name":"Spirit Link Totem","id":82,"guid":53006,"type":"Pet","petOwner":2,"fights":[{"id":5,"instances":1},{"id":9,"instances":1},{"id":12,"instances":1},{"id":14,"instances":1},{"id":17,"instances":1},{"id":22,"instances":1},{"id":23,"instances":1},{"id":26,"instances":1},{"id":30,"instances":1},{"id":35,"instances":1},{"id":37,"instances":1}]},{"name":"Beetledrinker","id":27,"guid":40346545,"type":"Pet","petOwner":13,"fights":[{"id":1,"instances":1},{"id":2,"instances":1},{"id":3,"instances":1},{"id":4,"instances":1},{"id":5,"instances":1},{"id":6,"instances":1},{"id":7,"instances":1},{"id":8,"instances":1},{"id":9,"instances":1},{"id":10,"instances":1},{"id":11,"instances":1},{"id":12,"instances":1},{"id":14,"instances":1},{"id":15,"instances":1},{"id":16,"instances":1},{"id":17,"instances":1},{"id":18,"instances":1},{"id":19,"instances":1},{"id":20,"instances":1},{"id":21,"instances":1},{"id":22,"instances":1},{"id":23,"instances":1},{"id":24,"instances":1},{"id":25,"instances":1},{"id":26,"instances":1},{"id":27,"instances":1},{"id":28,"instances":1},{"id":29,"instances":1},{"id":30,"instances":1},{"id":31,"instances":1},{"id":32,"instances":1},{"id":33,"instances":1},{"id":35,"instances":1},{"id":36,"instances":1},{"id":37,"instances":1}]},{"name":"Twisted Appendage","id":46,"guid":162764,"type":"Pet","petOwner":7,"fights":[{"id":1,"instances":2},{"id":3,"instances":1},{"id":4,"instances":5},{"id":5,"instances":2},{"id":7,"instances":1},{"id":9,"instances":2},{"id":10,"instances":1},{"id":11,"instances":2},{"id":12,"instances":6},{"id":14,"instances":4},{"id":15,"instances":2},{"id":17,"instances":4},{"id":18,"instances":1},{"id":21,"instances":1},{"id":22,"instances":3},{"id":23,"instances":2},{"id":24,"instances":7},{"id":26,"instances":2},{"id":27,"instances":1},{"id":28,"instances":4},{"id":30,"instances":7},{"id":35,"instances":8},{"id":36,"instances":3},{"id":37,"instances":3}]},{"name":"Guardian of Azeroth","id":32,"guid":152396,"type":"Pet","petOwner":12,"fights":[{"id":1,"instances":2},{"id":2,"instances":1},{"id":4,"instances":1},{"id":6,"instances":1},{"id":9,"instances":1},{"id":11,"instances":1},{"id":12,"instances":1},{"id":14,"instances":2},{"id":17,"instances":2},{"id":20,"instances":1},{"id":22,"instances":2},{"id":23,"instances":2},{"id":24,"instances":1},{"id":26,"instances":2},{"id":28,"instances":1},{"id":30,"instances":2},{"id":35,"instances":2},{"id":36,"instances":1},{"id":37,"instances":3}]},{"name":"Twisted Appendage","id":35,"guid":162764,"type":"Pet","petOwner":1,"fights":[{"id":1,"instances":3},{"id":2,"instances":4},{"id":3,"instances":2},{"id":4,"instances":2},{"id":5,"instances":1},{"id":7,"instances":3},{"id":9,"instances":1},{"id":11,"instances":1},{"id":12,"instances":5},{"id":13,"instances":1},{"id":14,"instances":4},{"id":15,"instances":2},{"id":17,"instances":3},{"id":18,"instances":4},{"id":19,"instances":3},{"id":20,"instances":2},{"id":21,"instances":1},{"id":22,"instances":1},{"id":23,"instances":3},{"id":24,"instances":5},{"id":26,"instances":6},{"id":27,"instances":5},{"id":28,"instances":5},{"id":29,"instances":1},{"id":30,"instances":4},{"id":31,"instances":1},{"id":33,"instances":1},{"id":35,"instances":12},{"id":36,"instances":4},{"id":37,"instances":7}]},{"name":"Absorb-o-Tron","id":73,"guid":143985,"type":"Pet","petOwner":2,"fights":[{"id":3,"instances":1},{"id":4,"instances":2},{"id":5,"instances":1},{"id":12,"instances":2},{"id":20,"instances":1},{"id":22,"instances":3},{"id":23,"instances":1},{"id":26,"instances":3},{"id":28,"instances":1},{"id":30,"instances":2},{"id":31,"instances":1},{"id":35,"instances":5},{"id":36,"instances":4},{"id":37,"instances":12}]},{"name":"Cryptdrinker","id":9,"guid":20598192,"type":"Pet","petOwner":3,"fights":[{"id":1,"instances":1},{"id":2,"instances":1},{"id":3,"instances":1},{"id":4,"instances":1},{"id":5,"instances":1},{"id":6,"instances":1},{"id":7,"instances":1},{"id":8,"instances":1},{"id":9,"instances":1},{"id":10,"instances":1},{"id":11,"instances":1},{"id":12,"instances":1},{"id":14,"instances":1},{"id":15,"instances":1},{"id":17,"instances":1},{"id":19,"instances":1},{"id":20,"instances":1},{"id":21,"instances":1},{"id":22,"instances":1},{"id":23,"instances":1},{"id":24,"instances":1},{"id":25,"instances":1},{"id":26,"instances":1},{"id":27,"instances":1},{"id":28,"instances":1},{"id":29,"instances":1},{"id":30,"instances":1},{"id":31,"instances":1},{"id":32,"instances":1},{"id":33,"instances":1},{"id":35,"instances":1},{"id":36,"instances":1},{"id":37,"instances":1},{"id":38,"instances":1}]},{"name":"Magus of the Dead","id":39,"guid":148797,"type":"Pet","petOwner":13,"fights":[{"id":1,"instances":5},{"id":2,"instances":3},{"id":3,"instances":3},{"id":4,"instances":5},{"id":5,"instances":4},{"id":6,"instances":2},{"id":7,"instances":3},{"id":9,"instances":4},{"id":10,"instances":3},{"id":11,"instances":1},{"id":12,"instances":10},{"id":14,"instances":8},{"id":15,"instances":4},{"id":17,"instances":7},{"id":18,"instances":1},{"id":20,"instances":2},{"id":21,"instances":2},{"id":22,"instances":7},{"id":23,"instances":12},{"id":24,"instances":4},{"id":26,"instances":7},{"id":27,"instances":4},{"id":28,"instances":2},{"id":30,"instances":10},{"id":31,"instances":6},{"id":32,"instances":1},{"id":35,"instances":10},{"id":36,"instances":5},{"id":37,"instances":10}]},{"name":"Twisted Appendage","id":94,"guid":162764,"type":"Pet","petOwner":87,"fights":[{"id":9,"instances":2},{"id":11,"instances":1},{"id":12,"instances":6},{"id":14,"instances":6},{"id":15,"instances":1},{"id":16,"instances":2},{"id":17,"instances":5},{"id":19,"instances":1},{"id":22,"instances":3},{"id":23,"instances":3},{"id":33,"instances":1},{"id":35,"instances":6},{"id":36,"instances":2},{"id":37,"instances":4}]},{"name":"Healing Tide Totem","id":48,"guid":59764,"type":"Pet","petOwner":2,"fights":[{"id":1,"instances":3},{"id":2,"instances":3},{"id":4,"instances":3},{"id":5,"instances":2},{"id":6,"instances":1},{"id":9,"instances":7},{"id":12,"instances":5},{"id":14,"instances":7},{"id":17,"instances":7},{"id":19,"instances":1},{"id":20,"instances":1},{"id":22,"instances":3},{"id":23,"instances":3},{"id":24,"instances":4},{"id":26,"instances":4},{"id":27,"instances":3},{"id":28,"instances":8},{"id":30,"instances":5},{"id":31,"instances":3},{"id":32,"instances":1},{"id":35,"instances":7},{"id":36,"instances":5},{"id":37,"instances":11}]},{"name":"Katy Stampwhistle","id":180,"guid":132969,"type":"Pet","petOwner":15,"fights":[{"id":31,"instances":1}]},{"name":"Guardian of Azeroth","id":207,"guid":152396,"type":"Pet","petOwner":7,"fights":[{"id":37,"instances":1}]},{"name":"Twisted Appendage","id":108,"guid":162764,"type":"Pet","petOwner":10,"fights":[{"id":12,"instances":2},{"id":17,"instances":3},{"id":19,"instances":2},{"id":22,"instances":3},{"id":37,"instances":6}]},{"name":"Voidsong","id":6,"guid":42199660,"type":"Pet","petOwner":15,"fights":[{"id":1,"instances":1},{"id":2,"instances":1},{"id":3,"instances":1},{"id":4,"instances":1},{"id":5,"instances":1},{"id":6,"instances":1},{"id":7,"instances":1},{"id":8,"instances":1},{"id":9,"instances":1},{"id":10,"instances":1},{"id":11,"instances":1},{"id":12,"instances":1},{"id":13,"instances":1},{"id":14,"instances":1},{"id":15,"instances":1},{"id":16,"instances":1},{"id":17,"instances":1},{"id":18,"instances":1},{"id":19,"instances":1},{"id":20,"instances":1},{"id":21,"instances":1},{"id":22,"instances":1},{"id":23,"instances":1},{"id":24,"instances":1},{"id":26,"instances":1},{"id":27,"instances":1},{"id":28,"instances":1},{"id":29,"instances":1},{"id":30,"instances":1},{"id":31,"instances":1},{"id":32,"instances":1},{"id":33,"instances":1},{"id":35,"instances":1},{"id":36,"instances":1},{"id":37,"instances":1}]},{"name":"Absorb-o-Tron","id":111,"guid":143985,"type":"Pet","petOwner":20,"fights":[{"id":12,"instances":1},{"id":22,"instances":4},{"id":24,"instances":2},{"id":26,"instances":3},{"id":28,"instances":2},{"id":29,"instances":1},{"id":30,"instances":2},{"id":35,"instances":5},{"id":36,"instances":4},{"id":37,"instances":8}]},{"name":"Risen Skulker","id":26,"guid":99541,"type":"Pet","petOwner":13,"fights":[{"id":1,"instances":1},{"id":2,"instances":1},{"id":3,"instances":1},{"id":4,"instances":1},{"id":5,"instances":1},{"id":6,"instances":1},{"id":7,"instances":1},{"id":8,"instances":1},{"id":9,"instances":1},{"id":10,"instances":1},{"id":11,"instances":1},{"id":12,"instances":1},{"id":13,"instances":1},{"id":14,"instances":1},{"id":15,"instances":1},{"id":16,"instances":1},{"id":17,"instances":1},{"id":18,"instances":1},{"id":19,"instances":1},{"id":20,"instances":1},{"id":21,"instances":1},{"id":22,"instances":1},{"id":23,"instances":1},{"id":24,"instances":2},{"id":25,"instances":1},{"id":26,"instances":1},{"id":27,"instances":1},{"id":28,"instances":1},{"id":29,"instances":1},{"id":30,"instances":1},{"id":31,"instances":1},{"id":32,"instances":1},{"id":33,"instances":1},{"id":35,"instances":2},{"id":36,"instances":1},{"id":37,"instances":2},{"id":38,"instances":1}]},{"name":"Guardian of Azeroth","id":43,"guid":152396,"type":"Pet","petOwner":14,"fights":[{"id":1,"instances":2},{"id":2,"instances":1},{"id":4,"instances":1},{"id":9,"instances":1},{"id":14,"instances":1},{"id":17,"instances":2},{"id":22,"instances":1},{"id":23,"instances":1},{"id":26,"instances":2},{"id":28,"instances":1},{"id":30,"instances":1},{"id":35,"instances":1},{"id":36,"instances":1},{"id":37,"instances":3}]},{"name":"Guardian of Azeroth","id":92,"guid":152396,"type":"Pet","petOwner":88,"fights":[{"id":9,"instances":1},{"id":10,"instances":1},{"id":12,"instances":1},{"id":14,"instances":2},{"id":17,"instances":2},{"id":22,"instances":2},{"id":23,"instances":2},{"id":24,"instances":1},{"id":26,"instances":2},{"id":28,"instances":2},{"id":30,"instances":2},{"id":35,"instances":2},{"id":36,"instances":2},{"id":37,"instances":2}]},{"name":"Twisted Appendage","id":49,"guid":162764,"type":"Pet","petOwner":18,"fights":[{"id":1,"instances":2},{"id":2,"instances":1},{"id":4,"instances":3},{"id":5,"instances":2},{"id":6,"instances":1},{"id":7,"instances":1},{"id":9,"instances":7},{"id":11,"instances":2},{"id":12,"instances":4},{"id":14,"instances":4},{"id":15,"instances":1},{"id":17,"instances":1},{"id":21,"instances":1},{"id":22,"instances":6},{"id":23,"instances":5},{"id":24,"instances":2},{"id":26,"instances":2},{"id":27,"instances":7},{"id":28,"instances":2},{"id":30,"instances":7},{"id":31,"instances":1},{"id":32,"instances":2},{"id":35,"instances":7},{"id":36,"instances":5},{"id":37,"instances":7}]},{"name":"Lentäjä","id":19,"guid":18413760,"type":"Pet","petOwner":18,"fights":[{"id":1,"instances":1},{"id":2,"instances":1},{"id":3,"instances":1},{"id":4,"instances":1},{"id":5,"instances":1},{"id":6,"instances":1},{"id":7,"instances":1},{"id":8,"instances":1},{"id":9,"instances":1},{"id":10,"instances":1},{"id":11,"instances":1},{"id":12,"instances":1},{"id":13,"instances":1},{"id":14,"instances":1},{"id":15,"instances":1},{"id":16,"instances":1},{"id":17,"instances":1},{"id":21,"instances":1},{"id":22,"instances":1},{"id":23,"instances":1},{"id":24,"instances":1},{"id":25,"instances":1},{"id":26,"instances":1},{"id":27,"instances":1},{"id":28,"instances":1},{"id":29,"instances":1},{"id":30,"instances":1},{"id":31,"instances":1},{"id":32,"instances":1},{"id":33,"instances":1},{"id":35,"instances":1},{"id":36,"instances":1},{"id":37,"instances":1}]},{"name":"Capacitor Totem","id":56,"guid":61245,"type":"Pet","petOwner":2,"fights":[{"id":1,"instances":1},{"id":5,"instances":2},{"id":7,"instances":1},{"id":12,"instances":1},{"id":35,"instances":1}]},{"name":"Hati","id":90,"guid":51619275,"type":"Pet","petOwner":87,"fights":[{"id":9,"instances":1},{"id":10,"instances":1},{"id":11,"instances":1},{"id":12,"instances":1},{"id":13,"instances":1},{"id":14,"instances":1},{"id":15,"instances":1},{"id":16,"instances":1},{"id":17,"instances":1},{"id":18,"instances":1},{"id":19,"instances":1},{"id":20,"instances":1},{"id":21,"instances":1},{"id":22,"instances":1},{"id":23,"instances":1},{"id":31,"instances":1},{"id":32,"instances":1},{"id":33,"instances":1},{"id":35,"instances":1},{"id":36,"instances":1},{"id":37,"instances":1}]},{"name":"Army of the Dead","id":40,"guid":24207,"type":"Pet","petOwner":13,"fights":[{"id":1,"instances":22},{"id":2,"instances":8},{"id":3,"instances":8},{"id":4,"instances":20},{"id":5,"instances":10},{"id":6,"instances":6},{"id":7,"instances":8},{"id":9,"instances":18},{"id":10,"instances":14},{"id":11,"instances":4},{"id":12,"instances":28},{"id":14,"instances":28},{"id":15,"instances":10},{"id":17,"instances":28},{"id":18,"instances":2},{"id":20,"instances":6},{"id":21,"instances":6},{"id":22,"instances":26},{"id":23,"instances":37},{"id":24,"instances":11},{"id":26,"instances":26},{"id":27,"instances":8},{"id":28,"instances":6},{"id":30,"instances":34},{"id":31,"instances":14},{"id":32,"instances":2},{"id":35,"instances":35},{"id":36,"instances":12},{"id":37,"instances":28}]},{"name":"Earthen Wall Totem","id":51,"guid":100943,"type":"Pet","petOwner":2,"fights":[{"id":1,"instances":2},{"id":2,"instances":1},{"id":4,"instances":1},{"id":5,"instances":1},{"id":7,"instances":1},{"id":9,"instances":1},{"id":14,"instances":2},{"id":17,"instances":2},{"id":21,"instances":1},{"id":22,"instances":2},{"id":23,"instances":1},{"id":24,"instances":1},{"id":26,"instances":1},{"id":28,"instances":1},{"id":30,"instances":1},{"id":35,"instances":4},{"id":37,"instances":2}]},{"name":"Twisted Appendage","id":95,"guid":162764,"type":"Pet","petOwner":88,"fights":[{"id":9,"instances":1},{"id":10,"instances":2},{"id":12,"instances":5},{"id":14,"instances":3},{"id":15,"instances":2},{"id":17,"instances":2},{"id":18,"instances":2},{"id":19,"instances":1},{"id":20,"instances":1},{"id":21,"instances":1},{"id":23,"instances":8},{"id":24,"instances":4},{"id":26,"instances":2},{"id":27,"instances":4},{"id":28,"instances":4},{"id":30,"instances":6},{"id":31,"instances":2},{"id":33,"instances":1},{"id":35,"instances":5},{"id":36,"instances":3},{"id":37,"instances":12}]},{"name":"Saphira","id":16,"guid":51223290,"type":"Pet","petOwner":15,"fights":[{"id":1,"instances":1},{"id":2,"instances":1},{"id":3,"instances":1},{"id":4,"instances":1},{"id":5,"instances":1},{"id":6,"instances":1},{"id":7,"instances":1},{"id":8,"instances":1},{"id":9,"instances":1},{"id":10,"instances":1},{"id":11,"instances":1},{"id":12,"instances":1},{"id":13,"instances":1},{"id":14,"instances":1},{"id":15,"instances":1},{"id":16,"instances":1},{"id":17,"instances":1},{"id":18,"instances":1},{"id":19,"instances":1},{"id":20,"instances":1},{"id":21,"instances":1},{"id":22,"instances":1},{"id":23,"instances":1},{"id":24,"instances":1},{"id":26,"instances":1},{"id":27,"instances":1},{"id":28,"instances":1},{"id":29,"instances":1},{"id":30,"instances":1},{"id":31,"instances":1},{"id":32,"instances":1},{"id":33,"instances":1},{"id":35,"instances":1},{"id":36,"instances":1},{"id":37,"instances":1},{"id":38,"instances":1}]},{"name":"Earthbind Totem","id":55,"guid":2630,"type":"Pet","petOwner":2,"fights":[{"id":1,"instances":1},{"id":4,"instances":1},{"id":7,"instances":1},{"id":12,"instances":1},{"id":16,"instances":1},{"id":35,"instances":1}]},{"name":"Lara","id":17,"guid":50624953,"type":"Pet","petOwner":18,"fights":[{"id":1,"instances":1},{"id":2,"instances":1},{"id":3,"instances":1},{"id":4,"instances":1},{"id":5,"instances":1},{"id":6,"instances":1},{"id":7,"instances":1},{"id":8,"instances":1},{"id":9,"instances":1},{"id":10,"instances":1},{"id":11,"instances":1},{"id":12,"instances":1},{"id":13,"instances":1},{"id":14,"instances":1},{"id":15,"instances":1},{"id":16,"instances":1},{"id":17,"instances":1},{"id":21,"instances":1},{"id":22,"instances":1},{"id":23,"instances":1},{"id":24,"instances":1},{"id":26,"instances":1},{"id":27,"instances":1},{"id":28,"instances":1},{"id":29,"instances":1},{"id":30,"instances":1},{"id":31,"instances":1},{"id":32,"instances":1},{"id":33,"instances":1},{"id":35,"instances":1},{"id":36,"instances":1},{"id":37,"instances":1}]},{"name":"Thing From Beyond","id":133,"guid":161895,"type":"Pet","petOwner":15,"fights":[{"id":35,"instances":2},{"id":36,"instances":10}]},{"name":"Magus of the Dead","id":29,"guid":148797,"type":"Pet","petOwner":3,"fights":[{"id":1,"instances":7},{"id":2,"instances":3},{"id":3,"instances":1},{"id":4,"instances":7},{"id":5,"instances":9},{"id":6,"instances":2},{"id":7,"instances":2},{"id":9,"instances":4},{"id":10,"instances":1},{"id":11,"instances":2},{"id":12,"instances":5},{"id":14,"instances":8},{"id":17,"instances":7},{"id":20,"instances":2},{"id":22,"instances":11},{"id":23,"instances":11},{"id":24,"instances":4},{"id":26,"instances":9},{"id":27,"instances":7},{"id":28,"instances":8},{"id":29,"instances":2},{"id":30,"instances":12},{"id":31,"instances":5},{"id":32,"instances":3},{"id":35,"instances":11},{"id":36,"instances":8},{"id":37,"instances":17}]},{"name":"Army of the Dead","id":30,"guid":24207,"type":"Pet","petOwner":3,"fights":[{"id":1,"instances":26},{"id":2,"instances":10},{"id":3,"instances":3},{"id":4,"instances":26},{"id":5,"instances":20},{"id":6,"instances":6},{"id":7,"instances":6},{"id":9,"instances":18},{"id":10,"instances":4},{"id":11,"instances":6},{"id":12,"instances":16},{"id":14,"instances":29},{"id":17,"instances":27},{"id":20,"instances":6},{"id":21,"instances":4},{"id":22,"instances":34},{"id":23,"instances":34},{"id":24,"instances":14},{"id":26,"instances":30},{"id":27,"instances":20},{"id":28,"instances":30},{"id":29,"instances":6},{"id":30,"instances":40},{"id":31,"instances":14},{"id":32,"instances":6},{"id":35,"instances":37},{"id":36,"instances":28},{"id":37,"instances":58}]},{"name":"Water Elemental","id":206,"guid":43183134,"type":"Pet","petOwner":7,"fights":[{"id":37,"instances":1}]},{"name":"Guardian of Azeroth","id":91,"guid":152396,"type":"Pet","petOwner":87,"fights":[{"id":9,"instances":1},{"id":14,"instances":2},{"id":17,"instances":2},{"id":22,"instances":2},{"id":23,"instances":2},{"id":35,"instances":2},{"id":36,"instances":2},{"id":37,"instances":2}]},{"name":"Risen Skulker","id":37,"guid":99541,"type":"Pet","petOwner":3,"fights":[{"id":1,"instances":1},{"id":2,"instances":1},{"id":3,"instances":1},{"id":4,"instances":1},{"id":5,"instances":2},{"id":6,"instances":1},{"id":7,"instances":1},{"id":8,"instances":1},{"id":9,"instances":1},{"id":10,"instances":1},{"id":11,"instances":1},{"id":12,"instances":1},{"id":13,"instances":1},{"id":14,"instances":1},{"id":15,"instances":1},{"id":17,"instances":1},{"id":23,"instances":1},{"id":24,"instances":2},{"id":25,"instances":1},{"id":26,"instances":1},{"id":27,"instances":1},{"id":28,"instances":1},{"id":29,"instances":1},{"id":30,"instances":1},{"id":31,"instances":1},{"id":32,"instances":1},{"id":33,"instances":1},{"id":35,"instances":2},{"id":36,"instances":1},{"id":37,"instances":1},{"id":38,"instances":1}]}],"enemyPets":[{"name":"Earthbind Totem","id":55,"guid":2630,"type":"Pet","petOwner":2,"fights":[{"id":30,"instances":2}]}],"phases":[{"boss":2336,"phases":["Stage One: Cult of the Void","Stage Two: Death from Above","Stage Three: The Void Unleashed"]},{"boss":2327,"phases":["Obsidian Destroyer","Obsidian Statue"]},{"boss":2331,"phases":["Gathering Power","Unleashed Wrath"]},{"boss":2329,"phases":["The Black Emperor","Smoke and Mirrors"]},{"boss":2335,"phases":["Shadowy Carapace","Void-Tinged Carapace","Noxious Carapace"]}],"logVersion":16,"gameVersion":1,"title":"raid!","owner":"Tauremorn","start":1584553971961,"end":1584562966000,"zone":24,"exportedCharacters":[{"id":754491,"name":"Afterglow","server":"Stormreaver","region":"EU"},{"id":40281038,"name":"Akia","server":"Stormreaver","region":"EU"},{"id":35446075,"name":"Akuchi","server":"Stormreaver","region":"EU"},{"id":10492014,"name":"Alune","server":"Dragonmaw","region":"EU"},{"id":33137751,"name":"Aranatha","server":"Stormreaver","region":"EU"},{"id":34274630,"name":"Artêmis","server":"Stormreaver","region":"EU"},{"id":16372976,"name":"Babavuna","server":"Stormreaver","region":"EU"},{"id":42897872,"name":"Cassplug","server":"Stormreaver","region":"EU"},{"id":2445085,"name":"Darlene","server":"Stormreaver","region":"EU"},{"id":35888335,"name":"Enikma","server":"Stormreaver","region":"EU"},{"id":2445087,"name":"Killerolav","server":"Stormreaver","region":"EU"},{"id":159400,"name":"Lorenmilo","server":"Haomarush","region":"EU"},{"id":39558612,"name":"Morgengry","server":"Stormreaver","region":"EU"},{"id":42204574,"name":"Roshi","server":"Haomarush","region":"EU"},{"id":2445071,"name":"Shindori","server":"Stormreaver","region":"EU"},{"id":960693,"name":"Siome","server":"Stormreaver","region":"EU"},{"id":12592100,"name":"Souw","server":"Vashj","region":"EU"},{"id":960686,"name":"Tiria","server":"Stormreaver","region":"EU"}]}