{"fights":[{"id":1,"boss":2398,"start_time":148321,"end_time":371256,"name":"Shriekwing","zoneID":2296,"zoneName":"Castle Nathria","zoneDifficulty":3,"size":20,"difficulty":3,"kill":true,"partial":3,"bossPercentage":0,"fightPercentage":0,"lastPhaseForPercentageDisplay":1,"maps":[1735]},{"id":2,"boss":0,"start_time":385545,"end_time":412795,"name":"Nathrian Gargon Rider","zoneID":2296,"zoneName":"Castle Nathria","zoneDifficulty":3},{"id":3,"boss":0,"start_time":423142,"end_time":555052,"name":"Huntsman Altimor","zoneID":2296,"zoneName":"Castle Nathria","zoneDifficulty":3},{"id":4,"boss":2418,"start_time":663164,"end_time":928051,"name":"Huntsman Altimor","zoneID":2296,"zoneName":"Castle Nathria","zoneDifficulty":3,"size":20,"difficulty":3,"kill":true,"partial":3,"bossPercentage":0,"fightPercentage":0,"lastPhaseForPercentageDisplay":4,"maps":[1735]},{"id":5,"boss":0,"start_time":969070,"end_time":1048384,"name":"Rat of Unusual Size","zoneID":2296,"zoneName":"Castle Nathria","zoneDifficulty":3},{"id":6,"boss":0,"start_time":1077009,"end_time":1159923,"name":"Dread Feaster","zoneID":2296,"zoneName":"Castle Nathria","zoneDifficulty":3},{"id":7,"boss":2383,"start_time":1277404,"end_time":1510222,"name":"Hungering Destroyer","zoneID":2296,"zoneName":"Castle Nathria","zoneDifficulty":3,"size":20,"difficulty":3,"kill":true,"partial":3,"bossPercentage":0,"fightPercentage":0,"lastPhaseForPercentageDisplay":0,"maps":[1735]},{"id":8,"boss":0,"start_time":1546635,"end_time":1700587,"name":"Dragost","zoneID":2296,"zoneName":"Castle Nathria","zoneDifficulty":3},{"id":9,"boss":2406,"start_time":1828813,"end_time":2079319,"name":"Lady Inerva Darkvein","zoneID":2296,"zoneName":"Castle Nathria","zoneDifficulty":3,"size":20,"difficulty":3,"kill":true,"partial":3,"bossPercentage":0,"fightPercentage":0,"lastPhaseForPercentageDisplay":0,"maps":[1744]},{"id":10,"boss":0,"start_time":2079339,"end_time":2083601,"name":"Harnessed Specter","zoneID":2296,"zoneName":"Castle Nathria","zoneDifficulty":3},{"id":11,"boss":0,"start_time":2244975,"end_time":2303202,"name":"Nathrian Enforcer","zoneID":2296,"zoneName":"Castle Nathria","zoneDifficulty":3},{"id":12,"boss":0,"start_time":2318202,"end_time":2392888,"name":"Court Hawkeye","zoneID":2296,"zoneName":"Castle Nathria","zoneDifficulty":3},{"id":13,"boss":0,"start_time":2411138,"end_time":2607932,"name":"Court Enforcer","zoneID":2296,"zoneName":"Castle Nathria","zoneDifficulty":3},{"id":14,"boss":0,"start_time":2638939,"end_time":2665459,"name":"Court Enforcer","zoneID":2296,"zoneName":"Castle Nathria","zoneDifficulty":3},{"id":15,"boss":0,"start_time":2683119,"end_time":2711038,"name":"Court Enforcer","zoneID":2296,"zoneName":"Castle Nathria","zoneDifficulty":3},{"id":16,"boss":0,"start_time":2743707,"end_time":2792090,"name":"Court Enforcer","zoneID":2296,"zoneName":"Castle Nathria","zoneDifficulty":3},{"id":17,"boss":2402,"start_time":2888682,"end_time":3208507,"name":"Sun King's Salvation","zoneID":2296,"zoneName":"Castle Nathria","zoneDifficulty":3,"size":19,"difficulty":3,"kill":true,"partial":3,"bossPercentage":9570,"fightPercentage":537,"lastPhaseForPercentageDisplay":0,"maps":[1746]},{"id":18,"boss":0,"start_time":3223157,"end_time":3223157,"name":"Kael'thas Sunstrider","zoneID":2296,"zoneName":"Castle Nathria","zoneDifficulty":3},{"id":19,"boss":0,"start_time":3288391,"end_time":3349653,"name":"Court Enforcer","zoneID":2296,"zoneName":"Castle Nathria","zoneDifficulty":3},{"id":20,"boss":0,"start_time":3390432,"end_time":3434280,"name":"Sinister Antiquarian","zoneID":2296,"zoneName":"Castle Nathria","zoneDifficulty":3},{"id":21,"boss":0,"originalBoss":2405,"start_time":3452607,"end_time":3463175,"name":"Artificer Xy'mox","zoneID":2296,"zoneName":"Castle Nathria","zoneDifficulty":3},{"id":22,"boss":0,"originalBoss":2405,"start_time":3519471,"end_time":3529073,"name":"Artificer Xy'mox","zoneID":2296,"zoneName":"Castle Nathria","zoneDifficulty":3},{"id":23,"boss":2405,"start_time":3604794,"end_time":3884282,"name":"Artificer Xy'mox","zoneID":2296,"zoneName":"Castle Nathria","zoneDifficulty":3,"size":19,"difficulty":3,"kill":true,"partial":3,"bossPercentage":0,"fightPercentage":0,"lastPhaseForPercentageDisplay":3,"maps":[1745]},{"id":24,"boss":0,"start_time":3930718,"end_time":3965978,"name":"Court Assassin","zoneID":2296,"zoneName":"Castle Nathria","zoneDifficulty":3},{"id":25,"boss":0,"start_time":3979879,"end_time":3981312,"name":"Court Assassin","zoneID":2296,"zoneName":"Castle Nathria","zoneDifficulty":3},{"id":26,"boss":0,"start_time":3998242,"end_time":4097782,"name":"Stoneborn Maitre D'","zoneID":2296,"zoneName":"Castle Nathria","zoneDifficulty":3},{"id":27,"boss":2412,"start_time":4111075,"end_time":4146124,"name":"The Council of Blood","zoneID":2296,"zoneName":"Castle Nathria","zoneDifficulty":3,"size":19,"difficulty":3,"kill":false,"partial":3,"bossPercentage":9884,"fightPercentage":9884,"lastPhaseForPercentageDisplay":1,"maps":[1750]},{"id":28,"boss":2412,"start_time":4310239,"end_time":4693932,"name":"The Council of Blood","zoneID":2296,"zoneName":"Castle Nathria","zoneDifficulty":3,"size":19,"difficulty":3,"kill":true,"partial":3,"bossPercentage":0,"fightPercentage":0,"lastPhaseForPercentageDisplay":4,"maps":[1750]},{"id":29,"boss":2399,"start_time":5363639,"end_time":5637705,"name":"Sludgefist","zoneID":2296,"zoneName":"Castle Nathria","zoneDifficulty":3,"size":19,"difficulty":3,"kill":true,"partial":3,"bossPercentage":0,"fightPercentage":0,"lastPhaseForPercentageDisplay":0,"maps":[1735]},{"id":30,"boss":0,"start_time":5708686,"end_time":5713200,"name":"Aerial Bombardment Stalker","zoneID":2296,"zoneName":"Castle Nathria","zoneDifficulty":3},{"id":31,"boss":0,"start_time":5726382,"end_time":5876303,"name":"General Kaal","zoneID":2296,"zoneName":"Castle Nathria","zoneDifficulty":3},{"id":32,"boss":2417,"start_time":5974197,"end_time":6327676,"name":"Stone Legion Generals","zoneID":2296,"zoneName":"Castle Nathria","zoneDifficulty":3,"size":19,"difficulty":3,"kill":true,"partial":3,"bossPercentage":0,"fightPercentage":0,"lastPhaseForPercentageDisplay":3,"maps":[1747]},{"id":33,"boss":2407,"start_time":6650420,"end_time":7194945,"name":"Sire Denathrius","zoneID":2296,"zoneName":"Castle Nathria","zoneDifficulty":3,"size":19,"difficulty":3,"kill":true,"partial":3,"bossPercentage":0,"fightPercentage":0,"lastPhaseForPercentageDisplay":3,"maps":[1747,1748]},{"id":34,"boss":0,"start_time":7194950,"end_time":7195329,"name":"Sire Denathrius","zoneID":2296,"zoneName":"Castle Nathria","zoneDifficulty":3},{"id":35,"boss":0,"start_time":7824479,"end_time":7825333,"name":"Mudlump","zoneID":2222,"zoneName":"Escape from the Maw","zoneDifficulty":0},{"id":36,"boss":0,"start_time":7922771,"end_time":8031374,"name":"Moldovaak","zoneID":2296,"zoneName":"Castle Nathria","zoneDifficulty":4},{"id":37,"boss":2398,"start_time":8408595,"end_time":8751078,"name":"Shriekwing","zoneID":2296,"zoneName":"Castle Nathria","zoneDifficulty":4,"size":18,"difficulty":4,"kill":true,"partial":3,"bossPercentage":0,"fightPercentage":0,"lastPhaseForPercentageDisplay":1,"maps":[1735]},{"id":38,"boss":0,"start_time":8796202,"end_time":8976982,"name":"Kennel Overseer","zoneID":2296,"zoneName":"Castle Nathria","zoneDifficulty":4},{"id":39,"boss":0,"start_time":9039895,"end_time":9105675,"name":"Huntsman Altimor","zoneID":2296,"zoneName":"Castle Nathria","zoneDifficulty":4},{"id":40,"boss":0,"start_time":9197870,"end_time":9202129,"name":"Dusty Widow","zoneID":2296,"zoneName":"Castle Nathria","zoneDifficulty":4},{"id":41,"boss":2418,"start_time":10024451,"end_time":10218762,"name":"Huntsman Altimor","zoneID":2296,"zoneName":"Castle Nathria","zoneDifficulty":4,"size":13,"difficulty":4,"kill":false,"partial":3,"bossPercentage":3467,"fightPercentage":3467,"lastPhaseForPercentageDisplay":2,"maps":[1735]},{"id":42,"boss":2418,"start_time":10414562,"end_time":10735694,"name":"Huntsman Altimor","zoneID":2296,"zoneName":"Castle Nathria","zoneDifficulty":4,"size":13,"difficulty":4,"kill":true,"partial":3,"bossPercentage":0,"fightPercentage":0,"lastPhaseForPercentageDisplay":4,"maps":[1735]},{"id":43,"boss":0,"start_time":10776387,"end_time":10826532,"name":"Rat of Unusual Size","zoneID":2296,"zoneName":"Castle Nathria","zoneDifficulty":4},{"id":44,"boss":0,"start_time":10857475,"end_time":10885543,"name":"Rat of Unusual Size","zoneID":2296,"zoneName":"Castle Nathria","zoneDifficulty":4},{"id":45,"boss":0,"start_time":10938103,"end_time":11020185,"name":"Dread Feaster","zoneID":2296,"zoneName":"Castle Nathria","zoneDifficulty":4},{"id":46,"boss":2383,"start_time":11298114,"end_time":11604718,"name":"Hungering Destroyer","zoneID":2296,"zoneName":"Castle Nathria","zoneDifficulty":4,"size":14,"difficulty":4,"kill":true,"partial":3,"bossPercentage":0,"fightPercentage":0,"lastPhaseForPercentageDisplay":0,"maps":[1735]},{"id":47,"boss":0,"start_time":11688239,"end_time":11850920,"name":"Deplina","zoneID":2296,"zoneName":"Castle Nathria","zoneDifficulty":4}],"lang":"en","friendlies":[{"name":"Prince Renathal","id":209,"guid":169835,"type":"NPC","icon":"custom-icon-6bf_explosive_shard","fights":[{"id":32,"instances":1,"groups":4}]},{"name":"The Accuser","id":156,"guid":165760,"type":"NPC","icon":"custom-icon-ability_venthyr_doorofshadows","fights":[{"id":16,"instances":1}]},{"name":"Fire Spirit","id":68,"guid":69791,"type":"Pet","icon":"abilities/inv_summerfest_firespirit","fights":[{"id":1,"instances":4}]},{"name":"Simonloo","id":53,"guid":205973942,"type":"Monk","server":"Illidan","icon":"Monk-Windwalker","fights":[{"id":1},{"id":2},{"id":3},{"id":4},{"id":5},{"id":6},{"id":7},{"id":8},{"id":9},{"id":10}]},{"name":"Ripped Soul","id":118,"guid":171577,"type":"NPC","icon":"custom-icon-ability_argus_soulburst","fights":[{"id":4,"instances":3}]},{"name":"Kael'thas Sunstrider","id":159,"guid":165759,"type":"Boss","icon":"custom-icon-ability_warlock_moltencore","lockBossFrame":true,"fights":[{"id":17,"instances":1,"groups":2}]},{"name":"Papabeardo","id":48,"guid":215368531,"type":"Druid","server":"Illidan","icon":"Druid-Balance","fights":[{"id":1},{"id":2},{"id":3},{"id":4},{"id":5},{"id":6},{"id":7},{"id":8},{"id":9},{"id":10},{"id":11},{"id":12},{"id":13},{"id":14},{"id":15},{"id":16},{"id":17},{"id":18},{"id":19},{"id":20},{"id":21},{"id":22},{"id":23},{"id":24},{"id":25},{"id":26},{"id":27},{"id":28},{"id":29},{"id":30},{"id":31},{"id":32},{"id":33},{"id":34},{"id":36},{"id":37},{"id":38}]},{"name":"Sìte","id":33,"guid":216587581,"type":"Paladin","server":"Illidan","icon":"Paladin-Protection","fights":[{"id":1},{"id":2},{"id":3},{"id":4},{"id":5},{"id":6},{"id":7},{"id":8},{"id":9},{"id":10},{"id":11},{"id":12},{"id":13},{"id":14},{"id":15},{"id":16},{"id":17},{"id":18},{"id":19},{"id":20},{"id":21},{"id":22},{"id":23},{"id":24},{"id":25},{"id":26},{"id":27},{"id":28},{"id":29},{"id":30},{"id":31},{"id":32},{"id":33},{"id":35},{"id":36},{"id":37},{"id":38},{"id":39},{"id":41},{"id":42},{"id":43},{"id":44},{"id":45},{"id":46},{"id":47}]},{"name":"Zandalof","id":38,"guid":208148399,"type":"Warrior","server":"Illidan","icon":"Warrior-Fury","fights":[{"id":1},{"id":2},{"id":3},{"id":4},{"id":5},{"id":6},{"id":7},{"id":8},{"id":9},{"id":10},{"id":12},{"id":13},{"id":14},{"id":15},{"id":16},{"id":17},{"id":18},{"id":19},{"id":20},{"id":21},{"id":22},{"id":23},{"id":24},{"id":25},{"id":26},{"id":27},{"id":28},{"id":29},{"id":30},{"id":31},{"id":32},{"id":33},{"id":36},{"id":37},{"id":38},{"id":39},{"id":41},{"id":42},{"id":43},{"id":44},{"id":45},{"id":46},{"id":47}]},{"name":"Strycicle","id":37,"guid":208741994,"type":"Mage","server":"Illidan","icon":"Mage-Fire","fights":[{"id":1},{"id":2},{"id":3},{"id":4},{"id":5},{"id":6},{"id":7},{"id":8},{"id":9},{"id":10},{"id":11},{"id":12},{"id":13},{"id":14},{"id":15},{"id":16},{"id":17},{"id":18},{"id":19},{"id":20},{"id":21},{"id":22},{"id":23},{"id":24},{"id":25},{"id":26},{"id":27},{"id":28},{"id":29},{"id":31},{"id":32},{"id":33},{"id":34},{"id":35},{"id":36},{"id":37},{"id":38},{"id":39},{"id":40},{"id":41},{"id":42},{"id":43},{"id":44},{"id":45},{"id":46},{"id":47}]},{"name":"Novster","id":36,"guid":215450180,"type":"Priest","server":"Illidan","icon":"Priest-Shadow","fights":[{"id":1},{"id":2},{"id":3},{"id":4},{"id":5},{"id":6},{"id":7},{"id":8},{"id":9},{"id":10},{"id":11},{"id":12},{"id":13},{"id":14},{"id":15},{"id":16},{"id":17},{"id":19},{"id":20},{"id":21},{"id":22},{"id":23},{"id":24},{"id":25},{"id":26},{"id":27},{"id":28},{"id":29},{"id":30},{"id":31},{"id":32},{"id":33},{"id":34},{"id":36},{"id":37},{"id":38},{"id":39},{"id":41},{"id":42},{"id":43},{"id":44},{"id":45},{"id":46},{"id":47}]},{"name":"Essence Font","id":161,"guid":165778,"type":"NPC","icon":"custom-icon-inv_mechagnome_powercell_broken","fights":[{"id":17,"instances":10,"groups":3}]},{"name":"Mìngulator","id":47,"guid":215060891,"type":"Priest","server":"Illidan","icon":"Priest-Shadow","fights":[{"id":1},{"id":2},{"id":3},{"id":4},{"id":5},{"id":6},{"id":7},{"id":8},{"id":9},{"id":10},{"id":11},{"id":12},{"id":13},{"id":14},{"id":15},{"id":16},{"id":17},{"id":18},{"id":19},{"id":20},{"id":21},{"id":22},{"id":23},{"id":24},{"id":26},{"id":27},{"id":28},{"id":29},{"id":30},{"id":31},{"id":32},{"id":33},{"id":34},{"id":35},{"id":36},{"id":37},{"id":38},{"id":39},{"id":41},{"id":42},{"id":43},{"id":44},{"id":45},{"id":46},{"id":47}]},{"name":"Totalism","id":43,"guid":215223443,"type":"Shaman","server":"Illidan","icon":"Shaman-Restoration","fights":[{"id":1},{"id":2},{"id":3},{"id":4},{"id":5},{"id":6},{"id":7},{"id":8},{"id":9},{"id":10},{"id":11},{"id":12},{"id":13},{"id":14},{"id":15},{"id":16},{"id":17},{"id":18},{"id":20},{"id":21},{"id":22},{"id":23},{"id":24},{"id":26},{"id":27},{"id":28},{"id":29},{"id":30},{"id":31},{"id":32},{"id":33},{"id":34},{"id":36},{"id":37},{"id":38},{"id":39},{"id":41},{"id":42},{"id":43},{"id":44},{"id":45},{"id":46},{"id":47}]},{"name":"Havokdawl","id":57,"guid":210443126,"type":"Hunter","server":"Illidan","icon":"Hunter-BeastMastery","fights":[{"id":1},{"id":2},{"id":3},{"id":4},{"id":5},{"id":6},{"id":7},{"id":8},{"id":9},{"id":10},{"id":11},{"id":12},{"id":13},{"id":14},{"id":15},{"id":16},{"id":17},{"id":18},{"id":19},{"id":20},{"id":21},{"id":22},{"id":23},{"id":24},{"id":25},{"id":26},{"id":27},{"id":28},{"id":29},{"id":30},{"id":31},{"id":32},{"id":33},{"id":35},{"id":36},{"id":37},{"id":38},{"id":39},{"id":41},{"id":42},{"id":43},{"id":44},{"id":45},{"id":46},{"id":47}]},{"name":"Anima Orb","id":155,"guid":174017,"type":"NPC","icon":"custom-icon-spell_animarevendreth_orb","fights":[{"id":16,"instances":3,"groups":1}]},{"name":"Zulkek","id":49,"guid":208832197,"type":"Shaman","server":"Illidan","icon":"Shaman-Restoration","fights":[{"id":1},{"id":2},{"id":3},{"id":4},{"id":5},{"id":6},{"id":7},{"id":8},{"id":9},{"id":10},{"id":11},{"id":12},{"id":13},{"id":14},{"id":15},{"id":16},{"id":17},{"id":18},{"id":19},{"id":20},{"id":21},{"id":22},{"id":23},{"id":24},{"id":25},{"id":26},{"id":27},{"id":28},{"id":29},{"id":30},{"id":31},{"id":32},{"id":33},{"id":34},{"id":36},{"id":37},{"id":38},{"id":39},{"id":41},{"id":42},{"id":43},{"id":44},{"id":45},{"id":46},{"id":47}]},{"name":"General Draven","id":211,"guid":170404,"type":"NPC","icon":"custom-icon-spell_frost_stun","fights":[{"id":32,"instances":1,"groups":4}]},{"name":"Totemicpug","id":46,"guid":213673258,"type":"Shaman","server":"Illidan","icon":"Shaman-Restoration","fights":[{"id":1},{"id":2},{"id":3},{"id":4},{"id":5},{"id":6},{"id":7},{"id":8},{"id":9},{"id":10},{"id":11},{"id":12},{"id":13},{"id":14},{"id":15},{"id":16},{"id":17},{"id":18},{"id":19},{"id":20},{"id":21},{"id":22},{"id":23},{"id":24},{"id":25},{"id":26},{"id":27},{"id":28},{"id":29},{"id":30},{"id":31},{"id":32},{"id":33},{"id":34},{"id":35},{"id":36},{"id":37},{"id":38}]},{"name":"Seed of Extinction","id":185,"guid":169219,"type":"NPC","icon":"custom-icon-ability_ardenweald_mage","fights":[{"id":23,"instances":8,"groups":4}]},{"name":"Kasprepared","id":56,"guid":211650171,"type":"DemonHunter","server":"Illidan","icon":"DemonHunter-Vengeance","fights":[{"id":1},{"id":2},{"id":3},{"id":4},{"id":5},{"id":6},{"id":7},{"id":8},{"id":9},{"id":10},{"id":11},{"id":12},{"id":13},{"id":14},{"id":15},{"id":16},{"id":17},{"id":18},{"id":19},{"id":20},{"id":21},{"id":22},{"id":23},{"id":24},{"id":25},{"id":26},{"id":27},{"id":28},{"id":29},{"id":31},{"id":32},{"id":33},{"id":36},{"id":37},{"id":38},{"id":39},{"id":41},{"id":42},{"id":43},{"id":44},{"id":45},{"id":46},{"id":47}]},{"name":"Kyoote","id":35,"guid":207880351,"type":"Hunter","server":"Illidan","icon":"Hunter-Marksmanship","fights":[{"id":1},{"id":2},{"id":3},{"id":4},{"id":5},{"id":6},{"id":7},{"id":8},{"id":9},{"id":10},{"id":11},{"id":12},{"id":13},{"id":14},{"id":15},{"id":16},{"id":17},{"id":18},{"id":19},{"id":20},{"id":21},{"id":22},{"id":23},{"id":24},{"id":25},{"id":26},{"id":27},{"id":28},{"id":29},{"id":31},{"id":32},{"id":33},{"id":35},{"id":36},{"id":37},{"id":38},{"id":39},{"id":41},{"id":42},{"id":43},{"id":44},{"id":45},{"id":46},{"id":47}]},{"name":"Jonjo","id":52,"guid":208400902,"type":"Druid","server":"Illidan","icon":"Druid-Restoration","fights":[{"id":1},{"id":2},{"id":3},{"id":4},{"id":5},{"id":6},{"id":7},{"id":8},{"id":9},{"id":10},{"id":11},{"id":12},{"id":13},{"id":14},{"id":15},{"id":16},{"id":17},{"id":18},{"id":19},{"id":20},{"id":21},{"id":22},{"id":23},{"id":24},{"id":25},{"id":26},{"id":27},{"id":28},{"id":29},{"id":30},{"id":31},{"id":32},{"id":33},{"id":34},{"id":36},{"id":37},{"id":38}]},{"name":"Excape","id":50,"guid":209116301,"type":"DeathKnight","server":"Illidan","icon":"DeathKnight-Unholy","fights":[{"id":1},{"id":2},{"id":3},{"id":4},{"id":5},{"id":6},{"id":7},{"id":8},{"id":9},{"id":10},{"id":11},{"id":12},{"id":13},{"id":14},{"id":15},{"id":16},{"id":17},{"id":19},{"id":20},{"id":21},{"id":22},{"id":23},{"id":24},{"id":25},{"id":26},{"id":27},{"id":28},{"id":29},{"id":30},{"id":31},{"id":32},{"id":33},{"id":34},{"id":36},{"id":37},{"id":38},{"id":39},{"id":41},{"id":42},{"id":43},{"id":44},{"id":45},{"id":46},{"id":47}]},{"name":"Jamcow","id":54,"guid":213282038,"type":"Druid","server":"Illidan","icon":"Druid-Balance","fights":[{"id":1},{"id":2},{"id":3},{"id":4},{"id":5},{"id":6},{"id":7},{"id":8},{"id":9},{"id":10},{"id":11},{"id":12},{"id":13},{"id":14},{"id":15},{"id":16},{"id":17},{"id":18},{"id":19},{"id":20},{"id":21},{"id":22},{"id":23},{"id":24},{"id":25},{"id":26},{"id":27},{"id":28},{"id":29},{"id":30},{"id":31},{"id":32},{"id":33},{"id":34},{"id":36},{"id":37},{"id":38},{"id":39},{"id":41},{"id":42},{"id":43},{"id":44},{"id":45},{"id":46},{"id":47}]},{"name":"Maicohdeek","id":55,"guid":215171335,"type":"DeathKnight","server":"Illidan","icon":"DeathKnight-Unholy","fights":[{"id":1},{"id":2},{"id":3},{"id":4},{"id":5},{"id":6},{"id":7},{"id":8},{"id":9},{"id":10},{"id":11},{"id":12},{"id":13},{"id":14},{"id":15},{"id":16},{"id":17},{"id":18},{"id":19},{"id":20},{"id":21},{"id":22},{"id":23},{"id":24},{"id":25},{"id":26},{"id":27},{"id":28},{"id":29},{"id":31},{"id":32},{"id":33},{"id":34},{"id":36},{"id":37},{"id":38}]},{"name":"Flinto","id":44,"guid":214889588,"type":"Shaman","server":"Illidan","icon":"Shaman-Elemental","fights":[{"id":1},{"id":2},{"id":3},{"id":4},{"id":5},{"id":6},{"id":7},{"id":8},{"id":9},{"id":10},{"id":11},{"id":12},{"id":13},{"id":14},{"id":15},{"id":16},{"id":17},{"id":18},{"id":19},{"id":20},{"id":21},{"id":22},{"id":23},{"id":24},{"id":25},{"id":26},{"id":27},{"id":28},{"id":29},{"id":31},{"id":32},{"id":33},{"id":34},{"id":43},{"id":44},{"id":45},{"id":46},{"id":47}]},{"name":"Bootý","id":51,"guid":213526832,"type":"Druid","server":"Illidan","icon":"Druid","fights":[{"id":1},{"id":2},{"id":3},{"id":4},{"id":5},{"id":6},{"id":7},{"id":8},{"id":9},{"id":10},{"id":11},{"id":12},{"id":13},{"id":14},{"id":15},{"id":16},{"id":17},{"id":18},{"id":19},{"id":20},{"id":21},{"id":22},{"id":23},{"id":24},{"id":25},{"id":26},{"id":27},{"id":28},{"id":29},{"id":30},{"id":31},{"id":32},{"id":33},{"id":34},{"id":36},{"id":37},{"id":38},{"id":39},{"id":41},{"id":42},{"id":43},{"id":44},{"id":45},{"id":46},{"id":47}]},{"name":"Vynlorderon","id":42,"guid":207850902,"type":"DemonHunter","server":"Illidan","icon":"DemonHunter-Havoc","fights":[{"id":1},{"id":2},{"id":3},{"id":4},{"id":5},{"id":6},{"id":7},{"id":8},{"id":9},{"id":10},{"id":11},{"id":12},{"id":13},{"id":14},{"id":15},{"id":16},{"id":17},{"id":19},{"id":20},{"id":21},{"id":22},{"id":23},{"id":24},{"id":25},{"id":26},{"id":27},{"id":28},{"id":29},{"id":30},{"id":31},{"id":32},{"id":33},{"id":35},{"id":36},{"id":37},{"id":38}]}],"enemies":[{"name":"Remornia","id":222,"guid":168158,"type":"NPC","icon":"custom-icon-spell_shadow_shadowfury","fights":[{"id":33,"instances":1,"groups":4}]},{"name":"Reborn Phoenix","id":167,"guid":168962,"type":"NPC","icon":"custom-icon-ability_mount_fireravengodmount","fights":[{"id":17,"instances":2}]},{"name":"Nathrian Conservator","id":175,"guid":173609,"type":"NPC","icon":"custom-icon-ability_backstab","fights":[{"id":20,"instances":4,"groups":1}]},{"name":"Root of Extinction","id":184,"guid":169267,"type":"NPC","icon":"custom-icon-ability_ardenweald_mage","fights":[{"id":23,"instances":1}]},{"name":"Kennel Overseer","id":106,"guid":174336,"type":"NPC","icon":"custom-icon-ability_hunter_runningshot","fights":[{"id":3,"instances":1,"groups":2},{"id":38,"instances":1,"groups":2}]},{"name":"Stoneborn Maitre D'","id":188,"guid":174843,"type":"NPC","icon":"custom-icon-ability_warrior_shieldbreak","fights":[{"id":26,"instances":1}]},{"name":"Fara","id":133,"guid":173466,"type":"NPC","icon":"custom-icon-spell_shaman_spectraltransformation","fights":[{"id":8,"instances":1},{"id":47,"instances":1}]},{"name":"Shriekwing","id":62,"guid":164406,"type":"Boss","icon":"custom-icon-ability_ironmaidens_whirlofblood","fights":[{"id":1,"instances":1},{"id":37,"instances":1}]},{"name":"Winged Ravager","id":128,"guid":173146,"type":"NPC","icon":"custom-icon-spell_arcane_arcane02","fights":[{"id":6,"instances":5,"groups":2},{"id":45,"instances":5,"groups":2}]},{"name":"Huntsman Altimor","id":115,"guid":165066,"type":"Boss","icon":"custom-icon-ability_marksmanship","fights":[{"id":3,"instances":1},{"id":4,"instances":1},{"id":39,"instances":1},{"id":41,"instances":1},{"id":42,"instances":1}]},{"name":"Nathrian Executor","id":146,"guid":165470,"type":"NPC","icon":"custom-icon-spell_animarevendreth_missile","fights":[{"id":11,"instances":1,"groups":1},{"id":13,"instances":1,"groups":1},{"id":19,"instances":2,"groups":1},{"id":26,"instances":3,"groups":2}]},{"name":"Echo of Sin","id":221,"guid":167999,"type":"NPC","icon":"custom-icon-spell_misc_emotionsad","fights":[{"id":33,"instances":40,"groups":5}]},{"name":"Court Executor","id":142,"guid":174194,"type":"NPC","icon":"custom-icon-spell_animarevendreth_orb","fights":[{"id":11,"instances":1}]},{"name":"Nathrian Assassin","id":150,"guid":165474,"type":"NPC","icon":"custom-icon-ability_rogue_shadowstrike","fights":[{"id":13,"instances":6,"groups":4}]},{"name":"Hand of Destruction","id":225,"guid":169813,"type":"NPC","icon":"custom-icon-spell_shadow_unholystrength","fights":[{"id":33,"instances":5}]},{"name":"Kullan","id":132,"guid":173469,"type":"NPC","icon":"custom-icon-inv_chaos_orb","fights":[{"id":8,"instances":1},{"id":47,"instances":1}]},{"name":"Crimson Cabalist","id":223,"guid":169196,"type":"NPC","icon":"custom-icon-spell_animarevendreth_buff","fights":[{"id":33,"instances":12,"groups":3}]},{"name":"Vicious Gargon","id":112,"guid":174071,"type":"NPC","icon":"custom-icon-trade_archaeology_shark-jaws","fights":[{"id":3,"instances":4,"groups":1},{"id":39,"instances":4,"groups":1}]},{"name":"Sire Denathrius","id":219,"guid":167406,"type":"Boss","icon":"custom-icon-inv_artifact_powerofthedarkside","fights":[{"id":33,"instances":1},{"id":34,"instances":1}]},{"name":"Hungering Destroyer","id":45,"guid":164261,"type":"Boss","icon":"custom-icon-ability_argus_deathfog","fights":[{"id":7,"instances":1},{"id":46,"instances":1}]},{"name":"Anima Crazed Worker","id":134,"guid":173568,"type":"NPC","icon":"custom-icon-6bf_explosive_shard","fights":[{"id":8,"instances":8,"groups":1},{"id":47,"instances":8,"groups":1}]},{"name":"Shade of Kael'thas","id":166,"guid":165805,"type":"Boss","icon":"custom-icon-spell_fire_burnout","fights":[{"id":17,"instances":2}]},{"name":"Court Hawkeye","id":147,"guid":173190,"type":"NPC","icon":"custom-icon-ability_hunter_traplauncher","fights":[{"id":12,"instances":1},{"id":13,"instances":1},{"id":15,"instances":1},{"id":26,"instances":1}]},{"name":"Nathrian Archivist","id":176,"guid":173633,"type":"NPC","icon":"custom-icon-spell_animarevendreth_orb","fights":[{"id":20,"instances":4,"groups":1}]},{"name":"Kael'thas Sunstrider","id":159,"guid":165759,"type":"Boss","icon":"custom-icon-ability_warlock_moltencore","lockBossFrame":true,"fights":[{"id":18,"instances":1}]},{"name":"Baron Duskhollow","id":171,"guid":174126,"type":"NPC","icon":"custom-icon-70_inscription_vantus_rune_odyn","fights":[{"id":19,"instances":1}]},{"name":"Sludgefist","id":198,"guid":164407,"type":"Boss","icon":"custom-icon-ability_garrosh_hellscreams_warsong","fights":[{"id":29,"instances":1}]},{"name":"Dragost","id":131,"guid":173448,"type":"NPC","icon":"custom-icon-ui_venthyranimaboss_heartsword","fights":[{"id":8,"instances":1},{"id":47,"instances":1}]},{"name":"Hargitas","id":318,"guid":173446,"type":"NPC","icon":"custom-icon-inv_icon_wing06a","fights":[{"id":36,"instances":1}]},{"name":"Vile Occultist","id":152,"guid":165763,"type":"NPC","icon":"custom-icon-sha_spell_fire_blueflamering_nightmare","fights":[{"id":17,"instances":10,"groups":3}]},{"name":"General Kaal","id":203,"guid":173298,"type":"NPC","icon":"custom-icon-inv_misc_steelweaponchain","fights":[{"id":31,"instances":1}]},{"name":"Nathrian Gargon","id":110,"guid":173641,"type":"NPC","icon":"custom-icon-ability_druid_maul","fights":[{"id":3,"instances":3,"groups":1},{"id":38,"instances":2,"groups":1}]},{"name":"Harnessed Specter","id":139,"guid":170199,"type":"NPC","icon":"custom-icon-inv_sinstonegolempet","fights":[{"id":9,"instances":3},{"id":10,"instances":3}]},{"name":"Nathrian Hawkeye","id":104,"guid":173189,"type":"NPC","icon":"custom-icon-ability_hunter_traplauncher","fights":[{"id":3,"instances":2,"groups":2},{"id":11,"instances":1,"groups":1},{"id":13,"instances":2,"groups":1},{"id":26,"instances":3,"groups":1},{"id":27,"instances":1,"groups":1},{"id":38,"instances":2,"groups":1}]},{"name":"Nathrian Siphoner","id":145,"guid":165472,"type":"NPC","icon":"custom-icon-spell_animarevendreth_orb","fights":[{"id":11,"instances":2,"groups":1},{"id":13,"instances":8,"groups":2},{"id":26,"instances":3,"groups":2}]},{"name":"Reverberating Eruption Stalker","id":216,"guid":175102,"type":"NPC","icon":"custom-icon-inv_elementalearth2","fights":[{"id":32,"instances":6}]},{"name":"Nathrian Gargon Rider","id":99,"guid":174092,"type":"NPC","icon":"custom-icon-ability_hunter_traplauncher","fights":[{"id":2,"instances":1},{"id":3,"instances":1},{"id":13,"instances":2},{"id":38,"instances":2}]},{"name":"Nathrian Hierarch","id":144,"guid":174090,"type":"NPC","icon":"custom-icon-spell_animarevendreth_orb","fights":[{"id":11,"instances":1,"groups":1},{"id":15,"instances":2,"groups":1}]},{"name":"Conjured Manifestation","id":136,"guid":173484,"type":"NPC","icon":"NPC","fights":[{"id":8,"instances":1},{"id":47,"instances":1}]},{"name":"Stone Legion Commando","id":214,"guid":169601,"type":"NPC","icon":"custom-icon-spell_animarevendreth_missile","fights":[{"id":32,"instances":27,"groups":4}]},{"name":"Nathrian Soldier","id":105,"guid":173949,"type":"NPC","icon":"custom-icon-ability_revendreth_rogue","fights":[{"id":3,"instances":2,"groups":1},{"id":12,"instances":4,"groups":1},{"id":13,"instances":2,"groups":2},{"id":38,"instances":2,"groups":1}]},{"name":"Crimson Cabalist","id":224,"guid":169470,"type":"NPC","icon":"NPC","fights":[{"id":33,"instances":1,"groups":3}]},{"name":"Dutiful Attendant","id":192,"guid":175992,"type":"NPC","icon":"custom-icon-inv_shield_1h_revendrethquest_b_01","fights":[{"id":27,"instances":1,"groups":1},{"id":28,"instances":1,"groups":2}]},{"name":"Sinister Reflection","id":227,"guid":170710,"type":"NPC","icon":"custom-icon-spell_shadow_corpseexplode","fights":[{"id":33,"instances":1,"groups":3}]},{"name":"Pestering Fiend","id":164,"guid":168700,"type":"NPC","icon":"custom-icon-inv_misc_gem_bloodstone_02","fights":[{"id":17,"instances":11,"groups":2}]},{"name":"Executrix Ophelia","id":153,"guid":174012,"type":"NPC","icon":"custom-icon-spell_animarevendreth_orb","fights":[{"id":16,"instances":1}]},{"name":"Baroness Frieda","id":190,"guid":166969,"type":"Boss","icon":"custom-icon-inv_offhand_1h_revendreth_d_01","fights":[{"id":27,"instances":1},{"id":28,"instances":1}]},{"name":"Dance Controller","id":195,"guid":168870,"type":"NPC","icon":"custom-icon-trade_engineering","fights":[{"id":28,"instances":1,"groups":6}]},{"name":"Sewer Rat","id":122,"guid":173800,"type":"NPC","icon":"custom-icon-ability_hunter_pet_wolf","fights":[{"id":5,"instances":29,"groups":3},{"id":43,"instances":17,"groups":1},{"id":44,"instances":12,"groups":1}]},{"name":"Dread Feaster","id":127,"guid":173142,"type":"NPC","icon":"NPC","fights":[{"id":6,"instances":2,"groups":1},{"id":45,"instances":2,"groups":1}]},{"name":"Margore","id":116,"guid":165067,"type":"Boss","icon":"custom-icon-spell_druid_bloodythrash","fights":[{"id":4,"instances":1},{"id":41,"instances":1},{"id":42,"instances":1}]},{"name":"Ripped Soul","id":118,"guid":171577,"type":"NPC","icon":"custom-icon-ability_argus_soulburst","fights":[{"id":41,"instances":4},{"id":42,"instances":4}]},{"name":"Nathrian Duelist","id":173,"guid":165471,"type":"NPC","icon":"custom-icon-ability_rogue_shadowstrike","fights":[{"id":19,"instances":1,"groups":1},{"id":26,"instances":3,"groups":2}]},{"name":"General Kaal","id":208,"guid":168112,"type":"Boss","icon":"custom-icon-inv_misc_sawblade_01","fights":[{"id":32,"instances":1}]},{"name":"Stone Legion Skirmisher","id":205,"guid":173280,"type":"NPC","icon":"custom-icon-spell_animarevendreth_missile","fights":[{"id":31,"instances":7,"groups":3}]},{"name":"Lady Inerva Darkvein","id":137,"guid":165521,"type":"Boss","icon":"custom-icon-spell_shaman_spectraltransformation","fights":[{"id":9,"instances":1},{"id":10,"instances":1}]},{"name":"Edge of Annihilation","id":186,"guid":169062,"type":"NPC","icon":"custom-icon-inv_archaeology_80_witch_guillotineaxe","fights":[{"id":23,"instances":1}]},{"name":"Mudlump","id":315,"guid":169157,"type":"NPC","icon":"NPC","fights":[{"id":35,"instances":1}]},{"name":"Rift Blast Portal","id":180,"guid":169271,"type":"NPC","icon":"custom-icon-spell_animabastion_beam","fights":[{"id":23,"instances":30,"groups":6}]},{"name":"Moldovaak","id":316,"guid":168337,"type":"NPC","icon":"custom-icon-inv_ring_revendrethraid_01_silver","fights":[{"id":36,"instances":1}]},{"name":"Dusty Widow","id":107,"guid":174141,"type":"NPC","icon":"NPC","fights":[{"id":3,"instances":4,"groups":2},{"id":5,"instances":11,"groups":4},{"id":38,"instances":6,"groups":4},{"id":40,"instances":6,"groups":1},{"id":43,"instances":6,"groups":2},{"id":44,"instances":4,"groups":2}]},{"name":"Aerial Bombardment Stalker","id":201,"guid":173175,"type":"NPC","icon":"custom-icon-spell_animarevendreth_missile","fights":[{"id":30,"instances":1}]},{"name":"Deplina","id":130,"guid":173464,"type":"NPC","icon":"custom-icon-inv_misc_voljinsshatteredtusk","fights":[{"id":8,"instances":1,"groups":1},{"id":47,"instances":1,"groups":2}]},{"name":"Nathrian Enforcer","id":143,"guid":165469,"type":"NPC","icon":"custom-icon-spell_animarevendreth_orb","fights":[{"id":11,"instances":3,"groups":1},{"id":12,"instances":1,"groups":2},{"id":13,"instances":3,"groups":1}]},{"name":"Soul Infuser","id":168,"guid":165762,"type":"NPC","icon":"custom-icon-spell_nature_lightningshield","fights":[{"id":17,"instances":3,"groups":2}]},{"name":"Rockbound Vanquisher","id":163,"guid":165764,"type":"NPC","icon":"custom-icon-ability_earthen_pillar","fights":[{"id":17,"instances":3,"groups":5}]},{"name":"Stinky Feedhauler","id":100,"guid":174338,"type":"NPC","icon":"custom-icon-ability_rogue_reinforcedleather","fights":[{"id":2,"instances":5,"groups":1},{"id":3,"instances":2,"groups":1},{"id":38,"instances":9,"groups":1}]},{"name":"Hecutis","id":121,"guid":169458,"type":"Boss","icon":"custom-icon-ability_warstomp","fights":[{"id":4,"instances":1},{"id":42,"instances":1}]},{"name":"High Torturer Darithos","id":157,"guid":168973,"type":"Boss","icon":"custom-icon-spell_animarevendreth_wave","fights":[{"id":17,"instances":1}]},{"name":"Stone Legion Goliath","id":213,"guid":172858,"type":"NPC","icon":"custom-icon-ability_druid_mangle2","fights":[{"id":32,"instances":2}]},{"name":"Bargast","id":117,"guid":169457,"type":"Boss","icon":"custom-icon-ability_druid_markofursol","fights":[{"id":4,"instances":1},{"id":41,"instances":1},{"id":42,"instances":1}]},{"name":"Nathrian Tracker","id":102,"guid":173973,"type":"NPC","icon":"custom-icon-ability_hunter_traplauncher","fights":[{"id":3,"instances":1},{"id":12,"instances":2},{"id":13,"instances":1},{"id":19,"instances":1},{"id":38,"instances":1}]},{"name":"Nathrian Ranger","id":98,"guid":174093,"type":"NPC","icon":"custom-icon-inv_misc_ammo_arrow_05","fights":[{"id":2,"instances":2,"groups":1},{"id":38,"instances":2,"groups":1}]},{"name":"General Grashaal","id":212,"guid":168113,"type":"Boss","icon":"custom-icon-inv_elementalearth2","fights":[{"id":32,"instances":1}]},{"name":"Nathrian Singuard","id":58,"guid":174100,"type":"NPC","icon":"custom-icon-ability_warrior_sunder","fights":[{"id":12,"instances":3}]},{"name":"Lord Stavros","id":189,"guid":166970,"type":"Boss","icon":"custom-icon-ability_warlock_soullink","fights":[{"id":27,"instances":1,"groups":1},{"id":28,"instances":1,"groups":2}]},{"name":"Sindrel","id":314,"guid":173445,"type":"NPC","icon":"custom-icon-inv_misc_volatileearth","fights":[{"id":36,"instances":1}]},{"name":"Nathrian Registrar","id":174,"guid":173613,"type":"NPC","icon":"custom-icon-ability_deathknight_sanguinfortitude","fights":[{"id":20,"instances":1}]},{"name":"Court Hierarch","id":148,"guid":165483,"type":"NPC","icon":"custom-icon-spell_animarevendreth_orb","fights":[{"id":13,"instances":2,"groups":1},{"id":26,"instances":1,"groups":1}]},{"name":"Belligerent Waiter","id":187,"guid":174842,"type":"NPC","icon":"custom-icon-ability_mage_conjurefoodrank9","fights":[{"id":26,"instances":12,"groups":2}]},{"name":"Hulking Gargon","id":113,"guid":174069,"type":"NPC","icon":"custom-icon-inv_misc_foot_kodo","fights":[{"id":3,"instances":2,"groups":1},{"id":39,"instances":2,"groups":1}]},{"name":"Rat of Unusual Size","id":123,"guid":173798,"type":"NPC","icon":"custom-icon-ability_xavius_tormentingswipe","fights":[{"id":5,"instances":4,"groups":1},{"id":43,"instances":2,"groups":1},{"id":44,"instances":2,"groups":1}]},{"name":"Shade of Bargast","id":120,"guid":171557,"type":"NPC","icon":"custom-icon-ability_creature_cursed_03","fights":[{"id":4,"instances":2,"groups":2},{"id":41,"instances":4,"groups":1},{"id":42,"instances":4,"groups":1}]},{"name":"Sins of the Past","id":138,"guid":166766,"type":"NPC","icon":"custom-icon-spell_animarevendreth_orb","fights":[{"id":9,"instances":15,"groups":5}]},{"name":"Carved Assistant","id":154,"guid":173802,"type":"NPC","icon":"custom-icon-archaeology_5_0_crackedmogurunestone","fights":[{"id":16,"instances":5,"groups":1}]},{"name":"Gorging Mite","id":126,"guid":173145,"type":"NPC","icon":"custom-icon-ability_warlock_burningembersblue","fights":[{"id":6,"instances":9,"groups":1},{"id":45,"instances":9,"groups":1}]},{"name":"Court Executor","id":172,"guid":174208,"type":"NPC","icon":"custom-icon-spell_animarevendreth_orb","fights":[{"id":19,"instances":1}]},{"name":"Crystal of Phantasms","id":181,"guid":168512,"type":"NPC","icon":"custom-icon-spell_necro_deathrift","fights":[{"id":23,"instances":1,"groups":2}]},{"name":"Sinister Antiquarian","id":177,"guid":173604,"type":"NPC","icon":"custom-icon-ability_ironmaidens_whirlofblood","fights":[{"id":20,"instances":2,"groups":1}]},{"name":"Waltzing Venthyr","id":197,"guid":176016,"type":"NPC","icon":"custom-icon-ability_rogue_shadowdance","fights":[{"id":28,"instances":5,"groups":2}]},{"name":"Court Enforcer","id":141,"guid":165479,"type":"NPC","icon":"custom-icon-spell_animarevendreth_orb","fights":[{"id":13,"instances":1},{"id":14,"instances":2},{"id":15,"instances":1},{"id":16,"instances":2},{"id":19,"instances":2},{"id":26,"instances":1}]},{"name":"Castellan Niklaus","id":191,"guid":166971,"type":"Boss","icon":"custom-icon-inv_knife_1h_revendreth_d_01","fights":[{"id":27,"instances":1,"groups":1},{"id":28,"instances":1,"groups":2}]},{"name":"Court Assassin","id":151,"guid":165481,"type":"NPC","icon":"custom-icon-inv_artifact_bloodoftheassassinated","fights":[{"id":13,"instances":2},{"id":24,"instances":1},{"id":25,"instances":1},{"id":26,"instances":1}]},{"name":"Stone Legion Commando","id":206,"guid":173276,"type":"NPC","icon":"custom-icon-spell_nature_earthquake","fights":[{"id":31,"instances":7,"groups":2}]},{"name":"Bleakwing Assassin","id":158,"guid":167566,"type":"NPC","icon":"custom-icon-ability_revendreth_rogue","fights":[{"id":17,"instances":6,"groups":5}]},{"name":"Sins of the Past","id":135,"guid":173512,"type":"NPC","icon":"custom-icon-spell_animarevendreth_orb","fights":[{"id":8,"instances":4,"groups":2},{"id":47,"instances":6,"groups":3}]},{"name":"Caramain","id":317,"guid":173444,"type":"NPC","icon":"custom-icon-inv_misc_volatileearth","fights":[{"id":36,"instances":1}]},{"name":"Remornia","id":220,"guid":168156,"type":"NPC","icon":"custom-icon-spell_shadow_lifedrain","fights":[{"id":33,"instances":1,"groups":5}]},{"name":"Kennel Overseer","id":114,"guid":174070,"type":"NPC","icon":"custom-icon-ability_hunter_runningshot","fights":[{"id":3,"instances":1,"groups":2},{"id":39,"instances":1,"groups":1}]},{"name":"Stone Legion Goliath","id":207,"guid":173178,"type":"NPC","icon":"custom-icon-ability_druid_mangle2","fights":[{"id":31,"instances":4,"groups":1}]},{"name":"Artificer Xy'mox","id":178,"guid":166644,"type":"Boss","icon":"custom-icon-ability_shootwand","fights":[{"id":21,"instances":1},{"id":22,"instances":1},{"id":23,"instances":1}]}],"friendlyPets":[{"name":"Efflorescence","id":87,"guid":47649,"type":"Pet","icon":"abilities/inv_misc_herb_talandrasrose","petOwner":52,"fights":[{"id":1,"instances":2},{"id":2,"instances":1},{"id":3,"instances":5},{"id":4,"instances":13},{"id":5,"instances":2},{"id":6,"instances":4},{"id":7,"instances":12},{"id":8,"instances":4},{"id":9,"instances":10},{"id":11,"instances":4},{"id":12,"instances":2},{"id":13,"instances":6},{"id":14,"instances":2},{"id":15,"instances":2},{"id":16,"instances":2},{"id":17,"instances":12},{"id":19,"instances":3},{"id":20,"instances":2},{"id":23,"instances":7},{"id":26,"instances":2},{"id":27,"instances":1},{"id":28,"instances":17},{"id":29,"instances":5},{"id":30,"instances":1},{"id":31,"instances":4},{"id":32,"instances":10},{"id":33,"instances":30},{"id":36,"instances":3},{"id":37,"instances":9},{"id":38,"instances":1}]},{"name":"Hologram","id":217,"guid":176474,"type":"Pet","icon":"custom-icon-inv_trinket_80_titan02a","petOwner":44,"fights":[{"id":32,"instances":1}]},{"name":"Mana Tide Totem","id":85,"guid":10467,"type":"Pet","icon":"abilities/spell_frost_summonwaterelemental","petOwner":43,"fights":[{"id":1,"instances":1},{"id":2,"instances":1},{"id":4,"instances":2},{"id":5,"instances":1},{"id":7,"instances":2},{"id":9,"instances":2},{"id":17,"instances":2},{"id":23,"instances":1},{"id":28,"instances":2},{"id":29,"instances":2},{"id":32,"instances":2},{"id":33,"instances":2},{"id":37,"instances":1},{"id":41,"instances":1},{"id":42,"instances":2},{"id":46,"instances":2}]},{"name":"Gravedrinker","id":41,"guid":64821303,"type":"Pet","icon":"abilities/spell_shadow_animatedead","petOwner":55,"fights":[{"id":1,"instances":1},{"id":2,"instances":1},{"id":3,"instances":1},{"id":4,"instances":1},{"id":5,"instances":1},{"id":6,"instances":1},{"id":7,"instances":1},{"id":8,"instances":1},{"id":9,"instances":1},{"id":10,"instances":1},{"id":11,"instances":1},{"id":12,"instances":1},{"id":13,"instances":1},{"id":14,"instances":1},{"id":15,"instances":1},{"id":16,"instances":1},{"id":17,"instances":1},{"id":18,"instances":1},{"id":19,"instances":1},{"id":20,"instances":1},{"id":21,"instances":1},{"id":23,"instances":1},{"id":24,"instances":1},{"id":25,"instances":1},{"id":26,"instances":1},{"id":27,"instances":1},{"id":28,"instances":1},{"id":29,"instances":1},{"id":31,"instances":1},{"id":32,"instances":1},{"id":33,"instances":1},{"id":36,"instances":1},{"id":37,"instances":1}]},{"name":"Earth Spirit","id":67,"guid":69792,"type":"Pet","icon":"abilities/inv_elemental_primal_earth","petOwner":53,"fights":[{"id":1,"instances":3},{"id":3,"instances":2},{"id":4,"instances":2},{"id":6,"instances":2},{"id":7,"instances":3},{"id":8,"instances":2},{"id":9,"instances":4}]},{"name":"Regenerating Wildseed","id":226,"guid":164589,"type":"Pet","icon":"Pet","petOwner":56,"fights":[{"id":33,"instances":1}]},{"name":"Healing Tide Totem","id":95,"guid":59764,"type":"Pet","icon":"abilities/ability_shaman_healingtide","petOwner":46,"fights":[{"id":1,"instances":1},{"id":3,"instances":1},{"id":4,"instances":1},{"id":5,"instances":1},{"id":7,"instances":1},{"id":9,"instances":1},{"id":11,"instances":1},{"id":13,"instances":1},{"id":20,"instances":1},{"id":23,"instances":1},{"id":28,"instances":2},{"id":29,"instances":1},{"id":32,"instances":2},{"id":33,"instances":2},{"id":37,"instances":1}]},{"name":"Spirit Link Totem","id":109,"guid":53006,"type":"Pet","icon":"abilities/spell_shaman_spiritlink","petOwner":46,"fights":[{"id":3,"instances":1},{"id":4,"instances":1},{"id":7,"instances":1},{"id":8,"instances":1},{"id":20,"instances":1},{"id":23,"instances":1},{"id":26,"instances":1},{"id":28,"instances":2},{"id":29,"instances":1},{"id":32,"instances":1},{"id":33,"instances":1},{"id":37,"instances":1}]},{"name":"Hati","id":39,"guid":62392632,"type":"Pet","icon":"custom-icon-ability_warstomp","petOwner":57,"fights":[{"id":1,"instances":1},{"id":2,"instances":1},{"id":3,"instances":1},{"id":4,"instances":1},{"id":5,"instances":1},{"id":6,"instances":1},{"id":7,"instances":1},{"id":8,"instances":1},{"id":9,"instances":1},{"id":10,"instances":1},{"id":11,"instances":1},{"id":12,"instances":1},{"id":13,"instances":1},{"id":14,"instances":1},{"id":15,"instances":1},{"id":16,"instances":1},{"id":17,"instances":1},{"id":18,"instances":1},{"id":19,"instances":1},{"id":20,"instances":1},{"id":21,"instances":1},{"id":23,"instances":1},{"id":24,"instances":1},{"id":25,"instances":1},{"id":26,"instances":1},{"id":27,"instances":1},{"id":28,"instances":1},{"id":29,"instances":1},{"id":31,"instances":1},{"id":32,"instances":1},{"id":33,"instances":1},{"id":36,"instances":1},{"id":37,"instances":1},{"id":38,"instances":1},{"id":39,"instances":1},{"id":41,"instances":1},{"id":42,"instances":1},{"id":43,"instances":1},{"id":44,"instances":1},{"id":45,"instances":1},{"id":46,"instances":1},{"id":47,"instances":1}]},{"name":"Earthen Wall Totem","id":80,"guid":100943,"type":"Pet","icon":"abilities/spell_nature_stoneskintotem","petOwner":46,"fights":[{"id":1,"instances":3},{"id":3,"instances":1},{"id":4,"instances":4},{"id":5,"instances":1},{"id":6,"instances":1},{"id":7,"instances":3},{"id":8,"instances":2},{"id":9,"instances":4},{"id":11,"instances":1},{"id":12,"instances":1},{"id":13,"instances":3},{"id":14,"instances":1},{"id":16,"instances":1},{"id":17,"instances":1},{"id":19,"instances":1},{"id":20,"instances":1},{"id":23,"instances":4},{"id":26,"instances":2},{"id":28,"instances":4},{"id":29,"instances":4},{"id":31,"instances":2},{"id":32,"instances":5},{"id":33,"instances":6},{"id":36,"instances":1},{"id":37,"instances":4},{"id":38,"instances":1}]},{"name":"Void Tendril","id":91,"guid":98167,"type":"Pet","icon":"abilities/spell_shadow_skull","petOwner":47,"fights":[{"id":1,"instances":3},{"id":3,"instances":1},{"id":4,"instances":2},{"id":7,"instances":4},{"id":8,"instances":1},{"id":9,"instances":3},{"id":12,"instances":1},{"id":14,"instances":1},{"id":16,"instances":1},{"id":17,"instances":4},{"id":19,"instances":1},{"id":23,"instances":4},{"id":28,"instances":6},{"id":29,"instances":6},{"id":31,"instances":3},{"id":32,"instances":7},{"id":33,"instances":6},{"id":36,"instances":3},{"id":37,"instances":4},{"id":41,"instances":5},{"id":42,"instances":5},{"id":46,"instances":3},{"id":47,"instances":1}]},{"name":"Earthen Wall Totem","id":73,"guid":100943,"type":"Pet","icon":"abilities/spell_nature_stoneskintotem","petOwner":43,"fights":[{"id":1,"instances":3},{"id":4,"instances":3},{"id":5,"instances":1},{"id":7,"instances":3},{"id":9,"instances":4},{"id":17,"instances":3},{"id":20,"instances":1},{"id":23,"instances":4},{"id":28,"instances":6},{"id":29,"instances":4},{"id":32,"instances":4},{"id":33,"instances":7},{"id":37,"instances":3},{"id":41,"instances":2},{"id":42,"instances":3},{"id":46,"instances":4},{"id":47,"instances":1}]},{"name":"Efflorescence","id":160,"guid":47649,"type":"Pet","icon":"abilities/inv_misc_herb_talandrasrose","petOwner":51,"fights":[{"id":17,"instances":12},{"id":38,"instances":3},{"id":39,"instances":2},{"id":41,"instances":6},{"id":42,"instances":13},{"id":43,"instances":2},{"id":44,"instances":1},{"id":45,"instances":4},{"id":46,"instances":10},{"id":47,"instances":4}]},{"name":"Spirit Link Totem","id":97,"guid":53006,"type":"Pet","icon":"abilities/spell_shaman_spiritlink","petOwner":43,"fights":[{"id":1,"instances":1},{"id":4,"instances":1},{"id":5,"instances":1},{"id":7,"instances":1},{"id":9,"instances":1},{"id":13,"instances":1},{"id":20,"instances":1},{"id":23,"instances":1},{"id":28,"instances":1},{"id":29,"instances":1},{"id":32,"instances":1},{"id":33,"instances":3},{"id":37,"instances":1},{"id":41,"instances":1},{"id":42,"instances":1},{"id":46,"instances":1}]},{"name":"Void Lasher","id":323,"guid":175198,"type":"Pet","icon":"abilities/spell_shadow_skull","petOwner":47,"fights":[{"id":45,"instances":1}]},{"name":"Greater Earth Elemental","id":228,"guid":95072,"type":"Pet","icon":"abilities/spell_nature_earthelemental_totem","petOwner":49,"fights":[{"id":33,"instances":1}]},{"name":"Shadowfiend","id":71,"guid":19668,"type":"Pet","icon":"abilities/spell_shadow_shadowfiend","petOwner":36,"fights":[{"id":1,"instances":2},{"id":4,"instances":2},{"id":7,"instances":2},{"id":9,"instances":2},{"id":17,"instances":2},{"id":23,"instances":2},{"id":28,"instances":2},{"id":29,"instances":2},{"id":32,"instances":2},{"id":33,"instances":3},{"id":37,"instances":1},{"id":41,"instances":1},{"id":42,"instances":2},{"id":46,"instances":2}]},{"name":"Regenerating Wildseed","id":322,"guid":164589,"type":"Pet","icon":"Pet","petOwner":37,"fights":[{"id":44,"instances":1}]},{"name":"Risen Skulker","id":65,"guid":99541,"type":"Pet","icon":"abilities/spell_shadow_animatedead","petOwner":55,"fights":[{"id":1,"instances":1},{"id":2,"instances":1},{"id":3,"instances":1},{"id":4,"instances":1},{"id":5,"instances":1},{"id":6,"instances":1},{"id":7,"instances":1},{"id":8,"instances":1},{"id":9,"instances":1},{"id":10,"instances":1},{"id":11,"instances":1},{"id":12,"instances":1},{"id":13,"instances":1},{"id":14,"instances":1},{"id":15,"instances":1},{"id":16,"instances":1},{"id":17,"instances":1},{"id":19,"instances":1},{"id":20,"instances":1},{"id":23,"instances":1},{"id":24,"instances":1},{"id":25,"instances":1},{"id":26,"instances":1},{"id":27,"instances":1},{"id":28,"instances":1},{"id":29,"instances":1},{"id":31,"instances":1},{"id":32,"instances":1},{"id":33,"instances":1},{"id":36,"instances":1},{"id":37,"instances":1}]},{"name":"Capacitor Totem","id":149,"guid":61245,"type":"Pet","icon":"abilities/spell_nature_brilliance","petOwner":43,"fights":[{"id":13,"instances":1},{"id":15,"instances":1},{"id":42,"instances":1}]},{"name":"Healing Tide Totem","id":93,"guid":59764,"type":"Pet","icon":"abilities/ability_shaman_healingtide","petOwner":49,"fights":[{"id":1,"instances":1},{"id":3,"instances":1},{"id":4,"instances":1},{"id":7,"instances":2},{"id":9,"instances":2},{"id":11,"instances":1},{"id":13,"instances":1},{"id":16,"instances":1},{"id":17,"instances":2},{"id":20,"instances":1},{"id":23,"instances":2},{"id":26,"instances":1},{"id":28,"instances":2},{"id":29,"instances":2},{"id":31,"instances":1},{"id":32,"instances":2},{"id":33,"instances":3},{"id":36,"instances":1},{"id":37,"instances":2},{"id":38,"instances":1},{"id":41,"instances":1},{"id":42,"instances":2},{"id":44,"instances":1},{"id":46,"instances":2},{"id":47,"instances":1}]},{"name":"Army of the Dead","id":74,"guid":24207,"type":"Pet","icon":"abilities/artifactability_unholydeathknight_deathsembrace","petOwner":55,"fights":[{"id":1,"instances":20},{"id":4,"instances":24},{"id":6,"instances":4},{"id":7,"instances":20},{"id":8,"instances":4},{"id":9,"instances":23},{"id":13,"instances":8},{"id":15,"instances":4},{"id":16,"instances":4},{"id":17,"instances":24},{"id":19,"instances":4},{"id":20,"instances":4},{"id":23,"instances":23},{"id":28,"instances":28},{"id":29,"instances":21},{"id":31,"instances":8},{"id":32,"instances":26},{"id":33,"instances":44},{"id":36,"instances":8},{"id":37,"instances":22}]},{"name":"Greater Fire Elemental","id":64,"guid":95061,"type":"Pet","icon":"abilities/spell_fire_elemental_totem","petOwner":44,"fights":[{"id":1,"instances":2},{"id":4,"instances":2},{"id":7,"instances":2},{"id":9,"instances":2},{"id":14,"instances":1},{"id":17,"instances":2},{"id":23,"instances":2},{"id":28,"instances":2},{"id":29,"instances":2},{"id":32,"instances":3},{"id":33,"instances":3},{"id":46,"instances":2}]},{"name":"Healing Tide Totem","id":75,"guid":59764,"type":"Pet","icon":"abilities/ability_shaman_healingtide","petOwner":43,"fights":[{"id":1,"instances":2},{"id":3,"instances":1},{"id":4,"instances":1},{"id":7,"instances":2},{"id":9,"instances":2},{"id":13,"instances":1},{"id":17,"instances":1},{"id":20,"instances":1},{"id":23,"instances":2},{"id":26,"instances":1},{"id":28,"instances":2},{"id":29,"instances":1},{"id":32,"instances":2},{"id":33,"instances":2},{"id":37,"instances":1},{"id":41,"instances":1},{"id":42,"instances":1},{"id":43,"instances":1},{"id":46,"instances":2}]},{"name":"Mirror Image","id":119,"guid":31216,"type":"Pet","icon":"abilities/spell_magic_managain","petOwner":37,"fights":[{"id":4,"instances":6},{"id":7,"instances":6},{"id":9,"instances":3},{"id":23,"instances":6},{"id":26,"instances":3},{"id":28,"instances":6},{"id":32,"instances":3},{"id":33,"instances":6},{"id":36,"instances":3},{"id":37,"instances":3},{"id":42,"instances":3},{"id":46,"instances":6}]},{"name":"Healing Stream Totem","id":111,"guid":3527,"type":"Pet","icon":"abilities/inv_spear_04","petOwner":44,"fights":[{"id":3,"instances":1},{"id":7,"instances":1},{"id":17,"instances":2}]},{"name":"Greater Earth Elemental","id":229,"guid":95072,"type":"Pet","icon":"abilities/spell_nature_earthelemental_totem","petOwner":43,"fights":[{"id":33,"instances":1}]},{"name":"Hologram","id":230,"guid":176474,"type":"Pet","icon":"custom-icon-inv_trinket_80_titan02a","petOwner":51,"fights":[{"id":33,"instances":1}]},{"name":"Earthen Wall Totem","id":76,"guid":100943,"type":"Pet","icon":"abilities/spell_nature_stoneskintotem","petOwner":49,"fights":[{"id":1,"instances":4},{"id":3,"instances":2},{"id":4,"instances":4},{"id":6,"instances":2},{"id":7,"instances":4},{"id":8,"instances":1},{"id":9,"instances":4},{"id":11,"instances":1},{"id":12,"instances":1},{"id":13,"instances":3},{"id":15,"instances":1},{"id":16,"instances":1},{"id":17,"instances":5},{"id":19,"instances":1},{"id":20,"instances":1},{"id":23,"instances":4},{"id":26,"instances":2},{"id":28,"instances":6},{"id":29,"instances":4},{"id":31,"instances":3},{"id":32,"instances":3},{"id":33,"instances":8},{"id":36,"instances":2},{"id":37,"instances":5},{"id":38,"instances":1},{"id":39,"instances":1},{"id":41,"instances":3},{"id":42,"instances":5},{"id":43,"instances":1},{"id":44,"instances":1},{"id":45,"instances":2},{"id":46,"instances":5},{"id":47,"instances":2}]},{"name":"Frothing Pustule","id":86,"guid":175519,"type":"Pet","icon":"custom-icon-ability_creature_poison_02","petOwner":57,"fights":[{"id":1,"instances":9},{"id":2,"instances":2},{"id":3,"instances":4},{"id":4,"instances":11},{"id":5,"instances":3},{"id":6,"instances":2},{"id":7,"instances":13},{"id":8,"instances":6},{"id":9,"instances":15}]},{"name":"Atreyu","id":34,"guid":62392640,"type":"Pet","icon":"abilities/ability_hunter_beastcall","petOwner":57,"fights":[{"id":1,"instances":1},{"id":2,"instances":1},{"id":3,"instances":1},{"id":4,"instances":1},{"id":5,"instances":1},{"id":6,"instances":1},{"id":7,"instances":1},{"id":8,"instances":1},{"id":9,"instances":1},{"id":10,"instances":1},{"id":11,"instances":1},{"id":12,"instances":1},{"id":13,"instances":1},{"id":14,"instances":1},{"id":15,"instances":1},{"id":16,"instances":1},{"id":17,"instances":1},{"id":19,"instances":1},{"id":20,"instances":1},{"id":21,"instances":1},{"id":23,"instances":1},{"id":24,"instances":1},{"id":25,"instances":1},{"id":26,"instances":1},{"id":27,"instances":1},{"id":28,"instances":1},{"id":29,"instances":1},{"id":30,"instances":1},{"id":31,"instances":1},{"id":32,"instances":1},{"id":33,"instances":1},{"id":36,"instances":1},{"id":37,"instances":1},{"id":38,"instances":1},{"id":39,"instances":1},{"id":41,"instances":1},{"id":42,"instances":1},{"id":43,"instances":1},{"id":44,"instances":1},{"id":45,"instances":1},{"id":46,"instances":1},{"id":47,"instances":1}]},{"name":"Army of the Dead","id":81,"guid":24207,"type":"Pet","icon":"abilities/artifactability_unholydeathknight_deathsembrace","petOwner":50,"fights":[{"id":1,"instances":16},{"id":4,"instances":20},{"id":6,"instances":4},{"id":7,"instances":20},{"id":8,"instances":4},{"id":9,"instances":17},{"id":15,"instances":4},{"id":17,"instances":20},{"id":20,"instances":12},{"id":23,"instances":24},{"id":26,"instances":4},{"id":28,"instances":28},{"id":29,"instances":20},{"id":31,"instances":8},{"id":32,"instances":28},{"id":33,"instances":28},{"id":36,"instances":4},{"id":37,"instances":24},{"id":41,"instances":15},{"id":42,"instances":20},{"id":46,"instances":20},{"id":47,"instances":8}]},{"name":"Capacitor Totem","id":169,"guid":61245,"type":"Pet","icon":"abilities/spell_nature_brilliance","petOwner":49,"fights":[{"id":17,"instances":1}]},{"name":"Xuen","id":90,"guid":63508,"type":"Pet","icon":"abilities/ability_monk_summontigerstatue","petOwner":53,"fights":[{"id":1,"instances":2},{"id":3,"instances":1},{"id":4,"instances":3},{"id":7,"instances":2},{"id":8,"instances":1},{"id":9,"instances":2}]},{"name":"Greater Earth Elemental","id":96,"guid":95072,"type":"Pet","icon":"abilities/spell_nature_earthelemental_totem","petOwner":46,"fights":[{"id":1,"instances":1},{"id":4,"instances":1},{"id":7,"instances":1},{"id":9,"instances":1},{"id":17,"instances":1},{"id":23,"instances":1},{"id":28,"instances":1},{"id":29,"instances":1},{"id":32,"instances":2},{"id":33,"instances":2},{"id":37,"instances":1}]},{"name":"Cryptcatcher","id":40,"guid":65093315,"type":"Pet","icon":"abilities/spell_shadow_animatedead","petOwner":50,"fights":[{"id":1,"instances":1},{"id":3,"instances":1},{"id":4,"instances":1},{"id":5,"instances":1},{"id":6,"instances":1},{"id":7,"instances":1},{"id":8,"instances":1},{"id":9,"instances":1},{"id":10,"instances":1},{"id":13,"instances":1},{"id":14,"instances":1},{"id":15,"instances":1},{"id":16,"instances":1},{"id":17,"instances":1},{"id":19,"instances":1},{"id":20,"instances":1},{"id":21,"instances":1},{"id":23,"instances":1},{"id":24,"instances":1},{"id":25,"instances":1},{"id":26,"instances":1},{"id":27,"instances":1},{"id":28,"instances":1},{"id":29,"instances":1},{"id":31,"instances":1},{"id":32,"instances":1},{"id":33,"instances":1},{"id":36,"instances":1},{"id":37,"instances":1},{"id":38,"instances":1},{"id":39,"instances":1},{"id":41,"instances":1},{"id":42,"instances":1},{"id":43,"instances":1},{"id":44,"instances":1},{"id":45,"instances":1},{"id":46,"instances":1},{"id":47,"instances":1}]},{"name":"Mana Tide Totem","id":92,"guid":10467,"type":"Pet","icon":"abilities/spell_frost_summonwaterelemental","petOwner":49,"fights":[{"id":1,"instances":1},{"id":4,"instances":1},{"id":7,"instances":1},{"id":17,"instances":2},{"id":23,"instances":1},{"id":29,"instances":1},{"id":32,"instances":1},{"id":33,"instances":2},{"id":41,"instances":1},{"id":42,"instances":2},{"id":46,"instances":1}]},{"name":"Risen Skulker","id":63,"guid":99541,"type":"Pet","icon":"abilities/spell_shadow_animatedead","petOwner":50,"fights":[{"id":1,"instances":1},{"id":3,"instances":1},{"id":4,"instances":1},{"id":5,"instances":1},{"id":6,"instances":1},{"id":7,"instances":1},{"id":8,"instances":1},{"id":9,"instances":1},{"id":11,"instances":1},{"id":12,"instances":1},{"id":13,"instances":1},{"id":14,"instances":1},{"id":15,"instances":1},{"id":16,"instances":1},{"id":17,"instances":1},{"id":19,"instances":1},{"id":20,"instances":1},{"id":21,"instances":1},{"id":23,"instances":1},{"id":25,"instances":1},{"id":26,"instances":2},{"id":27,"instances":1},{"id":28,"instances":1},{"id":29,"instances":1},{"id":31,"instances":1},{"id":32,"instances":1},{"id":33,"instances":2},{"id":34,"instances":2},{"id":36,"instances":1},{"id":37,"instances":1},{"id":38,"instances":1},{"id":39,"instances":1},{"id":41,"instances":1},{"id":42,"instances":1},{"id":43,"instances":1},{"id":44,"instances":1},{"id":45,"instances":1},{"id":46,"instances":1},{"id":47,"instances":1}]},{"name":"Regenerating Wildseed","id":321,"guid":164589,"type":"Pet","icon":"Pet","petOwner":51,"fights":[{"id":41,"instances":1}]},{"name":"Void Lasher","id":108,"guid":175198,"type":"Pet","icon":"abilities/spell_shadow_skull","petOwner":36,"fights":[{"id":3,"instances":2},{"id":13,"instances":1},{"id":17,"instances":1},{"id":38,"instances":1},{"id":47,"instances":2}]},{"name":"Spirit Link Totem","id":94,"guid":53006,"type":"Pet","icon":"abilities/spell_shaman_spiritlink","petOwner":49,"fights":[{"id":1,"instances":1},{"id":3,"instances":1},{"id":4,"instances":2},{"id":5,"instances":1},{"id":7,"instances":2},{"id":8,"instances":1},{"id":9,"instances":1},{"id":11,"instances":1},{"id":13,"instances":1},{"id":15,"instances":1},{"id":17,"instances":2},{"id":20,"instances":1},{"id":23,"instances":2},{"id":26,"instances":1},{"id":28,"instances":2},{"id":29,"instances":2},{"id":32,"instances":2},{"id":33,"instances":3},{"id":36,"instances":1},{"id":37,"instances":2},{"id":39,"instances":1},{"id":41,"instances":1},{"id":42,"instances":2},{"id":43,"instances":1},{"id":45,"instances":1},{"id":46,"instances":2},{"id":47,"instances":1}]},{"name":"Magus of the Dead","id":72,"guid":163366,"type":"Pet","icon":"abilities/artifactability_unholydeathknight_deathsembrace","petOwner":55,"fights":[{"id":1,"instances":4},{"id":4,"instances":5},{"id":6,"instances":1},{"id":7,"instances":4},{"id":8,"instances":1},{"id":9,"instances":5},{"id":13,"instances":2},{"id":15,"instances":1},{"id":16,"instances":1},{"id":17,"instances":5},{"id":19,"instances":1},{"id":20,"instances":1},{"id":23,"instances":5},{"id":28,"instances":6},{"id":29,"instances":5},{"id":31,"instances":2},{"id":32,"instances":6},{"id":33,"instances":9},{"id":36,"instances":2},{"id":37,"instances":5}]},{"name":"Fire Spirit","id":70,"guid":69791,"type":"Pet","icon":"abilities/inv_summerfest_firespirit","petOwner":53,"fights":[{"id":1,"instances":4},{"id":3,"instances":2},{"id":4,"instances":2},{"id":6,"instances":2},{"id":7,"instances":3},{"id":8,"instances":2},{"id":9,"instances":4}]},{"name":"Capacitor Totem","id":101,"guid":61245,"type":"Pet","icon":"abilities/spell_nature_brilliance","petOwner":46,"fights":[{"id":2,"instances":1},{"id":4,"instances":1},{"id":13,"instances":1},{"id":16,"instances":1},{"id":19,"instances":1},{"id":26,"instances":1},{"id":28,"instances":1},{"id":31,"instances":1},{"id":38,"instances":1}]},{"name":"Void Tendril","id":88,"guid":98167,"type":"Pet","icon":"abilities/spell_shadow_skull","petOwner":36,"fights":[{"id":1,"instances":2},{"id":4,"instances":4},{"id":7,"instances":4},{"id":8,"instances":1},{"id":9,"instances":3},{"id":17,"instances":3},{"id":19,"instances":1},{"id":20,"instances":1},{"id":23,"instances":2},{"id":28,"instances":8},{"id":29,"instances":4},{"id":31,"instances":2},{"id":32,"instances":4},{"id":33,"instances":9},{"id":36,"instances":1},{"id":37,"instances":2},{"id":38,"instances":1},{"id":41,"instances":1},{"id":42,"instances":7},{"id":46,"instances":4}]},{"name":"Reanimated Shambling Horror","id":83,"guid":171587,"type":"Pet","icon":"abilities/spell_holy_turnundead","petOwner":55,"fights":[{"id":1,"instances":4},{"id":3,"instances":4},{"id":4,"instances":4},{"id":5,"instances":3},{"id":6,"instances":3},{"id":7,"instances":8},{"id":8,"instances":5},{"id":9,"instances":8},{"id":11,"instances":2},{"id":12,"instances":2},{"id":13,"instances":3},{"id":14,"instances":1},{"id":15,"instances":2},{"id":16,"instances":1},{"id":17,"instances":10},{"id":19,"instances":1},{"id":20,"instances":1},{"id":23,"instances":4},{"id":26,"instances":2},{"id":28,"instances":4},{"id":29,"instances":8},{"id":31,"instances":4},{"id":32,"instances":7},{"id":33,"instances":13},{"id":36,"instances":2},{"id":37,"instances":6}]},{"name":"Mana Tide Totem","id":129,"guid":10467,"type":"Pet","icon":"abilities/spell_frost_summonwaterelemental","petOwner":46,"fights":[{"id":7,"instances":1},{"id":9,"instances":1},{"id":17,"instances":1},{"id":23,"instances":1},{"id":28,"instances":1},{"id":29,"instances":1},{"id":32,"instances":1},{"id":33,"instances":1},{"id":37,"instances":1}]},{"name":"Shadowfiend","id":79,"guid":19668,"type":"Pet","icon":"abilities/spell_shadow_shadowfiend","petOwner":47,"fights":[{"id":1,"instances":2},{"id":4,"instances":2},{"id":7,"instances":1},{"id":9,"instances":2},{"id":17,"instances":2},{"id":23,"instances":2},{"id":28,"instances":2},{"id":29,"instances":2},{"id":32,"instances":2},{"id":33,"instances":3},{"id":37,"instances":2},{"id":41,"instances":1},{"id":42,"instances":2},{"id":46,"instances":2}]},{"name":"Greater Earth Elemental","id":182,"guid":95072,"type":"Pet","icon":"abilities/spell_nature_earthelemental_totem","petOwner":44,"fights":[{"id":23,"instances":1}]}],"enemyPets":[{"name":"Loyal Gargon","id":103,"guid":173953,"type":"Pet","icon":"custom-icon-spell_shadow_lifedrain","petOwner":102,"fights":[{"id":3,"instances":1},{"id":38,"instances":1}]}],"phases":[{"boss":2417,"phases":["General Kaal","Intermission One","General Grashaal","Intermission Two","Generals United"],"intermissions":[2,4]},{"boss":2418,"phases":["Margore","Bargast","Hecutis","Huntsman"]},{"boss":2405,"phases":["Crystal of Phantasms","Root of Extinction","Edge of Annihilation"]},{"boss":2407,"phases":["Stage One: Sinners Be Cleansed","Intermission: March of the Penitent","Stage Two: The Crimson Chorus","Stage Three: Indignation"],"intermissions":[2]},{"boss":2412,"phases":["Phase One","Phase Two","Phase Three"]},{"boss":2398,"phases":["Thirst for Blood","Terror of Castle Nathria"]}],"logVersion":16,"gameVersion":1,"title":"Castle Nathria Week III","owner":"Mingulator","start":1608685689545,"end":1608697557821,"zone":26,"exportedCharacters":[{"id":53664202,"name":"Bootý","server":"Illidan","region":"US"},{"id":51799530,"name":"Excape","server":"Illidan","region":"US"},{"id":54532306,"name":"Flinto","server":"Illidan","region":"US"},{"id":51872690,"name":"Havokdawl","server":"Illidan","region":"US"},{"id":55157694,"name":"Jamcow","server":"Illidan","region":"US"},{"id":51658155,"name":"Jonjo","server":"Illidan","region":"US"},{"id":51993303,"name":"Kasprepared","server":"Illidan","region":"US"},{"id":51993305,"name":"Kyoote","server":"Illidan","region":"US"},{"id":54780334,"name":"Maicohdeek","server":"Illidan","region":"US"},{"id":53648721,"name":"Mìngulator","server":"Illidan","region":"US"},{"id":53664191,"name":"Novster","server":"Illidan","region":"US"},{"id":54982681,"name":"Papabeardo","server":"Illidan","region":"US"},{"id":51836024,"name":"Simonloo","server":"Illidan","region":"US"},{"id":51633627,"name":"Strycicle","server":"Illidan","region":"US"},{"id":55260368,"name":"Sìte","server":"Illidan","region":"US"},{"id":53712961,"name":"Totalism","server":"Illidan","region":"US"},{"id":52870184,"name":"Totemicpug","server":"Illidan","region":"US"},{"id":51563829,"name":"Vynlorderon","server":"Illidan","region":"US"},{"id":52060707,"name":"Zandalof","server":"Illidan","region":"US"},{"id":51765174,"name":"Zulkek","server":"Illidan","region":"US"}]}