{"fights":[{"id":1,"start_time":790201,"end_time":1050919,"boss":2329,"name":"Wrathion","size":20,"difficulty":5,"kill":true,"partial":3,"bossPercentage":0,"fightPercentage":0,"lastPhaseForPercentageDisplay":1,"maps":[1580]},{"id":2,"start_time":1086125,"end_time":1115251,"boss":0,"name":"Monstrous Behemoth"},{"id":3,"start_time":1128200,"end_time":1166584,"boss":0,"name":"Khateph"},{"id":4,"start_time":1194906,"end_time":1276356,"boss":0,"name":"Aqir Shadowcrafter"},{"id":5,"start_time":1289671,"end_time":1297445,"boss":0,"originalBoss":2327,"name":"Maut"},{"id":6,"start_time":1362631,"end_time":1529725,"boss":2327,"name":"Maut","size":20,"difficulty":5,"kill":true,"partial":3,"bossPercentage":0,"fightPercentage":0,"lastPhaseForPercentageDisplay":1,"maps":[1581]},{"id":7,"start_time":1585311,"end_time":1615616,"boss":0,"name":"Monstrous Behemoth"},{"id":8,"start_time":1626958,"end_time":1681017,"boss":0,"name":"Occult Shadowmender"},{"id":9,"start_time":1734186,"end_time":1788551,"boss":0,"name":"Anubisath Sentinel"}],"lang":"en","friendlies":[{"name":"Nutella","id":1,"guid":199189355,"type":"Hunter","server":"LaughingSkull","icon":"Hunter-BeastMastery","fights":[{"id":1},{"id":2},{"id":3},{"id":4},{"id":5},{"id":6},{"id":7},{"id":8},{"id":9}]},{"name":"Consata","id":30,"guid":115392427,"type":"Paladin","server":"LaughingSkull","icon":"Paladin-Retribution","fights":[{"id":1},{"id":2},{"id":5},{"id":6}]},{"name":"Halûwû","id":29,"guid":193162456,"type":"Shaman","server":"LaughingSkull","icon":"Shaman-Restoration","fights":[{"id":1},{"id":2},{"id":3},{"id":4},{"id":5},{"id":6},{"id":7},{"id":8},{"id":9}]},{"name":"Werdup","id":20,"guid":131679630,"type":"Shaman","server":"Sunstrider","icon":"Shaman-Enhancement","fights":[{"id":1},{"id":2},{"id":3},{"id":4},{"id":5},{"id":6},{"id":7},{"id":8},{"id":9}]},{"name":"Viridían","id":19,"guid":181326911,"type":"Warrior","server":"LaughingSkull","icon":"Warrior-Arms","fights":[{"id":1},{"id":2},{"id":3},{"id":4},{"id":5},{"id":6},{"id":7},{"id":8},{"id":9}]},{"name":"Xraven","id":3,"guid":188652550,"type":"Mage","server":"LaughingSkull","icon":"Mage-Fire","fights":[{"id":1},{"id":2},{"id":3},{"id":4},{"id":5},{"id":6},{"id":7},{"id":8},{"id":9}]},{"name":"Loganessa","id":23,"guid":200836819,"type":"Priest","server":"Sunstrider","icon":"Priest-Discipline","fights":[{"id":1},{"id":2},{"id":3},{"id":4},{"id":5},{"id":6},{"id":7},{"id":8},{"id":9}]},{"name":"Echology","id":5,"guid":201132030,"type":"Druid","server":"LaughingSkull","icon":"Druid-Restoration","fights":[{"id":1},{"id":2},{"id":3},{"id":4},{"id":5},{"id":6},{"id":7},{"id":8},{"id":9}]},{"name":"Almarac","id":18,"guid":189059449,"type":"Priest","server":"LaughingSkull","icon":"Priest-Shadow","fights":[{"id":1},{"id":2},{"id":3},{"id":4},{"id":5},{"id":6},{"id":7},{"id":8},{"id":9}]},{"name":"Amoveo","id":22,"guid":196467191,"type":"DemonHunter","server":"LaughingSkull","icon":"DemonHunter-Havoc","fights":[{"id":1},{"id":2},{"id":3},{"id":4},{"id":5},{"id":6},{"id":7},{"id":8},{"id":9}]},{"name":"Albanmonk","id":27,"guid":188349474,"type":"Monk","server":"LaughingSkull","icon":"Monk-Brewmaster","fights":[{"id":1},{"id":2},{"id":3},{"id":4},{"id":5},{"id":6},{"id":7},{"id":8},{"id":9}]},{"name":"Seerax","id":8,"guid":171092787,"type":"Warlock","server":"LaughingSkull","icon":"Warlock","fights":[{"id":1},{"id":2},{"id":3},{"id":4},{"id":5},{"id":6},{"id":7},{"id":8},{"id":9}]},{"name":"Frostytips","id":6,"guid":192710236,"type":"Mage","server":"LaughingSkull","icon":"Mage-Fire","fights":[{"id":1},{"id":2},{"id":3},{"id":4},{"id":5},{"id":6},{"id":7},{"id":8},{"id":9}]},{"name":"Táylor","id":17,"guid":200765586,"type":"Druid","server":"LaughingSkull","icon":"Druid-Balance","fights":[{"id":1},{"id":2},{"id":3},{"id":4},{"id":5},{"id":6},{"id":7},{"id":8},{"id":9}]},{"name":"Sanctusboi","id":10,"guid":199778646,"type":"Monk","server":"LaughingSkull","icon":"Monk-Brewmaster","fights":[{"id":1},{"id":2},{"id":3},{"id":4},{"id":5},{"id":6},{"id":7},{"id":8},{"id":9}]},{"name":"Dracodraco","id":15,"guid":115412233,"type":"Hunter","server":"LaughingSkull","icon":"Hunter-BeastMastery","fights":[{"id":1},{"id":2},{"id":3},{"id":4},{"id":5},{"id":6},{"id":7},{"id":8},{"id":9}]},{"name":"Luckyone","id":7,"guid":198321921,"type":"Druid","server":"LaughingSkull","icon":"Druid-Balance","fights":[{"id":1},{"id":2},{"id":3},{"id":4},{"id":5},{"id":6},{"id":7},{"id":8},{"id":9}]},{"name":"Thing From Beyond","id":48,"guid":161895,"type":"Pet","icon":"custom-icon-ability_deathwing_assualtaspects","fights":[{"id":1,"instances":16}]},{"name":"Monoroth","id":13,"guid":171115627,"type":"Paladin","server":"LaughingSkull","icon":"Paladin-Retribution","fights":[{"id":1},{"id":2},{"id":3},{"id":4},{"id":5},{"id":6},{"id":7},{"id":8},{"id":9}]},{"name":"Gossykin","id":21,"guid":115424748,"type":"Shaman","server":"LaughingSkull","icon":"Shaman-Restoration","fights":[{"id":1},{"id":3},{"id":4},{"id":5},{"id":6},{"id":7},{"id":8},{"id":9}]},{"name":"Stone","id":24,"guid":201418711,"type":"DemonHunter","server":"LaughingSkull","icon":"DemonHunter-Havoc","fights":[{"id":1},{"id":2},{"id":3},{"id":4},{"id":5},{"id":6},{"id":7},{"id":8},{"id":9}]}],"enemies":[{"name":"Monstrous Behemoth","id":64,"guid":159303,"type":"NPC","icon":"custom-icon-ability_warlock_everlastingaffliction","fights":[{"id":2,"instances":1},{"id":7,"instances":1}]},{"name":"Anubisath Sentinel","id":91,"guid":162508,"type":"NPC","icon":"custom-icon-ability_warrior_endlessrage","fights":[{"id":9,"instances":1}]},{"name":"Void Initiate","id":83,"guid":160182,"type":"NPC","icon":"custom-icon-ability_ironmaidens_convulsiveshadows","fights":[{"id":8,"instances":2,"groups":1}]},{"name":"Anubisath Sentinel","id":88,"guid":161571,"type":"NPC","icon":"custom-icon-ability_warrior_savageblow","fights":[{"id":9,"instances":1}]},{"name":"Anubisath Sentinel","id":90,"guid":162534,"type":"NPC","icon":"custom-icon-ability_warrior_trauma","fights":[{"id":9,"instances":1}]},{"name":"Crackling Shard","id":56,"guid":158327,"type":"NPC","icon":"custom-icon-ability_rhyolith_volcano","fights":[{"id":1,"instances":29,"groups":1}]},{"name":"Maddened Conscript","id":65,"guid":159305,"type":"NPC","icon":"custom-icon-ability_racial_bloodrage","fights":[{"id":2,"instances":1,"groups":1},{"id":7,"instances":1,"groups":1},{"id":8,"instances":3,"groups":1}]},{"name":"Aqir Scarab","id":69,"guid":159405,"type":"NPC","icon":"NPC","fights":[{"id":4,"instances":32,"groups":1}]},{"name":"Anubisath Sentinel","id":89,"guid":162417,"type":"NPC","icon":"custom-icon-spell_nature_thorns","fights":[{"id":9,"instances":1}]},{"name":"Ashwalker Assassin","id":57,"guid":160291,"type":"NPC","icon":"custom-icon-ability_stealth","fights":[{"id":1,"instances":2,"groups":1}]},{"name":"Khateph","id":60,"guid":159321,"type":"NPC","icon":"custom-icon-inv_weapon_hand_08","fights":[{"id":3,"instances":1}]},{"name":"Void Fanatic","id":85,"guid":160183,"type":"NPC","icon":"NPC","fights":[{"id":8,"instances":1}]},{"name":"Aqir Shadowcrafter","id":70,"guid":161416,"type":"NPC","icon":"custom-icon-spell_shadow_shadowbolt","fights":[{"id":4,"instances":4,"groups":1}]},{"name":"Dark Manifestation","id":78,"guid":156650,"type":"NPC","icon":"NPC","fights":[{"id":6,"instances":3,"groups":2}]},{"name":"Occult Shadowmender","id":66,"guid":159425,"type":"NPC","icon":"custom-icon-spell_shadow_painspike","fights":[{"id":2,"instances":1,"groups":1},{"id":7,"instances":1,"groups":1},{"id":8,"instances":3,"groups":1}]},{"name":"Shath'Yar Scribe","id":84,"guid":163690,"type":"NPC","icon":"custom-icon-inv_enchant_voidsphere","fights":[{"id":8,"instances":3,"groups":1}]},{"name":"Wrathion","id":32,"guid":156818,"type":"Boss","icon":"custom-icon-ability_deathwing_cataclysm","fights":[{"id":1,"instances":1,"groups":2}]},{"name":"Onyx Scarab","id":67,"guid":161834,"type":"NPC","icon":"NPC","fights":[{"id":2,"instances":1,"groups":1},{"id":3,"instances":3,"groups":2}]},{"name":"Amahtet","id":62,"guid":159320,"type":"NPC","icon":"custom-icon-inv_weapon_hand_08","fights":[{"id":3,"instances":1}]},{"name":"Maut","id":72,"guid":156523,"type":"Boss","icon":"custom-icon-inv_misc_archstone_01","fights":[{"id":5,"instances":1},{"id":6,"instances":1}]}],"friendlyPets":[{"name":"Guardian of Azeroth","id":39,"guid":152396,"type":"Pet","icon":"abilities/inv_glowing-azerite-geode","petOwner":24,"fights":[{"id":1,"instances":2},{"id":3,"instances":1},{"id":6,"instances":1}]},{"name":"BestPet","id":35,"guid":35992915,"type":"Pet","icon":"custom-icon-ability_hunter_sickem","petOwner":15,"fights":[{"id":1,"instances":1},{"id":2,"instances":1},{"id":3,"instances":1},{"id":4,"instances":1},{"id":6,"instances":1},{"id":7,"instances":1},{"id":8,"instances":1},{"id":9,"instances":1}]},{"name":"Dagpit","id":28,"guid":38202846,"type":"Pet","icon":"abilities/spell_shadow_summonimp","petOwner":8,"fights":[{"id":1,"instances":1},{"id":5,"instances":1},{"id":6,"instances":1}]},{"name":"Healing Tide Totem","id":54,"guid":59764,"type":"Pet","icon":"abilities/ability_shaman_healingtide","petOwner":29,"fights":[{"id":1,"instances":2},{"id":6,"instances":5},{"id":7,"instances":1},{"id":8,"instances":1},{"id":9,"instances":1}]},{"name":"Efflorescence","id":14,"guid":47649,"type":"Pet","icon":"abilities/inv_misc_herb_talandrasrose","petOwner":5,"fights":[{"id":1,"instances":11},{"id":2,"instances":1},{"id":3,"instances":2},{"id":4,"instances":2},{"id":6,"instances":8},{"id":7,"instances":1},{"id":8,"instances":3},{"id":9,"instances":2}]},{"name":"Shadowfiend","id":55,"guid":19668,"type":"Pet","icon":"abilities/spell_shadow_shadowfiend","petOwner":23,"fights":[{"id":1,"instances":1},{"id":6,"instances":1}]},{"name":"Katy Stampwhistle","id":71,"guid":132969,"type":"Pet","icon":"abilities/inv_misc_cat_trinket06","petOwner":13,"fights":[{"id":4,"instances":1}]},{"name":"Darkglare","id":45,"guid":103673,"type":"Pet","icon":"abilities/inv_beholderwarlock","petOwner":8,"fights":[{"id":1,"instances":2},{"id":6,"instances":1}]},{"name":"Spirit Wolf","id":41,"guid":29264,"type":"Pet","icon":"abilities/spell_shaman_feralspirit","petOwner":20,"fights":[{"id":1,"instances":4},{"id":3,"instances":2},{"id":6,"instances":4}]},{"name":"Demonic Gateway","id":53,"guid":59271,"type":"Pet","icon":"custom-icon-trade_engineering","petOwner":8,"fights":[{"id":1,"instances":1}]},{"name":"Phuudhun","id":9,"guid":38202843,"type":"Pet","icon":"abilities/spell_shadow_summonfelhunter","petOwner":8,"fights":[{"id":2,"instances":1},{"id":3,"instances":1},{"id":4,"instances":1},{"id":7,"instances":1},{"id":8,"instances":1}]},{"name":"Guardian of Azeroth","id":42,"guid":152396,"type":"Pet","icon":"abilities/inv_glowing-azerite-geode","petOwner":8,"fights":[{"id":1,"instances":2},{"id":6,"instances":1}]},{"name":"Dude","id":33,"guid":43171106,"type":"Pet","icon":"custom-icon-ability_hunter_sickem","petOwner":1,"fights":[{"id":1,"instances":1},{"id":2,"instances":1},{"id":3,"instances":1},{"id":4,"instances":1},{"id":6,"instances":1},{"id":7,"instances":1},{"id":8,"instances":1},{"id":9,"instances":1}]},{"name":"Earthen Wall Totem","id":77,"guid":100943,"type":"Pet","icon":"abilities/spell_nature_stoneskintotem","petOwner":29,"fights":[{"id":6,"instances":2}]},{"name":"GoodClassDev","id":81,"guid":23250676,"type":"Pet","icon":"abilities/ability_hunter_beastcall","petOwner":15,"fights":[{"id":7,"instances":1},{"id":8,"instances":1},{"id":9,"instances":1}]},{"name":"Spirit Link Totem","id":59,"guid":53006,"type":"Pet","icon":"abilities/spell_shaman_spiritlink","petOwner":29,"fights":[{"id":1,"instances":1},{"id":6,"instances":1}]},{"name":"Runsfknfast","id":34,"guid":23250686,"type":"Pet","icon":"abilities/ability_hunter_beastsoothe","petOwner":15,"fights":[{"id":1,"instances":1},{"id":2,"instances":1},{"id":3,"instances":1},{"id":4,"instances":1},{"id":6,"instances":1}]},{"name":"Guardian of Azeroth","id":38,"guid":152396,"type":"Pet","icon":"abilities/inv_glowing-azerite-geode","petOwner":22,"fights":[{"id":1,"instances":2},{"id":6,"instances":1}]},{"name":"Spirit Link Totem","id":51,"guid":53006,"type":"Pet","icon":"abilities/spell_shaman_spiritlink","petOwner":21,"fights":[{"id":1,"instances":2},{"id":4,"instances":1},{"id":6,"instances":1}]},{"name":"Healing Tide Totem","id":44,"guid":59764,"type":"Pet","icon":"abilities/ability_shaman_healingtide","petOwner":21,"fights":[{"id":1,"instances":4},{"id":4,"instances":1},{"id":6,"instances":3},{"id":8,"instances":4},{"id":9,"instances":1}]},{"name":"Guardian of Azeroth","id":40,"guid":152396,"type":"Pet","icon":"abilities/inv_glowing-azerite-geode","petOwner":20,"fights":[{"id":1,"instances":2},{"id":3,"instances":1},{"id":6,"instances":1}]},{"name":"Earthen Wall Totem","id":49,"guid":100943,"type":"Pet","icon":"abilities/spell_nature_stoneskintotem","petOwner":21,"fights":[{"id":1,"instances":2},{"id":4,"instances":1},{"id":6,"instances":3},{"id":8,"instances":1}]},{"name":"Infernal","id":68,"guid":89,"type":"Pet","icon":"abilities/spell_shadow_summoninfernal","petOwner":8,"fights":[{"id":2,"instances":1},{"id":3,"instances":1},{"id":4,"instances":1},{"id":8,"instances":1},{"id":9,"instances":2}]},{"name":"Capacitor Totem","id":86,"guid":61245,"type":"Pet","icon":"abilities/spell_nature_brilliance","petOwner":21,"fights":[{"id":8,"instances":1}]},{"name":"Shadowfiend","id":50,"guid":19668,"type":"Pet","icon":"abilities/spell_shadow_shadowfiend","petOwner":18,"fights":[{"id":1,"instances":2},{"id":6,"instances":1}]},{"name":"Demonic Gateway","id":52,"guid":59262,"type":"Pet","icon":"custom-icon-trade_engineering","petOwner":8,"fights":[{"id":1,"instances":1}]},{"name":"Homie","id":2,"guid":43171105,"type":"Pet","icon":"abilities/ability_hunter_beastcall","petOwner":1,"fights":[{"id":1,"instances":1},{"id":2,"instances":1},{"id":3,"instances":1},{"id":4,"instances":1},{"id":5,"instances":1},{"id":6,"instances":1},{"id":7,"instances":1},{"id":8,"instances":1},{"id":9,"instances":1}]},{"name":"Capacitor Totem","id":87,"guid":61245,"type":"Pet","icon":"abilities/spell_nature_brilliance","petOwner":29,"fights":[{"id":8,"instances":1}]}],"enemyPets":[],"phases":[{"boss":2327,"phases":["Obsidian Destroyer","Obsidian Statue"]},{"boss":2329,"phases":["The Black Emperor","Smoke and Mirrors"]}],"logVersion":16,"gameVersion":1,"title":"Hunter severe experiments","owner":"NutelIla","start":1591206852863,"end":1591208654110,"zone":24,"exportedCharacters":[{"id":44058066,"name":"Albanmonk","server":"Laughing Skull","region":"EU"},{"id":42314976,"name":"Almarac","server":"Laughing Skull","region":"EU"},{"id":42686688,"name":"Amoveo","server":"Laughing Skull","region":"EU"},{"id":8721,"name":"Consata","server":"Laughing Skull","region":"EU"},{"id":23702,"name":"Dracodraco","server":"Laughing Skull","region":"EU"},{"id":47140764,"name":"Echology","server":"Laughing Skull","region":"EU"},{"id":40792376,"name":"Frostytips","server":"Laughing Skull","region":"EU"},{"id":12313975,"name":"Gossykin","server":"Laughing Skull","region":"EU"},{"id":46817356,"name":"Halûwû","server":"Laughing Skull","region":"EU"},{"id":51796,"name":"Loganessa","server":"Sunstrider","region":"EU"},{"id":43454199,"name":"Luckyone","server":"Laughing Skull","region":"EU"},{"id":26896515,"name":"Monoroth","server":"Laughing Skull","region":"EU"},{"id":44146222,"name":"Nutella","server":"Laughing Skull","region":"EU"},{"id":45167351,"name":"Sanctusboi","server":"Laughing Skull","region":"EU"},{"id":26896439,"name":"Seerax","server":"Laughing Skull","region":"EU"},{"id":47464831,"name":"Stone","server":"Laughing Skull","region":"EU"},{"id":46583609,"name":"Táylor","server":"Laughing Skull","region":"EU"},{"id":47300957,"name":"Viridían","server":"Laughing Skull","region":"EU"},{"id":913896,"name":"Werdup","server":"Sunstrider","region":"EU"},{"id":39097873,"name":"Xraven","server":"Laughing Skull","region":"EU"}]}