{"fights":[{"id":1,"boss":2399,"start_time":518461,"end_time":873117,"name":"Sludgefist","size":28,"difficulty":4,"kill":false,"partial":3,"bossPercentage":148,"fightPercentage":148,"lastPhaseForPercentageDisplay":0,"maps":[1735]},{"id":2,"boss":2399,"start_time":1054853,"end_time":1381713,"name":"Sludgefist","size":28,"difficulty":4,"kill":false,"partial":3,"bossPercentage":852,"fightPercentage":852,"lastPhaseForPercentageDisplay":0,"maps":[1735]},{"id":3,"boss":2399,"start_time":1499020,"end_time":1770964,"name":"Sludgefist","size":28,"difficulty":4,"kill":false,"partial":3,"bossPercentage":2850,"fightPercentage":2850,"lastPhaseForPercentageDisplay":0,"maps":[1735]},{"id":4,"boss":2399,"start_time":2103984,"end_time":2402520,"name":"Sludgefist","size":28,"difficulty":4,"kill":false,"partial":3,"bossPercentage":1792,"fightPercentage":1792,"lastPhaseForPercentageDisplay":0,"maps":[1735]},{"id":5,"boss":2399,"start_time":2581544,"end_time":2782979,"name":"Sludgefist","size":28,"difficulty":4,"kill":false,"partial":3,"bossPercentage":4639,"fightPercentage":4639,"lastPhaseForPercentageDisplay":0,"maps":[1735]},{"id":6,"boss":2399,"start_time":2967819,"end_time":3260392,"name":"Sludgefist","size":28,"difficulty":4,"kill":false,"partial":3,"bossPercentage":2591,"fightPercentage":2591,"lastPhaseForPercentageDisplay":0,"maps":[1735]},{"id":7,"boss":2399,"start_time":3370381,"end_time":3649771,"name":"Sludgefist","size":28,"difficulty":4,"kill":false,"partial":3,"bossPercentage":2685,"fightPercentage":2685,"lastPhaseForPercentageDisplay":0,"maps":[1735]},{"id":8,"boss":2399,"start_time":3800917,"end_time":3872481,"name":"Sludgefist","size":28,"difficulty":4,"kill":false,"partial":3,"bossPercentage":8587,"fightPercentage":8587,"lastPhaseForPercentageDisplay":0,"maps":[1735]},{"id":9,"boss":2399,"start_time":4013401,"end_time":4088557,"name":"Sludgefist","size":28,"difficulty":4,"kill":false,"partial":3,"bossPercentage":8498,"fightPercentage":8498,"lastPhaseForPercentageDisplay":0,"maps":[1735]},{"id":10,"boss":2399,"start_time":4191334,"end_time":4501865,"name":"Sludgefist","size":28,"difficulty":4,"kill":true,"partial":3,"bossPercentage":0,"fightPercentage":0,"lastPhaseForPercentageDisplay":0,"maps":[1735]},{"id":11,"boss":0,"start_time":4569252,"end_time":4770284,"name":"General Kaal"},{"id":12,"boss":2417,"start_time":5503498,"end_time":5546867,"name":"Stone Legion Generals","size":28,"difficulty":4,"kill":false,"partial":3,"bossPercentage":8491,"fightPercentage":8491,"lastPhaseForPercentageDisplay":1,"maps":[1747]},{"id":13,"boss":2417,"start_time":5632440,"end_time":5677520,"name":"Stone Legion Generals","size":28,"difficulty":4,"kill":false,"partial":3,"bossPercentage":8412,"fightPercentage":8412,"lastPhaseForPercentageDisplay":1,"maps":[1747]},{"id":14,"boss":2417,"start_time":5758904,"end_time":5802615,"name":"Stone Legion Generals","size":28,"difficulty":4,"kill":false,"partial":3,"bossPercentage":8295,"fightPercentage":8295,"lastPhaseForPercentageDisplay":1,"maps":[1747]},{"id":15,"boss":2417,"start_time":5896348,"end_time":6049908,"name":"Stone Legion Generals","size":28,"difficulty":4,"kill":false,"partial":3,"bossPercentage":7467,"fightPercentage":7467,"lastPhaseForPercentageDisplay":1,"maps":[1747]},{"id":16,"boss":2417,"start_time":6159716,"end_time":6342276,"name":"Stone Legion Generals","size":28,"difficulty":4,"kill":false,"partial":2,"bossPercentage":6898,"fightPercentage":6898,"lastPhaseForPercentageDisplay":2,"maps":[1747]},{"id":17,"boss":0,"start_time":6582885,"end_time":6582885,"name":"Unknown","zoneID":2296,"zoneName":"Castle Nathria","zoneDifficulty":4},{"id":18,"boss":0,"start_time":6625026,"end_time":6625841,"name":"Stone Legion Skirmisher","zoneID":2296,"zoneName":"Castle Nathria","zoneDifficulty":4},{"id":19,"boss":0,"start_time":6638617,"end_time":6646932,"name":"Stone Legion Goliath","zoneID":2296,"zoneName":"Castle Nathria","zoneDifficulty":4},{"id":20,"boss":0,"start_time":6671265,"end_time":6708796,"name":"Stone Legion Goliath","zoneID":2296,"zoneName":"Castle Nathria","zoneDifficulty":4},{"id":21,"boss":0,"start_time":6723598,"end_time":6800762,"name":"Stone Legion Goliath","zoneID":2296,"zoneName":"Castle Nathria","zoneDifficulty":4},{"id":22,"boss":2417,"start_time":6935022,"end_time":7174510,"name":"Stone Legion Generals","zoneID":2296,"zoneName":"Castle Nathria","zoneDifficulty":4,"size":28,"difficulty":4,"kill":false,"partial":3,"bossPercentage":6381,"fightPercentage":6381,"lastPhaseForPercentageDisplay":2,"maps":[1747]},{"id":23,"boss":2417,"start_time":7353130,"end_time":7457948,"name":"Stone Legion Generals","zoneID":2296,"zoneName":"Castle Nathria","zoneDifficulty":4,"size":28,"difficulty":4,"kill":false,"partial":3,"bossPercentage":7518,"fightPercentage":7518,"lastPhaseForPercentageDisplay":1,"maps":[1747]},{"id":24,"boss":2417,"start_time":7531571,"end_time":7934524,"name":"Stone Legion Generals","zoneID":2296,"zoneName":"Castle Nathria","zoneDifficulty":4,"size":28,"difficulty":4,"kill":false,"partial":3,"bossPercentage":4921,"fightPercentage":4921,"lastPhaseForPercentageDisplay":2,"maps":[1747]},{"id":25,"boss":2417,"start_time":8117713,"end_time":8545050,"name":"Stone Legion Generals","zoneID":2296,"zoneName":"Castle Nathria","zoneDifficulty":4,"size":28,"difficulty":4,"kill":false,"partial":3,"bossPercentage":3737,"fightPercentage":3737,"lastPhaseForPercentageDisplay":3,"maps":[1747]},{"id":26,"boss":2417,"start_time":8661719,"end_time":8878936,"name":"Stone Legion Generals","zoneID":2296,"zoneName":"Castle Nathria","zoneDifficulty":4,"size":28,"difficulty":4,"kill":false,"partial":3,"bossPercentage":6607,"fightPercentage":6607,"lastPhaseForPercentageDisplay":2,"maps":[1747]},{"id":27,"boss":2417,"start_time":8960102,"end_time":9466200,"name":"Stone Legion Generals","zoneID":2296,"zoneName":"Castle Nathria","zoneDifficulty":4,"size":28,"difficulty":4,"kill":false,"partial":3,"bossPercentage":1874,"fightPercentage":1874,"lastPhaseForPercentageDisplay":3,"maps":[1747]}],"lang":"en","friendlies":[{"name":"Struckter","id":6,"guid":202527627,"type":"Hunter","server":"Area52","icon":"Hunter-BeastMastery","fights":[{"id":1},{"id":2},{"id":3},{"id":4},{"id":5},{"id":6},{"id":7},{"id":8},{"id":9},{"id":10},{"id":11},{"id":12},{"id":13},{"id":14},{"id":15},{"id":16},{"id":19},{"id":20},{"id":21},{"id":22},{"id":23},{"id":24},{"id":25},{"id":26},{"id":27}]},{"name":"Illeriia","id":3,"guid":201967511,"type":"Monk","server":"Area52","icon":"Monk-Mistweaver","fights":[{"id":1},{"id":2},{"id":3},{"id":4},{"id":5},{"id":6},{"id":7},{"id":8},{"id":9},{"id":10},{"id":11},{"id":12},{"id":13},{"id":14},{"id":15},{"id":16},{"id":19},{"id":20},{"id":21},{"id":22},{"id":23},{"id":24},{"id":25},{"id":26},{"id":27}]},{"name":"Jaames","id":13,"guid":215670000,"type":"Warlock","server":"Area52","icon":"Warlock-Affliction","fights":[{"id":1},{"id":2},{"id":3},{"id":4},{"id":5},{"id":6},{"id":7},{"id":8},{"id":9},{"id":10},{"id":11},{"id":12},{"id":13},{"id":14},{"id":15},{"id":16},{"id":20},{"id":21},{"id":22},{"id":23},{"id":24},{"id":25},{"id":26},{"id":27}]},{"name":"Giantsbayne","id":12,"guid":217272093,"type":"Shaman","server":"Area52","icon":"Shaman-Elemental","fights":[{"id":1},{"id":2},{"id":3},{"id":4},{"id":5},{"id":6},{"id":7},{"id":8},{"id":9},{"id":10},{"id":11},{"id":12},{"id":13},{"id":14},{"id":15},{"id":16},{"id":18},{"id":19},{"id":20},{"id":21},{"id":22},{"id":23},{"id":24},{"id":25},{"id":26},{"id":27}]},{"name":"Readÿ","id":4,"guid":202347619,"type":"DeathKnight","server":"Area52","icon":"DeathKnight-Blood","fights":[{"id":1},{"id":2},{"id":3},{"id":4},{"id":5},{"id":6},{"id":7},{"id":8},{"id":9},{"id":10},{"id":11},{"id":12},{"id":13},{"id":14},{"id":15},{"id":16},{"id":20},{"id":21},{"id":22},{"id":23},{"id":24},{"id":25},{"id":26},{"id":27}]},{"name":"Kaibigan","id":18,"guid":201325061,"type":"Priest","server":"Area52","icon":"Priest","fights":[{"id":1},{"id":2},{"id":3},{"id":4},{"id":5},{"id":6},{"id":7},{"id":8},{"id":9},{"id":10},{"id":11},{"id":12},{"id":13},{"id":14},{"id":15},{"id":16},{"id":18},{"id":19},{"id":20},{"id":21},{"id":22},{"id":23},{"id":24},{"id":25},{"id":26},{"id":27}]},{"name":"Deliriousxo","id":23,"guid":202707678,"type":"Warlock","server":"Area52","icon":"Warlock-Affliction","fights":[{"id":1},{"id":2},{"id":3},{"id":4},{"id":5},{"id":6},{"id":7},{"id":8},{"id":9},{"id":10},{"id":11},{"id":12},{"id":13},{"id":14},{"id":15},{"id":16},{"id":20},{"id":21},{"id":22},{"id":23},{"id":24},{"id":25},{"id":26},{"id":27}]},{"name":"Doctrcabbage","id":27,"guid":202036293,"type":"Priest","server":"Area52","icon":"Priest","fights":[{"id":1},{"id":2},{"id":3},{"id":4},{"id":5},{"id":6},{"id":7},{"id":8},{"id":9},{"id":10},{"id":11},{"id":12},{"id":13},{"id":14},{"id":15},{"id":16},{"id":19},{"id":20},{"id":21},{"id":22},{"id":23},{"id":24},{"id":25},{"id":26},{"id":27}]},{"name":"Bouncé","id":28,"guid":201305913,"type":"Rogue","server":"Area52","icon":"Rogue-Outlaw","fights":[{"id":1},{"id":2},{"id":3},{"id":4},{"id":5},{"id":6},{"id":7},{"id":8},{"id":9},{"id":10},{"id":11},{"id":12},{"id":13},{"id":14},{"id":15},{"id":16},{"id":17},{"id":18},{"id":19},{"id":20},{"id":21},{"id":22},{"id":23},{"id":24},{"id":25},{"id":26},{"id":27}]},{"name":"Animetiddiez","id":24,"guid":215644598,"type":"Priest","server":"Area52","icon":"Priest-Shadow","fights":[{"id":1},{"id":2},{"id":3},{"id":4},{"id":5},{"id":6},{"id":7},{"id":8},{"id":9},{"id":10},{"id":11},{"id":12},{"id":13},{"id":14},{"id":15},{"id":16},{"id":20},{"id":21},{"id":22},{"id":23},{"id":24},{"id":25},{"id":26},{"id":27}]},{"name":"Knivesy","id":16,"guid":201270808,"type":"Rogue","server":"Area52","icon":"Rogue","fights":[{"id":1},{"id":2},{"id":3},{"id":4},{"id":5},{"id":6},{"id":7},{"id":8},{"id":9},{"id":10},{"id":11},{"id":12},{"id":13},{"id":14},{"id":15},{"id":16},{"id":17},{"id":18},{"id":19},{"id":20},{"id":21},{"id":22},{"id":23},{"id":24},{"id":25},{"id":26},{"id":27}]},{"name":"Jeffpal","id":19,"guid":215180413,"type":"Paladin","server":"Area52","icon":"Paladin-Retribution","fights":[{"id":1},{"id":2},{"id":3},{"id":4},{"id":5},{"id":6},{"id":7},{"id":8},{"id":9},{"id":10},{"id":11},{"id":12},{"id":13},{"id":14},{"id":15},{"id":16},{"id":20},{"id":21},{"id":22},{"id":23},{"id":24},{"id":25},{"id":26},{"id":27}]},{"name":"Okbud","id":20,"guid":217780473,"type":"Priest","server":"Area52","icon":"Priest-Shadow","fights":[{"id":1},{"id":2},{"id":3},{"id":4},{"id":5},{"id":6},{"id":7},{"id":8},{"id":9},{"id":10},{"id":11},{"id":12},{"id":13},{"id":14},{"id":15},{"id":16},{"id":22},{"id":23},{"id":24},{"id":25},{"id":26},{"id":27}]},{"name":"Danathewhite","id":2,"guid":201823502,"type":"Shaman","server":"Area52","icon":"Shaman-Restoration","fights":[{"id":1},{"id":2},{"id":3},{"id":4},{"id":5},{"id":6},{"id":7},{"id":8},{"id":9},{"id":10},{"id":11},{"id":12},{"id":13},{"id":14},{"id":15},{"id":16},{"id":18},{"id":20},{"id":21},{"id":22},{"id":23},{"id":24},{"id":25},{"id":26},{"id":27}]},{"name":"General Draven","id":128,"guid":170404,"type":"NPC","icon":"custom-icon-spell_frost_stun","fights":[{"id":16,"instances":1,"groups":2},{"id":22,"instances":1,"groups":2},{"id":24,"instances":1,"groups":3},{"id":25,"instances":1,"groups":4},{"id":26,"instances":1,"groups":2},{"id":27,"instances":1,"groups":4}]},{"name":"Prince Renathal","id":126,"guid":169835,"type":"NPC","icon":"custom-icon-6bf_explosive_shard","fights":[{"id":15,"instances":1,"groups":3},{"id":16,"instances":1,"groups":3},{"id":22,"instances":1,"groups":3},{"id":24,"instances":1,"groups":7},{"id":25,"instances":1,"groups":6},{"id":26,"instances":1,"groups":2},{"id":27,"instances":1,"groups":7}]},{"name":"Drekco","id":11,"guid":184443006,"type":"DeathKnight","server":"Area52","icon":"DeathKnight-Unholy","fights":[{"id":1},{"id":2},{"id":3},{"id":4},{"id":5},{"id":6},{"id":7},{"id":8},{"id":9},{"id":10},{"id":11},{"id":12},{"id":13},{"id":14},{"id":15},{"id":16},{"id":20},{"id":21},{"id":22},{"id":23},{"id":24},{"id":25},{"id":26},{"id":27}]},{"name":"Xalkir","id":17,"guid":217650557,"type":"Druid","server":"Area52","icon":"Druid-Balance","fights":[{"id":1},{"id":2},{"id":3},{"id":4},{"id":5},{"id":6},{"id":7},{"id":8},{"id":9},{"id":10},{"id":11},{"id":12},{"id":13},{"id":14},{"id":15},{"id":16},{"id":20},{"id":21},{"id":22},{"id":23},{"id":24},{"id":25},{"id":26},{"id":27}]},{"name":"Canonic","id":1,"guid":202385223,"type":"Mage","server":"Area52","icon":"Mage-Fire","fights":[{"id":1},{"id":2},{"id":3},{"id":4},{"id":5},{"id":6},{"id":7},{"id":8},{"id":9},{"id":10},{"id":11},{"id":12},{"id":13},{"id":14},{"id":15},{"id":16},{"id":21},{"id":22},{"id":23},{"id":24},{"id":25},{"id":26},{"id":27}]},{"name":"Ryazhenka","id":21,"guid":202646514,"type":"Shaman","server":"Area52","icon":"Shaman-Elemental","fights":[{"id":1},{"id":2},{"id":3},{"id":4},{"id":5},{"id":6},{"id":7},{"id":8},{"id":9},{"id":10},{"id":11},{"id":12},{"id":13},{"id":14},{"id":15},{"id":16},{"id":20},{"id":21},{"id":22},{"id":23},{"id":24},{"id":25},{"id":26},{"id":27}]},{"name":"Cesspoolpr","id":5,"guid":208977576,"type":"Priest","server":"Area52","icon":"Priest-Discipline","fights":[{"id":1},{"id":2},{"id":3},{"id":4},{"id":5},{"id":6},{"id":7},{"id":8},{"id":9},{"id":10},{"id":11},{"id":12},{"id":13},{"id":14},{"id":15},{"id":16},{"id":18},{"id":20},{"id":21},{"id":22},{"id":23},{"id":24},{"id":25},{"id":26},{"id":27}]},{"name":"Seltzies","id":29,"guid":204786646,"type":"Mage","server":"Area52","icon":"Mage-Fire","fights":[{"id":1},{"id":2},{"id":3},{"id":4},{"id":5},{"id":6},{"id":7},{"id":8},{"id":9},{"id":10},{"id":11},{"id":12},{"id":13},{"id":14},{"id":15},{"id":16},{"id":20},{"id":21},{"id":22},{"id":23},{"id":24},{"id":25},{"id":26},{"id":27}]},{"name":"Coltronx","id":15,"guid":166157193,"type":"Hunter","server":"Area52","icon":"Hunter-Marksmanship","fights":[{"id":1},{"id":2},{"id":3},{"id":4},{"id":5},{"id":6},{"id":7},{"id":8},{"id":9},{"id":10},{"id":11},{"id":12},{"id":13},{"id":14},{"id":15},{"id":16},{"id":20},{"id":22},{"id":23},{"id":24},{"id":25},{"id":26},{"id":27}]},{"name":"Rdrood","id":26,"guid":216829543,"type":"Druid","server":"Area52","icon":"Druid-Restoration","fights":[{"id":1},{"id":2},{"id":3},{"id":4},{"id":5},{"id":6},{"id":7},{"id":8},{"id":9},{"id":10},{"id":11},{"id":12},{"id":13},{"id":14},{"id":15},{"id":16},{"id":18},{"id":19},{"id":20},{"id":21},{"id":22},{"id":23},{"id":24},{"id":25},{"id":26},{"id":27}]},{"name":"Primal Earth Elemental","id":144,"guid":61056,"type":"Pet","icon":"custom-icon-spell_nature_earthquake","fights":[{"id":18,"instances":1},{"id":19,"instances":1}]},{"name":"Wïwo","id":41,"guid":202102742,"type":"Warlock","server":"Area52","icon":"Warlock-Demonology","fights":[{"id":1},{"id":2},{"id":3},{"id":4},{"id":5},{"id":6},{"id":7},{"id":8},{"id":9},{"id":10},{"id":11},{"id":12},{"id":13},{"id":14},{"id":15},{"id":16},{"id":20},{"id":21},{"id":22},{"id":23},{"id":24},{"id":25},{"id":26},{"id":27}]},{"name":"Affinitym","id":14,"guid":203329321,"type":"Monk","server":"Area52","icon":"Monk-Brewmaster","fights":[{"id":1},{"id":2},{"id":3},{"id":4},{"id":5},{"id":6},{"id":7},{"id":8},{"id":9},{"id":10},{"id":11},{"id":12},{"id":13},{"id":14},{"id":15},{"id":16},{"id":17},{"id":20},{"id":21},{"id":22},{"id":23},{"id":24},{"id":25},{"id":26},{"id":27}]},{"name":"Grimlòck","id":25,"guid":201987003,"type":"Warrior","server":"Area52","icon":"Warrior-Arms","fights":[{"id":1},{"id":2},{"id":3},{"id":4},{"id":5},{"id":6},{"id":7},{"id":8},{"id":9},{"id":10},{"id":11},{"id":12},{"id":13},{"id":14},{"id":15},{"id":16},{"id":20},{"id":21},{"id":22},{"id":23},{"id":24},{"id":25},{"id":26},{"id":27}]},{"name":"Tsù","id":8,"guid":202777132,"type":"Warlock","server":"Area52","icon":"Warlock-Affliction","fights":[{"id":1},{"id":2},{"id":3},{"id":4},{"id":5},{"id":6},{"id":7},{"id":8},{"id":9},{"id":10},{"id":11},{"id":12},{"id":13},{"id":14},{"id":15},{"id":16},{"id":20},{"id":21},{"id":22},{"id":23},{"id":24},{"id":25},{"id":26},{"id":27}]},{"name":"Upgreyd","id":22,"guid":217281251,"type":"DemonHunter","server":"Area52","icon":"DemonHunter-Havoc","fights":[{"id":1},{"id":2},{"id":3},{"id":4},{"id":5},{"id":6},{"id":7},{"id":8},{"id":9},{"id":10},{"id":11},{"id":12},{"id":13},{"id":14},{"id":15},{"id":16},{"id":20},{"id":21},{"id":22},{"id":23},{"id":24},{"id":25},{"id":26},{"id":27}]},{"name":"Phaeded","id":7,"guid":218303009,"type":"Priest","server":"Area52","icon":"Priest-Shadow","fights":[{"id":1},{"id":2},{"id":3},{"id":4},{"id":5},{"id":6},{"id":7},{"id":8},{"id":9},{"id":10},{"id":11},{"id":12},{"id":13},{"id":14},{"id":15},{"id":16},{"id":20},{"id":21},{"id":22},{"id":23},{"id":24},{"id":25},{"id":26},{"id":27}]}],"enemies":[{"name":"Stone Legion Skirmisher","id":116,"guid":173280,"type":"NPC","icon":"custom-icon-spell_animarevendreth_missile","fights":[{"id":11,"instances":7,"groups":3},{"id":18,"instances":1,"groups":1},{"id":20,"instances":3,"groups":2},{"id":21,"instances":2,"groups":1}]},{"name":"Stone Legion Goliath","id":138,"guid":172858,"type":"NPC","icon":"custom-icon-ability_druid_mangle2","fights":[{"id":12,"instances":2},{"id":13,"instances":2},{"id":14,"instances":2},{"id":15,"instances":3},{"id":16,"instances":4},{"id":22,"instances":4},{"id":23,"instances":3},{"id":24,"instances":6},{"id":25,"instances":6},{"id":26,"instances":4},{"id":27,"instances":6}]},{"name":"Aerial Bombardment Stalker","id":114,"guid":173175,"type":"NPC","icon":"custom-icon-spell_animarevendreth_missile","fights":[{"id":11,"instances":1}]},{"name":"General Grashaal","id":139,"guid":168113,"type":"Boss","icon":"custom-icon-inv_elementalearth2","fights":[{"id":12,"instances":1},{"id":13,"instances":1},{"id":14,"instances":1},{"id":15,"instances":1},{"id":16,"instances":1},{"id":22,"instances":1},{"id":23,"instances":1},{"id":24,"instances":1},{"id":25,"instances":1},{"id":26,"instances":1},{"id":27,"instances":1}]},{"name":"Stone Legion Commando","id":141,"guid":169601,"type":"NPC","icon":"custom-icon-spell_animarevendreth_missile","fights":[{"id":15,"instances":13,"groups":2},{"id":16,"instances":14,"groups":2},{"id":22,"instances":14,"groups":2},{"id":24,"instances":29,"groups":3},{"id":25,"instances":27,"groups":3},{"id":26,"instances":13,"groups":2},{"id":27,"instances":28,"groups":4}]},{"name":"Stone Legion Goliath","id":118,"guid":173178,"type":"NPC","icon":"custom-icon-ability_druid_mangle2","fights":[{"id":11,"instances":4,"groups":1},{"id":18,"instances":1,"groups":1},{"id":19,"instances":1,"groups":1},{"id":20,"instances":2,"groups":1},{"id":21,"instances":2,"groups":1}]},{"name":"General Kaal","id":119,"guid":173298,"type":"NPC","icon":"custom-icon-inv_misc_steelweaponchain","fights":[{"id":11,"instances":1}]},{"name":"Stone Legion Commando","id":117,"guid":173276,"type":"NPC","icon":"custom-icon-spell_nature_earthquake","fights":[{"id":11,"instances":7,"groups":4},{"id":18,"instances":1,"groups":1},{"id":20,"instances":4,"groups":1},{"id":21,"instances":2,"groups":1}]},{"name":"Reverberating Eruption Stalker","id":143,"guid":175102,"type":"NPC","icon":"custom-icon-inv_elementalearth2","fights":[{"id":16,"instances":1,"groups":1},{"id":22,"instances":2,"groups":3},{"id":24,"instances":6,"groups":8},{"id":25,"instances":7,"groups":10},{"id":26,"instances":1,"groups":1},{"id":27,"instances":9,"groups":13}]},{"name":"Sludgefist","id":57,"guid":164407,"type":"Boss","icon":"custom-icon-ability_garrosh_hellscreams_warsong","fights":[{"id":1,"instances":1},{"id":2,"instances":1},{"id":3,"instances":1},{"id":4,"instances":1},{"id":5,"instances":1},{"id":6,"instances":1},{"id":7,"instances":1},{"id":8,"instances":1},{"id":9,"instances":1},{"id":10,"instances":1}]},{"name":"General Kaal","id":125,"guid":168112,"type":"Boss","icon":"custom-icon-inv_misc_sawblade_01","fights":[{"id":12,"instances":1},{"id":13,"instances":1},{"id":14,"instances":1},{"id":15,"instances":1},{"id":16,"instances":1},{"id":22,"instances":1},{"id":23,"instances":1},{"id":24,"instances":1},{"id":25,"instances":1},{"id":26,"instances":1},{"id":27,"instances":1}]}],"friendlyPets":[{"name":"Frothing Pustule","id":106,"guid":175519,"type":"Pet","icon":"custom-icon-ability_creature_poison_02","petOwner":23,"fights":[{"id":7,"instances":35},{"id":8,"instances":2},{"id":9,"instances":11},{"id":10,"instances":47},{"id":11,"instances":13},{"id":12,"instances":6},{"id":13,"instances":3},{"id":15,"instances":20},{"id":16,"instances":6},{"id":20,"instances":1},{"id":21,"instances":4},{"id":22,"instances":5},{"id":23,"instances":11},{"id":24,"instances":51},{"id":25,"instances":21},{"id":26,"instances":22},{"id":27,"instances":46}]},{"name":"Earthen Wall Totem","id":68,"guid":100943,"type":"Pet","icon":"abilities/spell_nature_stoneskintotem","petOwner":2,"fights":[{"id":1,"instances":5},{"id":2,"instances":3},{"id":3,"instances":3},{"id":4,"instances":4},{"id":5,"instances":3},{"id":6,"instances":4},{"id":7,"instances":4},{"id":10,"instances":4},{"id":11,"instances":2},{"id":12,"instances":1},{"id":13,"instances":1},{"id":14,"instances":1},{"id":15,"instances":3},{"id":16,"instances":3},{"id":21,"instances":1},{"id":22,"instances":4},{"id":23,"instances":2},{"id":24,"instances":5},{"id":25,"instances":5},{"id":26,"instances":3},{"id":27,"instances":5}]},{"name":"Magus of the Dead","id":54,"guid":163366,"type":"Pet","icon":"abilities/artifactability_unholydeathknight_deathsembrace","petOwner":11,"fights":[{"id":1,"instances":7},{"id":2,"instances":7},{"id":3,"instances":4},{"id":4,"instances":5},{"id":5,"instances":3},{"id":6,"instances":7},{"id":7,"instances":5},{"id":8,"instances":2},{"id":9,"instances":2},{"id":10,"instances":7},{"id":11,"instances":3},{"id":12,"instances":2},{"id":13,"instances":2},{"id":14,"instances":2},{"id":15,"instances":3},{"id":16,"instances":4},{"id":21,"instances":1},{"id":22,"instances":4},{"id":23,"instances":3},{"id":24,"instances":8},{"id":25,"instances":9},{"id":26,"instances":4},{"id":27,"instances":9}]},{"name":"Shadowfiend","id":69,"guid":19668,"type":"Pet","icon":"abilities/spell_shadow_shadowfiend","petOwner":24,"fights":[{"id":1,"instances":2},{"id":2,"instances":2},{"id":3,"instances":2},{"id":4,"instances":2},{"id":5,"instances":1},{"id":6,"instances":1},{"id":7,"instances":2},{"id":8,"instances":1},{"id":9,"instances":1},{"id":10,"instances":2},{"id":12,"instances":1},{"id":13,"instances":1},{"id":14,"instances":1},{"id":15,"instances":1},{"id":16,"instances":1},{"id":22,"instances":2},{"id":23,"instances":1},{"id":24,"instances":2},{"id":25,"instances":2},{"id":26,"instances":2},{"id":27,"instances":3}]},{"name":"Vilefiend","id":64,"guid":135816,"type":"Pet","icon":"abilities/inv_argusfelstalkermount","petOwner":41,"fights":[{"id":1,"instances":6},{"id":2,"instances":6},{"id":3,"instances":5},{"id":4,"instances":6},{"id":5,"instances":3},{"id":6,"instances":1},{"id":7,"instances":5},{"id":8,"instances":1},{"id":9,"instances":1},{"id":10,"instances":5},{"id":11,"instances":2},{"id":12,"instances":1},{"id":13,"instances":1},{"id":14,"instances":1},{"id":15,"instances":4},{"id":16,"instances":4},{"id":21,"instances":2},{"id":22,"instances":5},{"id":23,"instances":2},{"id":24,"instances":5},{"id":25,"instances":6},{"id":26,"instances":4},{"id":27,"instances":9}]},{"name":"Primal Fire Elemental","id":56,"guid":61029,"type":"Pet","icon":"abilities/spell_fire_elemental_totem","petOwner":21,"fights":[{"id":1,"instances":2},{"id":2,"instances":2},{"id":3,"instances":2},{"id":4,"instances":2},{"id":5,"instances":2},{"id":6,"instances":2},{"id":7,"instances":2},{"id":8,"instances":1},{"id":9,"instances":1},{"id":10,"instances":2},{"id":12,"instances":1},{"id":13,"instances":1},{"id":14,"instances":1},{"id":15,"instances":1},{"id":16,"instances":2},{"id":20,"instances":1},{"id":22,"instances":2},{"id":23,"instances":1},{"id":24,"instances":2},{"id":25,"instances":3},{"id":26,"instances":2},{"id":27,"instances":1}]},{"name":"Krimminul","id":44,"guid":60741638,"type":"Pet","icon":"abilities/spell_shadow_summonfelguard","petOwner":41,"fights":[{"id":1,"instances":1},{"id":2,"instances":1},{"id":3,"instances":1},{"id":4,"instances":1},{"id":5,"instances":1},{"id":6,"instances":1},{"id":7,"instances":1},{"id":8,"instances":1},{"id":9,"instances":1},{"id":10,"instances":1},{"id":11,"instances":1},{"id":12,"instances":1},{"id":13,"instances":1},{"id":14,"instances":1},{"id":15,"instances":1},{"id":16,"instances":1},{"id":20,"instances":1},{"id":21,"instances":1},{"id":22,"instances":1},{"id":23,"instances":1},{"id":24,"instances":1},{"id":25,"instances":1},{"id":26,"instances":1},{"id":27,"instances":1}]},{"name":"Darkglare","id":85,"guid":103673,"type":"Pet","icon":"abilities/inv_beholderwarlock","petOwner":8,"fights":[{"id":1,"instances":2},{"id":3,"instances":1},{"id":4,"instances":2},{"id":5,"instances":1},{"id":6,"instances":1},{"id":10,"instances":2},{"id":12,"instances":1},{"id":13,"instances":1},{"id":14,"instances":1},{"id":15,"instances":1},{"id":16,"instances":1},{"id":22,"instances":2},{"id":23,"instances":1},{"id":24,"instances":2},{"id":25,"instances":3},{"id":26,"instances":2},{"id":27,"instances":3}]},{"name":"Army of the Dead","id":55,"guid":24207,"type":"Pet","icon":"abilities/artifactability_unholydeathknight_deathsembrace","petOwner":11,"fights":[{"id":1,"instances":36},{"id":2,"instances":36},{"id":3,"instances":20},{"id":4,"instances":24},{"id":5,"instances":16},{"id":6,"instances":36},{"id":7,"instances":24},{"id":8,"instances":12},{"id":9,"instances":12},{"id":10,"instances":36},{"id":11,"instances":12},{"id":12,"instances":12},{"id":13,"instances":12},{"id":14,"instances":12},{"id":15,"instances":16},{"id":16,"instances":19},{"id":21,"instances":3},{"id":22,"instances":20},{"id":23,"instances":16},{"id":24,"instances":40},{"id":25,"instances":44},{"id":26,"instances":20},{"id":27,"instances":44}]},{"name":"Regenerating Wildseed","id":104,"guid":164589,"type":"Pet","icon":"Pet","petOwner":1,"fights":[{"id":6,"instances":1}]},{"name":"Healing Stream Totem","id":110,"guid":3527,"type":"Pet","icon":"abilities/inv_spear_04","petOwner":21,"fights":[{"id":7,"instances":1}]},{"name":"Void Tendril","id":86,"guid":98167,"type":"Pet","icon":"abilities/spell_shadow_skull","petOwner":24,"fights":[{"id":1,"instances":8},{"id":2,"instances":4},{"id":3,"instances":4},{"id":4,"instances":6},{"id":5,"instances":1},{"id":6,"instances":6},{"id":7,"instances":4},{"id":9,"instances":2},{"id":10,"instances":5},{"id":13,"instances":1},{"id":15,"instances":1},{"id":16,"instances":1},{"id":21,"instances":1},{"id":22,"instances":1},{"id":23,"instances":2},{"id":24,"instances":3},{"id":25,"instances":3},{"id":27,"instances":7}]},{"name":"Bragrak","id":49,"guid":72965192,"type":"Pet","icon":"abilities/warlock_summon_-beholder","petOwner":13,"fights":[{"id":1,"instances":1},{"id":2,"instances":1}]},{"name":"Void Lasher","id":122,"guid":175198,"type":"Pet","icon":"abilities/spell_shadow_skull","petOwner":24,"fights":[{"id":11,"instances":5}]},{"name":"Hologram","id":109,"guid":176474,"type":"Pet","icon":"custom-icon-inv_trinket_80_titan02a","petOwner":15,"fights":[{"id":7,"instances":1}]},{"name":"Gible","id":100,"guid":73519691,"type":"Pet","icon":"abilities/spell_warlock_summonimpoutland","petOwner":13,"fights":[{"id":3,"instances":1},{"id":4,"instances":1},{"id":5,"instances":1},{"id":6,"instances":1},{"id":7,"instances":1},{"id":8,"instances":1},{"id":9,"instances":1},{"id":10,"instances":1},{"id":11,"instances":1},{"id":12,"instances":1},{"id":13,"instances":1},{"id":14,"instances":1},{"id":15,"instances":1},{"id":16,"instances":1},{"id":20,"instances":1},{"id":21,"instances":1},{"id":22,"instances":1},{"id":23,"instances":1},{"id":24,"instances":1},{"id":25,"instances":1},{"id":26,"instances":1},{"id":27,"instances":1}]},{"name":"Shadowfiend","id":83,"guid":67235,"type":"Pet","icon":"abilities/spell_shadow_shadowfiend","petOwner":20,"fights":[{"id":1,"instances":2},{"id":2,"instances":2},{"id":3,"instances":1},{"id":4,"instances":1},{"id":5,"instances":1},{"id":6,"instances":1},{"id":7,"instances":1},{"id":9,"instances":1},{"id":10,"instances":2},{"id":12,"instances":1},{"id":13,"instances":1},{"id":14,"instances":1},{"id":15,"instances":1},{"id":16,"instances":1},{"id":22,"instances":1},{"id":23,"instances":1},{"id":24,"instances":3},{"id":25,"instances":3},{"id":26,"instances":1},{"id":27,"instances":3}]},{"name":"Mindbender","id":75,"guid":62982,"type":"Pet","icon":"abilities/spell_shadow_soulleech_3","petOwner":27,"fights":[{"id":1,"instances":4},{"id":2,"instances":5},{"id":3,"instances":4},{"id":4,"instances":4},{"id":5,"instances":2},{"id":6,"instances":4},{"id":7,"instances":4},{"id":8,"instances":1},{"id":9,"instances":1},{"id":10,"instances":5},{"id":12,"instances":1},{"id":13,"instances":1},{"id":14,"instances":1},{"id":15,"instances":2}]},{"name":"HealMePls","id":50,"guid":61116782,"type":"Pet","icon":"abilities/ability_hunter_beastcall","petOwner":6,"fights":[{"id":1,"instances":1},{"id":2,"instances":1},{"id":3,"instances":1},{"id":4,"instances":1},{"id":5,"instances":1},{"id":6,"instances":1},{"id":7,"instances":1},{"id":8,"instances":1},{"id":9,"instances":1},{"id":10,"instances":1},{"id":11,"instances":1},{"id":12,"instances":1},{"id":13,"instances":1},{"id":14,"instances":1},{"id":15,"instances":1},{"id":16,"instances":1},{"id":19,"instances":1},{"id":20,"instances":1},{"id":21,"instances":1},{"id":22,"instances":1},{"id":23,"instances":1},{"id":24,"instances":1},{"id":25,"instances":1},{"id":26,"instances":1},{"id":27,"instances":1}]},{"name":"Void Tendril","id":77,"guid":98167,"type":"Pet","icon":"abilities/spell_shadow_skull","petOwner":20,"fights":[{"id":1,"instances":4},{"id":2,"instances":4},{"id":3,"instances":5},{"id":4,"instances":6},{"id":5,"instances":3},{"id":6,"instances":6},{"id":7,"instances":5},{"id":8,"instances":1},{"id":9,"instances":1},{"id":10,"instances":3},{"id":11,"instances":2},{"id":14,"instances":1},{"id":15,"instances":1},{"id":16,"instances":1},{"id":22,"instances":1},{"id":24,"instances":6},{"id":25,"instances":4},{"id":26,"instances":2},{"id":27,"instances":5}]},{"name":"Dagmir","id":10,"guid":61312612,"type":"Pet","icon":"abilities/spell_shadow_summonimp","petOwner":8,"fights":[{"id":1,"instances":1},{"id":2,"instances":1},{"id":3,"instances":1},{"id":4,"instances":1},{"id":5,"instances":1},{"id":6,"instances":1},{"id":7,"instances":1},{"id":8,"instances":1},{"id":9,"instances":1},{"id":10,"instances":1},{"id":11,"instances":1},{"id":12,"instances":1},{"id":13,"instances":1},{"id":14,"instances":1},{"id":15,"instances":1},{"id":16,"instances":1},{"id":20,"instances":1},{"id":21,"instances":1},{"id":22,"instances":1},{"id":23,"instances":1},{"id":24,"instances":1},{"id":25,"instances":1}]},{"name":"Demonic Gateway","id":94,"guid":59271,"type":"Pet","icon":"custom-icon-trade_engineering","petOwner":23,"fights":[{"id":1,"instances":1},{"id":6,"instances":1}]},{"name":"Karoma","id":51,"guid":61116783,"type":"Pet","icon":"custom-icon-ability_warstomp","petOwner":6,"fights":[{"id":1,"instances":1},{"id":2,"instances":1},{"id":3,"instances":1},{"id":4,"instances":1},{"id":5,"instances":1},{"id":6,"instances":1},{"id":7,"instances":1},{"id":8,"instances":1},{"id":9,"instances":1},{"id":10,"instances":1},{"id":11,"instances":1},{"id":12,"instances":1},{"id":13,"instances":1},{"id":14,"instances":1},{"id":15,"instances":1},{"id":16,"instances":1},{"id":19,"instances":1},{"id":20,"instances":1},{"id":21,"instances":1},{"id":22,"instances":1},{"id":23,"instances":1},{"id":24,"instances":1},{"id":25,"instances":1},{"id":26,"instances":1},{"id":27,"instances":1}]},{"name":"Critty","id":151,"guid":45742990,"type":"Pet","icon":"abilities/ability_hunter_beastcall","petOwner":15,"fights":[{"id":27,"instances":1}]},{"name":"Primal Fire Elemental","id":140,"guid":61029,"type":"Pet","icon":"abilities/spell_fire_elemental_totem","petOwner":12,"fights":[{"id":12,"instances":1},{"id":13,"instances":1},{"id":14,"instances":1},{"id":15,"instances":1},{"id":16,"instances":2},{"id":22,"instances":2},{"id":23,"instances":1},{"id":24,"instances":2},{"id":25,"instances":3},{"id":26,"instances":2},{"id":27,"instances":3}]},{"name":"Darkglare","id":82,"guid":103673,"type":"Pet","icon":"abilities/inv_beholderwarlock","petOwner":13,"fights":[{"id":1,"instances":2},{"id":2,"instances":2},{"id":3,"instances":1},{"id":4,"instances":2},{"id":5,"instances":1},{"id":6,"instances":1},{"id":7,"instances":1},{"id":10,"instances":2},{"id":12,"instances":1},{"id":13,"instances":1},{"id":14,"instances":1},{"id":15,"instances":1},{"id":16,"instances":1},{"id":20,"instances":1},{"id":22,"instances":1},{"id":23,"instances":1},{"id":24,"instances":2},{"id":25,"instances":3},{"id":26,"instances":1},{"id":27,"instances":3}]},{"name":"Void Lasher","id":123,"guid":175198,"type":"Pet","icon":"abilities/spell_shadow_skull","petOwner":20,"fights":[{"id":11,"instances":1}]},{"name":"Czaagrom","id":9,"guid":61312619,"type":"Pet","icon":"abilities/spell_shadow_summonfelhunter","petOwner":8,"fights":[{"id":26,"instances":1},{"id":27,"instances":1}]},{"name":"Risen Ghoul","id":58,"guid":26125,"type":"Pet","icon":"abilities/inv_pet_ghoul","petOwner":4,"fights":[{"id":1,"instances":2},{"id":2,"instances":3},{"id":3,"instances":2},{"id":4,"instances":2},{"id":5,"instances":1},{"id":6,"instances":3},{"id":7,"instances":1},{"id":9,"instances":1},{"id":10,"instances":2},{"id":11,"instances":1},{"id":12,"instances":1},{"id":13,"instances":1},{"id":14,"instances":1},{"id":15,"instances":1},{"id":16,"instances":2},{"id":21,"instances":1},{"id":22,"instances":1},{"id":23,"instances":1},{"id":24,"instances":3},{"id":25,"instances":3},{"id":26,"instances":1},{"id":27,"instances":4}]},{"name":"Darkglare","id":80,"guid":103673,"type":"Pet","icon":"abilities/inv_beholderwarlock","petOwner":23,"fights":[{"id":1,"instances":2},{"id":2,"instances":2},{"id":3,"instances":1},{"id":4,"instances":1},{"id":5,"instances":1},{"id":6,"instances":2},{"id":7,"instances":1},{"id":8,"instances":1},{"id":9,"instances":1},{"id":10,"instances":3},{"id":12,"instances":1},{"id":13,"instances":1},{"id":14,"instances":1},{"id":15,"instances":1},{"id":16,"instances":1},{"id":22,"instances":1},{"id":23,"instances":1},{"id":24,"instances":2},{"id":25,"instances":2},{"id":26,"instances":2},{"id":27,"instances":3}]},{"name":"Yu'lon","id":97,"guid":165374,"type":"Pet","icon":"abilities/ability_monk_dragonkick","petOwner":3,"fights":[{"id":2,"instances":1},{"id":3,"instances":1},{"id":4,"instances":1},{"id":5,"instances":1},{"id":6,"instances":1},{"id":10,"instances":1},{"id":15,"instances":1},{"id":16,"instances":1}]},{"name":"Capacitor Totem","id":147,"guid":61245,"type":"Pet","icon":"abilities/spell_nature_brilliance","petOwner":12,"fights":[{"id":27,"instances":1}]},{"name":"Dreadstalker","id":60,"guid":98035,"type":"Pet","icon":"abilities/spell_warlock_calldreadstalkers","petOwner":41,"fights":[{"id":1,"instances":30},{"id":2,"instances":28},{"id":3,"instances":22},{"id":4,"instances":26},{"id":5,"instances":18},{"id":6,"instances":4},{"id":7,"instances":22},{"id":8,"instances":4},{"id":9,"instances":6},{"id":10,"instances":30},{"id":11,"instances":6},{"id":12,"instances":4},{"id":13,"instances":4},{"id":14,"instances":4},{"id":15,"instances":14},{"id":16,"instances":16},{"id":20,"instances":6},{"id":21,"instances":6},{"id":22,"instances":22},{"id":23,"instances":10},{"id":24,"instances":24},{"id":25,"instances":28},{"id":26,"instances":20},{"id":27,"instances":46}]},{"name":"Niuzao","id":91,"guid":73967,"type":"Pet","icon":"abilities/spell_monk_brewmaster_spec","petOwner":14,"fights":[{"id":1,"instances":1},{"id":2,"instances":1},{"id":4,"instances":1},{"id":6,"instances":1},{"id":7,"instances":1},{"id":10,"instances":1},{"id":16,"instances":1},{"id":22,"instances":1},{"id":24,"instances":1},{"id":27,"instances":1}]},{"name":"Frothing Pustule","id":105,"guid":175519,"type":"Pet","icon":"custom-icon-ability_creature_poison_02","petOwner":21,"fights":[{"id":7,"instances":36},{"id":8,"instances":1},{"id":9,"instances":8},{"id":10,"instances":45},{"id":11,"instances":16},{"id":12,"instances":2},{"id":15,"instances":16},{"id":16,"instances":14},{"id":20,"instances":1},{"id":21,"instances":10},{"id":22,"instances":22},{"id":23,"instances":9},{"id":24,"instances":47},{"id":25,"instances":38},{"id":26,"instances":21},{"id":27,"instances":17}]},{"name":"Hologram","id":102,"guid":176474,"type":"Pet","icon":"custom-icon-inv_trinket_80_titan02a","petOwner":8,"fights":[{"id":4,"instances":1},{"id":22,"instances":1}]},{"name":"Felguard","id":67,"guid":17252,"type":"Pet","icon":"abilities/spell_shadow_summonfelguard","petOwner":41,"fights":[{"id":1,"instances":3},{"id":2,"instances":2},{"id":3,"instances":2},{"id":4,"instances":3},{"id":5,"instances":2},{"id":6,"instances":1},{"id":7,"instances":2},{"id":8,"instances":1},{"id":9,"instances":1},{"id":10,"instances":3},{"id":12,"instances":1},{"id":13,"instances":1},{"id":14,"instances":1},{"id":15,"instances":1},{"id":16,"instances":2},{"id":21,"instances":1},{"id":22,"instances":2},{"id":23,"instances":1},{"id":24,"instances":2},{"id":25,"instances":2},{"id":26,"instances":2},{"id":27,"instances":4}]},{"name":"Efflorescence","id":38,"guid":47649,"type":"Pet","icon":"abilities/inv_misc_herb_talandrasrose","petOwner":26,"fights":[{"id":1,"instances":9},{"id":2,"instances":8},{"id":3,"instances":7},{"id":4,"instances":8},{"id":5,"instances":4},{"id":6,"instances":8},{"id":7,"instances":6},{"id":8,"instances":2},{"id":9,"instances":2},{"id":10,"instances":9},{"id":11,"instances":4},{"id":12,"instances":1},{"id":15,"instances":3},{"id":16,"instances":4},{"id":20,"instances":1},{"id":22,"instances":3},{"id":23,"instances":2},{"id":24,"instances":8},{"id":25,"instances":7},{"id":26,"instances":6},{"id":27,"instances":10}]},{"name":"Frothing Pustule","id":107,"guid":175519,"type":"Pet","icon":"custom-icon-ability_creature_poison_02","petOwner":12,"fights":[{"id":7,"instances":32},{"id":8,"instances":4},{"id":9,"instances":9},{"id":10,"instances":44},{"id":11,"instances":15},{"id":12,"instances":3},{"id":14,"instances":2},{"id":15,"instances":17},{"id":16,"instances":12},{"id":21,"instances":9},{"id":22,"instances":21},{"id":23,"instances":10},{"id":24,"instances":49},{"id":25,"instances":37},{"id":26,"instances":20},{"id":27,"instances":49}]},{"name":"Rootravager","id":52,"guid":51170222,"type":"Pet","icon":"abilities/spell_shadow_animatedead","petOwner":11,"fights":[{"id":1,"instances":1},{"id":2,"instances":1},{"id":3,"instances":1},{"id":4,"instances":1},{"id":5,"instances":1},{"id":6,"instances":1},{"id":7,"instances":1},{"id":8,"instances":1},{"id":9,"instances":1},{"id":10,"instances":1},{"id":11,"instances":1},{"id":12,"instances":1},{"id":13,"instances":1},{"id":14,"instances":1},{"id":15,"instances":1},{"id":16,"instances":1},{"id":20,"instances":1},{"id":21,"instances":1},{"id":22,"instances":1},{"id":23,"instances":1},{"id":24,"instances":1},{"id":25,"instances":1},{"id":26,"instances":1},{"id":27,"instances":1}]},{"name":"Primal Earth Elemental","id":146,"guid":61056,"type":"Pet","icon":"custom-icon-spell_nature_earthquake","petOwner":12,"fights":[{"id":19,"instances":1}]},{"name":"Demonic Tyrant","id":71,"guid":135002,"type":"Pet","icon":"abilities/inv_summondemonictyrant","petOwner":41,"fights":[{"id":1,"instances":4},{"id":2,"instances":3},{"id":3,"instances":2},{"id":4,"instances":3},{"id":5,"instances":2},{"id":6,"instances":1},{"id":7,"instances":2},{"id":8,"instances":1},{"id":9,"instances":1},{"id":10,"instances":3},{"id":12,"instances":1},{"id":13,"instances":1},{"id":14,"instances":1},{"id":15,"instances":2},{"id":16,"instances":2},{"id":22,"instances":3},{"id":23,"instances":1},{"id":24,"instances":3},{"id":25,"instances":3},{"id":26,"instances":2},{"id":27,"instances":5}]},{"name":"Mindbender","id":81,"guid":62982,"type":"Pet","icon":"abilities/spell_shadow_soulleech_3","petOwner":5,"fights":[{"id":1,"instances":4},{"id":2,"instances":3},{"id":3,"instances":3},{"id":4,"instances":3},{"id":5,"instances":2},{"id":6,"instances":3},{"id":7,"instances":3},{"id":8,"instances":1},{"id":9,"instances":1},{"id":10,"instances":4},{"id":11,"instances":2},{"id":14,"instances":1},{"id":15,"instances":1},{"id":16,"instances":2},{"id":21,"instances":1},{"id":22,"instances":1},{"id":23,"instances":1},{"id":24,"instances":5},{"id":25,"instances":4},{"id":26,"instances":2},{"id":27,"instances":4}]},{"name":"Greater Fire Elemental","id":53,"guid":95061,"type":"Pet","icon":"abilities/spell_fire_elemental_totem","petOwner":12,"fights":[{"id":1,"instances":3},{"id":2,"instances":2},{"id":3,"instances":2},{"id":4,"instances":1},{"id":5,"instances":1},{"id":6,"instances":1},{"id":7,"instances":2},{"id":8,"instances":1},{"id":9,"instances":1},{"id":10,"instances":2}]},{"name":"Mirror Image","id":78,"guid":31216,"type":"Pet","icon":"abilities/spell_magic_managain","petOwner":29,"fights":[{"id":1,"instances":6},{"id":2,"instances":6},{"id":3,"instances":3},{"id":4,"instances":3},{"id":6,"instances":6},{"id":8,"instances":3},{"id":10,"instances":3},{"id":16,"instances":3},{"id":22,"instances":3},{"id":24,"instances":6},{"id":25,"instances":6},{"id":26,"instances":3},{"id":27,"instances":9}]},{"name":"Healing Tide Totem","id":61,"guid":59764,"type":"Pet","icon":"abilities/ability_shaman_healingtide","petOwner":2,"fights":[{"id":1,"instances":2},{"id":2,"instances":1},{"id":3,"instances":2},{"id":4,"instances":2},{"id":5,"instances":1},{"id":6,"instances":2},{"id":7,"instances":2},{"id":8,"instances":1},{"id":9,"instances":1},{"id":10,"instances":2},{"id":11,"instances":1},{"id":12,"instances":1},{"id":13,"instances":1},{"id":15,"instances":1},{"id":16,"instances":1},{"id":22,"instances":1},{"id":23,"instances":1},{"id":24,"instances":2},{"id":25,"instances":1},{"id":26,"instances":1},{"id":27,"instances":2}]},{"name":"Spirit Link Totem","id":89,"guid":53006,"type":"Pet","icon":"abilities/spell_shaman_spiritlink","petOwner":2,"fights":[{"id":1,"instances":1},{"id":2,"instances":1},{"id":3,"instances":1},{"id":4,"instances":1},{"id":5,"instances":1},{"id":6,"instances":1},{"id":7,"instances":2},{"id":8,"instances":1},{"id":10,"instances":2},{"id":11,"instances":1},{"id":21,"instances":1},{"id":22,"instances":1},{"id":23,"instances":1},{"id":24,"instances":2},{"id":25,"instances":2},{"id":26,"instances":1},{"id":27,"instances":2}]},{"name":"Wild Imp","id":70,"guid":55659,"type":"Pet","icon":"abilities/ability_warlock_impoweredimp","petOwner":41,"fights":[{"id":1,"instances":205},{"id":2,"instances":181},{"id":3,"instances":131},{"id":4,"instances":170},{"id":5,"instances":80},{"id":6,"instances":21},{"id":7,"instances":137},{"id":8,"instances":13},{"id":9,"instances":24},{"id":10,"instances":160},{"id":11,"instances":48},{"id":12,"instances":20},{"id":13,"instances":23},{"id":14,"instances":23},{"id":15,"instances":89},{"id":16,"instances":114},{"id":20,"instances":32},{"id":21,"instances":43},{"id":22,"instances":119},{"id":23,"instances":48},{"id":24,"instances":154},{"id":25,"instances":153},{"id":26,"instances":120},{"id":27,"instances":277}]},{"name":"Wik'tok","id":48,"guid":61254406,"type":"Pet","icon":"abilities/spell_warlock_summonimpoutland","petOwner":23,"fights":[{"id":1,"instances":1},{"id":2,"instances":1},{"id":3,"instances":1},{"id":4,"instances":1},{"id":5,"instances":1},{"id":6,"instances":1},{"id":7,"instances":1},{"id":8,"instances":1},{"id":9,"instances":1},{"id":10,"instances":1},{"id":11,"instances":1},{"id":12,"instances":1},{"id":13,"instances":1},{"id":14,"instances":1},{"id":15,"instances":1},{"id":16,"instances":1},{"id":20,"instances":1},{"id":21,"instances":1},{"id":22,"instances":1},{"id":23,"instances":1},{"id":24,"instances":1},{"id":25,"instances":1},{"id":26,"instances":1},{"id":27,"instances":1}]},{"name":"Mindbender","id":76,"guid":62982,"type":"Pet","icon":"abilities/spell_shadow_soulleech_3","petOwner":18,"fights":[{"id":1,"instances":4},{"id":2,"instances":3},{"id":3,"instances":4},{"id":4,"instances":4},{"id":5,"instances":3},{"id":6,"instances":3},{"id":7,"instances":4},{"id":8,"instances":1},{"id":9,"instances":1},{"id":10,"instances":4},{"id":11,"instances":1},{"id":13,"instances":1},{"id":15,"instances":2},{"id":16,"instances":2}]},{"name":"Chi-Ji","id":88,"guid":166949,"type":"Pet","icon":"abilities/inv_pet_cranegod","petOwner":3,"fights":[{"id":1,"instances":2},{"id":22,"instances":1},{"id":23,"instances":1},{"id":24,"instances":2},{"id":25,"instances":1},{"id":26,"instances":1},{"id":27,"instances":2}]},{"name":"Demonic Gateway","id":133,"guid":59271,"type":"Pet","icon":"custom-icon-trade_engineering","petOwner":13,"fights":[{"id":14,"instances":1},{"id":22,"instances":1},{"id":26,"instances":1}]},{"name":"Demonic Gateway","id":93,"guid":59262,"type":"Pet","icon":"custom-icon-trade_engineering","petOwner":23,"fights":[{"id":1,"instances":1},{"id":6,"instances":1}]},{"name":"Demonic Gateway","id":132,"guid":59262,"type":"Pet","icon":"custom-icon-trade_engineering","petOwner":13,"fights":[{"id":14,"instances":1},{"id":22,"instances":1},{"id":26,"instances":1}]},{"name":"Risen Skulker","id":62,"guid":99541,"type":"Pet","icon":"abilities/spell_shadow_animatedead","petOwner":11,"fights":[{"id":1,"instances":1},{"id":2,"instances":1},{"id":3,"instances":1},{"id":4,"instances":1},{"id":5,"instances":1},{"id":6,"instances":1},{"id":7,"instances":1},{"id":8,"instances":1},{"id":9,"instances":1},{"id":10,"instances":1},{"id":11,"instances":1},{"id":12,"instances":1},{"id":13,"instances":1},{"id":14,"instances":1},{"id":15,"instances":1},{"id":16,"instances":1},{"id":20,"instances":1},{"id":21,"instances":1},{"id":22,"instances":1},{"id":23,"instances":1},{"id":24,"instances":1},{"id":25,"instances":1},{"id":26,"instances":1},{"id":27,"instances":1}]},{"name":"Capacitor Totem","id":121,"guid":61245,"type":"Pet","icon":"abilities/spell_nature_brilliance","petOwner":2,"fights":[{"id":11,"instances":2},{"id":21,"instances":1}]},{"name":"Shadowfiend","id":72,"guid":19668,"type":"Pet","icon":"abilities/spell_shadow_shadowfiend","petOwner":7,"fights":[{"id":1,"instances":2},{"id":2,"instances":2},{"id":3,"instances":2},{"id":4,"instances":2},{"id":5,"instances":1},{"id":6,"instances":2},{"id":7,"instances":2},{"id":8,"instances":1},{"id":9,"instances":1},{"id":10,"instances":2},{"id":11,"instances":1},{"id":12,"instances":1},{"id":13,"instances":1},{"id":14,"instances":1},{"id":15,"instances":1},{"id":16,"instances":1},{"id":22,"instances":2},{"id":23,"instances":1},{"id":24,"instances":2},{"id":25,"instances":2},{"id":26,"instances":1},{"id":27,"instances":3}]},{"name":"Greater Earth Elemental","id":149,"guid":95072,"type":"Pet","icon":"abilities/spell_nature_earthelemental_totem","petOwner":2,"fights":[{"id":22,"instances":1},{"id":23,"instances":1}]},{"name":"Void Tendril","id":79,"guid":98167,"type":"Pet","icon":"abilities/spell_shadow_skull","petOwner":7,"fights":[{"id":1,"instances":4},{"id":2,"instances":2},{"id":3,"instances":3},{"id":4,"instances":5},{"id":5,"instances":2},{"id":6,"instances":4},{"id":7,"instances":4},{"id":10,"instances":4},{"id":13,"instances":1},{"id":16,"instances":1},{"id":22,"instances":2},{"id":23,"instances":4},{"id":24,"instances":2},{"id":25,"instances":2},{"id":26,"instances":4},{"id":27,"instances":4}]},{"name":"Rune Weapon","id":59,"guid":27893,"type":"Pet","icon":"abilities/inv_sword_07","petOwner":4,"fights":[{"id":1,"instances":2},{"id":2,"instances":3},{"id":3,"instances":2},{"id":4,"instances":2},{"id":5,"instances":1},{"id":6,"instances":3},{"id":7,"instances":1},{"id":9,"instances":1},{"id":10,"instances":2},{"id":11,"instances":2},{"id":12,"instances":1},{"id":13,"instances":1},{"id":14,"instances":1},{"id":15,"instances":1},{"id":16,"instances":2},{"id":21,"instances":1},{"id":22,"instances":1},{"id":23,"instances":1},{"id":24,"instances":3},{"id":25,"instances":3},{"id":26,"instances":1},{"id":27,"instances":4}]},{"name":"Mana Tide Totem","id":74,"guid":10467,"type":"Pet","icon":"abilities/spell_frost_summonwaterelemental","petOwner":2,"fights":[{"id":1,"instances":2},{"id":2,"instances":2},{"id":3,"instances":1},{"id":4,"instances":2},{"id":5,"instances":1},{"id":6,"instances":1},{"id":7,"instances":1},{"id":10,"instances":2},{"id":11,"instances":1},{"id":15,"instances":1},{"id":16,"instances":1},{"id":24,"instances":2},{"id":25,"instances":1},{"id":26,"instances":1},{"id":27,"instances":2}]},{"name":"Mirror Image","id":92,"guid":31216,"type":"Pet","icon":"abilities/spell_magic_managain","petOwner":1,"fights":[{"id":1,"instances":6},{"id":2,"instances":3},{"id":3,"instances":6},{"id":4,"instances":6},{"id":6,"instances":6},{"id":7,"instances":3},{"id":10,"instances":3},{"id":22,"instances":3},{"id":24,"instances":3},{"id":25,"instances":3},{"id":26,"instances":3},{"id":27,"instances":6}]}],"enemyPets":[],"phases":[{"boss":2417,"phases":["General Kaal","Intermission One","General Grashaal","Intermission Two","Generals United"],"intermissions":[2,4]}],"logVersion":16,"gameVersion":1,"title":"heroic once again","owner":"mikexskamato","start":1608166511052,"end":1608176016996,"zone":26,"exportedCharacters":[{"id":51249627,"name":"Affinitym","server":"Area 52","region":"US"},{"id":27691254,"name":"Animetiddiez","server":"Area 52","region":"US"},{"id":51203047,"name":"Bouncé","server":"Area 52","region":"US"},{"id":34445725,"name":"Canonic","server":"Area 52","region":"US"},{"id":51492503,"name":"Cesspoolpr","server":"Area 52","region":"US"},{"id":47530283,"name":"Coltronx","server":"Area 52","region":"US"},{"id":51322654,"name":"Danathewhite","server":"Area 52","region":"US"},{"id":51322658,"name":"Deliriousxo","server":"Area 52","region":"US"},{"id":51370608,"name":"Doctrcabbage","server":"Area 52","region":"US"},{"id":50652188,"name":"Drekco","server":"Area 52","region":"US"},{"id":53655348,"name":"Giantsbayne","server":"Area 52","region":"US"},{"id":51224033,"name":"Grimlòck","server":"Area 52","region":"US"},{"id":51323313,"name":"Illeriia","server":"Area 52","region":"US"},{"id":51065034,"name":"Jaames","server":"Area 52","region":"US"},{"id":53655345,"name":"Jeffpal","server":"Area 52","region":"US"},{"id":51314599,"name":"Kaibigan","server":"Area 52","region":"US"},{"id":38681521,"name":"Knivesy","server":"Area 52","region":"US"},{"id":54811419,"name":"Okbud","server":"Area 52","region":"US"},{"id":53655343,"name":"Phaeded","server":"Area 52","region":"US"},{"id":24793653,"name":"Rdrood","server":"Area 52","region":"US"},{"id":51221770,"name":"Readÿ","server":"Area 52","region":"US"},{"id":51249272,"name":"Ryazhenka","server":"Area 52","region":"US"},{"id":51299297,"name":"Seltzies","server":"Area 52","region":"US"},{"id":51243911,"name":"Struckter","server":"Area 52","region":"US"},{"id":51232030,"name":"Tsù","server":"Area 52","region":"US"},{"id":53655335,"name":"Upgreyd","server":"Area 52","region":"US"},{"id":51279626,"name":"Wïwo","server":"Area 52","region":"US"},{"id":52826577,"name":"Xalkir","server":"Area 52","region":"US"}]}