[{"timestamp":10701936,"type":"combatantinfo","pin":"0","sourceID":1,"gear":[{"id":178817,"quality":3,"icon":"inv_helm_leather_oribosdungeon_c_01.jpg","itemLevel":203,"bonusIDs":[7209,6652,7194,1501,5861,6646]},{"id":178827,"quality":3,"icon":"inv_7_0raid_necklace_03a.jpg","itemLevel":203,"bonusIDs":[7212,6652,6935,1501,5861,6646],"gems":[{"id":168637,"itemLevel":50,"icon":"inv_misc_metagem_b.jpg"}]},{"id":178779,"quality":3,"icon":"inv_shoulder_leather_oribosdungeon_c_01.jpg","itemLevel":184,"bonusIDs":[6807,6652,1498,6646]},{"id":0,"quality":1,"icon":"inv_axe_02.jpg","itemLevel":0},{"id":178744,"quality":3,"icon":"inv_chest_leather_oribosdungeon_c_01.jpg","itemLevel":194,"permanentEnchant":6230,"temporaryEnchant":6225,"bonusIDs":[7204,6652,1501,5852,6646]},{"id":178805,"quality":3,"icon":"inv_belt_leather_oribosdungeon_c_01.jpg","itemLevel":203,"bonusIDs":[7210,6652,7194,1501,5861,6646]},{"id":172318,"quality":5,"icon":"inv_pant_leather_mawraid_d_01.jpg","itemLevel":190,"bonusIDs":[7046,6716,6649,6650,1487],"effectID":337544,"effectIcon":"ability_demonhunter_concentratedsigils.jpg"},{"id":183030,"quality":4,"icon":"inv_boot_leather_revendrethraid_d_01.jpg","itemLevel":213,"permanentEnchant":6211,"bonusIDs":[7188,6652,1485,6646]},{"id":183019,"quality":4,"icon":"inv_bracer_leather_revendrethraid_d_01.jpg","itemLevel":200,"bonusIDs":[7189,6652,7194,1472,6646]},{"id":178757,"quality":3,"icon":"inv_glove_leather_oribosdungeon_c_01.jpg","itemLevel":187,"bonusIDs":[6808,6652,1501,6646]},{"id":178870,"quality":3,"icon":"inv_ring_maldraxxus_02_green.jpg","itemLevel":203,"permanentEnchant":6170,"bonusIDs":[7213,6652,7194,1501,5861,6646]},{"id":175916,"quality":4,"icon":"inv_ring_maldraxxus_02_orange.jpg","itemLevel":207,"permanentEnchant":6170,"bonusIDs":[7193,6618,1479,6646]},{"id":184027,"quality":4,"icon":"inv_leather_raiddruid_o_01chest.jpg","itemLevel":207,"bonusIDs":[7189,6652,1472,6646]},{"id":179331,"quality":3,"icon":"inv_misc_scales_stonyorange.jpg","itemLevel":200,"bonusIDs":[7207,6652,1501,5858,6646]},{"id":179349,"quality":3,"icon":"inv_cape_cloth_oribosdungeon_c_01.jpg","itemLevel":203,"permanentEnchant":6204,"bonusIDs":[7211,6652,1501,5861,6646]},{"id":175279,"quality":4,"icon":"inv_sword_1h_bastion_d_01.jpg","itemLevel":213,"permanentEnchant":6223,"temporaryEnchant":6188,"bonusIDs":[7188,6652,1511,6646]},{"id":184802,"quality":4,"icon":"inv_glaive_1h_oribosdungeon_c_01.jpg","itemLevel":190,"permanentEnchant":6223,"temporaryEnchant":6188,"bonusIDs":[6652,1472,6646]},{"id":45582,"quality":2,"icon":"inv_misc_tournaments_tabard_troll.jpg","itemLevel":1}],"auras":[{"source":12,"ability":34477,"stacks":1,"icon":"ability_hunter_misdirection.jpg","name":"Misdirection"},{"source":13,"ability":34477,"stacks":1,"icon":"ability_hunter_misdirection.jpg","name":"Misdirection"},{"source":3,"ability":194384,"stacks":1,"icon":"ability_priest_atonement.jpg","name":"Atonement"},{"source":3,"ability":17,"stacks":1,"icon":"spell_holy_powerwordshield.jpg","name":"Power Word: Shield"},{"source":17,"ability":61295,"stacks":1,"icon":"spell_nature_riptide.jpg","name":"Riptide"},{"source":1,"ability":327705,"stacks":1,"icon":"spell_misc_food.jpg","name":"Well Fed"},{"source":16,"ability":6673,"stacks":1,"icon":"ability_warrior_battleshout.jpg","name":"Battle Shout"},{"source":2,"ability":774,"stacks":1,"icon":"spell_nature_rejuvenation.jpg","name":"Rejuvenation"},{"source":1,"ability":307185,"stacks":1,"icon":"inv_alchemy_90_flask_green.jpg","name":"Spectral Flask of Power"},{"source":6,"ability":1459,"stacks":1,"icon":"spell_holy_magicalsentry.jpg","name":"Arcane Intellect"},{"source":5,"ability":21562,"stacks":1,"icon":"spell_holy_wordfortitude.jpg","name":"Power Word: Fortitude"},{"source":1,"ability":337544,"stacks":1,"icon":"ability_demonhunter_concentratedsigils.jpg"}],"expansion":"shadowlands","faction":0,"specID":581,"covenantID":1,"soulbindID":7,"strength":370,"agility":1226,"stamina":2790,"intellect":323,"dodge":0,"parry":357,"block":0,"armor":1018,"critMelee":357,"critRanged":357,"critSpell":357,"speed":0,"leech":30,"hasteMelee":320,"hasteRanged":320,"hasteSpell":320,"avoidance":0,"mastery":709,"versatilityDamageDone":595,"versatilityHealingDone":595,"versatilityDamageReduction":595,"talents":[{"id":207550,"icon":"spell_warlock_summonabyssal.jpg"},{"id":227174,"icon":"spell_volatilefiregreen.jpg"},{"id":320331,"icon":"ability_demonhunter_immolation.jpg"},{"id":263642,"icon":"ability_creature_felsunder.jpg"},{"id":209281,"icon":"ability_demonhunter_concentratedsigils.jpg"},{"id":321453,"icon":"spell_shadow_demonform.jpg"},{"id":209258,"icon":"inv_glaive_1h_artifactaldorchi_d_06.jpg"}],"pvpTalents":[{"id":0,"icon":"inv_axe_02.jpg"},{"id":205626,"icon":"ability_demonhunter_spectank.jpg"},{"id":205625,"icon":"spell_fire_felimmolation.jpg"},{"id":205629,"icon":"inv_misc_monsterclaw_01.jpg"}],"artifact":[{"traitID":1305,"rank":1,"spellID":0,"icon":"inv_axe_02.jpg"},{"traitID":1308,"rank":1,"spellID":328261,"icon":"spell_arcane_focusedpower.jpg"},{"traitID":1312,"rank":1,"spellID":0,"icon":"inv_axe_02.jpg"},{"traitID":1316,"rank":1,"spellID":328266,"icon":"spell_animabastion_buff.jpg"}],"heartOfAzeroth":[{"traitID":187,"rank":171,"spellID":339895,"icon":"ability_mount_goatmountwhite.jpg"},{"traitID":131,"rank":200,"spellID":338682,"icon":"inv_archaeology_orcclans_tattooknife.jpg"}]},{"timestamp":10701936,"type":"combatantinfo","pin":"0","sourceID":3,"gear":[{"id":183021,"quality":4,"icon":"inv_cloth_revendrethraid_d_01_helm.jpg","itemLevel":200,"bonusIDs":[7189,6652,6935,1472,6646],"gems":[{"id":168638,"itemLevel":50,"icon":"inv_misc_metagem_b.jpg"}]},{"id":183039,"quality":4,"icon":"inv_neck_ardenweald_01_silver.jpg","itemLevel":200,"bonusIDs":[7189,6652,7194,1472,6646]},{"id":178803,"quality":3,"icon":"inv_shoulder_cloth_oribosdungeon_c_01.jpg","itemLevel":194,"bonusIDs":[7204,6652,1501,5852,6646]},{"id":0,"quality":1,"icon":"inv_axe_02.jpg","itemLevel":0},{"id":173241,"quality":5,"icon":"inv_cloth_mawraid_d_01_robe.jpg","itemLevel":190,"permanentEnchant":6230,"temporaryEnchant":6225,"bonusIDs":[6980,6716,6649,6647,1487],"effectID":336067,"effectIcon":"spell_holy_spiritualguidence.jpg"},{"id":184655,"quality":4,"icon":"inv_belt_cloth_oribosdungeon_c_01.jpg","itemLevel":183,"bonusIDs":[6652,7194]},{"id":178838,"quality":3,"icon":"inv_pant_cloth_oribosdungeon_c_01.jpg","itemLevel":184,"bonusIDs":[6807,6652,1498,6646]},{"id":178831,"quality":3,"icon":"inv_boot_cloth_oribosdungeon_c_01.jpg","itemLevel":184,"permanentEnchant":6207,"bonusIDs":[6807,6652,1498,6646]},{"id":178782,"quality":3,"icon":"inv_bracer_cloth_oribosdungeon_c_01.jpg","itemLevel":184,"permanentEnchant":6220,"bonusIDs":[6807,6652,7194,1498,6646]},{"id":183022,"quality":4,"icon":"inv_cloth_revendrethraid_d_01_glove.jpg","itemLevel":200,"bonusIDs":[7189,6652,1472,6646]},{"id":178736,"quality":3,"icon":"inv_argus_ring02.jpg","itemLevel":184,"permanentEnchant":6166,"bonusIDs":[6807,6652,7193,1498,6646]},{"id":175879,"quality":3,"icon":"inv_ring_maldraxxus_01_dark.jpg","itemLevel":184,"permanentEnchant":6166,"bonusIDs":[6789,1498,6646]},{"id":178809,"quality":3,"icon":"inv_jewelcrafting_livingruby_01.jpg","itemLevel":203,"bonusIDs":[7212,6652,1501,5861,6646]},{"id":178708,"quality":1,"icon":"inv_axe_02.jpg","itemLevel":184,"bonusIDs":[6807,6652,1498,6646,6917]},{"id":180123,"quality":3,"icon":"inv_cape_mail_oribosdungeon_c_01.jpg","itemLevel":203,"permanentEnchant":6204,"bonusIDs":[7209,6652,1501,5861,6646]},{"id":178709,"quality":3,"icon":"inv_mace_1h_oribosdungeon_c_01.jpg","itemLevel":194,"permanentEnchant":6229,"temporaryEnchant":6190,"bonusIDs":[7203,6652,1501,5852,6646]},{"id":178478,"quality":3,"icon":"inv_offhand_1h_oribosdungeon_c_01.jpg","itemLevel":184,"bonusIDs":[7149,1498,6646]},{"id":0,"quality":1,"icon":"inv_axe_02.jpg","itemLevel":0}],"auras":[{"source":3,"ability":327704,"stacks":1,"icon":"spell_misc_food.jpg","name":"Well Fed"},{"source":2,"ability":774,"stacks":1,"icon":"spell_nature_rejuvenation.jpg","name":"Rejuvenation"},{"source":16,"ability":6673,"stacks":1,"icon":"ability_warrior_battleshout.jpg","name":"Battle Shout"},{"source":5,"ability":21562,"stacks":1,"icon":"spell_holy_wordfortitude.jpg","name":"Power Word: Fortitude"},{"source":6,"ability":1459,"stacks":1,"icon":"spell_holy_magicalsentry.jpg","name":"Arcane Intellect"},{"source":3,"ability":307185,"stacks":1,"icon":"inv_alchemy_90_flask_green.jpg","name":"Spectral Flask of Power"}],"expansion":"shadowlands","faction":0,"specID":256,"covenantID":2,"soulbindID":8,"strength":258,"agility":374,"stamina":1498,"intellect":1528,"dodge":0,"parry":0,"block":0,"armor":302,"critMelee":269,"critRanged":269,"critSpell":269,"speed":0,"leech":30,"hasteMelee":441,"hasteRanged":441,"hasteSpell":441,"avoidance":0,"mastery":426,"versatilityDamageDone":298,"versatilityHealingDone":298,"versatilityDamageReduction":298,"talents":[{"id":214621,"icon":"spell_warlock_focusshadow.jpg"},{"id":121536,"icon":"ability_priest_angelicfeather.jpg"},{"id":123040,"icon":"spell_shadow_soulleech_3.jpg"},{"id":196704,"icon":"ability_warrior_commandingshout.jpg"},{"id":280391,"icon":"spell_holy_holyguidance.jpg"},{"id":204197,"icon":"ability_mage_firestarter.jpg"},{"id":109964,"icon":"ability_shaman_astralshift.jpg"}],"pvpTalents":[{"id":0,"icon":"inv_axe_02.jpg"},{"id":197871,"icon":"ability_priest_darkarchangel.jpg"},{"id":236499,"icon":"spell_priest_power-word.jpg"},{"id":214205,"icon":"spell_priest_burningwill.jpg"}],"artifact":[{"traitID":1393,"rank":1,"spellID":331576,"icon":"spell_shadow_deathsembrace.jpg"},{"traitID":1395,"rank":1,"spellID":0,"icon":"inv_axe_02.jpg"},{"traitID":1397,"rank":1,"spellID":0,"icon":"inv_axe_02.jpg"},{"traitID":1406,"rank":1,"spellID":331586,"icon":"ability_rogue_bloodsplatter.jpg"}],"heartOfAzeroth":[{"traitID":77,"rank":200,"spellID":337790,"icon":"spell_holy_spiritualguidence.jpg"},{"traitID":69,"rank":200,"spellID":337707,"icon":"ability_pvp_innerrenewal.jpg"}]},{"timestamp":10701936,"type":"combatantinfo","pin":"0","sourceID":5,"gear":[{"id":178860,"quality":3,"icon":"inv_helm_cloth_oribosdungeon_c_01.jpg","itemLevel":184,"bonusIDs":[6807,6652,7193,1498,6646]},{"id":183040,"quality":4,"icon":"inv_7_0raid_necklace_03c.jpg","itemLevel":213,"bonusIDs":[7188,6652,7193,1485,6646]},{"id":178740,"quality":3,"icon":"inv_shoulder_cloth_oribosdungeon_c_01.jpg","itemLevel":200,"bonusIDs":[7207,6652,1501,5858,6646]},{"id":0,"quality":1,"icon":"inv_axe_02.jpg","itemLevel":0},{"id":178792,"quality":3,"icon":"inv_robe_cloth_oribosdungeon_c_01.jpg","itemLevel":200,"permanentEnchant":6265,"temporaryEnchant":6225,"bonusIDs":[7206,6652,1501,5858,6646]},{"id":183028,"quality":4,"icon":"inv_cloth_revendrethraid_d_01_belt.jpg","itemLevel":200,"bonusIDs":[7189,6652,7193,1472,6646]},{"id":179351,"quality":3,"icon":"inv_pant_cloth_oribosdungeon_c_01.jpg","itemLevel":184,"bonusIDs":[6807,6652,1498,6646]},{"id":180102,"quality":3,"icon":"inv_boot_cloth_oribosdungeon_c_01.jpg","itemLevel":200,"bonusIDs":[7208,6652,1501,5858,6646]},{"id":182996,"quality":4,"icon":"inv_cloth_revendrethraid_d_01_bracer.jpg","itemLevel":200,"permanentEnchant":6220,"bonusIDs":[7189,6652,7194,1472,6646]},{"id":178833,"quality":3,"icon":"inv_glove_cloth_oribosdungeon_c_01.jpg","itemLevel":184,"bonusIDs":[6807,6652,1498,6646]},{"id":183037,"quality":4,"icon":"inv_ring_revendrethraid_02_copper.jpg","itemLevel":213,"permanentEnchant":6166,"bonusIDs":[7188,6652,7193,1485,6646]},{"id":178926,"quality":5,"icon":"inv_jewelcrafting_90_maxlvlring_red.jpg","itemLevel":190,"permanentEnchant":6166,"bonusIDs":[6980,6716,7193,6649,6647,1487],"effectID":336067,"effectIcon":"spell_holy_spiritualguidence.jpg"},{"id":184021,"quality":4,"icon":"70_inscription_vantus_rune_azure.jpg","itemLevel":213,"bonusIDs":[7188,6652,1485,6646]},{"id":173069,"quality":3,"icon":"inv_inscription_darkmooncard_putrescence.jpg","itemLevel":200},{"id":184778,"quality":4,"icon":"inv_cloth_revendrethraid_d_01_cape.jpg","itemLevel":213,"permanentEnchant":6204,"bonusIDs":[7188,1485,6646]},{"id":178753,"quality":3,"icon":"inv_knife_1h_oribosdungeon_c_02.jpg","itemLevel":203,"permanentEnchant":6229,"temporaryEnchant":6190,"bonusIDs":[7209,6652,1501,5861,6646]},{"id":182400,"quality":4,"icon":"inv_offhand_1h_revendreth_d_01.jpg","itemLevel":207,"bonusIDs":[7189,6652,1505,6646]},{"id":0,"quality":1,"icon":"inv_axe_02.jpg","itemLevel":0}],"auras":[{"source":5,"ability":194384,"stacks":1,"icon":"ability_priest_atonement.jpg","name":"Atonement"},{"source":5,"ability":17,"stacks":1,"icon":"spell_holy_powerwordshield.jpg","name":"Power Word: Shield"},{"source":5,"ability":327704,"stacks":1,"icon":"spell_misc_food.jpg","name":"Well Fed"},{"source":16,"ability":6673,"stacks":1,"icon":"ability_warrior_battleshout.jpg","name":"Battle Shout"},{"source":5,"ability":21562,"stacks":1,"icon":"spell_holy_wordfortitude.jpg","name":"Power Word: Fortitude"},{"source":5,"ability":307185,"stacks":1,"icon":"inv_alchemy_90_flask_green.jpg","name":"Spectral Flask of Power"},{"source":6,"ability":1459,"stacks":1,"icon":"spell_holy_magicalsentry.jpg","name":"Arcane Intellect"}],"expansion":"shadowlands","faction":0,"specID":256,"covenantID":2,"soulbindID":8,"strength":263,"agility":372,"stamina":1596,"intellect":1577,"dodge":0,"parry":0,"block":0,"armor":310,"critMelee":403,"critRanged":403,"critSpell":403,"speed":0,"leech":30,"hasteMelee":540,"hasteRanged":540,"hasteSpell":540,"avoidance":0,"mastery":444,"versatilityDamageDone":150,"versatilityHealingDone":150,"versatilityDamageReduction":150,"talents":[{"id":214621,"icon":"spell_warlock_focusshadow.jpg"},{"id":121536,"icon":"ability_priest_angelicfeather.jpg"},{"id":123040,"icon":"spell_shadow_soulleech_3.jpg"},{"id":204263,"icon":"ability_paladin_blindinglight2.jpg"},{"id":280391,"icon":"spell_holy_holyguidance.jpg"},{"id":204197,"icon":"ability_mage_firestarter.jpg"},{"id":109964,"icon":"ability_shaman_astralshift.jpg"}],"pvpTalents":[{"id":0,"icon":"inv_axe_02.jpg"},{"id":197535,"icon":"spell_holy_blessingofprotection.jpg"},{"id":236499,"icon":"spell_priest_power-word.jpg"},{"id":197871,"icon":"ability_priest_darkarchangel.jpg"}],"artifact":[{"traitID":1393,"rank":1,"spellID":331576,"icon":"spell_shadow_deathsembrace.jpg"},{"traitID":1395,"rank":1,"spellID":0,"icon":"inv_axe_02.jpg"},{"traitID":1397,"rank":1,"spellID":0,"icon":"inv_axe_02.jpg"},{"traitID":1406,"rank":1,"spellID":331586,"icon":"ability_rogue_bloodsplatter.jpg"}],"heartOfAzeroth":[{"traitID":77,"rank":200,"spellID":337790,"icon":"spell_holy_spiritualguidence.jpg"},{"traitID":69,"rank":171,"spellID":337707,"icon":"ability_pvp_innerrenewal.jpg"}]},{"timestamp":10701936,"type":"combatantinfo","pin":"0","sourceID":9,"gear":[{"id":178694,"quality":3,"icon":"inv_helm_drustmask_d_01.jpg","itemLevel":194,"bonusIDs":[7204,6652,7194,1501,5852,6646]},{"id":183039,"quality":4,"icon":"inv_neck_ardenweald_01_silver.jpg","itemLevel":213,"bonusIDs":[7188,6652,7194,1485,6646]},{"id":178749,"quality":3,"icon":"inv_plate_oribosdungeon_c_01_shoulder.jpg","itemLevel":184,"bonusIDs":[6807,40,1498,6646]},{"id":0,"quality":1,"icon":"inv_axe_02.jpg","itemLevel":0},{"id":171412,"quality":5,"icon":"inv_chest_plate_mawraid_d_01.jpg","itemLevel":190,"permanentEnchant":6214,"temporaryEnchant":6225,"bonusIDs":[6952,6716,6647,6648,1487],"effectID":334949,"effectIcon":"spell_shadow_deathcoil.jpg"},{"id":178931,"quality":3,"icon":"inv_plate_oribosdungeon_c_01_buckle.jpg","itemLevel":203,"bonusIDs":[7212,6652,7194,1501,5861,6646]},{"id":178818,"quality":3,"icon":"inv_plate_oribosdungeon_c_01_pants.jpg","itemLevel":203,"bonusIDs":[7209,6652,1501,5861,6646]},{"id":179338,"quality":3,"icon":"inv_plate_oribosdungeon_c_01_boots.jpg","itemLevel":184,"bonusIDs":[6807,6652,1498,6646]},{"id":180113,"quality":3,"icon":"inv_plate_oribosdungeon_c_01_bracer.jpg","itemLevel":200,"bonusIDs":[7208,6652,7194,1501,5858,6646]},{"id":178840,"quality":3,"icon":"inv_plate_oribosdungeon_c_01_glove.jpg","itemLevel":184,"permanentEnchant":6210,"bonusIDs":[6807,6652,1498,6646]},{"id":178824,"quality":3,"icon":"inv_ring_revendrethraid_01_gold.jpg","itemLevel":184,"permanentEnchant":6168,"bonusIDs":[6807,7194,1498,6646]},{"id":183036,"quality":4,"icon":"inv_ring_revendreth_01_gold.jpg","itemLevel":207,"permanentEnchant":6168,"bonusIDs":[7189,6652,7194,1472,6646]},{"id":184025,"quality":4,"icon":"sha_spell_fire_bluehellfire_nightmare.jpg","itemLevel":200,"bonusIDs":[7189,6652,1472,6646]},{"id":179342,"quality":3,"icon":"spell_mage_focusingcrystal.jpg","itemLevel":203,"bonusIDs":[7211,6652,1501,5861,6646]},{"id":178851,"quality":3,"icon":"inv_plate_oribosdungeon_c_01_cape.jpg","itemLevel":171,"permanentEnchant":6202,"bonusIDs":[6806,6652,1485,4785]},{"id":178780,"quality":3,"icon":"inv_1h_oribosdungeon_c_01.jpg","itemLevel":194,"permanentEnchant":3368,"temporaryEnchant":6200,"bonusIDs":[7204,6652,1501,5852,6646]},{"id":0,"quality":1,"icon":"inv_axe_02.jpg","itemLevel":0},{"id":69210,"quality":4,"icon":"inv_epicguildtabard.jpg","itemLevel":1}],"auras":[{"source":9,"ability":327701,"stacks":1,"icon":"spell_misc_food.jpg","name":"Well Fed"},{"source":2,"ability":774,"stacks":1,"icon":"spell_nature_rejuvenation.jpg","name":"Rejuvenation"},{"source":16,"ability":6673,"stacks":1,"icon":"ability_warrior_battleshout.jpg","name":"Battle Shout"},{"source":5,"ability":21562,"stacks":1,"icon":"spell_holy_wordfortitude.jpg","name":"Power Word: Fortitude"},{"source":6,"ability":1459,"stacks":1,"icon":"spell_holy_magicalsentry.jpg","name":"Arcane Intellect"},{"source":9,"ability":307185,"stacks":1,"icon":"inv_alchemy_90_flask_green.jpg","name":"Spectral Flask of Power"}],"expansion":"shadowlands","faction":0,"specID":252,"covenantID":2,"soulbindID":8,"strength":1231,"agility":374,"stamina":1691,"intellect":257,"dodge":0,"parry":0,"block":0,"armor":1063,"critMelee":293,"critRanged":293,"critSpell":293,"speed":30,"leech":0,"hasteMelee":454,"hasteRanged":454,"hasteSpell":454,"avoidance":35,"mastery":523,"versatilityDamageDone":223,"versatilityHealingDone":223,"versatilityDamageReduction":223,"talents":[{"id":194916,"icon":"ability_fiegndead.jpg"},{"id":115989,"icon":"spell_shadow_contagion.jpg"},{"id":108194,"icon":"ability_deathknight_asphixiate.jpg"},{"id":343294,"icon":"ability_deathknight_soulreaper.jpg"},{"id":212552,"icon":"inv_helm_plate_raiddeathknight_p_01.jpg"},{"id":319230,"icon":"spell_shadow_deathsembrace.jpg"},{"id":276837,"icon":"artifactability_unholydeathknight_deathsembrace.jpg"}],"pvpTalents":[{"id":0,"icon":"inv_axe_02.jpg"},{"id":199720,"icon":"ability_deathknight_necroticaura.jpg"},{"id":199642,"icon":"ability_deathknight_decomposingaura.jpg"},{"id":288855,"icon":"spell_deathvortex.jpg"}],"artifact":[{"traitID":1393,"rank":1,"spellID":331576,"icon":"spell_shadow_deathsembrace.jpg"},{"traitID":1395,"rank":1,"spellID":0,"icon":"inv_axe_02.jpg"},{"traitID":1397,"rank":1,"spellID":0,"icon":"inv_axe_02.jpg"},{"traitID":1406,"rank":1,"spellID":331586,"icon":"ability_rogue_bloodsplatter.jpg"}],"heartOfAzeroth":[{"traitID":65,"rank":200,"spellID":337381,"icon":"spell_animamaw_groundstate.jpg"},{"traitID":99,"rank":200,"spellID":338089,"icon":"spell_lifegivingspeed.jpg"}]},{"timestamp":10701936,"type":"combatantinfo","pin":"0","sourceID":6,"gear":[{"id":178759,"quality":3,"icon":"inv_helm_cloth_oribosdungeon_c_01.jpg","itemLevel":200,"bonusIDs":[7206,6652,7193,1501,5858,6646]},{"id":180115,"quality":3,"icon":"inv_7_0raid_necklace_03a.jpg","itemLevel":171,"bonusIDs":[6806,6652,6935,1485,4785],"gems":[{"id":173127,"itemLevel":120,"icon":"inv_jewelcrafting_90_rarecut_orange.jpg"}]},{"id":184726,"quality":3,"icon":"inv_shoulder_cloth_oribosquesting_b_01.jpg","itemLevel":181,"bonusIDs":[7239]},{"id":0,"quality":1,"icon":"inv_axe_02.jpg","itemLevel":0},{"id":179335,"quality":3,"icon":"inv_robe_cloth_oribosdungeon_c_01.jpg","itemLevel":194,"permanentEnchant":6265,"temporaryEnchant":6225,"bonusIDs":[7204,6652,1501,5852,6646]},{"id":183028,"quality":4,"icon":"inv_cloth_revendrethraid_d_01_belt.jpg","itemLevel":213,"bonusIDs":[7188,6652,7193,1485,6646]},{"id":173246,"quality":5,"icon":"inv_cloth_mawraid_d_01_pant.jpg","itemLevel":190,"bonusIDs":[6823,6716,6649,6647,1487],"effectID":327508,"effectIcon":"inv_enchant_shardshadowfrostlarge.jpg"},{"id":180102,"quality":3,"icon":"inv_boot_cloth_oribosdungeon_c_01.jpg","itemLevel":200,"bonusIDs":[7208,6652,1501,5858,6646]},{"id":178844,"quality":3,"icon":"inv_bracer_cloth_oribosdungeon_c_01.jpg","itemLevel":203,"permanentEnchant":6220,"bonusIDs":[7209,6652,7193,1501,5861,6646]},{"id":178833,"quality":3,"icon":"inv_glove_cloth_oribosdungeon_c_01.jpg","itemLevel":190,"bonusIDs":[6809,6652,1501,5848,6646]},{"id":183036,"quality":4,"icon":"inv_ring_revendreth_01_gold.jpg","itemLevel":207,"permanentEnchant":6164,"bonusIDs":[7189,6652,7193,1472,6646]},{"id":178933,"quality":3,"icon":"inv_ring_maldraxxus_02_brown.jpg","itemLevel":194,"permanentEnchant":6164,"bonusIDs":[7204,6652,7193,1501,5852,6646]},{"id":178298,"quality":3,"icon":"inv_misc_token_argentdawn3.jpg","itemLevel":184,"bonusIDs":[6782,1498,6646]},{"id":178708,"quality":1,"icon":"inv_axe_02.jpg","itemLevel":200,"bonusIDs":[7207,41,1501,5858,6646,6916]},{"id":180123,"quality":3,"icon":"inv_cape_mail_oribosdungeon_c_01.jpg","itemLevel":200,"permanentEnchant":6203,"bonusIDs":[7208,6652,1501,5858,6646]},{"id":178714,"quality":3,"icon":"inv_staff_2h_oribosdungeon_c_01.jpg","itemLevel":194,"permanentEnchant":6228,"temporaryEnchant":6188,"bonusIDs":[7204,6652,1501,5852,6646]},{"id":0,"quality":1,"icon":"inv_axe_02.jpg","itemLevel":0},{"id":0,"quality":1,"icon":"inv_axe_02.jpg","itemLevel":0}],"auras":[{"source":2,"ability":774,"stacks":1,"icon":"spell_nature_rejuvenation.jpg","name":"Rejuvenation"},{"source":6,"ability":327704,"stacks":1,"icon":"spell_misc_food.jpg","name":"Well Fed"},{"source":16,"ability":6673,"stacks":1,"icon":"ability_warrior_battleshout.jpg","name":"Battle Shout"},{"source":6,"ability":307185,"stacks":1,"icon":"inv_alchemy_90_flask_green.jpg","name":"Spectral Flask of Power"},{"source":5,"ability":21562,"stacks":1,"icon":"spell_holy_wordfortitude.jpg","name":"Power Word: Fortitude"},{"source":6,"ability":327508,"stacks":1,"icon":"inv_enchant_shardshadowfrostlarge.jpg"},{"source":6,"ability":278309,"stacks":1,"icon":"spell_frost_frostblast.jpg"},{"source":6,"ability":1459,"stacks":1,"icon":"spell_holy_magicalsentry.jpg","name":"Arcane Intellect"}],"expansion":"shadowlands","faction":0,"specID":64,"covenantID":2,"soulbindID":8,"strength":199,"agility":308,"stamina":1560,"intellect":1477,"dodge":0,"parry":0,"block":0,"armor":311,"critMelee":559,"critRanged":559,"critSpell":559,"speed":0,"leech":39,"hasteMelee":542,"hasteRanged":542,"hasteSpell":542,"avoidance":30,"mastery":150,"versatilityDamageDone":313,"versatilityHealingDone":313,"versatilityDamageReduction":313,"talents":[{"id":205024,"icon":"achievement_dungeon_frozenthrone.jpg"},{"id":212653,"icon":"spell_arcane_massdispel.jpg"},{"id":116011,"icon":"spell_mage_runeofpower.jpg"},{"id":278309,"icon":"spell_frost_frostblast.jpg"},{"id":235224,"icon":"ability_mage_deepfreeze.jpg"},{"id":56377,"icon":"spell_frost_ice-shards.jpg"},{"id":155149,"icon":"spell_mage_thermalvoid.jpg"}],"pvpTalents":[{"id":0,"icon":"inv_axe_02.jpg"},{"id":198120,"icon":"spell_frost_frostarmor.jpg"},{"id":198062,"icon":"spell_magearmor.jpg"},{"id":198064,"icon":"spell_arcane_prismaticcloak.jpg"}],"artifact":[{"traitID":1393,"rank":1,"spellID":331576,"icon":"spell_shadow_deathsembrace.jpg"},{"traitID":1395,"rank":1,"spellID":0,"icon":"inv_axe_02.jpg"},{"traitID":1397,"rank":1,"spellID":0,"icon":"inv_axe_02.jpg"},{"traitID":1406,"rank":1,"spellID":331586,"icon":"ability_rogue_bloodsplatter.jpg"}],"heartOfAzeroth":[{"traitID":20,"rank":200,"spellID":336522,"icon":"spell_frost_coldhearted.jpg"},{"traitID":26,"rank":171,"spellID":336636,"icon":"spell_arcane_blink.jpg"}]},{"timestamp":10701936,"type":"combatantinfo","pin":"0","sourceID":13,"gear":[{"id":178692,"quality":3,"icon":"inv_helm_drustmask_d_01.jpg","itemLevel":203,"bonusIDs":[7213,6652,7194,1501,5861,6646]},{"id":178707,"quality":3,"icon":"inv_neck_ardenweald_01_silver.jpg","itemLevel":171,"bonusIDs":[6806,6652,7194,1485,4785]},{"id":172327,"quality":5,"icon":"inv_mail_mawraid_d_01_shoulder.jpg","itemLevel":210,"bonusIDs":[7013,6647,6648,6717,1507],"effectID":336870,"effectIcon":"inv_spear_07.jpg"},{"id":0,"quality":1,"icon":"inv_axe_02.jpg","itemLevel":0},{"id":179353,"quality":3,"icon":"inv_chest_mail_oribosdungeon_c_01.jpg","itemLevel":187,"permanentEnchant":6214,"temporaryEnchant":6225,"bonusIDs":[6808,6652,1501,6646]},{"id":180110,"quality":3,"icon":"inv_belt_mail_oribosdungeon_c_01.jpg","itemLevel":200,"bonusIDs":[7207,41,7194,1501,5858,6646]},{"id":182985,"quality":4,"icon":"inv_pant_mail_revendrethraid_d_01.jpg","itemLevel":200,"bonusIDs":[7189,6652,1472,6646]},{"id":178796,"quality":3,"icon":"inv_boot_mail_oribosdungeon_c_01.jpg","itemLevel":203,"permanentEnchant":6211,"bonusIDs":[7212,6652,1501,5861,6646]},{"id":178703,"quality":3,"icon":"inv_bracer_mail_oribosdungeon_c_01.jpg","itemLevel":200,"bonusIDs":[7206,6652,7194,1501,5858,6646]},{"id":178841,"quality":3,"icon":"inv_glove_mail_oribosdungeon_c_01.jpg","itemLevel":184,"bonusIDs":[6807,6652,1498,6646]},{"id":178872,"quality":3,"icon":"inv_ring_maldraxxus_01_violet.jpg","itemLevel":184,"permanentEnchant":6164,"bonusIDs":[6807,6652,6935,1498,6646],"gems":[{"id":168637,"itemLevel":50,"icon":"inv_misc_metagem_b.jpg"}]},{"id":183037,"quality":4,"icon":"inv_ring_revendrethraid_02_copper.jpg","itemLevel":213,"permanentEnchant":6168,"bonusIDs":[7188,6652,7193,1485,6646]},{"id":180116,"quality":3,"icon":"inv_battery_01.jpg","itemLevel":200,"bonusIDs":[7208,6652,1501,5858,6646]},{"id":184026,"quality":4,"icon":"inv_belt_44a.jpg","itemLevel":200,"bonusIDs":[7189,6652,1472,6646]},{"id":179349,"quality":3,"icon":"inv_cape_cloth_oribosdungeon_c_01.jpg","itemLevel":184,"permanentEnchant":6204,"bonusIDs":[6807,6652,1498,6646]},{"id":178735,"quality":3,"icon":"inv_firearm_2h_revendrethquest_b_01.jpg","itemLevel":200,"permanentEnchant":6228,"temporaryEnchant":6188,"bonusIDs":[7206,6652,1501,5858,6646]},{"id":0,"quality":1,"icon":"inv_axe_02.jpg","itemLevel":0},{"id":0,"quality":1,"icon":"inv_axe_02.jpg","itemLevel":0}],"auras":[{"source":2,"ability":774,"stacks":1,"icon":"spell_nature_rejuvenation.jpg","name":"Rejuvenation"},{"source":13,"ability":327705,"stacks":1,"icon":"spell_misc_food.jpg","name":"Well Fed"},{"source":13,"ability":34477,"stacks":1,"icon":"ability_hunter_misdirection.jpg","name":"Misdirection"},{"source":5,"ability":21562,"stacks":1,"icon":"spell_holy_wordfortitude.jpg","name":"Power Word: Fortitude"},{"source":16,"ability":6673,"stacks":1,"icon":"ability_warrior_battleshout.jpg","name":"Battle Shout"},{"source":13,"ability":307185,"stacks":1,"icon":"inv_alchemy_90_flask_green.jpg","name":"Spectral Flask of Power"},{"source":13,"ability":155228,"stacks":1,"icon":"spell_hunter_lonewolf.jpg"},{"source":6,"ability":1459,"stacks":1,"icon":"spell_holy_magicalsentry.jpg","name":"Arcane Intellect"}],"expansion":"shadowlands","faction":0,"specID":254,"covenantID":3,"soulbindID":1,"strength":271,"agility":1471,"stamina":1573,"intellect":389,"dodge":0,"parry":0,"block":0,"armor":738,"critMelee":391,"critRanged":391,"critSpell":391,"speed":0,"leech":69,"hasteMelee":374,"hasteRanged":374,"hasteSpell":374,"avoidance":0,"mastery":499,"versatilityDamageDone":206,"versatilityHealingDone":206,"versatilityDamageReduction":206,"talents":[{"id":260309,"icon":"ability_hunter_mastermarksman.jpg"},{"id":260228,"icon":"ability_hunter_zenarchery.jpg"},{"id":270581,"icon":"ability_hunter_onewithnature.jpg"},{"id":193533,"icon":"ability_hunter_improvedsteadyshot.jpg"},{"id":109215,"icon":"ability_hunter_posthaste.jpg"},{"id":260402,"icon":"ability_hunter_crossfire.jpg"},{"id":194595,"icon":"ability_hunter_lockandload.jpg"}],"pvpTalents":[{"id":0,"icon":"inv_axe_02.jpg"},{"id":248443,"icon":"ability_hunter_runningshot.jpg"},{"id":203235,"icon":"ability_hunter_huntingparty.jpg"},{"id":203129,"icon":"ability_trueshot.jpg"}],"artifact":[{"traitID":850,"rank":1,"spellID":0,"icon":"inv_axe_02.jpg"},{"traitID":863,"rank":1,"spellID":342270,"icon":"ability_racial_runningwild.jpg"},{"traitID":864,"rank":1,"spellID":322721,"icon":"ability_druid_manatree.jpg"},{"traitID":1010,"rank":1,"spellID":0,"icon":"inv_axe_02.jpg"}],"heartOfAzeroth":[{"traitID":140,"rank":171,"spellID":339109,"icon":"inv_archaeology_70_spiritofechero.jpg"},{"traitID":175,"rank":171,"spellID":339495,"icon":"inv_trickshot.jpg"}]},{"timestamp":10701936,"type":"combatantinfo","pin":"0","sourceID":2,"gear":[{"id":172317,"quality":5,"icon":"inv_helm_leather_mawraid_d_01.jpg","itemLevel":190,"bonusIDs":[7099,6716,7193,6649,6648,1487],"effectID":338832,"effectIcon":"achievement_dungeon_everbloom.jpg"},{"id":178827,"quality":3,"icon":"inv_7_0raid_necklace_03a.jpg","itemLevel":184,"bonusIDs":[6807,6652,7194,1498,6646]},{"id":178858,"quality":3,"icon":"inv_shoulder_leather_oribosdungeon_c_01.jpg","itemLevel":200,"bonusIDs":[7207,6652,1501,5858,6646]},{"id":0,"quality":1,"icon":"inv_axe_02.jpg","itemLevel":0},{"id":178698,"quality":3,"icon":"inv_chest_leather_oribosdungeon_c_01.jpg","itemLevel":203,"permanentEnchant":6230,"temporaryEnchant":6225,"bonusIDs":[7210,6652,1501,5861,6646]},{"id":178699,"quality":3,"icon":"inv_belt_leather_oribosdungeon_c_01.jpg","itemLevel":200,"bonusIDs":[7207,6652,7194,1501,5858,6646]},{"id":180108,"quality":3,"icon":"inv_pant_leather_oribosdungeon_c_01.jpg","itemLevel":203,"bonusIDs":[7210,6652,1501,5861,6646]},{"id":178837,"quality":3,"icon":"inv_boot_leather_oribosdungeon_c_01.jpg","itemLevel":203,"bonusIDs":[7209,6652,1501,5861,6646]},{"id":178702,"quality":3,"icon":"inv_bracer_leather_oribosdungeon_c_01.jpg","itemLevel":200,"permanentEnchant":6220,"bonusIDs":[7208,6652,7194,1501,5858,6646]},{"id":183026,"quality":4,"icon":"inv_glove_leather_revendrethraid_d_01.jpg","itemLevel":213,"permanentEnchant":6205,"bonusIDs":[7188,42,1485,6646]},{"id":178824,"quality":3,"icon":"inv_ring_revendrethraid_01_gold.jpg","itemLevel":184,"permanentEnchant":6168,"bonusIDs":[6807,41,7193,1498,6646]},{"id":178871,"quality":3,"icon":"inv_ring_maldraxxus_01_red.jpg","itemLevel":203,"permanentEnchant":6168,"bonusIDs":[7209,6652,7193,1501,5861,6646]},{"id":178708,"quality":1,"icon":"inv_axe_02.jpg","itemLevel":200,"bonusIDs":[7208,1501,5858,6646,6918]},{"id":184022,"quality":4,"icon":"inv_trinket_revendreth_02_blue.jpg","itemLevel":200,"bonusIDs":[7189,6652,1472,6646]},{"id":179349,"quality":3,"icon":"inv_cape_cloth_oribosdungeon_c_01.jpg","itemLevel":184,"permanentEnchant":6204,"bonusIDs":[6807,6652,1498,6646]},{"id":179339,"quality":3,"icon":"inv_staff_2h_oribosdungeon_c_01.jpg","itemLevel":203,"permanentEnchant":6229,"temporaryEnchant":6190,"bonusIDs":[7211,6652,1501,5861,6646]},{"id":0,"quality":1,"icon":"inv_axe_02.jpg","itemLevel":0},{"id":0,"quality":1,"icon":"inv_axe_02.jpg","itemLevel":0}],"auras":[{"source":3,"ability":194384,"stacks":1,"icon":"ability_priest_atonement.jpg","name":"Atonement"},{"source":3,"ability":17,"stacks":1,"icon":"spell_holy_powerwordshield.jpg","name":"Power Word: Shield"},{"source":2,"ability":327704,"stacks":1,"icon":"spell_misc_food.jpg","name":"Well Fed"},{"source":16,"ability":6673,"stacks":1,"icon":"ability_warrior_battleshout.jpg","name":"Battle Shout"},{"source":5,"ability":21562,"stacks":1,"icon":"spell_holy_wordfortitude.jpg","name":"Power Word: Fortitude"},{"source":6,"ability":1459,"stacks":1,"icon":"spell_holy_magicalsentry.jpg","name":"Arcane Intellect"},{"source":2,"ability":307185,"stacks":1,"icon":"inv_alchemy_90_flask_green.jpg","name":"Spectral Flask of Power"}],"expansion":"shadowlands","faction":0,"specID":105,"covenantID":3,"soulbindID":2,"strength":194,"agility":452,"stamina":1610,"intellect":1599,"dodge":0,"parry":0,"block":0,"armor":518,"critMelee":251,"critRanged":251,"critSpell":251,"speed":42,"leech":55,"hasteMelee":583,"hasteRanged":583,"hasteSpell":583,"avoidance":0,"mastery":451,"versatilityDamageDone":211,"versatilityHealingDone":211,"versatilityDamageReduction":211,"talents":[{"id":207383,"icon":"ability_druid_empoweredrejuvination.jpg"},{"id":252216,"icon":"ability_druid_dash_orange.jpg"},{"id":197632,"icon":"ability_druid_improvedmoonkinform.jpg"},{"id":319454,"icon":"spell_holy_blessingofagility.jpg"},{"id":200390,"icon":"spell_nature_healingtouch.jpg"},{"id":197073,"icon":"ability_druid_dreamstate.jpg"},{"id":197721,"icon":"spell_druid_wildburst.jpg"}],"pvpTalents":[{"id":0,"icon":"inv_axe_02.jpg"},{"id":203399,"icon":"ability_druid_empoweredtouch.jpg"},{"id":233673,"icon":"inv_misc_herb_talandrasrose.jpg"},{"id":203624,"icon":"ability_druid_flourish.jpg"}],"artifact":[{"traitID":828,"rank":1,"spellID":319213,"icon":"ability_druid_dreamstate.jpg"},{"traitID":835,"rank":1,"spellID":0,"icon":"inv_axe_02.jpg"},{"traitID":836,"rank":1,"spellID":0,"icon":"inv_axe_02.jpg"},{"traitID":837,"rank":1,"spellID":319217,"icon":"inv_farm_herbseed.jpg"}],"heartOfAzeroth":[{"traitID":260,"rank":213,"spellID":341451,"icon":"ability_hunter_huntervswild.jpg"},{"traitID":273,"rank":200,"spellID":340549,"icon":"ability_druid_flourish.jpg"}]},{"timestamp":10701936,"type":"combatantinfo","pin":"0","sourceID":18,"gear":[{"id":178693,"quality":3,"icon":"inv_helm_cloth_oribosdungeon_c_01.jpg","itemLevel":203,"bonusIDs":[7209,6652,7193,1501,5861,6646]},{"id":178707,"quality":3,"icon":"inv_neck_ardenweald_01_silver.jpg","itemLevel":200,"bonusIDs":[7208,6652,7194,1501,5858,6646]},{"id":173247,"quality":5,"icon":"inv_cloth_mawraid_d_01_shoulder.jpg","itemLevel":190,"bonusIDs":[6932,6716,6649,6650,1487],"effectID":333097,"effectIcon":"spell_fire_burnout.jpg"},{"id":0,"quality":1,"icon":"inv_axe_02.jpg","itemLevel":0},{"id":180098,"quality":3,"icon":"inv_robe_cloth_oribosdungeon_c_01.jpg","itemLevel":184,"permanentEnchant":6265,"temporaryEnchant":6225,"bonusIDs":[6807,6652,1498,6646]},{"id":183004,"quality":4,"icon":"inv_cloth_revendrethraid_d_01_belt.jpg","itemLevel":213,"bonusIDs":[7188,6652,7194,1485,6646]},{"id":178761,"quality":3,"icon":"inv_pant_cloth_oribosdungeon_c_01.jpg","itemLevel":200,"bonusIDs":[7207,6652,1501,5858,6646]},{"id":179322,"quality":3,"icon":"inv_boot_cloth_oribosdungeon_c_01.jpg","itemLevel":200,"bonusIDs":[7207,42,1501,5858,6646]},{"id":181426,"quality":3,"icon":"inv_bracer_cloth_oribosdungeon_c_01.jpg","itemLevel":164,"permanentEnchant":6220,"bonusIDs":[6652,6935,1472,5861,6616],"gems":[{"id":173129,"itemLevel":120,"icon":"inv_jewelcrafting_90_rarecut_blue.jpg"}]},{"id":178705,"quality":3,"icon":"inv_glove_cloth_oribosdungeon_c_01.jpg","itemLevel":184,"bonusIDs":[6807,6652,1498,6646]},{"id":179355,"quality":3,"icon":"inv_ring_ardenweald_02_green.jpg","itemLevel":184,"permanentEnchant":6170,"bonusIDs":[6807,6652,7194,1498,6646]},{"id":178736,"quality":3,"icon":"inv_argus_ring02.jpg","itemLevel":184,"permanentEnchant":6170,"bonusIDs":[6807,6652,7194,1498,6646]},{"id":181457,"quality":3,"icon":"inv_trinket_ardenweald_02_purple.jpg","itemLevel":177,"bonusIDs":[6652,1472,5874,6616]},{"id":175884,"quality":3,"icon":"spell_holy_championsbond.jpg","itemLevel":184,"bonusIDs":[6782,1498,6646]},{"id":183033,"quality":4,"icon":"inv_cape_mail_revendrethraid_d_01.jpg","itemLevel":200,"permanentEnchant":6208,"bonusIDs":[7189,6652,1472,6646]},{"id":178753,"quality":3,"icon":"inv_knife_1h_oribosdungeon_c_02.jpg","itemLevel":200,"permanentEnchant":6228,"temporaryEnchant":6188,"bonusIDs":[7207,6652,1501,5858,6646]},{"id":179570,"quality":4,"icon":"inv_offhand_1h_ardenweald_d_01.jpg","itemLevel":200,"bonusIDs":[7189,6652,1498,6646]},{"id":0,"quality":1,"icon":"inv_axe_02.jpg","itemLevel":0}],"auras":[{"source":18,"ability":327704,"stacks":1,"icon":"spell_misc_food.jpg","name":"Well Fed"},{"source":16,"ability":6673,"stacks":1,"icon":"ability_warrior_battleshout.jpg","name":"Battle Shout"},{"source":5,"ability":21562,"stacks":1,"icon":"spell_holy_wordfortitude.jpg","name":"Power Word: Fortitude"},{"source":6,"ability":1459,"stacks":1,"icon":"spell_holy_magicalsentry.jpg","name":"Arcane Intellect"},{"source":18,"ability":307185,"stacks":1,"icon":"inv_alchemy_90_flask_green.jpg","name":"Spectral Flask of Power"}],"expansion":"shadowlands","faction":0,"specID":63,"covenantID":3,"soulbindID":1,"strength":199,"agility":308,"stamina":1558,"intellect":1475,"dodge":0,"parry":0,"block":0,"armor":307,"critMelee":308,"critRanged":308,"critSpell":308,"speed":39,"leech":0,"hasteMelee":672,"hasteRanged":672,"hasteSpell":672,"avoidance":0,"mastery":215,"versatilityDamageDone":381,"versatilityHealingDone":381,"versatilityDamageReduction":381,"talents":[{"id":269644,"icon":"ability_warlock_backdraft.jpg"},{"id":212653,"icon":"spell_arcane_massdispel.jpg"},{"id":116011,"icon":"spell_mage_runeofpower.jpg"},{"id":205029,"icon":"inv_helm_circlet_firelands_d_01.jpg"},{"id":236058,"icon":"spell_fire_burningspeed.jpg"},{"id":205023,"icon":"spell_shaman_firenova.jpg"},{"id":155148,"icon":"spell_mage_kindling.jpg"}],"pvpTalents":[{"id":0,"icon":"inv_axe_02.jpg"},{"id":203283,"icon":"ability_mage_firestarter.jpg"},{"id":198100,"icon":"spell_arcane_arcane02.jpg"},{"id":280450,"icon":"inv_trinket_firelands_02.jpg"}],"artifact":[{"traitID":850,"rank":1,"spellID":0,"icon":"inv_axe_02.jpg"},{"traitID":863,"rank":1,"spellID":342270,"icon":"ability_racial_runningwild.jpg"},{"traitID":864,"rank":1,"spellID":322721,"icon":"ability_druid_manatree.jpg"},{"traitID":1010,"rank":1,"spellID":0,"icon":"inv_axe_02.jpg"}],"heartOfAzeroth":[{"traitID":30,"rank":200,"spellID":336821,"icon":"ability_rhyolith_immolation.jpg"},{"traitID":26,"rank":171,"spellID":336636,"icon":"spell_arcane_blink.jpg"}]},{"timestamp":10701936,"type":"combatantinfo","pin":"0","sourceID":19,"gear":[{"id":173245,"quality":5,"icon":"inv_cloth_mawraid_d_01_helm.jpg","itemLevel":210,"bonusIDs":[7027,6717,7193,6649,6648,1507],"effectID":337057,"effectIcon":"spell_shadow_rune.jpg"},{"id":178707,"quality":3,"icon":"inv_neck_ardenweald_01_silver.jpg","itemLevel":203,"bonusIDs":[7209,6652,7194,1501,5861,6646]},{"id":178740,"quality":3,"icon":"inv_shoulder_cloth_oribosdungeon_c_01.jpg","itemLevel":200,"bonusIDs":[7206,6652,1501,5858,6646]},{"id":0,"quality":1,"icon":"inv_axe_02.jpg","itemLevel":0},{"id":182998,"quality":4,"icon":"inv_cloth_revendrethraid_d_01_chest_.jpg","itemLevel":207,"permanentEnchant":6230,"temporaryEnchant":6225,"bonusIDs":[7189,43,1472,6646]},{"id":183004,"quality":4,"icon":"inv_cloth_revendrethraid_d_01_belt.jpg","itemLevel":213,"bonusIDs":[7188,6652,7193,1485,6646]},{"id":178838,"quality":3,"icon":"inv_pant_cloth_oribosdungeon_c_01.jpg","itemLevel":200,"bonusIDs":[7206,6652,1501,5858,6646]},{"id":178831,"quality":3,"icon":"inv_boot_cloth_oribosdungeon_c_01.jpg","itemLevel":200,"bonusIDs":[7207,6652,1501,5858,6646]},{"id":178782,"quality":3,"icon":"inv_bracer_cloth_oribosdungeon_c_01.jpg","itemLevel":203,"permanentEnchant":6220,"bonusIDs":[7209,6652,7193,1501,5861,6646]},{"id":178833,"quality":3,"icon":"inv_glove_cloth_oribosdungeon_c_01.jpg","itemLevel":184,"bonusIDs":[6807,6652,1498,6646]},{"id":178736,"quality":3,"icon":"inv_argus_ring02.jpg","itemLevel":184,"permanentEnchant":6168,"bonusIDs":[6807,6652,7193,1498,6646]},{"id":179355,"quality":3,"icon":"inv_ring_ardenweald_02_green.jpg","itemLevel":200,"permanentEnchant":6168,"bonusIDs":[7206,6652,7194,1501,5858,6646]},{"id":178772,"quality":3,"icon":"inv_misc_coinbag07.jpg","itemLevel":197,"bonusIDs":[7205,6652,1501,5855,6646]},{"id":179350,"quality":3,"icon":"inv_trinket_80_titan02a.jpg","itemLevel":200,"bonusIDs":[7206,6652,1501,5858,6646]},{"id":178755,"quality":3,"icon":"inv_cape_mail_oribosdungeon_c_01.jpg","itemLevel":200,"permanentEnchant":6203,"bonusIDs":[7206,6652,1501,5858,6646]},{"id":179339,"quality":3,"icon":"inv_staff_2h_oribosdungeon_c_01.jpg","itemLevel":200,"permanentEnchant":6229,"temporaryEnchant":6188,"bonusIDs":[7207,6652,1501,5858,6646]},{"id":0,"quality":1,"icon":"inv_axe_02.jpg","itemLevel":0},{"id":0,"quality":1,"icon":"inv_axe_02.jpg","itemLevel":0}],"auras":[{"source":19,"ability":327704,"stacks":1,"icon":"spell_misc_food.jpg","name":"Well Fed"},{"source":16,"ability":6673,"stacks":1,"icon":"ability_warrior_battleshout.jpg","name":"Battle Shout"},{"source":19,"ability":307185,"stacks":1,"icon":"inv_alchemy_90_flask_green.jpg","name":"Spectral Flask of Power"},{"source":5,"ability":21562,"stacks":1,"icon":"spell_holy_wordfortitude.jpg","name":"Power Word: Fortitude"},{"source":6,"ability":1459,"stacks":1,"icon":"spell_holy_magicalsentry.jpg","name":"Arcane Intellect"}],"expansion":"shadowlands","faction":0,"specID":265,"covenantID":3,"soulbindID":1,"strength":172,"agility":348,"stamina":1802,"intellect":1597,"dodge":0,"parry":0,"block":0,"armor":320,"critMelee":296,"critRanged":296,"critSpell":296,"speed":0,"leech":0,"hasteMelee":609,"hasteRanged":609,"hasteSpell":609,"avoidance":30,"mastery":451,"versatilityDamageDone":171,"versatilityHealingDone":171,"versatilityDamageReduction":171,"talents":[{"id":198590,"icon":"spell_shadow_haunting.jpg"},{"id":63106,"icon":"spell_shadow_requiem.jpg"},{"id":111400,"icon":"ability_deathwing_sealarmorbreachtga.jpg"},{"id":205179,"icon":"inv_enchant_voidsphere.jpg"},{"id":6789,"icon":"ability_warlock_mortalcoil.jpg"},{"id":48181,"icon":"ability_warlock_haunt.jpg"},{"id":113860,"icon":"spell_warlock_soulburn.jpg"}],"pvpTalents":[{"id":0,"icon":"inv_axe_02.jpg"},{"id":285933,"icon":"spell_shadow_ragingscream.jpg"},{"id":248855,"icon":"spell_warlock_demonicportal_green.jpg"},{"id":212295,"icon":"spell_fire_felfireward.jpg"}],"artifact":[{"traitID":850,"rank":1,"spellID":0,"icon":"inv_axe_02.jpg"},{"traitID":863,"rank":1,"spellID":342270,"icon":"ability_racial_runningwild.jpg"},{"traitID":864,"rank":1,"spellID":322721,"icon":"ability_druid_manatree.jpg"},{"traitID":1010,"rank":1,"spellID":0,"icon":"inv_axe_02.jpg"}],"heartOfAzeroth":[{"traitID":202,"rank":200,"spellID":339500,"icon":"spell_shadow_unstableaffliction_3_purple.jpg"},{"traitID":171,"rank":171,"spellID":339411,"icon":"warrior_doubletime.jpg"}]},{"timestamp":10701936,"type":"combatantinfo","pin":"0","sourceID":10,"gear":[{"id":173245,"quality":5,"icon":"inv_cloth_mawraid_d_01_helm.jpg","itemLevel":210,"bonusIDs":[7027,6717,7193,6649,6648,1507],"effectID":337057,"effectIcon":"spell_shadow_rune.jpg"},{"id":184757,"quality":3,"icon":"inv_neck_oribos_01_copper.jpg","itemLevel":161},{"id":178859,"quality":3,"icon":"inv_shoulder_cloth_oribosdungeon_c_01.jpg","itemLevel":200,"bonusIDs":[7206,42,1501,5858,6646]},{"id":0,"quality":1,"icon":"inv_axe_02.jpg","itemLevel":0},{"id":178792,"quality":3,"icon":"inv_robe_cloth_oribosdungeon_c_01.jpg","itemLevel":184,"permanentEnchant":6265,"temporaryEnchant":6225,"bonusIDs":[6807,6652,1498,6646]},{"id":179343,"quality":3,"icon":"inv_belt_cloth_oribosdungeon_c_01.jpg","itemLevel":194,"bonusIDs":[7204,6652,7193,1501,5852,6646]},{"id":183011,"quality":4,"icon":"inv_cloth_revendrethraid_d_01_pants_.jpg","itemLevel":200,"bonusIDs":[7189,6652,1472,6646]},{"id":182979,"quality":4,"icon":"inv_cloth_revendrethraid_d_01_boot.jpg","itemLevel":200,"bonusIDs":[7189,6652,1472,6646]},{"id":178704,"quality":3,"icon":"inv_bracer_cloth_oribosdungeon_c_01.jpg","itemLevel":194,"permanentEnchant":6220,"bonusIDs":[7204,6652,7193,1501,5852,6646]},{"id":183022,"quality":4,"icon":"inv_cloth_revendrethraid_d_01_glove.jpg","itemLevel":200,"bonusIDs":[7189,6652,1472,6646]},{"id":178736,"quality":3,"icon":"inv_argus_ring02.jpg","itemLevel":184,"permanentEnchant":6166,"bonusIDs":[6807,6652,7194,1498,6646]},{"id":178872,"quality":3,"icon":"inv_ring_maldraxxus_01_violet.jpg","itemLevel":184,"permanentEnchant":6166,"bonusIDs":[6807,6652,7193,1498,6646]},{"id":178708,"quality":1,"icon":"inv_axe_02.jpg","itemLevel":184,"bonusIDs":[6807,6652,1498,6646,6918]},{"id":173069,"quality":3,"icon":"inv_inscription_darkmooncard_putrescence.jpg","itemLevel":200},{"id":180123,"quality":3,"icon":"inv_cape_mail_oribosdungeon_c_01.jpg","itemLevel":203,"bonusIDs":[7211,41,1501,5861,6646]},{"id":180000,"quality":4,"icon":"inv_staff_2h_ardenweald_d_02.jpg","itemLevel":213,"permanentEnchant":6229,"temporaryEnchant":6188,"bonusIDs":[7188,6652,1511,6646]},{"id":0,"quality":1,"icon":"inv_axe_02.jpg","itemLevel":0},{"id":0,"quality":1,"icon":"inv_axe_02.jpg","itemLevel":0}],"auras":[{"source":10,"ability":327704,"stacks":1,"icon":"spell_misc_food.jpg","name":"Well Fed"},{"source":16,"ability":6673,"stacks":1,"icon":"ability_warrior_battleshout.jpg","name":"Battle Shout"},{"source":5,"ability":21562,"stacks":1,"icon":"spell_holy_wordfortitude.jpg","name":"Power Word: Fortitude"},{"source":6,"ability":1459,"stacks":1,"icon":"spell_holy_magicalsentry.jpg","name":"Arcane Intellect"},{"source":10,"ability":307185,"stacks":1,"icon":"inv_alchemy_90_flask_green.jpg","name":"Spectral Flask of Power"}],"expansion":"shadowlands","faction":0,"specID":265,"covenantID":3,"soulbindID":1,"strength":172,"agility":348,"stamina":1715,"intellect":1600,"dodge":0,"parry":0,"block":0,"armor":314,"critMelee":330,"critRanged":330,"critSpell":330,"speed":39,"leech":30,"hasteMelee":347,"hasteRanged":347,"hasteSpell":347,"avoidance":0,"mastery":467,"versatilityDamageDone":280,"versatilityHealingDone":280,"versatilityDamageReduction":280,"talents":[{"id":198590,"icon":"spell_shadow_haunting.jpg"},{"id":63106,"icon":"spell_shadow_requiem.jpg"},{"id":111400,"icon":"ability_deathwing_sealarmorbreachtga.jpg"},{"id":205179,"icon":"inv_enchant_voidsphere.jpg"},{"id":6789,"icon":"ability_warlock_mortalcoil.jpg"},{"id":48181,"icon":"ability_warlock_haunt.jpg"},{"id":113860,"icon":"spell_warlock_soulburn.jpg"}],"pvpTalents":[{"id":0,"icon":"inv_axe_02.jpg"},{"id":335052,"icon":"spell_shadow_unstableaffliction_3_purple.jpg"},{"id":234877,"icon":"warlock_curse_shadow.jpg"},{"id":285933,"icon":"spell_shadow_ragingscream.jpg"}],"artifact":[{"traitID":850,"rank":1,"spellID":0,"icon":"inv_axe_02.jpg"},{"traitID":863,"rank":1,"spellID":342270,"icon":"ability_racial_runningwild.jpg"},{"traitID":864,"rank":1,"spellID":322721,"icon":"ability_druid_manatree.jpg"},{"traitID":1010,"rank":1,"spellID":0,"icon":"inv_axe_02.jpg"}],"heartOfAzeroth":[{"traitID":202,"rank":145,"spellID":339500,"icon":"spell_shadow_unstableaffliction_3_purple.jpg"},{"traitID":171,"rank":184,"spellID":339411,"icon":"warrior_doubletime.jpg"}]},{"timestamp":10701936,"type":"combatantinfo","pin":"0","sourceID":16,"gear":[{"id":178777,"quality":3,"icon":"inv_plate_oribosdungeon_c_01_helm.jpg","itemLevel":184,"bonusIDs":[6807,6652,7193,1498,6646]},{"id":181625,"quality":3,"icon":"inv_neck_maldraxxus_01_red.jpg","itemLevel":177,"bonusIDs":[6652,7194,1472,5874,6616]},{"id":178749,"quality":3,"icon":"inv_plate_oribosdungeon_c_01_shoulder.jpg","itemLevel":203,"bonusIDs":[7210,6652,1501,5861,6646]},{"id":0,"quality":1,"icon":"inv_axe_02.jpg","itemLevel":0},{"id":178814,"quality":3,"icon":"inv_plate_oribosdungeon_c_01_chest.jpg","itemLevel":184,"permanentEnchant":6230,"temporaryEnchant":6225,"bonusIDs":[6807,6652,1498,6646]},{"id":183025,"quality":4,"icon":"inv_plate_revendrethraid_d_01_belt.jpg","itemLevel":213,"bonusIDs":[7188,6652,7194,1485,6646]},{"id":182992,"quality":4,"icon":"inv_plate_revendrethraid_d_01_pants.jpg","itemLevel":200,"bonusIDs":[7189,6652,1472,6646]},{"id":180101,"quality":3,"icon":"inv_plate_oribosdungeon_c_01_boots.jpg","itemLevel":194,"bonusIDs":[7204,6652,1501,5852,6646]},{"id":179354,"quality":3,"icon":"inv_plate_oribosdungeon_c_01_bracer.jpg","itemLevel":200,"bonusIDs":[7207,6652,7194,1501,5858,6646]},{"id":178840,"quality":3,"icon":"inv_plate_oribosdungeon_c_01_glove.jpg","itemLevel":184,"permanentEnchant":6210,"bonusIDs":[6807,6652,1498,6646]},{"id":178926,"quality":5,"icon":"inv_jewelcrafting_90_maxlvlring_red.jpg","itemLevel":190,"permanentEnchant":6164,"bonusIDs":[6959,6716,7194,6647,6649,1487],"effectID":335266,"effectIcon":"inv_60crafted_ring4b.jpg"},{"id":178871,"quality":3,"icon":"inv_ring_maldraxxus_01_red.jpg","itemLevel":184,"permanentEnchant":6164,"bonusIDs":[6807,6652,7193,1498,6646]},{"id":173087,"quality":3,"icon":"inv_inscription_darkmooncard_voracity.jpg","itemLevel":200},{"id":178771,"quality":3,"icon":"inv_trinket_maldraxxus_02_green.jpg","itemLevel":184,"bonusIDs":[6807,6652,1498,6646]},{"id":183034,"quality":4,"icon":"inv_cape_leather_revendrethraid_d_01.jpg","itemLevel":213,"permanentEnchant":6203,"bonusIDs":[7188,6652,1485,6646]},{"id":178713,"quality":3,"icon":"inv_axe_2h_drustvar_b_01.jpg","itemLevel":194,"permanentEnchant":6228,"temporaryEnchant":6188,"bonusIDs":[7204,6652,1501,5852,6646]},{"id":0,"quality":1,"icon":"inv_axe_02.jpg","itemLevel":0},{"id":0,"quality":1,"icon":"inv_axe_02.jpg","itemLevel":0}],"auras":[{"source":2,"ability":774,"stacks":1,"icon":"spell_nature_rejuvenation.jpg","name":"Rejuvenation"},{"source":16,"ability":327701,"stacks":1,"icon":"spell_misc_food.jpg","name":"Well Fed"},{"source":16,"ability":6673,"stacks":1,"icon":"ability_warrior_battleshout.jpg","name":"Battle Shout"},{"source":5,"ability":21562,"stacks":1,"icon":"spell_holy_wordfortitude.jpg","name":"Power Word: Fortitude"},{"source":6,"ability":1459,"stacks":1,"icon":"spell_holy_magicalsentry.jpg","name":"Arcane Intellect"},{"source":16,"ability":307185,"stacks":1,"icon":"inv_alchemy_90_flask_green.jpg","name":"Spectral Flask of Power"}],"expansion":"shadowlands","faction":0,"specID":71,"covenantID":2,"soulbindID":8,"strength":1251,"agility":311,"stamina":1541,"intellect":323,"dodge":0,"parry":0,"block":0,"armor":1081,"critMelee":428,"critRanged":428,"critSpell":428,"speed":0,"leech":0,"hasteMelee":514,"hasteRanged":514,"hasteSpell":514,"avoidance":30,"mastery":199,"versatilityDamageDone":294,"versatilityHealingDone":294,"versatilityDamageReduction":294,"talents":[{"id":29725,"icon":"ability_warrior_improveddisciplines.jpg"},{"id":103827,"icon":"inv_misc_horn_04.jpg"},{"id":281001,"icon":"inv_sword_48.jpg"},{"id":202163,"icon":"ability_heroicleap.jpg"},{"id":262161,"icon":"inv_warbreaker.jpg"},{"id":107574,"icon":"warrior_talent_icon_avatar.jpg"},{"id":152277,"icon":"warrior_talent_icon_ravager.jpg"}],"pvpTalents":[{"id":0,"icon":"inv_axe_02.jpg"},{"id":236308,"icon":"ability_warrior_bladestorm.jpg"},{"id":198807,"icon":"ability_meleedamage.jpg"},{"id":198500,"icon":"spell_deathknight_butcher2.jpg"}],"artifact":[{"traitID":1393,"rank":1,"spellID":331576,"icon":"spell_shadow_deathsembrace.jpg"},{"traitID":1395,"rank":1,"spellID":0,"icon":"inv_axe_02.jpg"},{"traitID":1397,"rank":1,"spellID":0,"icon":"inv_axe_02.jpg"},{"traitID":1406,"rank":1,"spellID":331586,"icon":"ability_rogue_bloodsplatter.jpg"}],"heartOfAzeroth":[{"traitID":11,"rank":200,"spellID":335232,"icon":"warrior_talent_icon_skirmisher.jpg"},{"traitID":8,"rank":213,"spellID":335034,"icon":"ability_toughness.jpg"}]},{"timestamp":10701936,"type":"combatantinfo","pin":"0","sourceID":8,"gear":[{"id":173245,"quality":5,"icon":"inv_cloth_mawraid_d_01_helm.jpg","itemLevel":190,"bonusIDs":[7027,6716,7193,6648,6649,1487],"effectID":337057,"effectIcon":"spell_shadow_rune.jpg"},{"id":178707,"quality":3,"icon":"inv_neck_ardenweald_01_silver.jpg","itemLevel":184,"bonusIDs":[6807,6652,7194,1498,6646]},{"id":178803,"quality":3,"icon":"inv_shoulder_cloth_oribosdungeon_c_01.jpg","itemLevel":184,"bonusIDs":[6807,6652,1498,6646]},{"id":0,"quality":1,"icon":"inv_axe_02.jpg","itemLevel":0},{"id":178792,"quality":3,"icon":"inv_robe_cloth_oribosdungeon_c_01.jpg","itemLevel":184,"permanentEnchant":6230,"temporaryEnchant":6225,"bonusIDs":[6807,6652,1498,6646]},{"id":183028,"quality":4,"icon":"inv_cloth_revendrethraid_d_01_belt.jpg","itemLevel":213,"bonusIDs":[7188,6652,7193,1485,6646]},{"id":179351,"quality":3,"icon":"inv_pant_cloth_oribosdungeon_c_01.jpg","itemLevel":203,"bonusIDs":[7209,6652,1501,5861,6646]},{"id":178831,"quality":3,"icon":"inv_boot_cloth_oribosdungeon_c_01.jpg","itemLevel":184,"bonusIDs":[6807,6652,1498,6646]},{"id":178844,"quality":3,"icon":"inv_bracer_cloth_oribosdungeon_c_01.jpg","itemLevel":184,"permanentEnchant":6220,"bonusIDs":[6807,6652,7194,1498,6646]},{"id":178705,"quality":3,"icon":"inv_glove_cloth_oribosdungeon_c_01.jpg","itemLevel":194,"bonusIDs":[7204,6652,1501,5852,6646]},{"id":183038,"quality":4,"icon":"inv_ring_oribos_01_silver.jpg","itemLevel":200,"permanentEnchant":6166,"bonusIDs":[7189,6652,7194,1472,6646]},{"id":178933,"quality":3,"icon":"inv_ring_maldraxxus_02_brown.jpg","itemLevel":184,"permanentEnchant":6166,"bonusIDs":[6807,42,7193,1498,6646]},{"id":184842,"quality":3,"icon":"inv_misc_bell_01.jpg","itemLevel":177,"bonusIDs":[6652,1472,5874,6616]},{"id":173069,"quality":3,"icon":"inv_inscription_darkmooncard_putrescence.jpg","itemLevel":200},{"id":183034,"quality":4,"icon":"inv_cape_leather_revendrethraid_d_01.jpg","itemLevel":200,"bonusIDs":[7189,41,1472,6646]},{"id":179339,"quality":3,"icon":"inv_staff_2h_oribosdungeon_c_01.jpg","itemLevel":187,"permanentEnchant":6229,"temporaryEnchant":6188,"bonusIDs":[6808,6652,1501,6646]},{"id":0,"quality":1,"icon":"inv_axe_02.jpg","itemLevel":0},{"id":43348,"quality":4,"icon":"inv_chest_cloth_30.jpg","itemLevel":1}],"auras":[{"source":8,"ability":327704,"stacks":1,"icon":"spell_misc_food.jpg","name":"Well Fed"},{"source":16,"ability":6673,"stacks":1,"icon":"ability_warrior_battleshout.jpg","name":"Battle Shout"},{"source":8,"ability":307185,"stacks":1,"icon":"inv_alchemy_90_flask_green.jpg","name":"Spectral Flask of Power"},{"source":5,"ability":21562,"stacks":1,"icon":"spell_holy_wordfortitude.jpg","name":"Power Word: Fortitude"},{"source":6,"ability":1459,"stacks":1,"icon":"spell_holy_magicalsentry.jpg","name":"Arcane Intellect"}],"expansion":"shadowlands","faction":0,"specID":265,"covenantID":3,"soulbindID":1,"strength":172,"agility":348,"stamina":1644,"intellect":1507,"dodge":0,"parry":0,"block":0,"armor":305,"critMelee":309,"critRanged":309,"critSpell":309,"speed":25,"leech":28,"hasteMelee":327,"hasteRanged":327,"hasteSpell":327,"avoidance":0,"mastery":465,"versatilityDamageDone":338,"versatilityHealingDone":338,"versatilityDamageReduction":338,"talents":[{"id":198590,"icon":"spell_shadow_haunting.jpg"},{"id":63106,"icon":"spell_shadow_requiem.jpg"},{"id":111400,"icon":"ability_deathwing_sealarmorbreachtga.jpg"},{"id":205179,"icon":"inv_enchant_voidsphere.jpg"},{"id":6789,"icon":"ability_warlock_mortalcoil.jpg"},{"id":48181,"icon":"ability_warlock_haunt.jpg"},{"id":113860,"icon":"spell_warlock_soulburn.jpg"}],"pvpTalents":[{"id":0,"icon":"inv_axe_02.jpg"},{"id":212371,"icon":"spell_warlock_soulburn_haunt.jpg"},{"id":285933,"icon":"spell_shadow_ragingscream.jpg"},{"id":335052,"icon":"spell_shadow_unstableaffliction_3_purple.jpg"}],"artifact":[{"traitID":850,"rank":1,"spellID":0,"icon":"inv_axe_02.jpg"},{"traitID":863,"rank":1,"spellID":342270,"icon":"ability_racial_runningwild.jpg"},{"traitID":864,"rank":1,"spellID":322721,"icon":"ability_druid_manatree.jpg"},{"traitID":1010,"rank":1,"spellID":0,"icon":"inv_axe_02.jpg"}],"heartOfAzeroth":[{"traitID":202,"rank":171,"spellID":339500,"icon":"spell_shadow_unstableaffliction_3_purple.jpg"},{"traitID":144,"rank":184,"spellID":339130,"icon":"spell_shadow_felmending.jpg"}]},{"timestamp":10701936,"type":"combatantinfo","pin":"0","sourceID":12,"gear":[{"id":183001,"quality":4,"icon":"inv_helm_mail_revendrethraid_d_01.jpg","itemLevel":213,"bonusIDs":[7188,6652,6935,1485,6646],"gems":[{"id":173128,"itemLevel":120,"icon":"inv_jewelcrafting_90_rarecut_yellow.jpg"}]},{"id":180115,"quality":3,"icon":"inv_7_0raid_necklace_03a.jpg","itemLevel":200,"bonusIDs":[7206,6652,7193,1501,5858,6646]},{"id":184658,"quality":4,"icon":"inv_shoulder_mail_oribosdungeon_c_01.jpg","itemLevel":183,"bonusIDs":[6652]},{"id":52019,"quality":2,"icon":"inv_misc_ribbon_01.jpg","itemLevel":1},{"id":179353,"quality":3,"icon":"inv_chest_mail_oribosdungeon_c_01.jpg","itemLevel":184,"permanentEnchant":6214,"temporaryEnchant":6225,"bonusIDs":[6807,6652,1498,6646]},{"id":182976,"quality":4,"icon":"inv_belt_mail_revendrethraid_d_01.jpg","itemLevel":213,"bonusIDs":[7188,6652,7194,1485,6646]},{"id":172326,"quality":5,"icon":"inv_mail_mawraid_d_01_pants.jpg","itemLevel":190,"bonusIDs":[7016,6716,6649,6647,1487],"effectID":336901,"effectIcon":"ability_searingarrow.jpg"},{"id":179345,"quality":3,"icon":"inv_boot_mail_oribosdungeon_c_01.jpg","itemLevel":184,"permanentEnchant":6211,"bonusIDs":[6807,6652,1498,6646]},{"id":178767,"quality":3,"icon":"inv_bracer_mail_oribosdungeon_c_01.jpg","itemLevel":203,"bonusIDs":[7210,6652,6935,1501,5861,6646],"gems":[{"id":173128,"itemLevel":120,"icon":"inv_jewelcrafting_90_rarecut_yellow.jpg"}]},{"id":179325,"quality":3,"icon":"inv_glove_mail_oribosdungeon_c_01.jpg","itemLevel":184,"bonusIDs":[6807,40,1498,6646]},{"id":178871,"quality":3,"icon":"inv_ring_maldraxxus_01_red.jpg","itemLevel":171,"permanentEnchant":6166,"bonusIDs":[6806,6652,7193,1485,4785]},{"id":181708,"quality":3,"icon":"inv_ring_revendrethraid_02_silver.jpg","itemLevel":177,"permanentEnchant":6166,"bonusIDs":[6652,7194,1472,5874,6616]},{"id":173087,"quality":3,"icon":"inv_inscription_darkmooncard_voracity.jpg","itemLevel":200},{"id":178298,"quality":3,"icon":"inv_misc_token_argentdawn3.jpg","itemLevel":184,"bonusIDs":[6782,1498,6646]},{"id":178755,"quality":3,"icon":"inv_cape_mail_oribosdungeon_c_01.jpg","itemLevel":184,"permanentEnchant":6204,"bonusIDs":[6807,6652,1498,6646]},{"id":179527,"quality":4,"icon":"inv_staff_2h_ardenweald_d_01.jpg","itemLevel":200,"permanentEnchant":6228,"temporaryEnchant":6188,"bonusIDs":[7189,6652,1498,6646]},{"id":0,"quality":1,"icon":"inv_axe_02.jpg","itemLevel":0},{"id":69210,"quality":4,"icon":"inv_epicguildtabard.jpg","itemLevel":1}],"auras":[{"source":12,"ability":34477,"stacks":1,"icon":"ability_hunter_misdirection.jpg","name":"Misdirection"},{"source":12,"ability":327705,"stacks":1,"icon":"spell_misc_food.jpg","name":"Well Fed"},{"source":2,"ability":774,"stacks":1,"icon":"spell_nature_rejuvenation.jpg","name":"Rejuvenation"},{"source":16,"ability":6673,"stacks":1,"icon":"ability_warrior_battleshout.jpg","name":"Battle Shout"},{"source":5,"ability":21562,"stacks":1,"icon":"spell_holy_wordfortitude.jpg","name":"Power Word: Fortitude"},{"source":12,"ability":307185,"stacks":1,"icon":"inv_alchemy_90_flask_green.jpg","name":"Spectral Flask of Power"},{"source":6,"ability":1459,"stacks":1,"icon":"spell_holy_magicalsentry.jpg","name":"Arcane Intellect"}],"expansion":"shadowlands","faction":0,"specID":255,"covenantID":3,"soulbindID":1,"strength":277,"agility":1181,"stamina":1528,"intellect":386,"dodge":0,"parry":0,"block":0,"armor":722,"critMelee":485,"critRanged":485,"critSpell":485,"speed":0,"leech":30,"hasteMelee":611,"hasteRanged":611,"hasteSpell":611,"avoidance":35,"mastery":179,"versatilityDamageDone":256,"versatilityHealingDone":256,"versatilityDamageReduction":256,"talents":[{"id":269737,"icon":"spell_druid_savagery.jpg"},{"id":264332,"icon":"spell_mage_flameorb.jpg"},{"id":270581,"icon":"ability_hunter_onewithnature.jpg"},{"id":260248,"icon":"ability_druid_primaltenacity.jpg"},{"id":109215,"icon":"ability_hunter_posthaste.jpg"},{"id":259387,"icon":"ability_hunter_mongoosebite.jpg"},{"id":271014,"icon":"inv_misc_5potionbag_special.jpg"}],"pvpTalents":[{"id":0,"icon":"inv_axe_02.jpg"},{"id":202589,"icon":"inv_misc_deepseascales.jpg"},{"id":203340,"icon":"ability_mage_coldasice.jpg"},{"id":212640,"icon":"inv_firstaid_bandage2.jpg"}],"artifact":[{"traitID":850,"rank":1,"spellID":0,"icon":"inv_axe_02.jpg"},{"traitID":863,"rank":1,"spellID":342270,"icon":"ability_racial_runningwild.jpg"},{"traitID":864,"rank":1,"spellID":322721,"icon":"ability_druid_manatree.jpg"},{"traitID":1010,"rank":1,"spellID":0,"icon":"inv_axe_02.jpg"}],"heartOfAzeroth":[{"traitID":224,"rank":200,"spellID":341222,"icon":"ability_ironmaidens_swirlingvortex.jpg"},{"traitID":178,"rank":171,"spellID":339558,"icon":"rogue_burstofspeed.jpg"}]},{"timestamp":10701936,"type":"combatantinfo","pin":"0","sourceID":64,"gear":[{"id":178760,"quality":3,"icon":"inv_helm_leather_oribosdungeon_c_01.jpg","itemLevel":200,"bonusIDs":[7206,6652,7193,1501,5858,6646]},{"id":178827,"quality":3,"icon":"inv_7_0raid_necklace_03a.jpg","itemLevel":203,"bonusIDs":[7212,6652,7194,1501,5861,6646]},{"id":178763,"quality":3,"icon":"inv_shoulder_leather_oribosdungeon_c_01.jpg","itemLevel":203,"bonusIDs":[7211,6652,1501,5861,6646]},{"id":0,"quality":1,"icon":"inv_axe_02.jpg","itemLevel":0},{"id":178835,"quality":3,"icon":"inv_chest_leather_oribosdungeon_c_01.jpg","itemLevel":203,"permanentEnchant":6265,"temporaryEnchant":6225,"bonusIDs":[7210,6652,1501,5861,6646]},{"id":182995,"quality":4,"icon":"inv_belt_leather_revendrethraid_d_01.jpg","itemLevel":213,"bonusIDs":[7188,6652,7194,1485,6646]},{"id":179324,"quality":3,"icon":"inv_pant_leather_oribosdungeon_c_01.jpg","itemLevel":184,"bonusIDs":[6807,6652,1498,6646]},{"id":172315,"quality":5,"icon":"inv_boot_leather_mawraid_d_01.jpg","itemLevel":190,"bonusIDs":[7107,6716,6648,6650,1487],"effectID":339942,"effectIcon":"ability_druid_balanceofpower.jpg"},{"id":178702,"quality":3,"icon":"inv_bracer_leather_oribosdungeon_c_01.jpg","itemLevel":203,"permanentEnchant":6220,"bonusIDs":[7209,6652,7194,1501,5861,6646]},{"id":183007,"quality":4,"icon":"inv_glove_leather_revendrethraid_d_01.jpg","itemLevel":200,"bonusIDs":[7189,6652,1472,6646]},{"id":179355,"quality":3,"icon":"inv_ring_ardenweald_02_green.jpg","itemLevel":203,"permanentEnchant":6168,"bonusIDs":[7209,6652,7194,1501,5861,6646]},{"id":178824,"quality":3,"icon":"inv_ring_revendrethraid_01_gold.jpg","itemLevel":203,"permanentEnchant":6168,"bonusIDs":[7211,6652,7194,1501,5861,6646]},{"id":178708,"quality":1,"icon":"inv_axe_02.jpg","itemLevel":203,"bonusIDs":[7209,6652,1501,5861,6646,6918]},{"id":179350,"quality":3,"icon":"inv_trinket_80_titan02a.jpg","itemLevel":200,"bonusIDs":[7207,6652,1501,5858,6646]},{"id":183034,"quality":4,"icon":"inv_cape_leather_revendrethraid_d_01.jpg","itemLevel":213,"permanentEnchant":6203,"bonusIDs":[7188,6652,1485,6646]},{"id":179339,"quality":3,"icon":"inv_staff_2h_oribosdungeon_c_01.jpg","itemLevel":203,"permanentEnchant":6229,"temporaryEnchant":6188,"bonusIDs":[7209,6652,1501,5861,6646]},{"id":0,"quality":1,"icon":"inv_axe_02.jpg","itemLevel":0},{"id":0,"quality":1,"icon":"inv_axe_02.jpg","itemLevel":0}],"auras":[{"source":5,"ability":21562,"stacks":1,"icon":"spell_holy_wordfortitude.jpg","name":"Power Word: Fortitude"},{"source":64,"ability":327704,"stacks":1,"icon":"spell_misc_food.jpg","name":"Well Fed"},{"source":6,"ability":1459,"stacks":1,"icon":"spell_holy_magicalsentry.jpg","name":"Arcane Intellect"},{"source":16,"ability":6673,"stacks":1,"icon":"ability_warrior_battleshout.jpg","name":"Battle Shout"},{"source":64,"ability":24858,"stacks":1,"icon":"spell_nature_forceofnature.jpg","name":"Moonkin Form"},{"source":64,"ability":307185,"stacks":1,"icon":"inv_alchemy_90_flask_green.jpg","name":"Spectral Flask of Power"}],"expansion":"shadowlands","faction":0,"specID":102,"covenantID":1,"soulbindID":7,"strength":194,"agility":452,"stamina":1638,"intellect":1801,"dodge":0,"parry":0,"block":0,"armor":1166,"critMelee":153,"critRanged":153,"critSpell":153,"speed":0,"leech":0,"hasteMelee":457,"hasteRanged":457,"hasteSpell":457,"avoidance":30,"mastery":894,"versatilityDamageDone":401,"versatilityHealingDone":401,"versatilityDamageReduction":401,"talents":[{"id":202430,"icon":"ability_druid_balanceofpower.jpg"},{"id":102401,"icon":"spell_druid_wildcharge.jpg"},{"id":197492,"icon":"ability_druid_improvedtreeform.jpg"},{"id":102359,"icon":"spell_druid_massentanglement.jpg"},{"id":202345,"icon":"spell_shaman_measuredinsight.jpg"},{"id":202347,"icon":"ability_druid_stellarflare.jpg"},{"id":343647,"icon":"artifactability_balancedruid_moonandstars.jpg"}],"pvpTalents":[{"id":0,"icon":"inv_axe_02.jpg"},{"id":209740,"icon":"ability_druid_improvedmoonkinform.jpg"},{"id":233750,"icon":"ability_druid_fortifiedbark.jpg"},{"id":200567,"icon":"spell_nature_starfall.jpg"}],"artifact":[{"traitID":1305,"rank":1,"spellID":0,"icon":"inv_axe_02.jpg"},{"traitID":1308,"rank":1,"spellID":328261,"icon":"spell_arcane_focusedpower.jpg"},{"traitID":1312,"rank":1,"spellID":0,"icon":"inv_axe_02.jpg"},{"traitID":1316,"rank":1,"spellID":328266,"icon":"spell_animabastion_buff.jpg"}],"heartOfAzeroth":[{"traitID":263,"rank":200,"spellID":340708,"icon":"spell_druid_equinox.jpg"},{"traitID":254,"rank":213,"spellID":340529,"icon":"spell_nature_stoneclawtotem.jpg"}]},{"timestamp":10701936,"type":"combatantinfo","pin":"0","sourceID":63,"gear":[{"id":172317,"quality":5,"icon":"inv_helm_leather_mawraid_d_01.jpg","itemLevel":190,"bonusIDs":[7082,6716,7194,6647,6650,1487],"effectID":337298,"effectIcon":"inv_inscription_80_warscroll_battleshout.jpg"},{"id":178827,"quality":3,"icon":"inv_7_0raid_necklace_03a.jpg","itemLevel":184,"bonusIDs":[6807,6652,6935,1498,6646],"gems":[{"id":173127,"itemLevel":120,"icon":"inv_jewelcrafting_90_rarecut_orange.jpg"}]},{"id":178763,"quality":3,"icon":"inv_shoulder_leather_oribosdungeon_c_01.jpg","itemLevel":184,"bonusIDs":[6807,6652,1498,6646]},{"id":0,"quality":1,"icon":"inv_axe_02.jpg","itemLevel":0},{"id":178795,"quality":3,"icon":"inv_chest_leather_oribosdungeon_c_01.jpg","itemLevel":184,"permanentEnchant":6214,"temporaryEnchant":6225,"bonusIDs":[6807,6652,1498,6646]},{"id":182995,"quality":4,"icon":"inv_belt_leather_revendrethraid_d_01.jpg","itemLevel":213,"bonusIDs":[7188,6652,7194,1485,6646]},{"id":178801,"quality":3,"icon":"inv_pant_leather_oribosdungeon_c_01.jpg","itemLevel":184,"bonusIDs":[6807,6652,1498,6646]},{"id":178731,"quality":3,"icon":"inv_boot_leather_oribosdungeon_c_01.jpg","itemLevel":200,"permanentEnchant":6211,"bonusIDs":[7206,6652,1501,5858,6646]},{"id":178702,"quality":3,"icon":"inv_bracer_leather_oribosdungeon_c_01.jpg","itemLevel":197,"permanentEnchant":6222,"bonusIDs":[7205,6652,7194,1501,5855,6646]},{"id":178757,"quality":3,"icon":"inv_glove_leather_oribosdungeon_c_01.jpg","itemLevel":203,"bonusIDs":[7212,6652,1501,5861,6646]},{"id":178381,"quality":4,"icon":"inv_ring_bastion_02_copper.jpg","itemLevel":207,"permanentEnchant":6166,"bonusIDs":[7193,6618,1479,6646]},{"id":178870,"quality":3,"icon":"inv_ring_maldraxxus_02_green.jpg","itemLevel":184,"permanentEnchant":6170,"bonusIDs":[6807,6652,7194,1498,6646]},{"id":178742,"quality":3,"icon":"inv_alchemy_70_potion2.jpg","itemLevel":184,"bonusIDs":[6807,6652,1498,6646]},{"id":179350,"quality":3,"icon":"inv_trinket_80_titan02a.jpg","itemLevel":200,"bonusIDs":[7207,6652,1501,5858,6646]},{"id":183032,"quality":4,"icon":"inv_plate_revendrethraid_d_01_cape.jpg","itemLevel":207,"permanentEnchant":6204,"bonusIDs":[7189,6652,1472,6646]},{"id":178754,"quality":3,"icon":"inv_1h_oribosdungeon_c_01.jpg","itemLevel":203,"permanentEnchant":6229,"temporaryEnchant":6188,"bonusIDs":[7212,6652,1501,5861,6646]},{"id":178857,"quality":3,"icon":"inv_axe_1h_oribosdungeon_c_01.jpg","itemLevel":203,"permanentEnchant":6228,"temporaryEnchant":6188,"bonusIDs":[7213,6652,1501,5861,6646]},{"id":0,"quality":1,"icon":"inv_axe_02.jpg","itemLevel":0}],"auras":[{"source":5,"ability":194384,"stacks":1,"icon":"ability_priest_atonement.jpg","name":"Atonement"},{"source":5,"ability":17,"stacks":1,"icon":"spell_holy_powerwordshield.jpg","name":"Power Word: Shield"},{"source":3,"ability":194384,"stacks":1,"icon":"ability_priest_atonement.jpg","name":"Atonement"},{"source":3,"ability":17,"stacks":1,"icon":"spell_holy_powerwordshield.jpg","name":"Power Word: Shield"},{"source":2,"ability":774,"stacks":1,"icon":"spell_nature_rejuvenation.jpg","name":"Rejuvenation"},{"source":63,"ability":327705,"stacks":1,"icon":"spell_misc_food.jpg","name":"Well Fed"},{"source":17,"ability":61295,"stacks":1,"icon":"spell_nature_riptide.jpg","name":"Riptide"},{"source":63,"ability":307185,"stacks":1,"icon":"inv_alchemy_90_flask_green.jpg","name":"Spectral Flask of Power"},{"source":16,"ability":6673,"stacks":1,"icon":"ability_warrior_battleshout.jpg","name":"Battle Shout"},{"source":5,"ability":21562,"stacks":1,"icon":"spell_holy_wordfortitude.jpg","name":"Power Word: Fortitude"},{"source":6,"ability":1459,"stacks":1,"icon":"spell_holy_magicalsentry.jpg","name":"Arcane Intellect"}],"expansion":"shadowlands","faction":0,"specID":268,"covenantID":1,"soulbindID":13,"strength":190,"agility":1186,"stamina":2127,"intellect":474,"dodge":0,"parry":0,"block":0,"armor":628,"critMelee":466,"critRanged":466,"critSpell":466,"speed":0,"leech":30,"hasteMelee":324,"hasteRanged":324,"hasteSpell":324,"avoidance":0,"mastery":180,"versatilityDamageDone":515,"versatilityHealingDone":515,"versatilityDamageReduction":515,"talents":[{"id":196607,"icon":"ability_druid_primalprecision.jpg"},{"id":116841,"icon":"ability_monk_tigerslust.jpg"},{"id":325093,"icon":"spell_brew_wheat.jpg"},{"id":116844,"icon":"spell_monk_ringofpeace.jpg"},{"id":122278,"icon":"ability_monk_dampenharm.jpg"},{"id":116847,"icon":"ability_monk_rushingjadewind.jpg"},{"id":196737,"icon":"monk_ability_avertharm.jpg"}],"pvpTalents":[{"id":0,"icon":"inv_axe_02.jpg"},{"id":202200,"icon":"ability_monk_zenmeditation.jpg"},{"id":0,"icon":"inv_axe_02.jpg"},{"id":202272,"icon":"inv_misc_fireink.jpg"}],"artifact":[{"traitID":1365,"rank":1,"spellID":0,"icon":"inv_axe_02.jpg"},{"traitID":1366,"rank":1,"spellID":0,"icon":"inv_axe_02.jpg"},{"traitID":1368,"rank":1,"spellID":334066,"icon":"achievement_reputation_05.jpg"},{"traitID":1378,"rank":1,"spellID":329791,"icon":"spell_holy_prayerofspirit.jpg"}],"heartOfAzeroth":[{"traitID":37,"rank":171,"spellID":336890,"icon":"inv_elemental_mote_air01.jpg"},{"traitID":57,"rank":200,"spellID":337264,"icon":"monk_stance_drunkenox.jpg"}]},{"timestamp":10701936,"type":"combatantinfo","pin":"0","sourceID":17,"gear":[{"id":172325,"quality":5,"icon":"inv_mail_mawraid_d_01_helm.jpg","itemLevel":190,"bonusIDs":[6999,6716,7194,6647,6650,1487],"effectID":335889,"effectIcon":"ability_shaman_repulsiontotem.jpg"},{"id":183039,"quality":4,"icon":"inv_neck_ardenweald_01_silver.jpg","itemLevel":200,"bonusIDs":[7189,40,7194,1472,6646]},{"id":178764,"quality":3,"icon":"inv_shoulder_mail_oribosdungeon_c_01.jpg","itemLevel":203,"bonusIDs":[7212,6652,1501,5861,6646]},{"id":98543,"quality":4,"icon":"inv_chest_leather_20.jpg","itemLevel":1},{"id":182988,"quality":4,"icon":"inv_chest_mail_revendrethraid_d_01.jpg","itemLevel":213,"permanentEnchant":6230,"temporaryEnchant":6225,"bonusIDs":[7188,6652,1485,6646]},{"id":178700,"quality":3,"icon":"inv_belt_mail_oribosdungeon_c_01.jpg","itemLevel":203,"bonusIDs":[7209,6652,7194,1501,5861,6646]},{"id":178778,"quality":3,"icon":"inv_pant_mail_oribosdungeon_c_01.jpg","itemLevel":184,"bonusIDs":[6807,6652,1498,6646]},{"id":178830,"quality":3,"icon":"inv_boot_mail_oribosdungeon_c_01.jpg","itemLevel":203,"bonusIDs":[7209,6652,1501,5861,6646]},{"id":180114,"quality":3,"icon":"inv_bracer_mail_oribosdungeon_c_01.jpg","itemLevel":184,"permanentEnchant":6220,"bonusIDs":[6807,6652,6935,1498,6646],"gems":[{"id":173129,"itemLevel":120,"icon":"inv_jewelcrafting_90_rarecut_blue.jpg"}]},{"id":178798,"quality":3,"icon":"inv_glove_mail_oribosdungeon_c_01.jpg","itemLevel":194,"permanentEnchant":6205,"bonusIDs":[7204,6652,1501,5852,6646]},{"id":178933,"quality":3,"icon":"inv_ring_maldraxxus_02_brown.jpg","itemLevel":200,"permanentEnchant":6170,"bonusIDs":[7206,6652,7193,1501,5858,6646]},{"id":178871,"quality":3,"icon":"inv_ring_maldraxxus_01_red.jpg","itemLevel":200,"permanentEnchant":6170,"bonusIDs":[7207,6652,7193,1501,5858,6646]},{"id":184024,"quality":4,"icon":"inv_scroll_16.jpg","itemLevel":213,"bonusIDs":[7188,6652,1485,6646]},{"id":178708,"quality":1,"icon":"inv_axe_02.jpg","itemLevel":184,"bonusIDs":[6807,6652,1498,6646,6917]},{"id":180123,"quality":3,"icon":"inv_cape_mail_oribosdungeon_c_01.jpg","itemLevel":203,"permanentEnchant":6203,"bonusIDs":[7211,6652,1501,5861,6646]},{"id":178709,"quality":3,"icon":"inv_mace_1h_oribosdungeon_c_01.jpg","itemLevel":203,"permanentEnchant":6229,"temporaryEnchant":6188,"bonusIDs":[7210,6652,1501,5861,6646]},{"id":178867,"quality":3,"icon":"inv_shield_1h_oribosdungeon_c_01.jpg","itemLevel":184,"bonusIDs":[6807,6652,1498,6646]},{"id":46874,"quality":3,"icon":"inv_shirt_guildtabard_01.jpg","itemLevel":1}],"auras":[{"source":17,"ability":327704,"stacks":1,"icon":"spell_misc_food.jpg","name":"Well Fed"},{"source":5,"ability":21562,"stacks":1,"icon":"spell_holy_wordfortitude.jpg","name":"Power Word: Fortitude"},{"source":6,"ability":1459,"stacks":1,"icon":"spell_holy_magicalsentry.jpg","name":"Arcane Intellect"},{"source":16,"ability":6673,"stacks":1,"icon":"ability_warrior_battleshout.jpg","name":"Battle Shout"},{"source":17,"ability":307185,"stacks":1,"icon":"inv_alchemy_90_flask_green.jpg","name":"Spectral Flask of Power"}],"expansion":"shadowlands","faction":0,"specID":264,"covenantID":4,"soulbindID":4,"strength":194,"agility":452,"stamina":1591,"intellect":1565,"dodge":0,"parry":0,"block":0,"armor":1258,"critMelee":532,"critRanged":532,"critSpell":532,"speed":0,"leech":0,"hasteMelee":370,"hasteRanged":370,"hasteSpell":370,"avoidance":59,"mastery":348,"versatilityDamageDone":290,"versatilityHealingDone":290,"versatilityDamageReduction":290,"talents":[{"id":73685,"icon":"spell_shaman_unleashweapon_life.jpg"},{"id":108283,"icon":"ability_shaman_echooftheelements.jpg"},{"id":260878,"icon":"spell_hunter_lonewolf.jpg"},{"id":198838,"icon":"spell_nature_stoneskintotem.jpg"},{"id":192088,"icon":"spell_shaman_spectraltransformation.jpg"},{"id":157153,"icon":"ability_shaman_condensationtotem.jpg"},{"id":197995,"icon":"ability_shawaterelemental_split.jpg"}],"pvpTalents":[{"id":0,"icon":"inv_axe_02.jpg"},{"id":290254,"icon":"spell_shaman_spiritwalkersgrace.jpg"},{"id":204330,"icon":"spell_fire_totemofwrath.jpg"},{"id":204261,"icon":"ability_shaman_freedomwolf.jpg"}],"artifact":[{"traitID":1124,"rank":1,"spellID":323074,"icon":"inv_misc_food_legion_gooslime_pool.jpg"},{"traitID":1126,"rank":1,"spellID":323091,"icon":"inv_maldraxxusslime_green.jpg"},{"traitID":1128,"rank":1,"spellID":0,"icon":"inv_axe_02.jpg"},{"traitID":1135,"rank":1,"spellID":0,"icon":"inv_axe_02.jpg"}],"heartOfAzeroth":[{"traitID":93,"rank":200,"spellID":337974,"icon":"ability_shaman_fortifyingwaters.jpg"},{"traitID":118,"rank":200,"spellID":338339,"icon":"spell_holy_serendipity.jpg"}]}]