{"fights":[{"id":1,"boss":2329,"start_time":0,"end_time":138162,"name":"Wrathion","zoneID":2217,"zoneName":"Ny'alotha, the Waking City","zoneDifficulty":4,"size":20,"difficulty":4,"kill":true,"partial":3,"bossPercentage":0,"fightPercentage":0,"lastPhaseForPercentageDisplay":1,"maps":[1580]},{"id":2,"boss":2334,"start_time":508569,"end_time":689980,"name":"Prophet Skitra","zoneID":2217,"zoneName":"Ny'alotha, the Waking City","zoneDifficulty":4,"size":21,"difficulty":4,"kill":true,"partial":3,"bossPercentage":0,"fightPercentage":0,"lastPhaseForPercentageDisplay":0,"maps":[1581]},{"id":3,"boss":2327,"start_time":1196983,"end_time":1372141,"name":"Maut","zoneID":2217,"zoneName":"Ny'alotha, the Waking City","zoneDifficulty":4,"size":21,"difficulty":4,"kill":true,"partial":3,"bossPercentage":0,"fightPercentage":0,"lastPhaseForPercentageDisplay":1,"maps":[1581]},{"id":4,"boss":2328,"start_time":2737834,"end_time":2975194,"name":"Dark Inquisitor Xanesh","zoneID":2217,"zoneName":"Ny'alotha, the Waking City","zoneDifficulty":4,"size":19,"difficulty":4,"kill":true,"partial":3,"bossPercentage":0,"fightPercentage":0,"lastPhaseForPercentageDisplay":0,"maps":[1592]},{"id":5,"boss":0,"originalBoss":2336,"start_time":3223751,"end_time":3239442,"name":"Vexiona","zoneID":2217,"zoneName":"Ny'alotha, the Waking City","zoneDifficulty":4},{"id":6,"boss":2336,"start_time":3503169,"end_time":3671504,"name":"Vexiona","zoneID":2217,"zoneName":"Ny'alotha, the Waking City","zoneDifficulty":4,"size":19,"difficulty":4,"kill":false,"partial":3,"bossPercentage":5226,"fightPercentage":5226,"lastPhaseForPercentageDisplay":1,"maps":[1593]},{"id":7,"boss":2336,"start_time":4389775,"end_time":4486054,"name":"Vexiona","zoneID":2217,"zoneName":"Ny'alotha, the Waking City","zoneDifficulty":4,"size":20,"difficulty":4,"kill":false,"partial":3,"bossPercentage":6417,"fightPercentage":6417,"lastPhaseForPercentageDisplay":1,"maps":[1593]},{"id":8,"boss":2336,"start_time":4733959,"end_time":4964030,"name":"Vexiona","zoneID":2217,"zoneName":"Ny'alotha, the Waking City","zoneDifficulty":4,"size":20,"difficulty":4,"kill":true,"partial":3,"bossPercentage":0,"fightPercentage":0,"lastPhaseForPercentageDisplay":1,"maps":[1593]},{"id":9,"boss":2333,"start_time":5716053,"end_time":5894649,"name":"The Hivemind","zoneID":2217,"zoneName":"Ny'alotha, the Waking City","zoneDifficulty":4,"size":20,"difficulty":4,"kill":true,"partial":3,"bossPercentage":0,"fightPercentage":0,"lastPhaseForPercentageDisplay":0,"maps":[1590]},{"id":10,"boss":2331,"start_time":6410931,"end_time":6606347,"name":"Ra-den the Despoiled","zoneID":2217,"zoneName":"Ny'alotha, the Waking City","zoneDifficulty":4,"size":20,"difficulty":4,"kill":true,"partial":3,"bossPercentage":0,"fightPercentage":0,"lastPhaseForPercentageDisplay":2,"maps":[1591]},{"id":11,"boss":2337,"start_time":7251882,"end_time":7697319,"name":"Carapace of N'Zoth","zoneID":2217,"zoneName":"Ny'alotha, the Waking City","zoneDifficulty":4,"size":20,"difficulty":4,"kill":true,"partial":3,"bossPercentage":0,"fightPercentage":0,"lastPhaseForPercentageDisplay":3,"maps":[1597]},{"id":12,"boss":2344,"start_time":8100897,"end_time":8548377,"name":"N'Zoth the Corruptor","zoneID":2217,"zoneName":"Ny'alotha, the Waking City","zoneDifficulty":4,"size":20,"difficulty":4,"kill":false,"partial":3,"bossPercentage":8101,"fightPercentage":8101,"lastPhaseForPercentageDisplay":1,"maps":[1597]},{"id":13,"boss":2344,"start_time":8729878,"end_time":9363838,"name":"N'Zoth the Corruptor","zoneID":2217,"zoneName":"Ny'alotha, the Waking City","zoneDifficulty":4,"size":20,"difficulty":4,"kill":true,"partial":3,"bossPercentage":207,"fightPercentage":207,"lastPhaseForPercentageDisplay":2,"maps":[1597]}],"lang":"en","friendlies":[{"name":"Dirtysprite","id":15,"guid":178382511,"type":"Warlock","server":"Thrall","icon":"Warlock","fights":[{"id":1},{"id":2},{"id":3},{"id":4},{"id":5},{"id":6},{"id":7},{"id":8},{"id":9},{"id":10},{"id":11},{"id":12},{"id":13}]},{"name":"Gobbogal","id":19,"guid":192535988,"type":"Shaman","server":"Thrall","icon":"Shaman-Enhancement","fights":[{"id":1},{"id":2},{"id":3}]},{"name":"Trashcanned","id":1,"guid":134042561,"type":"Monk","server":"Thrall","icon":"Monk-Mistweaver","fights":[{"id":1},{"id":2},{"id":3},{"id":4},{"id":5},{"id":6},{"id":7},{"id":8},{"id":9},{"id":10},{"id":11},{"id":12},{"id":13}]},{"name":"Hotdogrgood","id":8,"guid":194338911,"type":"DemonHunter","server":"Thrall","icon":"DemonHunter-Vengeance","fights":[{"id":1},{"id":2},{"id":3},{"id":4},{"id":5},{"id":6},{"id":7},{"id":8},{"id":9},{"id":10},{"id":11},{"id":12},{"id":13}]},{"name":"Rizzotherat","id":20,"guid":186439134,"type":"Hunter","server":"Thrall","icon":"Hunter-BeastMastery","fights":[{"id":1},{"id":2},{"id":3},{"id":4},{"id":5},{"id":6},{"id":7},{"id":8},{"id":9},{"id":10},{"id":11},{"id":12},{"id":13}]},{"name":"Aireyelle","id":3,"guid":196942520,"type":"Mage","server":"Thrall","icon":"Mage-Frost","fights":[{"id":1},{"id":2},{"id":3},{"id":4},{"id":5},{"id":6},{"id":7},{"id":8},{"id":9},{"id":10},{"id":11},{"id":12},{"id":13}]},{"name":"Velastirri","id":78,"guid":175729381,"type":"Rogue","server":"Thrall","icon":"Rogue","fights":[{"id":4},{"id":6},{"id":7},{"id":8},{"id":9},{"id":10},{"id":11},{"id":12},{"id":13}]},{"name":"Sedariva","id":62,"guid":176047270,"type":"DemonHunter","server":"Thrall","icon":"DemonHunter-Havoc","fights":[{"id":2},{"id":3}]},{"name":"Scroogemcg","id":11,"guid":174642867,"type":"Shaman","server":"Thrall","icon":"Shaman-Elemental","fights":[{"id":1},{"id":2},{"id":3},{"id":4},{"id":5},{"id":6},{"id":7},{"id":8},{"id":9},{"id":10},{"id":11},{"id":12},{"id":13}]},{"name":"Canron","id":18,"guid":129137572,"type":"Paladin","server":"Thrall","icon":"Paladin-Retribution","fights":[{"id":1},{"id":2},{"id":3},{"id":4},{"id":5},{"id":6},{"id":7},{"id":8},{"id":9},{"id":10},{"id":11},{"id":12},{"id":13}]},{"name":"Jade Serpent Statue","id":133,"guid":60849,"type":"Pet","icon":"abilities/ability_monk_summonserpentstatue","fights":[{"id":10,"instances":1}]},{"name":"Babyrat","id":9,"guid":188186383,"type":"Paladin","server":"Thrall","icon":"Paladin-Holy","fights":[{"id":1},{"id":2},{"id":3},{"id":4},{"id":5},{"id":6},{"id":7},{"id":8},{"id":9},{"id":10},{"id":11},{"id":12},{"id":13}]},{"name":"Vazil","id":6,"guid":186243300,"type":"Shaman","server":"Thrall","icon":"Shaman-Elemental","fights":[{"id":1},{"id":2},{"id":3}]},{"name":"Dokerino","id":14,"guid":178426827,"type":"Warlock","server":"Thrall","icon":"Warlock","fights":[{"id":1},{"id":4},{"id":5},{"id":6},{"id":7},{"id":8},{"id":9},{"id":10},{"id":11},{"id":12},{"id":13}]},{"name":"Wange","id":10,"guid":180003068,"type":"Warlock","server":"Thrall","icon":"Warlock","fights":[{"id":1},{"id":2},{"id":3},{"id":4},{"id":5},{"id":6},{"id":7},{"id":8},{"id":9},{"id":10},{"id":11},{"id":12},{"id":13}]},{"name":"Nesdan","id":16,"guid":183855992,"type":"Druid","server":"Thrall","icon":"Druid-Balance","fights":[{"id":1},{"id":2},{"id":3},{"id":4},{"id":5},{"id":6},{"id":7},{"id":8},{"id":9},{"id":10},{"id":11},{"id":12},{"id":13}]},{"name":"Argeoff","id":7,"guid":162549719,"type":"Priest","server":"Thrall","icon":"Priest-Shadow","fights":[{"id":1},{"id":2},{"id":3},{"id":4},{"id":5},{"id":6},{"id":7},{"id":8},{"id":9},{"id":10},{"id":11},{"id":12},{"id":13}]},{"name":"Boney","id":5,"guid":156737408,"type":"Monk","server":"Thrall","icon":"Monk-Windwalker","fights":[{"id":1},{"id":2},{"id":3},{"id":4},{"id":6},{"id":7},{"id":8},{"id":9},{"id":10},{"id":11},{"id":12},{"id":13}]},{"name":"Faralóc","id":12,"guid":157319578,"type":"DemonHunter","server":"Thrall","icon":"DemonHunter-Vengeance","fights":[{"id":1},{"id":2},{"id":3},{"id":4},{"id":5},{"id":6},{"id":7},{"id":8},{"id":9},{"id":10},{"id":11},{"id":12},{"id":13}]},{"name":"Chigrasp","id":4,"guid":170567606,"type":"Monk","server":"Thrall","icon":"Monk-Windwalker","fights":[{"id":1},{"id":2},{"id":3}]},{"name":"Rhodas","id":13,"guid":184434964,"type":"Hunter","server":"Thrall","icon":"Hunter-BeastMastery","fights":[{"id":1},{"id":2},{"id":3},{"id":4},{"id":5},{"id":6},{"id":7},{"id":8},{"id":9},{"id":10},{"id":11},{"id":12},{"id":13}]},{"name":"Kaseb","id":109,"guid":189548747,"type":"Priest","server":"Thrall","icon":"Priest-Shadow","fights":[{"id":7},{"id":8},{"id":9},{"id":10},{"id":11},{"id":12},{"id":13}]},{"name":"Healing Stream Totem","id":114,"guid":3527,"type":"Pet","icon":"abilities/inv_spear_04","fights":[{"id":8,"instances":1}]},{"name":"Hambourger","id":2,"guid":197311046,"type":"Priest","server":"Thrall","icon":"Priest-Holy","fights":[{"id":1},{"id":2},{"id":3},{"id":4},{"id":5},{"id":6},{"id":7},{"id":8},{"id":9},{"id":10},{"id":11},{"id":12},{"id":13}]},{"name":"Eeresh","id":63,"guid":208325996,"type":"Warlock","server":"Thrall","icon":"Warlock","fights":[{"id":2},{"id":3},{"id":4},{"id":5},{"id":6},{"id":7},{"id":8},{"id":9},{"id":10},{"id":11},{"id":12},{"id":13}]},{"name":"Bigboyerric","id":17,"guid":201694500,"type":"Warlock","server":"Thrall","icon":"Warlock-Destruction","fights":[{"id":1},{"id":2},{"id":3},{"id":4},{"id":5},{"id":6},{"id":7},{"id":8},{"id":9},{"id":10},{"id":11},{"id":12},{"id":13}]}],"enemies":[{"name":"Vita Portal","id":135,"guid":161943,"type":"NPC","icon":"custom-icon-trade_engineering","fights":[{"id":10,"instances":1}]},{"name":"Mycelial Cyst","id":150,"guid":157461,"type":"NPC","icon":"NPC","excludeFromReplayUnitFrames":true,"fights":[{"id":11,"instances":34,"groups":1}]},{"name":"Vexiona","id":84,"guid":157354,"type":"Boss","icon":"custom-icon-ability_priest_voidentropy","fights":[{"id":5,"instances":1},{"id":6,"instances":1},{"id":7,"instances":1},{"id":8,"instances":1}]},{"name":"Void Hunter","id":143,"guid":157366,"type":"NPC","icon":"custom-icon-ability_warlock_shadowfurytga","fights":[{"id":10,"instances":1}]},{"name":"Acidic Aqir","id":129,"guid":161019,"type":"NPC","icon":"custom-icon-ability_creature_poison_06","fights":[{"id":9,"instances":8,"groups":2}]},{"name":"Corrupted Neuron","id":159,"guid":162331,"type":"NPC","icon":"NPC","fights":[{"id":12,"instances":17,"groups":2},{"id":13,"instances":21,"groups":2}]},{"name":"Psychus","id":155,"guid":158376,"type":"NPC","icon":"custom-icon-ability_creature_disease_05","fights":[{"id":12,"instances":3,"groups":3},{"id":13,"instances":3,"groups":4}]},{"name":"N'Zoth the Corruptor","id":157,"guid":162480,"type":"NPC","icon":"custom-icon-spell_priest_void-blast","fights":[{"id":12,"instances":1,"groups":4},{"id":13,"instances":1,"groups":6}]},{"name":"Fury of N'Zoth","id":144,"guid":157439,"type":"Boss","icon":"custom-icon-spell_priest_void-blast","fights":[{"id":11,"instances":1}]},{"name":"Maut","id":75,"guid":156523,"type":"Boss","icon":"custom-icon-inv_misc_archstone_01","fights":[{"id":3,"instances":1}]},{"name":"Nightmare Antigen","id":148,"guid":157452,"type":"NPC","icon":"custom-icon-sha_spell_fire_ragnaros_supernova_nightmare","excludeFromReplayUnitFrames":true,"fights":[{"id":11,"instances":88,"groups":4}]},{"name":"Spike Tentacle","id":163,"guid":160249,"type":"NPC","icon":"custom-icon-spell_shadow_painspike","fights":[{"id":12,"instances":18,"groups":4},{"id":13,"instances":18,"groups":3}]},{"name":"Aqir Drone","id":126,"guid":157255,"type":"NPC","icon":"custom-icon-ability_fixated_state_red","fights":[{"id":9,"instances":20,"groups":2}]},{"name":"Prophet Skitra","id":69,"guid":157620,"type":"NPC","icon":"NPC","fights":[{"id":2,"instances":1,"groups":2}]},{"name":"Mindgate","id":164,"guid":158374,"type":"NPC","icon":"custom-icon-ability_kaztik_dominatemind","fights":[{"id":12,"instances":2},{"id":13,"instances":2}]},{"name":"Prophet Skitra","id":64,"guid":157238,"type":"Boss","icon":"custom-icon-inv_misc_shadowegg","fights":[{"id":2,"instances":1}]},{"name":"Image of Absolution","id":72,"guid":160904,"type":"NPC","icon":"custom-icon-inv_enchant_dustillusion","fights":[{"id":2,"instances":21,"groups":2}]},{"name":"Essence of Vita","id":139,"guid":156884,"type":"NPC","icon":"custom-icon-ability_thunderking_lightningwhip","fights":[{"id":10,"instances":2,"groups":4}]},{"name":"Aqir Darter","id":131,"guid":157256,"type":"NPC","icon":"custom-icon-ability_vehicle_sonicshockwave","fights":[{"id":9,"instances":6,"groups":2}]},{"name":"Basher Tentacle","id":161,"guid":158367,"type":"NPC","icon":"custom-icon-spell_priest_voidtendrils","fights":[{"id":12,"instances":8,"groups":5},{"id":13,"instances":8,"groups":5}]},{"name":"Synthesis Growth","id":149,"guid":157475,"type":"NPC","icon":"custom-icon-spell_necro_necroticsmash","fights":[{"id":11,"instances":16,"groups":2}]},{"name":"Torment Stalker","id":83,"guid":156841,"type":"NPC","icon":"custom-icon-ability_rogue_deadlybrew","fights":[{"id":4,"instances":19,"groups":5}]},{"name":"Mind's Eye","id":156,"guid":158122,"type":"NPC","icon":"custom-icon-inv_eyeofnzothpet","fights":[{"id":12,"instances":1,"groups":3},{"id":13,"instances":1,"groups":3}]},{"name":"Ra-den","id":134,"guid":156866,"type":"Boss","icon":"custom-icon-ability_deathwing_bloodcorruption_death","fights":[{"id":10,"instances":1}]},{"name":"Gaze of Madness","id":146,"guid":157442,"type":"NPC","icon":"custom-icon-spell_priest_shadow-mend","fights":[{"id":11,"instances":3}]},{"name":"Horrific Hemorrhage","id":147,"guid":157486,"type":"NPC","icon":"custom-icon-ability_druid_ironfur","fights":[{"id":11,"instances":12,"groups":2}]},{"name":"Crackling Stalker","id":142,"guid":157365,"type":"NPC","icon":"custom-icon-spell_lightning_lightningbolt01","fights":[{"id":10,"instances":1}]},{"name":"Sylvanas Windrunner","id":166,"guid":160671,"type":"NPC","icon":"custom-icon-ability_theblackarrow","fights":[{"id":12,"instances":1,"groups":3},{"id":13,"instances":1,"groups":4}]},{"name":"Queen Azshara","id":79,"guid":156579,"type":"NPC","icon":"custom-icon-ability_warlock_eradication","fights":[{"id":4,"instances":1}]},{"name":"Exposed Synapse","id":154,"guid":159578,"type":"NPC","icon":"custom-icon-spell_nature_focusedmind","fights":[{"id":12,"instances":60,"groups":5},{"id":13,"instances":60,"groups":5}]},{"name":"Dark Inquisitor Xanesh","id":80,"guid":156575,"type":"Boss","icon":"custom-icon-inv_gauntlets_09","fights":[{"id":4,"instances":1}]},{"name":"Acidic Aqir","id":130,"guid":159173,"type":"NPC","icon":"custom-icon-ability_creature_poison_06","fights":[{"id":9,"instances":2}]},{"name":"Shredded Psyche","id":68,"guid":158781,"type":"NPC","icon":"custom-icon-spell_shadow_painandsuffering","fights":[{"id":2,"instances":3}]},{"name":"Void Ascendant","id":85,"guid":157467,"type":"NPC","icon":"custom-icon-spell_priest_voidsear","fights":[{"id":5,"instances":1},{"id":6,"instances":2},{"id":7,"instances":2},{"id":8,"instances":2}]},{"name":"Ka'zir","id":118,"guid":157253,"type":"Boss","icon":"custom-icon-ability_pet_baneling","fights":[{"id":9,"instances":1}]},{"name":"Dark Manifestation","id":76,"guid":156650,"type":"NPC","icon":"NPC","fights":[{"id":3,"instances":3}]},{"name":"N'Zoth the Corruptor","id":153,"guid":158041,"type":"Boss","icon":"custom-icon-spell_shadow_painandsuffering","fights":[{"id":12,"instances":1,"groups":2},{"id":13,"instances":1,"groups":2}]},{"name":"Spellbound Ritualist","id":105,"guid":157450,"type":"NPC","icon":"custom-icon-spell_shadow_shadowbolt","fights":[{"id":6,"instances":3,"groups":2},{"id":7,"instances":2,"groups":1},{"id":8,"instances":2,"groups":2}]},{"name":"Essence of Void","id":141,"guid":156980,"type":"NPC","icon":"custom-icon-inv_enchant_voidsphere","fights":[{"id":10,"instances":2,"groups":4}]},{"name":"Corruptor Tentacle","id":162,"guid":158375,"type":"NPC","icon":"custom-icon-spell_shadow_skull","fights":[{"id":12,"instances":11,"groups":4},{"id":13,"instances":11,"groups":5}]},{"name":"Thought Harvester","id":168,"guid":162933,"type":"NPC","icon":"custom-icon-spell_shadow_brainwash","fights":[{"id":13,"instances":5,"groups":2}]},{"name":"Void Portal","id":136,"guid":161945,"type":"NPC","icon":"custom-icon-trade_engineering","fights":[{"id":10,"instances":1}]},{"name":"Sinister Soulcarver","id":103,"guid":157449,"type":"NPC","icon":"custom-icon-ability_theblackarrow","fights":[{"id":6,"instances":2},{"id":7,"instances":1},{"id":8,"instances":2}]},{"name":"Thrashing Tentacle","id":152,"guid":162159,"type":"NPC","icon":"custom-icon-ability_golemthunderclap","fights":[{"id":11,"instances":1}]},{"name":"Wrathion","id":22,"guid":156818,"type":"Boss","icon":"custom-icon-ability_deathwing_cataclysm","fights":[{"id":1,"instances":1}]},{"name":"Tek'ris","id":119,"guid":157254,"type":"Boss","icon":"custom-icon-ability_priest_voidentropy","fights":[{"id":9,"instances":1}]},{"name":"Fanatical Cultist","id":101,"guid":157447,"type":"NPC","icon":"NPC","fights":[{"id":6,"instances":9,"groups":3},{"id":7,"instances":4,"groups":1},{"id":8,"instances":10,"groups":3}]},{"name":"Deathwing","id":165,"guid":160665,"type":"NPC","icon":"custom-icon-spell_fire_felflamering_red","fights":[{"id":12,"instances":1,"groups":4},{"id":13,"instances":1,"groups":4}]},{"name":"Flayed Soul","id":82,"guid":157005,"type":"NPC","icon":"custom-icon-ability_demonhunter_soulcleave2","fights":[{"id":4,"instances":44,"groups":4}]}],"friendlyPets":[{"name":"Gakpep","id":28,"guid":48425924,"type":"Pet","icon":"custom-icon-spell_fire_firebolt","petOwner":14,"fights":[{"id":1,"instances":1},{"id":4,"instances":1},{"id":6,"instances":1},{"id":9,"instances":1},{"id":10,"instances":1},{"id":11,"instances":1},{"id":12,"instances":1}]},{"name":"Geltog","id":24,"guid":54857425,"type":"Pet","icon":"custom-icon-spell_fire_firebolt","petOwner":17,"fights":[{"id":1,"instances":1},{"id":2,"instances":1},{"id":4,"instances":1},{"id":6,"instances":1},{"id":8,"instances":1},{"id":9,"instances":1},{"id":10,"instances":1},{"id":11,"instances":1},{"id":12,"instances":1}]},{"name":"Guardian of Azeroth","id":37,"guid":152396,"type":"Pet","icon":"abilities/inv_glowing-azerite-geode","petOwner":14,"fights":[{"id":1,"instances":1},{"id":4,"instances":2},{"id":6,"instances":1},{"id":7,"instances":1},{"id":8,"instances":1},{"id":10,"instances":2},{"id":11,"instances":2},{"id":12,"instances":1},{"id":13,"instances":2}]},{"name":"Xuen","id":31,"guid":63508,"type":"Pet","icon":"abilities/ability_monk_prideofthetiger","petOwner":5,"fights":[{"id":1,"instances":3},{"id":2,"instances":5},{"id":3,"instances":5},{"id":4,"instances":6},{"id":6,"instances":2},{"id":7,"instances":1},{"id":8,"instances":4},{"id":9,"instances":4},{"id":10,"instances":5},{"id":11,"instances":7},{"id":12,"instances":5},{"id":13,"instances":9}]},{"name":"Darkglare","id":66,"guid":103673,"type":"Pet","icon":"abilities/inv_beholderwarlock","petOwner":63,"fights":[{"id":2,"instances":1},{"id":3,"instances":1}]},{"name":"Kreezun","id":108,"guid":54992826,"type":"Pet","icon":"abilities/spell_shadow_summonfelhunter","petOwner":17,"fights":[{"id":7,"instances":1},{"id":13,"instances":1}]},{"name":"Demonic Gateway","id":96,"guid":59271,"type":"Pet","icon":"custom-icon-trade_engineering","petOwner":17,"fights":[{"id":8,"instances":1},{"id":11,"instances":1},{"id":12,"instances":1},{"id":13,"instances":1}]},{"name":"Guardian of Azeroth","id":44,"guid":152396,"type":"Pet","icon":"abilities/inv_glowing-azerite-geode","petOwner":11,"fights":[{"id":1,"instances":1},{"id":2,"instances":1},{"id":3,"instances":1},{"id":4,"instances":2},{"id":6,"instances":1},{"id":7,"instances":1},{"id":8,"instances":2},{"id":10,"instances":2},{"id":11,"instances":2},{"id":12,"instances":2},{"id":13,"instances":4}]},{"name":"Demonic Gateway","id":54,"guid":59262,"type":"Pet","icon":"custom-icon-trade_engineering","petOwner":10,"fights":[{"id":1,"instances":1},{"id":8,"instances":1}]},{"name":"Khiishon","id":120,"guid":48882099,"type":"Pet","icon":"abilities/spell_shadow_summonfelhunter","petOwner":10,"fights":[{"id":9,"instances":1},{"id":12,"instances":1},{"id":13,"instances":1}]},{"name":"Gelpit","id":74,"guid":60126975,"type":"Pet","icon":"abilities/spell_shadow_summonimp","petOwner":63,"fights":[{"id":2,"instances":1},{"id":3,"instances":1},{"id":7,"instances":1},{"id":8,"instances":1},{"id":11,"instances":1}]},{"name":"Demonic Gateway","id":95,"guid":59262,"type":"Pet","icon":"custom-icon-trade_engineering","petOwner":17,"fights":[{"id":8,"instances":1},{"id":11,"instances":1},{"id":12,"instances":1},{"id":13,"instances":1}]},{"name":"Capacitor Totem","id":73,"guid":61245,"type":"Pet","icon":"abilities/spell_nature_brilliance","petOwner":19,"fights":[{"id":2,"instances":1}]},{"name":"Earth Spirit","id":34,"guid":69792,"type":"Pet","icon":"abilities/inv_elemental_primal_earth","petOwner":5,"fights":[{"id":1,"instances":3},{"id":2,"instances":6},{"id":3,"instances":6},{"id":4,"instances":5},{"id":6,"instances":3},{"id":7,"instances":2},{"id":8,"instances":4},{"id":9,"instances":4},{"id":10,"instances":4},{"id":11,"instances":8},{"id":12,"instances":4},{"id":13,"instances":7}]},{"name":"Mindbender","id":46,"guid":62982,"type":"Pet","icon":"abilities/spell_shadow_soulleech_3","petOwner":7,"fights":[{"id":1,"instances":2},{"id":2,"instances":3},{"id":3,"instances":2},{"id":4,"instances":1},{"id":6,"instances":2},{"id":7,"instances":1},{"id":8,"instances":3},{"id":9,"instances":2},{"id":10,"instances":3},{"id":11,"instances":5},{"id":13,"instances":1}]},{"name":"Infernal","id":123,"guid":89,"type":"Pet","icon":"abilities/spell_shadow_summoninfernal","petOwner":14,"fights":[{"id":9,"instances":8}]},{"name":"Jade Serpent Statue","id":115,"guid":60849,"type":"Pet","icon":"abilities/ability_monk_summonserpentstatue","petOwner":1,"fights":[{"id":8,"instances":1},{"id":9,"instances":1},{"id":10,"instances":1},{"id":11,"instances":2},{"id":12,"instances":2},{"id":13,"instances":1}]},{"name":"Demonic Gateway","id":52,"guid":59262,"type":"Pet","icon":"custom-icon-trade_engineering","petOwner":14,"fights":[{"id":1,"instances":1}]},{"name":"Guardian of Azeroth","id":40,"guid":152396,"type":"Pet","icon":"abilities/inv_glowing-azerite-geode","petOwner":10,"fights":[{"id":1,"instances":1},{"id":2,"instances":1},{"id":3,"instances":1},{"id":4,"instances":2},{"id":6,"instances":1},{"id":7,"instances":1},{"id":8,"instances":2},{"id":10,"instances":2},{"id":11,"instances":2},{"id":13,"instances":3}]},{"name":"Demonic Gateway","id":55,"guid":59271,"type":"Pet","icon":"custom-icon-trade_engineering","petOwner":10,"fights":[{"id":1,"instances":1},{"id":8,"instances":1}]},{"name":"Guardian of Azeroth","id":65,"guid":152396,"type":"Pet","icon":"abilities/inv_glowing-azerite-geode","petOwner":62,"fights":[{"id":2,"instances":1},{"id":3,"instances":1}]},{"name":"Greater Fire Elemental","id":41,"guid":95061,"type":"Pet","icon":"abilities/spell_fire_elemental_totem","petOwner":11,"fights":[{"id":1,"instances":1},{"id":2,"instances":2},{"id":3,"instances":2},{"id":4,"instances":2},{"id":6,"instances":1},{"id":7,"instances":1},{"id":8,"instances":2},{"id":10,"instances":2},{"id":11,"instances":2},{"id":12,"instances":2},{"id":13,"instances":4}]},{"name":"Infernal","id":47,"guid":89,"type":"Pet","icon":"abilities/spell_shadow_summoninfernal","petOwner":17,"fights":[{"id":1,"instances":4},{"id":2,"instances":11},{"id":3,"instances":9},{"id":4,"instances":11},{"id":6,"instances":7},{"id":7,"instances":1},{"id":8,"instances":11},{"id":9,"instances":11},{"id":10,"instances":8},{"id":11,"instances":18},{"id":13,"instances":18}]},{"name":"Greater Fire Elemental","id":51,"guid":95061,"type":"Pet","icon":"abilities/spell_fire_elemental_totem","petOwner":6,"fights":[{"id":1,"instances":1},{"id":2,"instances":1},{"id":3,"instances":1}]},{"name":"Greegrom","id":81,"guid":48414160,"type":"Pet","icon":"abilities/spell_shadow_summonfelhunter","petOwner":15,"fights":[{"id":4,"instances":1},{"id":8,"instances":1},{"id":13,"instances":1}]},{"name":"Guardian of Azeroth","id":137,"guid":152396,"type":"Pet","icon":"abilities/inv_glowing-azerite-geode","petOwner":78,"fights":[{"id":10,"instances":2},{"id":11,"instances":2},{"id":12,"instances":3},{"id":13,"instances":3}]},{"name":"Darkglare","id":48,"guid":103673,"type":"Pet","icon":"abilities/inv_beholderwarlock","petOwner":10,"fights":[{"id":1,"instances":1},{"id":2,"instances":1},{"id":3,"instances":1},{"id":4,"instances":2},{"id":6,"instances":1},{"id":7,"instances":1},{"id":8,"instances":2},{"id":10,"instances":1},{"id":11,"instances":2},{"id":13,"instances":3}]},{"name":"Guardian of Azeroth","id":113,"guid":152396,"type":"Pet","icon":"abilities/inv_glowing-azerite-geode","petOwner":109,"fights":[{"id":7,"instances":1},{"id":8,"instances":2},{"id":9,"instances":1},{"id":10,"instances":2},{"id":11,"instances":2},{"id":12,"instances":2},{"id":13,"instances":3}]},{"name":"Primal Storm Elemental","id":122,"guid":77942,"type":"Pet","icon":"abilities/spell_shaman_stormtotem","petOwner":11,"fights":[{"id":9,"instances":2}]},{"name":"Spirit Wolf","id":39,"guid":29264,"type":"Pet","icon":"abilities/spell_shaman_feralspirit","petOwner":19,"fights":[{"id":1,"instances":2},{"id":2,"instances":4},{"id":3,"instances":4}]},{"name":"Demonic Gateway","id":53,"guid":59271,"type":"Pet","icon":"custom-icon-trade_engineering","petOwner":14,"fights":[{"id":1,"instances":1}]},{"name":"Akaari's Soul","id":128,"guid":144961,"type":"Pet","icon":"custom-icon-ability_rogue_sinistercalling","petOwner":78,"fights":[{"id":9,"instances":6}]},{"name":"Darkglare","id":49,"guid":103673,"type":"Pet","icon":"abilities/inv_beholderwarlock","petOwner":15,"fights":[{"id":1,"instances":1},{"id":2,"instances":1},{"id":3,"instances":1},{"id":4,"instances":2},{"id":6,"instances":1},{"id":7,"instances":1},{"id":8,"instances":2},{"id":11,"instances":2},{"id":12,"instances":2},{"id":13,"instances":3}]},{"name":"Tammy","id":27,"guid":55271187,"type":"Pet","icon":"custom-icon-ability_warstomp","petOwner":13,"fights":[{"id":1,"instances":1},{"id":2,"instances":1},{"id":3,"instances":1},{"id":4,"instances":1},{"id":6,"instances":1},{"id":7,"instances":1},{"id":8,"instances":1},{"id":9,"instances":1},{"id":10,"instances":1},{"id":11,"instances":1},{"id":12,"instances":1},{"id":13,"instances":1}]},{"name":"Nokkin","id":29,"guid":48414161,"type":"Pet","icon":"abilities/spell_shadow_summonimp","petOwner":15,"fights":[{"id":1,"instances":1},{"id":2,"instances":1},{"id":3,"instances":1},{"id":6,"instances":1},{"id":7,"instances":1},{"id":9,"instances":1},{"id":10,"instances":1},{"id":11,"instances":1},{"id":12,"instances":1}]},{"name":"Bigchungus","id":23,"guid":54797688,"type":"Pet","icon":"custom-icon-ability_hunter_sickem","petOwner":20,"fights":[{"id":1,"instances":1},{"id":2,"instances":1},{"id":3,"instances":1},{"id":4,"instances":1},{"id":6,"instances":1},{"id":7,"instances":1},{"id":8,"instances":1},{"id":9,"instances":1},{"id":10,"instances":1},{"id":11,"instances":1},{"id":12,"instances":1},{"id":13,"instances":1}]},{"name":"Guardian of Azeroth","id":67,"guid":152396,"type":"Pet","icon":"abilities/inv_glowing-azerite-geode","petOwner":6,"fights":[{"id":2,"instances":1},{"id":3,"instances":1}]},{"name":"Guardian of Azeroth","id":45,"guid":152396,"type":"Pet","icon":"abilities/inv_glowing-azerite-geode","petOwner":15,"fights":[{"id":1,"instances":1},{"id":2,"instances":1},{"id":3,"instances":1},{"id":4,"instances":2},{"id":6,"instances":1},{"id":7,"instances":1},{"id":8,"instances":2},{"id":11,"instances":2},{"id":12,"instances":2},{"id":13,"instances":3}]},{"name":"Fire Spirit","id":36,"guid":69791,"type":"Pet","icon":"abilities/inv_summerfest_firespirit","petOwner":5,"fights":[{"id":1,"instances":3},{"id":2,"instances":6},{"id":3,"instances":6},{"id":4,"instances":5},{"id":6,"instances":3},{"id":7,"instances":2},{"id":8,"instances":4},{"id":9,"instances":4},{"id":10,"instances":4},{"id":11,"instances":8},{"id":12,"instances":4},{"id":13,"instances":7}]},{"name":"Yu'lon","id":59,"guid":165374,"type":"Pet","icon":"abilities/ability_monk_dragonkick","petOwner":1,"fights":[{"id":1,"instances":1},{"id":2,"instances":1},{"id":3,"instances":1},{"id":4,"instances":1},{"id":9,"instances":1},{"id":10,"instances":1},{"id":11,"instances":2},{"id":12,"instances":2},{"id":13,"instances":2}]},{"name":"Rogal","id":26,"guid":55263894,"type":"Pet","icon":"abilities/ability_hunter_beastcall","petOwner":13,"fights":[{"id":1,"instances":1},{"id":2,"instances":1},{"id":3,"instances":1},{"id":4,"instances":1},{"id":6,"instances":1},{"id":13,"instances":1}]},{"name":"Haakun","id":111,"guid":48425929,"type":"Pet","icon":"abilities/spell_shadow_summonfelhunter","petOwner":14,"fights":[{"id":7,"instances":1},{"id":8,"instances":1},{"id":13,"instances":1}]},{"name":"Earth Spirit","id":56,"guid":69792,"type":"Pet","icon":"abilities/inv_elemental_primal_earth","petOwner":4,"fights":[{"id":1,"instances":4},{"id":2,"instances":5},{"id":3,"instances":7}]},{"name":"Mindbender","id":112,"guid":62982,"type":"Pet","icon":"abilities/spell_shadow_soulleech_3","petOwner":109,"fights":[{"id":7,"instances":1},{"id":8,"instances":4},{"id":9,"instances":3},{"id":10,"instances":4},{"id":11,"instances":7},{"id":12,"instances":4},{"id":13,"instances":8}]},{"name":"Xuen","id":43,"guid":63508,"type":"Pet","icon":"abilities/ability_monk_prideofthetiger","petOwner":4,"fights":[{"id":1,"instances":2},{"id":2,"instances":3},{"id":3,"instances":5}]},{"name":"Sammy","id":106,"guid":55246866,"type":"Pet","icon":"abilities/ability_hunter_beastcall","petOwner":13,"fights":[{"id":7,"instances":1},{"id":8,"instances":1},{"id":9,"instances":1},{"id":10,"instances":1},{"id":11,"instances":1},{"id":12,"instances":1}]},{"name":"Infernal","id":124,"guid":89,"type":"Pet","icon":"abilities/spell_shadow_summoninfernal","petOwner":15,"fights":[{"id":9,"instances":13},{"id":10,"instances":4}]},{"name":"BillCosby","id":21,"guid":50903133,"type":"Pet","icon":"abilities/ability_hunter_beastcall","petOwner":20,"fights":[{"id":1,"instances":1},{"id":2,"instances":1},{"id":3,"instances":1},{"id":4,"instances":1},{"id":6,"instances":1},{"id":7,"instances":1},{"id":8,"instances":1},{"id":9,"instances":1},{"id":10,"instances":1},{"id":11,"instances":1},{"id":12,"instances":1},{"id":13,"instances":1}]},{"name":"Beast","id":60,"guid":155906,"type":"Pet","icon":"abilities/ability_hunter_bestialdiscipline","petOwner":20,"fights":[{"id":1,"instances":1},{"id":2,"instances":3},{"id":3,"instances":2},{"id":4,"instances":4},{"id":6,"instances":1},{"id":7,"instances":1},{"id":8,"instances":3},{"id":9,"instances":3},{"id":10,"instances":4},{"id":11,"instances":4},{"id":12,"instances":4},{"id":13,"instances":6}]},{"name":"Healing Stream Totem","id":167,"guid":3527,"type":"Pet","icon":"abilities/inv_spear_04","petOwner":11,"fights":[{"id":13,"instances":1}]},{"name":"Infernal","id":127,"guid":89,"type":"Pet","icon":"abilities/spell_shadow_summoninfernal","petOwner":10,"fights":[{"id":9,"instances":7}]},{"name":"Bizjub","id":32,"guid":48882101,"type":"Pet","icon":"abilities/spell_shadow_summonimp","petOwner":10,"fights":[{"id":1,"instances":1},{"id":2,"instances":1},{"id":3,"instances":1},{"id":4,"instances":1},{"id":6,"instances":1},{"id":7,"instances":1},{"id":8,"instances":1},{"id":10,"instances":1},{"id":11,"instances":1}]},{"name":"Darkglare","id":42,"guid":103673,"type":"Pet","icon":"abilities/inv_beholderwarlock","petOwner":14,"fights":[{"id":1,"instances":1},{"id":4,"instances":2},{"id":6,"instances":1},{"id":7,"instances":1},{"id":8,"instances":2},{"id":10,"instances":2},{"id":11,"instances":2},{"id":12,"instances":2},{"id":13,"instances":3}]},{"name":"Capacitor Totem","id":132,"guid":61245,"type":"Pet","icon":"abilities/spell_nature_brilliance","petOwner":11,"fights":[{"id":9,"instances":1}]},{"name":"Fire Spirit","id":57,"guid":69791,"type":"Pet","icon":"abilities/inv_summerfest_firespirit","petOwner":4,"fights":[{"id":1,"instances":4},{"id":2,"instances":5},{"id":3,"instances":7}]}],"enemyPets":[],"phases":[{"boss":0,"phases":["Stage One: Cult of the Void","Stage Two: Death from Above","Stage Three: The Void Unleashed"]},{"boss":2336,"phases":["Stage One: Cult of the Void","Stage Two: Death from Above","Stage Three: The Void Unleashed"]},{"boss":2337,"phases":["Stage One: Exterior Carapace","Stage Two: Subcutaneous Tunnel","Stage Three: Locus of Infinite Truths"]},{"boss":2327,"phases":["Obsidian Destroyer","Obsidian Statue"]},{"boss":2344,"phases":["Stage One: Writhing Onslaught","Stage Two: Convergence"]},{"boss":2329,"phases":["The Black Emperor","Smoke and Mirrors"]},{"boss":2331,"phases":["Gathering Power","Unleashed Wrath"]}],"logVersion":16,"gameVersion":1,"title":"13OCT2020","owner":"Faraloc","start":1602642151195,"end":1602651515033,"zone":24,"exportedCharacters":[]}