{"fights":[{"id":1,"start_time":430879,"end_time":676543,"boss":2329,"name":"Wrathion","size":20,"difficulty":5,"kill":true,"partial":3,"bossPercentage":0,"fightPercentage":0,"lastPhaseForPercentageDisplay":1,"maps":[1580]},{"id":2,"start_time":680937,"end_time":685845,"boss":0,"name":"Unknown"},{"id":3,"start_time":713980,"end_time":883825,"boss":0,"name":"Monstrous Behemoth"},{"id":4,"start_time":963222,"end_time":1014192,"boss":0,"name":"Umbral Gatekeeper"},{"id":5,"start_time":1032606,"end_time":1108758,"boss":0,"name":"Jesh'ra"},{"id":6,"start_time":1120617,"end_time":1407074,"boss":0,"name":"Drest'agath"},{"id":7,"start_time":1595728,"end_time":1896909,"boss":2343,"name":"Drest'agath","size":20,"difficulty":5,"kill":true,"partial":3,"bossPercentage":0,"fightPercentage":0,"lastPhaseForPercentageDisplay":0,"maps":[1595]},{"id":8,"start_time":1988731,"end_time":2004057,"boss":0,"name":"Living Blood"},{"id":9,"start_time":2279333,"end_time":2449435,"boss":2335,"name":"Shad'har the Insatiable","size":20,"difficulty":5,"kill":true,"partial":3,"bossPercentage":0,"fightPercentage":0,"lastPhaseForPercentageDisplay":3,"maps":[1594]},{"id":10,"start_time":2452613,"end_time":2453006,"boss":0,"name":"Unknown"},{"id":11,"start_time":2545169,"end_time":2675925,"boss":0,"name":"Aqir Swarmkeeper"},{"id":12,"start_time":2691694,"end_time":2817859,"boss":0,"name":"Eye of the Depths"},{"id":13,"start_time":2853457,"end_time":2914067,"boss":0,"name":"Amalgamation of Flesh"},{"id":14,"start_time":2925590,"end_time":2930341,"boss":0,"name":"Amalgamation of Flesh"},{"id":15,"start_time":3089749,"end_time":3460222,"boss":2337,"name":"Carapace of N'Zoth","size":20,"difficulty":5,"kill":false,"partial":3,"bossPercentage":2383,"fightPercentage":2383,"lastPhaseForPercentageDisplay":3,"maps":[1597]},{"id":16,"start_time":3545507,"end_time":3950803,"boss":2337,"name":"Carapace of N'Zoth","size":20,"difficulty":5,"kill":true,"partial":3,"bossPercentage":0,"fightPercentage":0,"lastPhaseForPercentageDisplay":3,"maps":[1597]},{"id":17,"start_time":4356341,"end_time":5060009,"boss":2344,"name":"N'Zoth the Corruptor","size":20,"difficulty":5,"kill":true,"partial":3,"bossPercentage":197,"fightPercentage":197,"lastPhaseForPercentageDisplay":2,"maps":[1597,1582,1597]},{"id":18,"start_time":5063105,"end_time":5065730,"boss":0,"name":"N'Zoth the Corruptor"},{"id":19,"start_time":5201599,"end_time":5288258,"boss":0,"name":"Deresh of the Nothingness"},{"id":20,"start_time":5298732,"end_time":5382247,"boss":0,"name":"Aqir Crusher"},{"id":21,"start_time":5659977,"end_time":5815675,"boss":2333,"name":"The Hivemind","size":20,"difficulty":5,"kill":true,"partial":3,"bossPercentage":0,"fightPercentage":0,"lastPhaseForPercentageDisplay":0,"maps":[1590]},{"id":22,"start_time":5833095,"end_time":5834546,"boss":0,"name":"Engorged Maggot"},{"id":23,"start_time":5859362,"end_time":5897698,"boss":0,"name":"Aqir Crusher"},{"id":24,"start_time":5913950,"end_time":6032305,"boss":0,"name":"Abyssal Watcher"},{"id":25,"start_time":6037398,"end_time":6045743,"boss":0,"originalBoss":2331,"name":"Ra-den the Despoiled"},{"id":26,"start_time":6356224,"end_time":6440118,"boss":2331,"name":"Ra-den the Despoiled","size":20,"difficulty":5,"kill":false,"partial":3,"bossPercentage":5212,"fightPercentage":5212,"lastPhaseForPercentageDisplay":1,"maps":[1591]},{"id":27,"start_time":6552739,"end_time":6766730,"boss":2331,"name":"Ra-den the Despoiled","size":20,"difficulty":5,"kill":true,"partial":3,"bossPercentage":0,"fightPercentage":0,"lastPhaseForPercentageDisplay":2,"maps":[1591]},{"id":28,"start_time":6863856,"end_time":6913408,"boss":0,"name":"Demented Knife-Twister"},{"id":29,"start_time":6927010,"end_time":7009906,"boss":0,"name":"Monstrous Behemoth"},{"id":30,"start_time":7173553,"end_time":7211557,"boss":2328,"name":"Dark Inquisitor Xanesh","size":20,"difficulty":5,"kill":false,"partial":3,"bossPercentage":7619,"fightPercentage":7619,"lastPhaseForPercentageDisplay":0,"maps":[1592]},{"id":31,"start_time":7318592,"end_time":7469800,"boss":2328,"name":"Dark Inquisitor Xanesh","size":20,"difficulty":5,"kill":false,"partial":3,"bossPercentage":3378,"fightPercentage":3378,"lastPhaseForPercentageDisplay":0,"maps":[1592]},{"id":32,"start_time":7572881,"end_time":7771223,"boss":2328,"name":"Dark Inquisitor Xanesh","size":20,"difficulty":5,"kill":true,"partial":3,"bossPercentage":0,"fightPercentage":0,"lastPhaseForPercentageDisplay":0,"maps":[1592]},{"id":33,"start_time":7823825,"end_time":7944274,"boss":0,"name":"Vexiona"},{"id":34,"start_time":8092061,"end_time":8363024,"boss":2336,"name":"Vexiona","size":20,"difficulty":5,"kill":false,"partial":3,"bossPercentage":165,"fightPercentage":165,"lastPhaseForPercentageDisplay":1,"maps":[1593]},{"id":35,"start_time":8600991,"end_time":8824182,"boss":2336,"name":"Vexiona","size":20,"difficulty":5,"kill":true,"partial":3,"bossPercentage":0,"fightPercentage":0,"lastPhaseForPercentageDisplay":1,"maps":[1593]},{"id":36,"start_time":9013348,"end_time":9094792,"boss":0,"name":"Anubisath Sentinel"},{"id":37,"start_time":9548629,"end_time":9686997,"boss":2334,"name":"Prophet Skitra","size":20,"difficulty":5,"kill":true,"partial":3,"bossPercentage":0,"fightPercentage":0,"lastPhaseForPercentageDisplay":0,"maps":[1581]},{"id":38,"start_time":9786045,"end_time":9786045,"boss":0,"name":"Onyx Scarab"},{"id":39,"start_time":9806804,"end_time":9837822,"boss":0,"name":"Ossirat"},{"id":40,"start_time":9865332,"end_time":9947137,"boss":0,"name":"Aqir Shadowcrafter"},{"id":41,"start_time":9980245,"end_time":9988550,"boss":0,"originalBoss":2327,"name":"Maut"},{"id":42,"start_time":10223007,"end_time":10339891,"boss":2327,"name":"Maut","size":20,"difficulty":5,"kill":false,"partial":3,"bossPercentage":1775,"fightPercentage":1775,"lastPhaseForPercentageDisplay":1,"maps":[1581]},{"id":43,"start_time":10516971,"end_time":10525737,"boss":0,"originalBoss":2327,"name":"Maut"},{"id":44,"start_time":10632710,"end_time":10749078,"boss":2327,"name":"Maut","size":20,"difficulty":5,"kill":true,"partial":3,"bossPercentage":0,"fightPercentage":0,"lastPhaseForPercentageDisplay":1,"maps":[1581]}],"completeRaids":[],"lang":"en","friendlies":[{"name":"Harbls","id":159,"guid":169699037,"type":"Hunter","server":"Mal'Ganis","icon":"Hunter","fights":[{"id":17},{"id":18},{"id":19},{"id":20},{"id":30},{"id":31},{"id":32},{"id":33},{"id":34},{"id":35},{"id":36},{"id":37},{"id":39},{"id":40},{"id":41},{"id":42},{"id":43},{"id":44}]},{"name":"Wolfsokal","id":22,"guid":178417770,"type":"Paladin","server":"Mal'Ganis","icon":"Paladin","fights":[{"id":1},{"id":3},{"id":4},{"id":5},{"id":6},{"id":7},{"id":8},{"id":9},{"id":10},{"id":11},{"id":12},{"id":13},{"id":14},{"id":15},{"id":16}]},{"name":"Thing From Beyond","id":54,"guid":161895,"type":"NPC","icon":"custom-icon-ability_deathwing_assualtaspects","fights":[{"id":7,"instances":28},{"id":9,"instances":22},{"id":15,"instances":13},{"id":16,"instances":22},{"id":17,"instances":68},{"id":21,"instances":17},{"id":31,"instances":17},{"id":32,"instances":16},{"id":34,"instances":13},{"id":35,"instances":14}]},{"name":"Chairmanjeff","id":27,"guid":179898300,"type":"Shaman","server":"Mal'Ganis","icon":"Shaman-Elemental","fights":[{"id":1},{"id":3},{"id":4},{"id":5},{"id":6},{"id":7},{"id":8},{"id":15},{"id":16},{"id":21},{"id":23},{"id":24},{"id":26},{"id":27},{"id":28},{"id":29},{"id":30},{"id":31},{"id":32},{"id":33},{"id":34},{"id":35}]},{"name":"Justinlulz","id":265,"guid":182631615,"type":"DemonHunter","server":"Mal'Ganis","icon":"DemonHunter-Havoc","fights":[{"id":37},{"id":38},{"id":39},{"id":40},{"id":41},{"id":42},{"id":43},{"id":44}]},{"name":"Abstain","id":26,"guid":131461789,"type":"Mage","server":"Mal'Ganis","icon":"Mage-Fire","fights":[{"id":1},{"id":2},{"id":3},{"id":4},{"id":5},{"id":6},{"id":7},{"id":8},{"id":9},{"id":10},{"id":11},{"id":12},{"id":13},{"id":14},{"id":15},{"id":16},{"id":17},{"id":18},{"id":19},{"id":20},{"id":21},{"id":22},{"id":23},{"id":24},{"id":25},{"id":26},{"id":27},{"id":28},{"id":29},{"id":30},{"id":31},{"id":32},{"id":33},{"id":34},{"id":35},{"id":36},{"id":37},{"id":38},{"id":39},{"id":40},{"id":41},{"id":42},{"id":43},{"id":44}]},{"name":"Racialonly","id":124,"guid":174135102,"type":"Mage","server":"Mal'Ganis","icon":"Mage-Fire","fights":[{"id":17},{"id":19},{"id":20},{"id":21},{"id":22},{"id":23},{"id":24},{"id":25},{"id":26},{"id":27},{"id":42},{"id":43},{"id":44}]},{"name":"Taeznak","id":137,"guid":180884680,"type":"DeathKnight","server":"Mal'Ganis","icon":"DeathKnight-Unholy","fights":[{"id":12},{"id":13},{"id":14},{"id":15},{"id":16},{"id":20},{"id":21},{"id":23},{"id":28},{"id":29},{"id":30},{"id":31},{"id":32},{"id":33},{"id":44}]},{"name":"Avez","id":29,"guid":180264927,"type":"Rogue","server":"Mal'Ganis","icon":"Rogue","fights":[{"id":1},{"id":2},{"id":3},{"id":4},{"id":5},{"id":6},{"id":9},{"id":10},{"id":11},{"id":12},{"id":13}]},{"name":"Egirl","id":30,"guid":170565429,"type":"Priest","server":"Mal'Ganis","icon":"Priest-Discipline","fights":[{"id":1},{"id":3},{"id":4},{"id":5},{"id":6},{"id":15},{"id":16},{"id":17},{"id":19},{"id":20},{"id":21},{"id":22},{"id":23},{"id":24},{"id":25},{"id":26},{"id":27},{"id":28},{"id":29},{"id":30},{"id":31},{"id":32},{"id":33},{"id":34},{"id":35},{"id":36},{"id":37},{"id":38},{"id":39},{"id":40},{"id":41},{"id":42},{"id":43},{"id":44}]},{"name":"Pegasys","id":6,"guid":178299467,"type":"Warlock","server":"Mal'Ganis","icon":"Warlock","fights":[{"id":1},{"id":2},{"id":3},{"id":4},{"id":5},{"id":6},{"id":7},{"id":8},{"id":15},{"id":16},{"id":17},{"id":19},{"id":20},{"id":21},{"id":22},{"id":23},{"id":24},{"id":25},{"id":26},{"id":27},{"id":28},{"id":29},{"id":30},{"id":31},{"id":32},{"id":33},{"id":34},{"id":35},{"id":36},{"id":37},{"id":38},{"id":39},{"id":40},{"id":41},{"id":42},{"id":43},{"id":44}]},{"name":"Mattypal","id":4,"guid":179560982,"type":"Paladin","server":"Mal'Ganis","icon":"Paladin-Holy","fights":[{"id":1},{"id":2},{"id":3},{"id":4},{"id":5},{"id":6},{"id":7},{"id":8},{"id":9},{"id":10},{"id":11},{"id":12},{"id":13},{"id":14},{"id":15},{"id":16},{"id":17},{"id":19},{"id":20},{"id":21},{"id":22},{"id":23},{"id":24},{"id":25},{"id":26},{"id":27},{"id":28},{"id":29}]},{"name":"Xhottie","id":112,"guid":155019202,"type":"Shaman","server":"Mal'Ganis","icon":"Shaman-Restoration","fights":[{"id":7},{"id":8},{"id":9},{"id":10},{"id":11},{"id":12},{"id":13},{"id":14},{"id":15},{"id":16},{"id":17},{"id":18},{"id":19},{"id":34},{"id":35}]},{"name":"Wrathion","id":141,"guid":160177,"type":"NPC","icon":"custom-icon-spell_fire_sealoffire","fights":[{"id":15,"instances":1,"groups":2},{"id":16,"instances":1,"groups":3}]},{"name":"Lyä","id":10,"guid":160267795,"type":"Mage","server":"Mal'Ganis","icon":"Mage-Fire","fights":[{"id":1},{"id":2},{"id":3},{"id":4},{"id":5},{"id":6},{"id":7},{"id":8},{"id":14},{"id":15},{"id":16},{"id":30},{"id":31},{"id":32},{"id":33},{"id":42},{"id":43},{"id":44}]},{"name":"Wmbo","id":5,"guid":152891811,"type":"DemonHunter","server":"Mal'Ganis","icon":"DemonHunter-Havoc","fights":[{"id":1},{"id":2},{"id":5},{"id":6},{"id":9},{"id":10},{"id":11},{"id":12},{"id":13},{"id":14},{"id":15},{"id":16},{"id":17},{"id":18},{"id":19},{"id":20},{"id":26},{"id":27},{"id":28},{"id":29},{"id":30},{"id":31},{"id":32},{"id":33},{"id":34},{"id":35},{"id":36},{"id":37},{"id":38},{"id":39},{"id":40},{"id":41},{"id":42},{"id":43},{"id":44}]},{"name":"Rolipoliolie","id":11,"guid":162858965,"type":"Monk","server":"Mal'Ganis","icon":"Monk-Brewmaster","fights":[{"id":1},{"id":2},{"id":3},{"id":4},{"id":5},{"id":6},{"id":7},{"id":8},{"id":9},{"id":10},{"id":11},{"id":12},{"id":13},{"id":14},{"id":15},{"id":16},{"id":17},{"id":18},{"id":19},{"id":20},{"id":21},{"id":22},{"id":23},{"id":24},{"id":25},{"id":26},{"id":27},{"id":29},{"id":30},{"id":31},{"id":32},{"id":33},{"id":34},{"id":35},{"id":36},{"id":37},{"id":38},{"id":39},{"id":40},{"id":41},{"id":42},{"id":43},{"id":44}]},{"name":"Katokal","id":15,"guid":154545235,"type":"Mage","server":"Mal'Ganis","icon":"Mage-Fire","fights":[{"id":1},{"id":2},{"id":3},{"id":4},{"id":5},{"id":6},{"id":7},{"id":8},{"id":9},{"id":10},{"id":11},{"id":12},{"id":13},{"id":15},{"id":16},{"id":17},{"id":18},{"id":19},{"id":20},{"id":30},{"id":31},{"id":32},{"id":33},{"id":34},{"id":35},{"id":36},{"id":37},{"id":38},{"id":39},{"id":40},{"id":41},{"id":42},{"id":43},{"id":44}]},{"name":"Skàro","id":25,"guid":174924527,"type":"Rogue","server":"Mal'Ganis","icon":"Rogue-Assassination","fights":[{"id":1},{"id":2},{"id":3},{"id":4},{"id":5},{"id":6},{"id":7},{"id":8},{"id":9},{"id":10},{"id":11},{"id":12},{"id":13},{"id":15},{"id":16},{"id":17},{"id":19},{"id":20},{"id":21},{"id":23},{"id":24},{"id":25},{"id":26},{"id":27},{"id":28},{"id":29},{"id":30},{"id":31},{"id":32},{"id":33},{"id":34},{"id":35},{"id":36},{"id":37},{"id":39},{"id":40},{"id":41},{"id":42},{"id":43},{"id":44}]},{"name":"Dänes","id":109,"guid":197786063,"type":"Monk","server":"Tichondrius","icon":"Monk-Windwalker","fights":[{"id":7},{"id":8}]},{"name":"Chungess","id":7,"guid":180196251,"type":"Rogue","server":"Mal'Ganis","icon":"Rogue-Assassination","fights":[{"id":1},{"id":2},{"id":3},{"id":4},{"id":5},{"id":6},{"id":7},{"id":8},{"id":9},{"id":10},{"id":11},{"id":12},{"id":21},{"id":22},{"id":23},{"id":24},{"id":25},{"id":26},{"id":27},{"id":28},{"id":29},{"id":30},{"id":31},{"id":32},{"id":33},{"id":34},{"id":35},{"id":36},{"id":37},{"id":38},{"id":39},{"id":40},{"id":41},{"id":42},{"id":43},{"id":44}]},{"name":"Nerô","id":23,"guid":156100193,"type":"Paladin","server":"Mal'Ganis","icon":"Paladin-Retribution","fights":[{"id":1},{"id":2},{"id":4},{"id":5},{"id":6},{"id":17},{"id":19},{"id":20},{"id":37},{"id":39},{"id":40}]},{"name":"Dhtarget","id":2,"guid":148653561,"type":"DemonHunter","server":"Mal'Ganis","icon":"DemonHunter-Vengeance","fights":[{"id":1},{"id":2},{"id":3},{"id":4},{"id":5},{"id":6},{"id":7},{"id":8},{"id":9},{"id":10},{"id":11},{"id":12},{"id":13},{"id":14},{"id":15},{"id":16},{"id":17},{"id":18},{"id":19},{"id":20},{"id":21},{"id":23},{"id":24},{"id":25},{"id":26},{"id":27},{"id":28},{"id":29},{"id":30},{"id":31},{"id":32},{"id":33},{"id":34},{"id":35},{"id":36},{"id":37},{"id":38},{"id":39},{"id":40},{"id":41},{"id":42},{"id":43},{"id":44}]},{"name":"Hashiya","id":16,"guid":180697333,"type":"Hunter","server":"Mal'Ganis","icon":"Hunter-BeastMastery","fights":[{"id":1},{"id":2},{"id":3},{"id":4},{"id":5},{"id":6},{"id":9},{"id":10},{"id":11},{"id":12},{"id":21},{"id":22},{"id":23},{"id":24},{"id":25},{"id":26},{"id":27},{"id":28},{"id":29},{"id":30},{"id":31},{"id":32},{"id":33},{"id":34},{"id":35},{"id":36},{"id":37},{"id":39},{"id":40},{"id":41},{"id":42},{"id":43},{"id":44}]},{"name":"Ellinas","id":104,"guid":169219851,"type":"Hunter","server":"Mal'Ganis","icon":"Hunter-BeastMastery","fights":[{"id":6},{"id":7},{"id":8},{"id":9},{"id":10},{"id":11},{"id":12},{"id":13},{"id":15},{"id":16},{"id":17},{"id":18},{"id":19},{"id":20},{"id":21},{"id":23},{"id":24},{"id":25},{"id":26},{"id":27},{"id":28},{"id":29},{"id":34},{"id":35},{"id":36},{"id":37},{"id":38},{"id":39},{"id":40},{"id":41},{"id":42},{"id":43},{"id":44}]},{"name":"Clutchdotz","id":8,"guid":176792199,"type":"Warlock","server":"Mal'Ganis","icon":"Warlock-Destruction","fights":[{"id":1},{"id":3},{"id":4},{"id":5},{"id":6},{"id":7},{"id":8},{"id":9},{"id":10},{"id":11},{"id":12},{"id":13},{"id":14},{"id":15},{"id":16},{"id":21},{"id":23},{"id":24},{"id":25},{"id":26},{"id":27},{"id":28},{"id":29},{"id":30},{"id":31},{"id":32},{"id":33},{"id":34},{"id":35},{"id":36},{"id":42},{"id":43},{"id":44}]},{"name":"Melk","id":110,"guid":174321665,"type":"Druid","server":"Mal'Ganis","icon":"Druid-Balance","fights":[{"id":7},{"id":8},{"id":9},{"id":10},{"id":11},{"id":12},{"id":13},{"id":14},{"id":15},{"id":16},{"id":17},{"id":18},{"id":19},{"id":20},{"id":21},{"id":22},{"id":23},{"id":24},{"id":26},{"id":27},{"id":28},{"id":29},{"id":30},{"id":31},{"id":32},{"id":33},{"id":34},{"id":35},{"id":36},{"id":37},{"id":39},{"id":40},{"id":41},{"id":42},{"id":43},{"id":44}]},{"name":"Anduu","id":3,"guid":174168144,"type":"Priest","server":"Mal'Ganis","icon":"Priest-Shadow","fights":[{"id":1},{"id":2},{"id":3},{"id":4},{"id":5},{"id":6},{"id":7},{"id":8},{"id":9},{"id":10},{"id":11},{"id":12},{"id":13},{"id":14},{"id":15},{"id":16},{"id":17},{"id":18},{"id":19},{"id":20},{"id":21},{"id":22},{"id":23},{"id":24},{"id":25},{"id":26},{"id":27},{"id":28},{"id":29},{"id":30},{"id":31},{"id":32},{"id":33},{"id":34},{"id":35},{"id":36},{"id":37},{"id":38},{"id":39},{"id":40},{"id":41},{"id":42},{"id":43},{"id":44}]},{"name":"Vinnie","id":1,"guid":173205501,"type":"DeathKnight","server":"Mal'Ganis","icon":"DeathKnight-Frost","fights":[{"id":1},{"id":3},{"id":4},{"id":5},{"id":6},{"id":7},{"id":8},{"id":9},{"id":10},{"id":11},{"id":12},{"id":13},{"id":15},{"id":16},{"id":17},{"id":19},{"id":20},{"id":21},{"id":22},{"id":23},{"id":24},{"id":25},{"id":26},{"id":27},{"id":29},{"id":30},{"id":31},{"id":32},{"id":33},{"id":34},{"id":35},{"id":36},{"id":37},{"id":39},{"id":40},{"id":41},{"id":42}]},{"name":"Niteshlin","id":111,"guid":147754749,"type":"DemonHunter","server":"Mal'Ganis","icon":"DemonHunter-Havoc","fights":[{"id":7},{"id":8},{"id":9},{"id":10},{"id":11},{"id":12},{"id":17},{"id":19},{"id":20},{"id":21},{"id":22},{"id":23},{"id":24},{"id":25},{"id":26},{"id":27},{"id":29},{"id":37}]},{"name":"Duffman","id":9,"guid":180687018,"type":"Warrior","server":"Mal'Ganis","icon":"Warrior-Arms","fights":[{"id":1},{"id":3},{"id":4},{"id":5},{"id":6},{"id":7},{"id":8},{"id":9},{"id":10},{"id":11},{"id":12},{"id":13},{"id":15},{"id":16},{"id":17},{"id":19},{"id":20},{"id":21},{"id":22},{"id":23},{"id":24},{"id":25},{"id":26},{"id":27},{"id":28},{"id":29},{"id":30},{"id":31},{"id":32},{"id":33},{"id":34},{"id":35},{"id":36},{"id":37},{"id":39},{"id":40},{"id":41},{"id":42},{"id":43},{"id":44}]},{"name":"Supercèll","id":24,"guid":137097158,"type":"Druid","server":"Mal'Ganis","icon":"Druid-Restoration","fights":[{"id":9},{"id":10},{"id":11},{"id":12},{"id":17},{"id":18},{"id":19},{"id":20},{"id":21},{"id":22},{"id":23},{"id":24},{"id":25},{"id":26},{"id":27},{"id":28},{"id":29},{"id":30},{"id":31},{"id":32},{"id":33},{"id":34},{"id":35},{"id":36},{"id":37},{"id":39},{"id":40},{"id":41}]}],"enemies":[{"name":"Gaze of Madness","id":146,"guid":157442,"type":"NPC","icon":"custom-icon-inv_elemental_primal_shadow","fights":[{"id":15,"instances":4,"groups":2},{"id":16,"instances":4,"groups":2}]},{"name":"Eye of the Depths","id":86,"guid":159510,"type":"NPC","icon":"custom-icon-spell_priest_divinestar_shadow2","fights":[{"id":5,"instances":1},{"id":6,"instances":1},{"id":12,"instances":1},{"id":19,"instances":1}]},{"name":"Vexiona","id":246,"guid":157354,"type":"Boss","icon":"custom-icon-ability_priest_voidentropy","fights":[{"id":33,"instances":1,"groups":2},{"id":34,"instances":1,"groups":1},{"id":35,"instances":1,"groups":1}]},{"name":"Umbral Seer","id":82,"guid":159219,"type":"NPC","icon":"custom-icon-spell_shadow_painspike","fights":[{"id":3,"instances":1},{"id":6,"instances":2},{"id":11,"instances":2},{"id":12,"instances":3}]},{"name":"Aqir Darter","id":204,"guid":157256,"type":"NPC","icon":"custom-icon-ability_vehicle_sonicshockwave","fights":[{"id":21,"instances":6,"groups":2}]},{"name":"Shredded Psyche","id":267,"guid":158781,"type":"NPC","icon":"custom-icon-spell_shadow_painandsuffering","fights":[{"id":37,"instances":3}]},{"name":"Living Blood","id":97,"guid":159312,"type":"NPC","icon":"custom-icon-ability_deathwing_bloodcorruption_earth","fights":[{"id":6,"instances":24,"groups":2},{"id":8,"instances":7,"groups":1}]},{"name":"Anubisath Sentinel","id":262,"guid":161571,"type":"NPC","icon":"custom-icon-ability_warrior_savageblow","fights":[{"id":36,"instances":1}]},{"name":"Iron-Willed Enforcer","id":250,"guid":157451,"type":"NPC","icon":"custom-icon-ability_smash","fights":[{"id":34,"instances":3,"groups":3},{"id":35,"instances":4,"groups":3}]},{"name":"Nightmare Portal","id":216,"guid":160643,"type":"NPC","icon":"custom-icon-trade_engineering","fights":[{"id":25,"instances":1},{"id":26,"instances":1},{"id":27,"instances":1}]},{"name":"Spike Tentacle","id":164,"guid":160249,"type":"NPC","icon":"custom-icon-spell_shadow_painspike","fights":[{"id":17,"instances":32,"groups":4}]},{"name":"Aqir Shadowcrafter","id":272,"guid":161416,"type":"NPC","icon":"custom-icon-spell_shadow_shadowbolt","fights":[{"id":40,"instances":4,"groups":1}]},{"name":"Essence of Vita","id":219,"guid":156884,"type":"NPC","icon":"custom-icon-ability_thunderking_lightningwhip","fights":[{"id":26,"instances":2,"groups":3},{"id":27,"instances":2,"groups":4}]},{"name":"Umbral Gatekeeper","id":83,"guid":163708,"type":"NPC","icon":"custom-icon-spell_priest_void-blast","fights":[{"id":4,"instances":2,"groups":1}]},{"name":"Void Fanatic","id":77,"guid":160183,"type":"NPC","icon":"NPC","fights":[{"id":3,"instances":9,"groups":2},{"id":5,"instances":12,"groups":1},{"id":11,"instances":2,"groups":1},{"id":12,"instances":2,"groups":2}]},{"name":"Dark Manifestation","id":274,"guid":156650,"type":"NPC","icon":"custom-icon-warlock_curse_shadow","fights":[{"id":42,"instances":2,"groups":1},{"id":44,"instances":3,"groups":1}]},{"name":"Leeching Parasite","id":95,"guid":159309,"type":"NPC","icon":"custom-icon-trade_engineering","fights":[{"id":6,"instances":9,"groups":3}]},{"name":"Voidspawn Annihilator","id":185,"guid":163612,"type":"Boss","icon":"custom-icon-spell_shadow_demonicempathy","fights":[{"id":17,"instances":1}]},{"name":"Ra-den","id":213,"guid":156866,"type":"Boss","icon":"custom-icon-ability_deathwing_bloodcorruption_death","fights":[{"id":25,"instances":1},{"id":26,"instances":1},{"id":27,"instances":1}]},{"name":"Vita Portal","id":214,"guid":161943,"type":"NPC","icon":"custom-icon-trade_engineering","fights":[{"id":25,"instances":1},{"id":26,"instances":1},{"id":27,"instances":1}]},{"name":"Basher Tentacle","id":165,"guid":158367,"type":"NPC","icon":"custom-icon-spell_priest_voidtendrils","fights":[{"id":17,"instances":12,"groups":6}]},{"name":"Acidic Aqir","id":202,"guid":161019,"type":"NPC","icon":"custom-icon-ability_creature_poison_06","fights":[{"id":21,"instances":24,"groups":3}]},{"name":"Maw of Drest'agath","id":116,"guid":157613,"type":"NPC","icon":"custom-icon-ability_creature_poison_02","fights":[{"id":7,"instances":7,"groups":3}]},{"name":"Crackling Shard","id":65,"guid":158327,"type":"NPC","icon":"custom-icon-ability_rhyolith_volcano","fights":[{"id":1,"instances":29,"groups":1}]},{"name":"Flayed Soul","id":236,"guid":157005,"type":"NPC","icon":"custom-icon-ability_demonhunter_soulcleave2","fights":[{"id":30,"instances":6,"groups":1},{"id":31,"instances":17,"groups":3},{"id":32,"instances":24,"groups":3}]},{"name":"Spellbound Ritualist","id":254,"guid":157450,"type":"NPC","icon":"custom-icon-spell_shadow_shadowbolt","fights":[{"id":34,"instances":2,"groups":2},{"id":35,"instances":3,"groups":2}]},{"name":"Hepthys","id":71,"guid":161745,"type":"NPC","icon":"custom-icon-inv_weapon_hand_08","fights":[{"id":39,"instances":1}]},{"name":"Nightmare Antigen","id":145,"guid":157452,"type":"NPC","icon":"custom-icon-sha_spell_fire_ragnaros_supernova_nightmare","fights":[{"id":15,"instances":92,"groups":4},{"id":16,"instances":111,"groups":5}]},{"name":"Coagulated Monstrosity","id":100,"guid":161836,"type":"NPC","icon":"NPC","fights":[{"id":6,"instances":6,"groups":2}]},{"name":"Living Miasma","id":131,"guid":157229,"type":"NPC","icon":"custom-icon-ability_priest_voidentropy","fights":[{"id":9,"instances":10,"groups":2}]},{"name":"Aqir Crusher","id":192,"guid":161218,"type":"NPC","icon":"custom-icon-inv_misc_volatileearth","fights":[{"id":20,"instances":2,"groups":1},{"id":23,"instances":1,"groups":1}]},{"name":"Zealous Adherent","id":93,"guid":159308,"type":"NPC","icon":"custom-icon-ability_ironmaidens_convulsiveshadows","fights":[{"id":5,"instances":3,"groups":1},{"id":11,"instances":3,"groups":2},{"id":12,"instances":3,"groups":2},{"id":24,"instances":12,"groups":2}]},{"name":"Maut","id":273,"guid":156523,"type":"Boss","icon":"custom-icon-inv_artifact_powerofthedarkside","fights":[{"id":41,"instances":1},{"id":42,"instances":1},{"id":43,"instances":1},{"id":44,"instances":1}]},{"name":"Mindgate","id":170,"guid":158374,"type":"NPC","icon":"custom-icon-ability_kaztik_dominatemind","fights":[{"id":17,"instances":2}]},{"name":"Psychophage","id":174,"guid":163836,"type":"NPC","icon":"custom-icon-spell_shadow_brainwash","fights":[{"id":17,"instances":32,"groups":2}]},{"name":"Amalgamation of Flesh","id":139,"guid":163841,"type":"NPC","icon":"custom-icon-sha_spell_fire_ragnaros_supernova_nightmare","fights":[{"id":13,"instances":24,"groups":1},{"id":14,"instances":2,"groups":1}]},{"name":"Void Portal","id":215,"guid":161945,"type":"NPC","icon":"custom-icon-trade_engineering","fights":[{"id":25,"instances":1},{"id":26,"instances":1},{"id":27,"instances":1}]},{"name":"Aqir Drone","id":189,"guid":162306,"type":"NPC","icon":"NPC","fights":[{"id":19,"instances":10,"groups":2}]},{"name":"Deresh of the Nothingness","id":191,"guid":159768,"type":"NPC","icon":"custom-icon-ability_ironmaidens_convulsiveshadows","fights":[{"id":19,"instances":1}]},{"name":"Abyssal Watcher","id":211,"guid":161173,"type":"NPC","icon":"custom-icon-ability_demonhunter_soulcleave","fights":[{"id":24,"instances":5,"groups":1}]},{"name":"Dark Ritualist","id":230,"guid":161286,"type":"NPC","icon":"custom-icon-spell_priest_divinestar_shadow2","fights":[{"id":29,"instances":2,"groups":1}]},{"name":"Crackling Stalker","id":224,"guid":157365,"type":"NPC","icon":"custom-icon-spell_lightning_lightningbolt01","fights":[{"id":26,"instances":1},{"id":27,"instances":1}]},{"name":"Deathwing","id":175,"guid":160665,"type":"NPC","icon":"custom-icon-spell_fire_felflamering_red","fights":[{"id":17,"instances":1,"groups":4}]},{"name":"Thrashing Tentacle","id":154,"guid":162159,"type":"NPC","icon":"custom-icon-ability_golemthunderclap","fights":[{"id":16,"instances":1}]},{"name":"Maddened Conscript","id":75,"guid":159305,"type":"NPC","icon":"custom-icon-ability_racial_bloodrage","fights":[{"id":3,"instances":6,"groups":3},{"id":4,"instances":2,"groups":1},{"id":5,"instances":2,"groups":1},{"id":11,"instances":2,"groups":2},{"id":12,"instances":2,"groups":2},{"id":29,"instances":2,"groups":1}]},{"name":"Corrupted Neuron","id":176,"guid":162331,"type":"NPC","icon":"NPC","fights":[{"id":17,"instances":18,"groups":2}]},{"name":"Aqir Swarmer","id":136,"guid":162664,"type":"NPC","icon":"custom-icon-ability_fixated_state_red","fights":[{"id":11,"instances":3,"groups":1},{"id":19,"instances":14,"groups":1}]},{"name":"Aqir Heartpiercer","id":190,"guid":162305,"type":"NPC","icon":"custom-icon-inv_misc_organ_01","fights":[{"id":19,"instances":4,"groups":1}]},{"name":"Iron-Willed Enforcer","id":243,"guid":162718,"type":"NPC","icon":"custom-icon-ability_smash","fights":[{"id":33,"instances":4,"groups":2}]},{"name":"Shadow of Vexiona","id":258,"guid":162308,"type":"NPC","icon":"custom-icon-ability_rogue_envelopingshadows","fights":[{"id":34,"instances":1,"groups":5},{"id":35,"instances":1,"groups":3}]},{"name":"Anubisath Sentinel","id":261,"guid":162508,"type":"NPC","icon":"custom-icon-spell_shadow_shadowbolt","fights":[{"id":36,"instances":1}]},{"name":"Corrosive Digester","id":90,"guid":162828,"type":"NPC","icon":"custom-icon-inv_misc_food_legion_gooslime_multi","fights":[{"id":6,"instances":2}]},{"name":"Psychophage","id":169,"guid":163947,"type":"NPC","icon":"custom-icon-spell_shadow_brainwash","fights":[{"id":17,"instances":24,"groups":5}]},{"name":"Essence of Nightmare","id":223,"guid":160663,"type":"NPC","icon":"custom-icon-sha_spell_fire_blueflamering_nightmare","fights":[{"id":26,"instances":2,"groups":2},{"id":27,"instances":2,"groups":3}]},{"name":"Willing Sacrifice","id":81,"guid":162647,"type":"NPC","icon":"custom-icon-ability_warlock_everlastingaffliction","fights":[{"id":3,"instances":1}]},{"name":"Sanguimar","id":99,"guid":159767,"type":"NPC","icon":"custom-icon-inv_misc_boilingblood","fights":[{"id":6,"instances":1}]},{"name":"Queen Azshara","id":234,"guid":156579,"type":"NPC","icon":"custom-icon-ability_warlock_eradication","fights":[{"id":30,"instances":1},{"id":31,"instances":1},{"id":32,"instances":1}]},{"name":"Sinister Soulcarver","id":244,"guid":162717,"type":"NPC","icon":"custom-icon-ability_theblackarrow","fights":[{"id":33,"instances":4,"groups":2}]},{"name":"Anubisath Sentinel","id":260,"guid":162534,"type":"NPC","icon":"custom-icon-ability_warrior_trauma","fights":[{"id":36,"instances":2,"groups":1}]},{"name":"Fanatical Cultist","id":251,"guid":157447,"type":"NPC","icon":"NPC","fights":[{"id":34,"instances":8,"groups":3},{"id":35,"instances":8,"groups":3}]},{"name":"Eye of Drest'agath","id":113,"guid":157612,"type":"NPC","icon":"custom-icon-spell_shadow_siphonmana","fights":[{"id":7,"instances":8,"groups":4}]},{"name":"Fury of N'Zoth","id":140,"guid":157439,"type":"Boss","icon":"custom-icon-spell_priest_void-blast","fights":[{"id":15,"instances":1},{"id":16,"instances":1}]},{"name":"Aqir Drone","id":201,"guid":157255,"type":"NPC","icon":"custom-icon-ability_fixated_state_red","fights":[{"id":21,"instances":20,"groups":2}]},{"name":"Essence of Void","id":221,"guid":156980,"type":"NPC","icon":"custom-icon-inv_enchant_voidsphere","fights":[{"id":26,"instances":2,"groups":3},{"id":27,"instances":2,"groups":3}]},{"name":"Shad'har the Insatiable","id":126,"guid":157231,"type":"Boss","icon":"custom-icon-ability_warlock_everlastingaffliction","fights":[{"id":9,"instances":1}]},{"name":"Demented Knife-Twister","id":94,"guid":159417,"type":"NPC","icon":"custom-icon-ability_rogue_shadowyduel","fights":[{"id":6,"instances":4,"groups":1},{"id":11,"instances":2,"groups":1},{"id":12,"instances":2,"groups":1},{"id":20,"instances":2,"groups":1},{"id":28,"instances":2,"groups":1}]},{"name":"Exposed Synapse","id":171,"guid":159578,"type":"NPC","icon":"custom-icon-spell_nature_focusedmind","fights":[{"id":17,"instances":40,"groups":4}]},{"name":"Aqir Scarab","id":271,"guid":159405,"type":"NPC","icon":"NPC","fights":[{"id":40,"instances":32,"groups":1}]},{"name":"Horrific Hemorrhage","id":144,"guid":157486,"type":"NPC","icon":"custom-icon-ability_druid_ironfur","fights":[{"id":15,"instances":16,"groups":2},{"id":16,"instances":16,"groups":2}]},{"name":"Ka'zir","id":196,"guid":157253,"type":"Boss","icon":"custom-icon-ability_creature_poison_05","fights":[{"id":21,"instances":1}]},{"name":"Aqir Venomweaver","id":193,"guid":161229,"type":"NPC","icon":"custom-icon-spell_nature_corrosivebreath","fights":[{"id":20,"instances":2,"groups":1}]},{"name":"Prophet Skitra","id":268,"guid":157620,"type":"NPC","icon":"NPC","fights":[{"id":37,"instances":1,"groups":2}]},{"name":"Tentacle of Drest'agath","id":115,"guid":157614,"type":"NPC","icon":"custom-icon-ability_earthen_pillar","fights":[{"id":7,"instances":7,"groups":6}]},{"name":"Ashwalker Assassin","id":67,"guid":160291,"type":"NPC","icon":"custom-icon-ability_stealth","fights":[{"id":1,"instances":4,"groups":1}]},{"name":"Gibbering Ooze","id":98,"guid":161835,"type":"NPC","icon":"NPC","fights":[{"id":6,"instances":7,"groups":4}]},{"name":"Aqir Skitterer","id":134,"guid":161217,"type":"NPC","icon":"custom-icon-ability_fixated_state_red","fights":[{"id":11,"instances":7,"groups":1},{"id":19,"instances":10,"groups":1},{"id":20,"instances":40,"groups":1},{"id":23,"instances":21,"groups":1}]},{"name":"Crushing Tendril","id":102,"guid":161312,"type":"NPC","icon":"custom-icon-achievement_boss_yoggsaron_01","fights":[{"id":6,"instances":5,"groups":3}]},{"name":"Psychus","id":172,"guid":158376,"type":"NPC","icon":"custom-icon-ability_creature_disease_05","fights":[{"id":17,"instances":2}]},{"name":"N'Zoth the Corruptor","id":179,"guid":162480,"type":"NPC","icon":"custom-icon-spell_priest_void-blast","fights":[{"id":17,"instances":1,"groups":4}]},{"name":"Corruptor Tentacle","id":163,"guid":158375,"type":"NPC","icon":"custom-icon-spell_yorsahj_bloodboil_purple","fights":[{"id":17,"instances":12,"groups":7}]},{"name":"Onyx Scarab","id":269,"guid":161834,"type":"NPC","icon":"NPC","fights":[{"id":38,"instances":1}]},{"name":"Void Horror","id":103,"guid":161335,"type":"NPC","icon":"custom-icon-spell_shadow_siphonmana","fights":[{"id":6,"instances":7,"groups":3}]},{"name":"Jesh'ra","id":91,"guid":159764,"type":"NPC","icon":"custom-icon-spell_priest_divinestar_shadow2","fights":[{"id":5,"instances":1}]},{"name":"Mycelial Cyst","id":149,"guid":157461,"type":"NPC","icon":"custom-icon-spell_shadow_bloodboil","fights":[{"id":15,"instances":48,"groups":3},{"id":16,"instances":50,"groups":2}]},{"name":"Occult Shadowmender","id":76,"guid":159425,"type":"NPC","icon":"custom-icon-spell_shadow_painspike","fights":[{"id":3,"instances":5,"groups":2},{"id":4,"instances":1,"groups":1},{"id":11,"instances":2,"groups":2},{"id":12,"instances":2,"groups":2},{"id":29,"instances":2,"groups":1}]},{"name":"Engorged Maggot","id":96,"guid":161833,"type":"NPC","icon":"NPC","fights":[{"id":6,"instances":25,"groups":4},{"id":22,"instances":1,"groups":1},{"id":23,"instances":5,"groups":1}]},{"name":"Spiked Tentacle","id":88,"guid":159416,"type":"NPC","icon":"custom-icon-achievement_boss_yoggsaron_01","fights":[{"id":6,"instances":3,"groups":1}]},{"name":"Fanatical Cultist","id":242,"guid":162715,"type":"NPC","icon":"NPC","fights":[{"id":33,"instances":21,"groups":2}]},{"name":"Wrathion","id":40,"guid":156818,"type":"Boss","icon":"custom-icon-ability_deathwing_cataclysm","fights":[{"id":1,"instances":1,"groups":2}]},{"name":"Monstrous Behemoth","id":74,"guid":159303,"type":"NPC","icon":"custom-icon-ability_warlock_everlastingaffliction","fights":[{"id":3,"instances":3},{"id":4,"instances":1},{"id":5,"instances":1},{"id":6,"instances":1},{"id":11,"instances":1},{"id":12,"instances":1},{"id":29,"instances":1}]},{"name":"Void Ascendant","id":247,"guid":162719,"type":"NPC","icon":"custom-icon-spell_priest_voidsear","fights":[{"id":33,"instances":2,"groups":1}]},{"name":"Cultist Sycophant","id":229,"guid":161251,"type":"NPC","icon":"custom-icon-ability_ironmaidens_sanguinestrikes","fights":[{"id":29,"instances":8,"groups":1}]},{"name":"Aqir Swarmkeeper","id":135,"guid":162303,"type":"NPC","icon":"custom-icon-inv_inscription_pigment_bug07","fights":[{"id":11,"instances":1},{"id":19,"instances":1}]},{"name":"Sinister Soulcarver","id":256,"guid":157449,"type":"NPC","icon":"custom-icon-ability_theblackarrow","fights":[{"id":34,"instances":1},{"id":35,"instances":1}]},{"name":"Tek'ris","id":195,"guid":157254,"type":"Boss","icon":"custom-icon-ability_priest_voidentropy","fights":[{"id":21,"instances":1}]},{"name":"Spellbound Ritualist","id":89,"guid":162716,"type":"NPC","icon":"custom-icon-spell_shadow_shadowbolt","fights":[{"id":33,"instances":5,"groups":3}]},{"name":"Night Terror","id":225,"guid":160937,"type":"NPC","icon":"custom-icon-sha_spell_fire_ragnaros_supernova_nightmare","fights":[{"id":26,"instances":1},{"id":27,"instances":2}]},{"name":"Dark Inquisitor Xanesh","id":87,"guid":156575,"type":"Boss","icon":"custom-icon-inv_gauntlets_09","fights":[{"id":30,"instances":1},{"id":31,"instances":1},{"id":32,"instances":1}]},{"name":"Drest'agath","id":107,"guid":157602,"type":"Boss","icon":"custom-icon-spell_shaman_earthquake","fights":[{"id":6,"instances":1},{"id":7,"instances":1}]},{"name":"Awakened Terror","id":237,"guid":162432,"type":"NPC","icon":"custom-icon-spell_shadow_psychicscream","fights":[{"id":31,"instances":5,"groups":2},{"id":32,"instances":6,"groups":2}]},{"name":"Dying Voidspawn","id":85,"guid":163712,"type":"NPC","icon":"custom-icon-ability_fixated_state_red","fights":[{"id":4,"instances":11,"groups":1}]},{"name":"Chittering Waspling","id":205,"guid":161837,"type":"NPC","icon":"NPC","fights":[{"id":23,"instances":7,"groups":1}]},{"name":"Void Initiate","id":73,"guid":160182,"type":"NPC","icon":"custom-icon-ability_ironmaidens_convulsiveshadows","fights":[{"id":3,"instances":33,"groups":4},{"id":4,"instances":4,"groups":1},{"id":5,"instances":12,"groups":1},{"id":6,"instances":2,"groups":1},{"id":11,"instances":1,"groups":1},{"id":12,"instances":2,"groups":2}]},{"name":"N'Zoth the Corruptor","id":162,"guid":158041,"type":"Boss","icon":"custom-icon-spell_shadow_painandsuffering","fights":[{"id":17,"instances":1,"groups":3},{"id":18,"instances":1,"groups":1}]},{"name":"Sylvanas Windrunner","id":181,"guid":160671,"type":"NPC","icon":"custom-icon-ability_theblackarrow","fights":[{"id":17,"instances":1,"groups":3}]},{"name":"Thought Harvester","id":182,"guid":162933,"type":"NPC","icon":"custom-icon-spell_shadow_brainwash","fights":[{"id":17,"instances":10,"groups":6}]},{"name":"Acidic Aqir","id":203,"guid":159173,"type":"NPC","icon":"custom-icon-ability_creature_poison_06","fights":[{"id":21,"instances":3}]},{"name":"Prophet Skitra","id":263,"guid":157238,"type":"Boss","icon":"custom-icon-inv_misc_shadowegg","fights":[{"id":37,"instances":1}]},{"name":"Gnashing Terror","id":101,"guid":161334,"type":"NPC","icon":"custom-icon-ability_creature_poison_02","fights":[{"id":6,"instances":5,"groups":3}]},{"name":"Void Hunter","id":228,"guid":157366,"type":"NPC","icon":"custom-icon-ability_warlock_shadowfurytga","fights":[{"id":27,"instances":1}]},{"name":"Void Ascendant","id":248,"guid":157467,"type":"NPC","icon":"custom-icon-spell_priest_voidsear","fights":[{"id":33,"instances":1},{"id":34,"instances":2},{"id":35,"instances":2}]},{"name":"Shath'Yar Scribe","id":78,"guid":163690,"type":"NPC","icon":"custom-icon-ability_ironmaidens_convulsiveshadows","fights":[{"id":3,"instances":5,"groups":2}]},{"name":"Ossirat","id":70,"guid":161746,"type":"NPC","icon":"custom-icon-inv_weapon_hand_08","fights":[{"id":39,"instances":1}]},{"name":"Anubisath Sentinel","id":259,"guid":162417,"type":"NPC","icon":"custom-icon-spell_nature_thunderclap","fights":[{"id":36,"instances":2,"groups":1}]},{"name":"Synthesis Growth","id":148,"guid":157475,"type":"NPC","icon":"custom-icon-ability_druid_ironfur","fights":[{"id":15,"instances":16,"groups":2},{"id":16,"instances":16,"groups":1}]}],"friendlyPets":[{"name":"Guardian of Azeroth","id":275,"guid":152396,"type":"Pet","icon":"abilities/inv_glowing-azerite-geode","petOwner":137,"fights":[{"id":44,"instances":1}]},{"name":"Wiksillin","id":14,"guid":49187433,"type":"Pet","icon":"abilities/spell_warlock_summonimpoutland","petOwner":6,"fights":[{"id":1,"instances":1},{"id":2,"instances":1},{"id":3,"instances":1},{"id":4,"instances":1},{"id":5,"instances":1},{"id":6,"instances":1},{"id":7,"instances":1},{"id":8,"instances":1},{"id":15,"instances":1},{"id":16,"instances":1},{"id":17,"instances":1},{"id":42,"instances":1},{"id":44,"instances":1}]},{"name":"Graveslobber","id":138,"guid":50019698,"type":"Pet","icon":"abilities/spell_shadow_animatedead","petOwner":137,"fights":[{"id":12,"instances":1},{"id":13,"instances":1},{"id":15,"instances":1},{"id":16,"instances":1},{"id":21,"instances":1},{"id":23,"instances":1},{"id":29,"instances":1},{"id":30,"instances":1},{"id":31,"instances":1},{"id":32,"instances":1},{"id":33,"instances":1},{"id":44,"instances":1}]},{"name":"Black Ox Statue","id":64,"guid":61146,"type":"Pet","icon":"abilities/monk_ability_summonoxstatue","petOwner":11,"fights":[{"id":1,"instances":1},{"id":3,"instances":5},{"id":4,"instances":1},{"id":5,"instances":3},{"id":6,"instances":8},{"id":8,"instances":1},{"id":11,"instances":4},{"id":12,"instances":4},{"id":15,"instances":9},{"id":16,"instances":13},{"id":17,"instances":13},{"id":19,"instances":1},{"id":20,"instances":1},{"id":27,"instances":1},{"id":33,"instances":5},{"id":34,"instances":3},{"id":35,"instances":3},{"id":36,"instances":1}]},{"name":"Pauline","id":106,"guid":46849713,"type":"Pet","icon":"abilities/ability_hunter_beastcall","petOwner":104,"fights":[{"id":6,"instances":1},{"id":7,"instances":1},{"id":8,"instances":1},{"id":9,"instances":1},{"id":10,"instances":1},{"id":11,"instances":1},{"id":12,"instances":1},{"id":13,"instances":1},{"id":15,"instances":1},{"id":16,"instances":1},{"id":17,"instances":1},{"id":18,"instances":1},{"id":19,"instances":1},{"id":20,"instances":1},{"id":21,"instances":1},{"id":23,"instances":1},{"id":24,"instances":1},{"id":26,"instances":1},{"id":27,"instances":1},{"id":28,"instances":1},{"id":29,"instances":1},{"id":34,"instances":1},{"id":35,"instances":1},{"id":37,"instances":1},{"id":39,"instances":1},{"id":40,"instances":1},{"id":41,"instances":1},{"id":42,"instances":1},{"id":44,"instances":1}]},{"name":"Maurice","id":161,"guid":47002182,"type":"Pet","icon":"abilities/ability_hunter_beastcall","petOwner":159,"fights":[{"id":17,"instances":1},{"id":18,"instances":1},{"id":19,"instances":1},{"id":20,"instances":1},{"id":42,"instances":1},{"id":44,"instances":1}]},{"name":"Demonic Gateway","id":62,"guid":59262,"type":"Pet","icon":"custom-icon-trade_engineering","petOwner":6,"fights":[{"id":1,"instances":1},{"id":15,"instances":2},{"id":16,"instances":3},{"id":17,"instances":3},{"id":35,"instances":1}]},{"name":"Guardian of Azeroth","id":266,"guid":152396,"type":"Pet","icon":"abilities/inv_glowing-azerite-geode","petOwner":265,"fights":[{"id":37,"instances":1},{"id":42,"instances":1},{"id":44,"instances":1}]},{"name":"Twisted Appendage","id":128,"guid":162764,"type":"Pet","icon":"abilities/achievement_boss_yoggsaron_01","petOwner":11,"fights":[{"id":9,"instances":7},{"id":31,"instances":1},{"id":33,"instances":2},{"id":37,"instances":2}]},{"name":"Twisted Appendage","id":178,"guid":162764,"type":"Pet","icon":"abilities/achievement_boss_yoggsaron_01","petOwner":24,"fights":[{"id":17,"instances":9}]},{"name":"Lilblue","id":105,"guid":48269910,"type":"Pet","icon":"custom-icon-ability_hunter_sickem","petOwner":104,"fights":[{"id":6,"instances":1},{"id":7,"instances":1},{"id":8,"instances":1},{"id":9,"instances":1},{"id":10,"instances":1},{"id":11,"instances":1},{"id":12,"instances":1},{"id":13,"instances":1},{"id":15,"instances":1},{"id":16,"instances":1},{"id":17,"instances":1},{"id":18,"instances":1},{"id":19,"instances":1},{"id":20,"instances":1},{"id":21,"instances":1},{"id":23,"instances":1},{"id":24,"instances":1},{"id":26,"instances":1},{"id":27,"instances":1},{"id":28,"instances":1},{"id":34,"instances":1},{"id":35,"instances":1},{"id":37,"instances":1},{"id":39,"instances":1},{"id":40,"instances":1},{"id":42,"instances":1},{"id":44,"instances":1}]},{"name":"Guardian of Azeroth","id":50,"guid":152396,"type":"Pet","icon":"abilities/inv_glowing-azerite-geode","petOwner":5,"fights":[{"id":1,"instances":2},{"id":9,"instances":1},{"id":15,"instances":2},{"id":16,"instances":2},{"id":17,"instances":4},{"id":26,"instances":1},{"id":27,"instances":1},{"id":30,"instances":1},{"id":31,"instances":1},{"id":32,"instances":2},{"id":34,"instances":2},{"id":35,"instances":2},{"id":37,"instances":1},{"id":42,"instances":1},{"id":44,"instances":1}]},{"name":"Phuudom","id":232,"guid":48891671,"type":"Pet","icon":"abilities/spell_shadow_summonfelhunter","petOwner":8,"fights":[{"id":30,"instances":1},{"id":31,"instances":1},{"id":32,"instances":1},{"id":33,"instances":1},{"id":34,"instances":1}]},{"name":"Capacitor Totem","id":231,"guid":61245,"type":"Pet","icon":"abilities/spell_nature_brilliance","petOwner":27,"fights":[{"id":29,"instances":1}]},{"name":"Katy Stampwhistle","id":245,"guid":132969,"type":"Pet","icon":"abilities/inv_misc_cat_trinket06","petOwner":5,"fights":[{"id":33,"instances":1}]},{"name":"Guardian of Azeroth","id":48,"guid":152396,"type":"Pet","icon":"abilities/inv_glowing-azerite-geode","petOwner":27,"fights":[{"id":1,"instances":2},{"id":7,"instances":2},{"id":15,"instances":1},{"id":16,"instances":3},{"id":21,"instances":1},{"id":26,"instances":1},{"id":27,"instances":2},{"id":30,"instances":1},{"id":31,"instances":1},{"id":32,"instances":2},{"id":34,"instances":2},{"id":35,"instances":2}]},{"name":"Efflorescence","id":130,"guid":47649,"type":"Pet","icon":"abilities/inv_misc_herb_talandrasrose","petOwner":24,"fights":[{"id":9,"instances":9},{"id":11,"instances":5},{"id":12,"instances":5},{"id":17,"instances":15},{"id":19,"instances":3},{"id":21,"instances":6},{"id":24,"instances":3},{"id":26,"instances":3},{"id":27,"instances":6},{"id":29,"instances":2},{"id":30,"instances":1},{"id":31,"instances":5},{"id":32,"instances":8},{"id":33,"instances":2},{"id":34,"instances":6},{"id":35,"instances":9},{"id":36,"instances":2},{"id":37,"instances":6},{"id":39,"instances":1},{"id":40,"instances":2}]},{"name":"Earthen Wall Totem","id":120,"guid":100943,"type":"Pet","icon":"abilities/spell_nature_stoneskintotem","petOwner":112,"fights":[{"id":7,"instances":3},{"id":9,"instances":3},{"id":15,"instances":4},{"id":16,"instances":5},{"id":17,"instances":10},{"id":34,"instances":3},{"id":35,"instances":3}]},{"name":"Twisted Appendage","id":52,"guid":162764,"type":"Pet","icon":"abilities/achievement_boss_yoggsaron_01","petOwner":25,"fights":[{"id":1,"instances":4},{"id":3,"instances":3},{"id":5,"instances":1},{"id":6,"instances":5},{"id":7,"instances":3},{"id":9,"instances":2},{"id":11,"instances":1},{"id":12,"instances":1},{"id":13,"instances":1},{"id":15,"instances":5},{"id":16,"instances":13},{"id":17,"instances":6},{"id":19,"instances":1},{"id":21,"instances":6},{"id":24,"instances":3},{"id":25,"instances":1},{"id":26,"instances":1},{"id":27,"instances":5},{"id":29,"instances":3},{"id":31,"instances":1},{"id":32,"instances":3},{"id":34,"instances":6},{"id":35,"instances":5},{"id":37,"instances":1},{"id":40,"instances":1}]},{"name":"Demonic Gateway","id":63,"guid":59271,"type":"Pet","icon":"custom-icon-trade_engineering","petOwner":6,"fights":[{"id":1,"instances":1},{"id":15,"instances":2},{"id":16,"instances":3},{"id":17,"instances":2},{"id":35,"instances":1}]},{"name":"Guardian of Azeroth","id":129,"guid":152396,"type":"Pet","icon":"abilities/inv_glowing-azerite-geode","petOwner":111,"fights":[{"id":9,"instances":1},{"id":17,"instances":4},{"id":21,"instances":1},{"id":26,"instances":1},{"id":27,"instances":2},{"id":37,"instances":1}]},{"name":"Greater Earth Elemental","id":127,"guid":95072,"type":"Pet","icon":"abilities/spell_nature_earthelemental_totem","petOwner":112,"fights":[{"id":9,"instances":1}]},{"name":"Demonic Gateway","id":61,"guid":59271,"type":"Pet","icon":"custom-icon-trade_engineering","petOwner":8,"fights":[{"id":1,"instances":1},{"id":35,"instances":1}]},{"name":"Hehexd","id":18,"guid":49958650,"type":"Pet","icon":"abilities/ability_hunter_beastsoothe","petOwner":16,"fights":[{"id":1,"instances":1},{"id":3,"instances":1},{"id":4,"instances":1},{"id":5,"instances":1},{"id":6,"instances":1}]},{"name":"Healing Tide Totem","id":118,"guid":59764,"type":"Pet","icon":"abilities/ability_shaman_healingtide","petOwner":112,"fights":[{"id":7,"instances":8},{"id":9,"instances":4},{"id":11,"instances":1},{"id":12,"instances":1},{"id":15,"instances":7},{"id":16,"instances":11},{"id":17,"instances":20},{"id":34,"instances":6},{"id":35,"instances":4}]},{"name":"Gakuri","id":12,"guid":48891670,"type":"Pet","icon":"abilities/spell_shadow_summonimp","petOwner":8,"fights":[{"id":1,"instances":1},{"id":3,"instances":1},{"id":4,"instances":1},{"id":5,"instances":1},{"id":6,"instances":1},{"id":7,"instances":1},{"id":8,"instances":1},{"id":9,"instances":1},{"id":11,"instances":1},{"id":12,"instances":1},{"id":13,"instances":1},{"id":15,"instances":1},{"id":16,"instances":1},{"id":21,"instances":1},{"id":24,"instances":1},{"id":25,"instances":1},{"id":26,"instances":1},{"id":27,"instances":1},{"id":28,"instances":1},{"id":29,"instances":1},{"id":35,"instances":1},{"id":42,"instances":1},{"id":44,"instances":1}]},{"name":"Twisted Appendage","id":53,"guid":162764,"type":"Pet","icon":"abilities/achievement_boss_yoggsaron_01","petOwner":29,"fights":[{"id":1,"instances":3},{"id":9,"instances":4}]},{"name":"Greater Fire Elemental","id":42,"guid":95061,"type":"Pet","icon":"abilities/spell_fire_elemental_totem","petOwner":27,"fights":[{"id":1,"instances":2},{"id":7,"instances":2},{"id":15,"instances":2},{"id":16,"instances":3},{"id":21,"instances":1},{"id":26,"instances":1},{"id":27,"instances":2},{"id":30,"instances":1},{"id":31,"instances":1},{"id":32,"instances":2},{"id":34,"instances":2},{"id":35,"instances":2}]},{"name":"Risen Skulker","id":194,"guid":99541,"type":"Pet","icon":"abilities/spell_shadow_animatedead","petOwner":137,"fights":[{"id":21,"instances":1},{"id":23,"instances":1},{"id":29,"instances":1},{"id":30,"instances":1},{"id":31,"instances":1},{"id":32,"instances":1},{"id":33,"instances":1},{"id":44,"instances":1}]},{"name":"Sal","id":17,"guid":49958652,"type":"Pet","icon":"abilities/ability_hunter_beastcall","petOwner":16,"fights":[{"id":9,"instances":1},{"id":11,"instances":1},{"id":12,"instances":1},{"id":21,"instances":1},{"id":23,"instances":1},{"id":24,"instances":1},{"id":25,"instances":1},{"id":26,"instances":1},{"id":27,"instances":1},{"id":29,"instances":1},{"id":30,"instances":1},{"id":31,"instances":1},{"id":32,"instances":1},{"id":33,"instances":1},{"id":34,"instances":1},{"id":35,"instances":1},{"id":36,"instances":1},{"id":37,"instances":1},{"id":39,"instances":1},{"id":40,"instances":1},{"id":41,"instances":1},{"id":42,"instances":1},{"id":44,"instances":1}]},{"name":"Val'kyr Battlemaiden","id":277,"guid":100876,"type":"Pet","icon":"abilities/achievement_boss_svalasorrowgrave","petOwner":137,"fights":[{"id":44,"instances":1}]},{"name":"Guardian of Azeroth","id":276,"guid":152396,"type":"Pet","icon":"abilities/inv_glowing-azerite-geode","petOwner":110,"fights":[{"id":44,"instances":1}]},{"name":"Magus of the Dead","id":142,"guid":148797,"type":"Pet","icon":"abilities/achievement_ladydeathwhisper","petOwner":137,"fights":[{"id":15,"instances":9},{"id":16,"instances":14},{"id":21,"instances":5},{"id":30,"instances":2},{"id":31,"instances":7},{"id":32,"instances":8}]},{"name":"Army of the Dead","id":143,"guid":24207,"type":"Pet","icon":"abilities/artifactability_unholydeathknight_deathsembrace","petOwner":137,"fights":[{"id":15,"instances":26},{"id":16,"instances":46},{"id":21,"instances":20},{"id":30,"instances":12},{"id":31,"instances":26},{"id":32,"instances":36},{"id":44,"instances":16}]},{"name":"Infernal","id":43,"guid":89,"type":"Pet","icon":"abilities/spell_shadow_summoninfernal","petOwner":8,"fights":[{"id":1,"instances":2},{"id":3,"instances":1},{"id":4,"instances":1},{"id":6,"instances":4},{"id":7,"instances":6},{"id":9,"instances":2},{"id":11,"instances":2},{"id":15,"instances":9},{"id":16,"instances":12},{"id":21,"instances":2},{"id":24,"instances":1},{"id":26,"instances":1},{"id":27,"instances":2},{"id":31,"instances":1},{"id":32,"instances":2},{"id":33,"instances":1},{"id":34,"instances":2},{"id":35,"instances":2},{"id":36,"instances":1},{"id":42,"instances":1},{"id":44,"instances":1}]},{"name":"Xorkek","id":233,"guid":49187428,"type":"Pet","icon":"abilities/warlock_summon_-beholder","petOwner":6,"fights":[{"id":30,"instances":1},{"id":31,"instances":1},{"id":32,"instances":1},{"id":33,"instances":1}]},{"name":"Shadowfiend","id":55,"guid":19668,"type":"Pet","icon":"abilities/spell_shadow_shadowfiend","petOwner":30,"fights":[{"id":1,"instances":2},{"id":3,"instances":1},{"id":6,"instances":1},{"id":15,"instances":2},{"id":16,"instances":2},{"id":17,"instances":3},{"id":21,"instances":1},{"id":26,"instances":1},{"id":27,"instances":2},{"id":30,"instances":1},{"id":31,"instances":1},{"id":32,"instances":1},{"id":34,"instances":2},{"id":35,"instances":2},{"id":37,"instances":1},{"id":42,"instances":1},{"id":44,"instances":1}]},{"name":"Demonic Gateway","id":60,"guid":59262,"type":"Pet","icon":"custom-icon-trade_engineering","petOwner":8,"fights":[{"id":1,"instances":1},{"id":35,"instances":1}]},{"name":"Bizuri","id":188,"guid":49187425,"type":"Pet","icon":"abilities/spell_shadow_summonimp","petOwner":6,"fights":[{"id":19,"instances":1},{"id":20,"instances":1},{"id":21,"instances":1},{"id":22,"instances":1},{"id":23,"instances":1},{"id":24,"instances":1},{"id":25,"instances":1},{"id":26,"instances":1},{"id":27,"instances":1},{"id":28,"instances":1},{"id":29,"instances":1},{"id":31,"instances":1},{"id":33,"instances":1},{"id":34,"instances":1},{"id":35,"instances":1},{"id":36,"instances":1},{"id":37,"instances":1},{"id":39,"instances":1},{"id":40,"instances":1}]},{"name":"Tyrone","id":166,"guid":47002181,"type":"Pet","icon":"custom-icon-ability_hunter_sickem","petOwner":159,"fights":[{"id":17,"instances":1},{"id":18,"instances":1},{"id":19,"instances":1},{"id":20,"instances":1},{"id":42,"instances":1},{"id":44,"instances":1}]},{"name":"Thing From Beyond","id":80,"guid":161895,"type":"Pet","icon":"custom-icon-ability_deathwing_assualtaspects","petOwner":3,"fights":[{"id":3,"instances":1},{"id":21,"instances":12},{"id":31,"instances":5},{"id":32,"instances":14},{"id":33,"instances":1},{"id":44,"instances":1}]},{"name":"Twisted Appendage","id":117,"guid":162764,"type":"Pet","icon":"abilities/achievement_boss_yoggsaron_01","petOwner":111,"fights":[{"id":7,"instances":5}]},{"name":"Guardian of Azeroth","id":235,"guid":152396,"type":"Pet","icon":"abilities/inv_glowing-azerite-geode","petOwner":159,"fights":[{"id":30,"instances":1},{"id":31,"instances":1},{"id":32,"instances":2},{"id":34,"instances":2},{"id":35,"instances":2},{"id":37,"instances":1},{"id":39,"instances":1}]},{"name":"Spirit Link Totem","id":121,"guid":53006,"type":"Pet","icon":"abilities/spell_shaman_spiritlink","petOwner":112,"fights":[{"id":7,"instances":1},{"id":9,"instances":1},{"id":15,"instances":1},{"id":16,"instances":2},{"id":17,"instances":3},{"id":34,"instances":1},{"id":35,"instances":1}]},{"name":"Darkglare","id":199,"guid":103673,"type":"Pet","icon":"abilities/inv_beholderwarlock","petOwner":6,"fights":[{"id":21,"instances":1},{"id":26,"instances":1},{"id":27,"instances":2},{"id":30,"instances":1},{"id":31,"instances":1},{"id":32,"instances":2},{"id":34,"instances":2},{"id":35,"instances":1},{"id":37,"instances":1},{"id":39,"instances":1}]},{"name":"Infernal","id":41,"guid":89,"type":"Pet","icon":"abilities/spell_shadow_summoninfernal","petOwner":6,"fights":[{"id":1,"instances":6},{"id":3,"instances":2},{"id":4,"instances":3},{"id":5,"instances":1},{"id":6,"instances":4},{"id":7,"instances":5},{"id":15,"instances":8},{"id":16,"instances":16},{"id":17,"instances":17},{"id":42,"instances":4},{"id":44,"instances":5}]},{"name":"Shadowfiend","id":51,"guid":67235,"type":"Pet","icon":"abilities/spell_shadow_shadowfiend","petOwner":3,"fights":[{"id":1,"instances":2},{"id":6,"instances":1},{"id":7,"instances":2},{"id":9,"instances":1},{"id":15,"instances":2},{"id":16,"instances":2},{"id":17,"instances":4},{"id":21,"instances":1},{"id":26,"instances":1},{"id":27,"instances":2},{"id":30,"instances":1},{"id":31,"instances":1},{"id":32,"instances":1},{"id":34,"instances":1},{"id":35,"instances":2},{"id":37,"instances":1},{"id":42,"instances":1},{"id":44,"instances":1}]},{"name":"Twisted Appendage","id":56,"guid":162764,"type":"Pet","icon":"abilities/achievement_boss_yoggsaron_01","petOwner":22,"fights":[{"id":1,"instances":4}]},{"name":"Twisted Appendage","id":58,"guid":162764,"type":"Pet","icon":"abilities/achievement_boss_yoggsaron_01","petOwner":7,"fights":[{"id":1,"instances":2},{"id":3,"instances":3},{"id":4,"instances":1},{"id":6,"instances":5},{"id":7,"instances":7},{"id":9,"instances":3},{"id":11,"instances":4},{"id":21,"instances":2},{"id":23,"instances":2},{"id":27,"instances":1},{"id":31,"instances":5},{"id":32,"instances":5},{"id":33,"instances":5},{"id":34,"instances":4},{"id":35,"instances":8},{"id":37,"instances":2},{"id":44,"instances":4}]},{"name":"Guardian of Azeroth","id":198,"guid":152396,"type":"Pet","icon":"abilities/inv_glowing-azerite-geode","petOwner":6,"fights":[{"id":21,"instances":1},{"id":26,"instances":1},{"id":27,"instances":2},{"id":30,"instances":1},{"id":31,"instances":1},{"id":32,"instances":2},{"id":34,"instances":2},{"id":35,"instances":1},{"id":37,"instances":1},{"id":39,"instances":1}]},{"name":"Guardian of Azeroth","id":45,"guid":152396,"type":"Pet","icon":"abilities/inv_glowing-azerite-geode","petOwner":3,"fights":[{"id":1,"instances":2},{"id":9,"instances":1},{"id":37,"instances":1},{"id":42,"instances":1},{"id":44,"instances":1}]},{"name":"Fenrir","id":19,"guid":49958647,"type":"Pet","icon":"custom-icon-ability_hunter_sickem","petOwner":16,"fights":[{"id":1,"instances":1},{"id":3,"instances":1},{"id":4,"instances":1},{"id":5,"instances":1},{"id":6,"instances":1},{"id":9,"instances":1},{"id":11,"instances":1},{"id":12,"instances":1},{"id":21,"instances":1},{"id":23,"instances":1},{"id":24,"instances":1},{"id":25,"instances":1},{"id":26,"instances":1},{"id":27,"instances":1},{"id":29,"instances":1},{"id":30,"instances":1},{"id":31,"instances":1},{"id":32,"instances":1},{"id":33,"instances":1},{"id":34,"instances":1},{"id":35,"instances":1},{"id":36,"instances":1},{"id":37,"instances":1},{"id":39,"instances":1},{"id":40,"instances":1},{"id":41,"instances":1},{"id":42,"instances":1},{"id":44,"instances":1}]}],"enemyPets":[],"phases":[{"boss":2336,"phases":["Stage One: Cult of the Void","Stage Two: Death from Above","Stage Three: The Void Unleashed"]},{"boss":2337,"phases":["Stage One: Exterior Carapace","Stage Two: Subcutaneous Tunnel","Stage Three: Locus of Infinite Truths"]},{"boss":2327,"phases":["Obsidian Destroyer","Obsidian Statue"]},{"boss":2331,"phases":["Gathering Power","Unleashed Wrath"]},{"boss":2344,"phases":["Stage One: Writhing Onslaught","Stage Two: Convergence"]},{"boss":2329,"phases":["The Black Emperor","Smoke and Mirrors"]},{"boss":2335,"phases":["Shadowy Carapace","Void-Tinged Carapace","Noxious Carapace"]}],"logVersion":16,"gameVersion":1,"title":"Ny'alotha","owner":"DaAndu","start":1591833197242,"end":1591844012288,"zone":24,"exportedCharacters":[{"id":43293156,"name":"Abstain","server":"Mal'Ganis","region":"US"},{"id":40305531,"name":"Anduu","server":"Mal'Ganis","region":"US"},{"id":45669649,"name":"Avez","server":"Mal'Ganis","region":"US"},{"id":45072816,"name":"Chairmanjeff","server":"Mal'Ganis","region":"US"},{"id":45523060,"name":"Chungess","server":"Mal'Ganis","region":"US"},{"id":41537494,"name":"Clutchdotz","server":"Mal'Ganis","region":"US"},{"id":16751494,"name":"Dhtarget","server":"Mal'Ganis","region":"US"},{"id":48683402,"name":"Duffman","server":"Mal'Ganis","region":"US"},{"id":47534305,"name":"Dänes","server":"Tichondrius","region":"US"},{"id":47769035,"name":"Egirl","server":"Mal'Ganis","region":"US"},{"id":14827167,"name":"Ellinas","server":"Mal'Ganis","region":"US"},{"id":16508157,"name":"Harbls","server":"Mal'Ganis","region":"US"},{"id":46409945,"name":"Hashiya","server":"Mal'Ganis","region":"US"},{"id":48798481,"name":"Justinlulz","server":"Mal'Ganis","region":"US"},{"id":2904,"name":"Katokal","server":"Mal'Ganis","region":"US"},{"id":47329662,"name":"Lyä","server":"Mal'Ganis","region":"US"},{"id":44374489,"name":"Mattypal","server":"Mal'Ganis","region":"US"},{"id":48102204,"name":"Melk","server":"Mal'Ganis","region":"US"},{"id":36356168,"name":"Nerô","server":"Mal'Ganis","region":"US"},{"id":15961221,"name":"Niteshlin","server":"Mal'Ganis","region":"US"},{"id":42635119,"name":"Pegasys","server":"Mal'Ganis","region":"US"},{"id":40295707,"name":"Racialonly","server":"Mal'Ganis","region":"US"},{"id":32564984,"name":"Rolipoliolie","server":"Mal'Ganis","region":"US"},{"id":40636704,"name":"Skàro","server":"Mal'Ganis","region":"US"},{"id":10851351,"name":"Supercèll","server":"Mal'Ganis","region":"US"},{"id":47088464,"name":"Taeznak","server":"Mal'Ganis","region":"US"},{"id":39852614,"name":"Vinnie","server":"Mal'Ganis","region":"US"},{"id":42504745,"name":"Wmbo","server":"Mal'Ganis","region":"US"},{"id":42798092,"name":"Wolfsokal","server":"Mal'Ganis","region":"US"},{"id":34524752,"name":"Xhottie","server":"Mal'Ganis","region":"US"}]}